core_clause_id	master8_clause_id	clause_sha256
1	36	4312AF10A2DAD79C76E1684ADCC475D63D2A6B709DC4AC4124313A36364641C2
2	44	6382C9FAAEDBFC8AA91E758AED70702AAFB891C55EC9163090B2F763A56DF18C
3	67	BA9D80C87D8A6FF318380AA2CB246FA0F3CCEC284F1774CFF238F614A55350B2
4	69	F4BD926ECD1958AD4493D35ADCB2BBF9A4451870701941271252D83A1ACD1BF1
5	71	C7A10852B84000D6AD72FEF616DBB15BB302445C6D40AD40C17AC7422FC17D7A
6	74	DC979B045F738BA1997C3116B74D526FB0D360BE2291C0C145A3F6759FF500C0
7	76	8B05BB71FD9365BB48159DCA9CEB609B46653398ED145587B72634C5F95E5356
8	78	051AD7B142EBAD01C43860D06EA6438951108B5F2A3A3001F2F088E920E9C7CB
9	80	FDA9F3459F965A8FC35295C7DAC0240AFD59A8D1EE802163D752D8252B321239
10	88	B5DDC49BECC1110CA8DFD76A034FDE211010F88E7B78E905A2EFA5D51B813129
11	90	9AD170D9C9EE1AAF8AEC789465F7ADC44197E3F0D7520EB57216D8338297A1E7
12	92	0668ABD48081872E56D622CFE35CB67CBA7816057EE84E7476FB005135BBAEB3
13	100	5808F8BBD4F7FFFF5C0C7D3987531FEAD5EE3690B3EF302BF5C12E15CEE78A51
14	102	1604229A6BB2D504D8556EC602268D26B1CE070A64C4678D5014AF6B4C91BB67
15	110	D6B31EB94E660782C26D9EABDCF199C1756968464A102869A075F0DDB5CFB9EE
16	123	E1E38D1A3D83CD87DB43B6D8F8767CFE7ADDB60CBF814E2EE4535714BB5858B3
17	125	7BB94530FDD8350B22697B328D2E0F09B9A3851AAB11E0162CB395F42319D0B7
18	127	BDF656065483BC507A32525CBF4622EBD4DD174DD4169584A12DFAC783849956
19	130	6C52B085828D47A4E6809BD06C7F2A3726FD4D4E901CD76AB59F123756F90D14
20	132	5CDBA9A835609ACE6FA06604ABCD2C6910FA70259E4FD52C1477BBCFD5A41770
21	134	85FDEEF9D53D85BA7749E05DEC4306A6646A07A0AB968206703E1C3C411AD1FB
22	142	88E385F0F02FA467ED110E2B300C493A695442212688D5B8803BA4E90B9A8AE3
23	144	6042E012DD9EE6A1FEBB0C4AF8A5DF282898385C7FA6366A1D4C27169517DB08
24	150	A44D6478EEA0A446F53BFA0720B9AFCB3E7E950CE76ADCA7C3E9CEC590F45BE7
25	152	4F93204C4FE0684C5C4DF591D6F3AB514EA4E378323F451E4866D8EB3D012CBA
26	158	E80E9CE1D78EBD3BC63B143D297D0BFE56CEADCAF55692B923F30CB06506435A
27	165	990C2F13FEB4D9FDD99BC3AA834516B0D8B464024DE069735A6DCB7D7CD96CDD
28	167	0EC065CDFCEF40B47CAED1F378DD8F7EA4026F34FB73DBCD469AD7D0ACF98BB6
29	169	FB1E996926F313541B47BE9DEA31645A76B927A266F1918F62D76A56570D8D21
30	172	BB5253C31FF824E0CCFEAD53AD43E4BF688A63F84C2CD8077C46630AEC4D4549
31	174	50C92E676618EBFBD4C45A0E38DD7C0964F20C4170CB651ADEB326E7521E6E7F
32	176	184061FAE5423838998A98DD9097F41C71806FF488050F5857A113FB087E4805
33	178	766DD854921989615BFA6DBB400890856B175A5ED62F100E8D01C488F4C7E329
34	180	F0C3873EC3C351BE5F26BE834BC15D44F85704AC2FA0B42BEF8D6132DFBFE70A
35	182	A5A770A680C410B704F3DC453B787F00228BB97584C9D1C8EFAFAB909AF4739C
36	184	E4B9946C7039EEF665A2494688A6D99B4820E570EF079BDE1DFA279CD5BD4E84
37	186	5734E76CF0E55330A689C8171EA864BF8E02281FBEE7D42D07B06A6D6C2F8544
38	188	D04040A31EB88540D53C1FE11FB2FF0142E25A919B7C9559CAF8E45457177F38
39	190	E26A41771E3CF0956DCF21A51ADD5CD5B2823B98065CA9B82CCAB3F648B171A0
40	194	FDAB17F839BE0B8B44453BC55E5A6BD5568CA6522A0ADB2AFABFE4B71FD5A390
41	202	E4E21BDA9FE10E36D002CB1C50EE9E47FC366CA9340881158A88134B21C8F5CA
42	204	D4076CE94AC973B360A86DF484E972B5950D0E9B07F740E4BC12BB90D91AB4E7
43	206	42DE7812A17C6290F7BD80587A2290143917FFA573B5D4BFD2A07CE7333012F9
44	208	65B2574E4FCEDACA2AB8973DFCC28DB26CCEC1CD19C7658D06ED53B0F9E8CF1C
45	210	9F11FE887C2D4E238F5ECFDFD63D66C97454298017249757BA28BCE8D6952BB7
46	212	829D02E17889082536A2FBF435CB4BB1FEF48DEACB5DB35C6A36C24684BD6454
47	214	30E52B13E5356A6801AF447575437104676622385F6230E38B9A4B30D93790F8
48	222	9A41D3A7CD4C96CA1A19EDFEE4FC0A86023BD12B1822EA4288030AC84454993A
49	224	8D1B81AC362F2B3BD4A8E4AD49878A168728B78ADDBE7EB62386B5F7E048C4FE
50	226	6353252B8A20D73F4104007D20CCD78A6B4648D5048813439074F305AD4820D8
51	242	464A3F743945DD65E348A78E7094D9F9910565DA0AEFE48E4FB1AE2B2FCEAAB6
52	244	A7A77ABE2E2E4A77F3DB197EC2E84F0B4394780D5704820BE624AA324F5B89A4
53	246	3C01FC4B7A7B13426E45763FC15DFD8D5FBB809E7106387CDB9393F581C68677
54	248	E951E75C7EC39C0CC3554D94FDC4F70A42500F1D0E778DCD71C44F2204B27DB0
55	250	07FADA50EE0F1C05A076BDF7E372FA1210EAC8CFED4DCBA91139E8E5A72CDF14
56	252	441F25E46BB6AB06ECEEC92A7C1C8E16825AB4C5281F1FD7805925B6652005CA
57	254	B3A4C8F1F606D8F0DCB7CAD1EA30116F6309F3A6FB69F6247A34A1593C9BE286
58	256	CB6BA621D2E5314E5009935037C136460C2FCD4C982FD6AEF8020D1BC9B08EE6
59	258	EAECE0577F863B9C1937C4C8CD31A0C9C55572319D66B3B60D5A520AACBF30B4
60	260	407CDB7415B2B0D6B4356A34AFAA241F65ABF9CEAF9F1E9DC8BF307D18A90D62
61	262	5598D0701BAC57409970FA8BFACAC72F2A5E265E16CDEA3E99CF37D953E68765
62	264	A18E702F13655223C5DE1A363803A1955F8067CCC5754903C7DAF5B7C2ED352F
63	266	1B40D94E6D8AD4CA7423A89FED76E106DE71697CC5E7624EB5C07CF351178559
64	268	EEFAB6F3D30977A226B71D12F8F116F046B2FD78E32D2DB1DEE1A8D195C88AAB
65	270	49086E1B7CABC3619B1612E9B44FA556C1F3C22979B9F6C4AA47D2C08D3E5957
66	272	7EB1593EE162EE4A2EA50257CFE2CE2476F6B63A49F60E2CEFE3BC3E933B0188
67	274	975EE17DF5CD2A8078D7A4CCDC803915CC53A41C521D79FA6E454853AF435DBB
68	276	AC3958A97654ECC1CD6850FA42B24636D787F9FBF1B9978375DEB30878A08391
69	278	14510B04CB6E6D8874526CEA8F7E4B20C9BBC84C212E0E92DEA8AF60FD514849
70	280	D13435154BDDE78C89EAE74E4998920FED75DDB74A6DBFA605951F21D3D7F4F5
71	284	FE55200EBFF785369A74DD403FBC3C228D3D584E0310B13E78189ADAD70C9824
72	286	729F5EE595054FD3CE3AF363239558DC7C69649B323DD70228BDBD3269947AB1
73	290	CF4A562509B22D10F751C4C41FC6E266B0C6BB4C009646D1B738B5EEF222052E
74	298	6914DE20A6DD8276C9B14C2C13D57BF96C3FF6871D62982BEA2E5FE81A38FD21
75	300	F50A9F559890997C3886C64E1186F7524B610308F0735DC31B2322103D07AEEB
76	302	C9084E24FAADF2561D9AD41F6A5461F2CDEAB7071E966EF189E5CD1E9D4EC23D
77	304	320DD3763398CF82F8BAD05C8BACE607D13A178D000CB36C0FEDE23C26805599
78	308	BA76F4A492536331747A6459E131601DC8E7D218575DF9CE5AD8049E28C462BF
79	310	3FEE32E593025A0FD6E33023C0E30DD8DA8F9AF023B5E2F5D5032AE357F1199C
80	312	A27317366F74F36E98EA17195BA0EC731442F5EAF6A75E872E925D577D6ACFA8
81	314	512410977E476835EAB486EB7C0790B81CA763B394468F4F151C14B14C604E8A
82	316	2F20CD489F82501A93F2365D89FDA9A7B9D49C72F7922BEC205C8BCBB5A23381
83	318	3C716A659F0C46AF6F16CD834E8A60B54CC9F300477DCCCE0A30F3C8BDA99BE5
84	320	853B21F0BDEA864915FD849B3B892C55B9631DCBB5E543CB216C82EFBD34B76A
85	322	51DE65F7FEEAB6D6A5C5E834D89F62810BF7D2D5A3CC3553CB108C49326D1312
86	324	542F1DEADD442577D6B18ACA472442BC2C892079D0AFBC8A451E45ADFEE37812
87	326	0B8952A823DC804DCBA5082010B3918D6B875D1D5989C5723AEB99EB6BF65D91
88	328	C82F25B486BE31CA4309E216F1E8BED79A93314B01F3BCC64EAB8DD2B8CD0775
89	332	74FC6DD4CCA8F0E9A258CCAC16430461AFC793AC56183F02909ADEF58EDF0793
90	348	3C1E8EC2175020E31B88803B28E342540F0703D78161EF59FA65E391AA5AB7E8
91	352	784911A7D1AFD01BDBFDD25C0D9820303EC3599C028E309A5EAE9DB614BA3CE2
92	356	9643930266F17A9E57A537BA8658CD1157D53BD72C7A9AF2D0FA08E324217A02
93	358	C2261D27DA2E6DFE2E84C2C3F805D67907BD452DD12F8AE6D1840D04A2EB390B
94	362	294E0404D04EB509691423955E6867070F6CFE63A74E718AA4BC51AC892BC0AF
95	365	5C1AB46C4C5420915BFAFD43327E82CD3A9196E4DF72861DE02A3393E938C9AB
96	367	124E55BF333B4814EE5D07DB4D4AB41B1555F2BCC2B009F791D825B0FA35C85A
97	371	756A6CEEF973C00DD8D482AFCADB7812BCAE9F199C5CEA5E82F651E32342B4BF
98	372	F936741401456F459957DD258E1FFF117833420ED6B915E6264C903CEC7ADCD2
99	374	DB228F3EEDCF169A42D87878B79907234C3B978B44E25C5FE41E087F66CD9C46
100	375	A214DEAF1DC89914BD5BB2425A6C7BFC0C9FC197619B7CF8D590F292432FC239
101	376	6B9FAC1AD7F4EC9383045784472B2EFE2CFDADA97F7F97A8F2985D82D6C5AD4E
102	378	8ED7FA34AA2108A43289C7B901E522DAECB2BFA7D7D8A05E7049E6514BDF0790
103	382	4193486FA2788B75CC3FF625A62F9EDBFFAA6A975CA4FC25BABBF17D29932888
104	383	26BFE48ABF5A56CAA1F27325D75C58D53A8964E305B60075F8D01C35918A09EA
105	385	FFE12BA99371A9E756BF6283E41F24E0CB0319A6EED385EBC661D26677C52463
106	390	969FDFA3AB5F681A0065B00D052C62B5CCF087AC584D294B5189E9A5192820AD
107	394	DF6BC1E6C3BCD9CE80FFCA0A7FED8B2BC1FFE343998820789EAB6B7C016BCBC1
108	395	E5462572798186B61C7273EEB1C240326116E91911E68E4E0B78140FD081A95F
109	397	D5A1FE99674A192804211FE68D650D7BA850B45E7108F262C636C6BE7BBA34C0
110	399	90CE1E973F23B959E5918403EB000B5BB87291DD13113729DC3F768D0F4A47EB
111	403	4E8D475DF1712C3A31F3920F2E6F55CB31619E02EBFF1B01E6D01FD02A9EEDF4
112	405	474C042319C702894F9A16FF93EF9B266072F7AFE50493C8F46E82077AADD704
113	410	ECF68E2E26FD8CF30A678A39FC085FD19EDD767D6C1DFC945215625000F19618
114	412	2701B76A3C31D12B1687B035A78BBA8CAE2AFC9684A11A1F40ACF25159A41B2D
115	414	6A1E891BAF92F4633E7DF3026326A1BA556BE9C5C83559E7D26774645FD2C153
116	416	F436979B4600BFF85714E4B0F142AA8B5F3C6ADFF70891E15A7261E0D5DFA12D
117	420	B0D6A584AC9426E0993E5B21D4E733FA1B2142C345803765ED221E89B2B9373F
118	422	5E563C9B3CF9F1587F889E84BCA4C8F759A2DB7AA7B246FAB4E17CE9CE044FF3
119	424	216E9EC6E691EF98090EAA3CF68A773CCBACD75D59B78E3F71F1156B13773AEA
120	426	D5CDC4437FBE2FFC21728B5550A497303FA3B632C8CE5BD96C35D9C0DD9EDC4C
121	430	4996AEA155E1C5737F12EF6D6A0D3F064D4E94C25D30B19B97F6A1158315A744
122	432	767FA3DBFF217506CD7E51E6EAD453E6128D76F3B7FECBAE900A8B021E5024E7
123	434	76C5ACCD3CEEB6055C7A549359AD6B2A6C04D51D1BAB00614D40C4EAFAA766E9
124	436	8E06B7E6909D4C0BA591F8EE8B91293879EADB44A7CB36CAD5E58DF6C1E7B456
125	438	682DDDC0E2A74081C0B1D9870E5CEFA5895D41526B4CB2A9EE79903FFD50483D
126	440	9A58D1B885D99E5039F7CEF03833876DAF2DD08835B6A56C4BC33790C70C4F28
127	442	87E6FA2FA63EB83573C320A3A5AD9BFB8605C6F61B2C8FB3077423931A2EE1CF
128	444	88C7E4F5B892C1BDD958EBD91B6AA4958CE1EC4D544D22DAE1A1B69EA6333B53
129	456	5CBE7403B0DB36EA662E9BDC446499AC05B583671F6403FE0DE5490AD16016B8
130	459	F2B3FBFF656F906E40CFF5CAC83CCB748CBD4BE2324D20824AE858804342FFB5
131	460	B6A90886F01D0B2FB7997C438D7ACC6D264EF16EE2918E45BFE5A878D703AD94
132	462	68777CA5F945870268547A20B16DABF07A0394C5098631ADDD0A62469CDFC1AF
133	463	DAF27F12E211432A391BBCE6D6B31588C4C6780D8FA87ABB22E5C59EC8A04159
134	464	AE713010918BC8B0DB98A938901688FBA4B609A220CB52AA82E65B7649B80B2E
135	468	ED7B20E877BE38A02EB06A4AFE07E14F0A7474310BEED8A295399231E5F961AC
136	469	D373E76749A17A9647C7E5FF51C4B7D8AEC39A9BB664A0A4B3E68FA683551A64
137	470	C78A1EFCA2E1D3DB8C01B12A41EAC2A9DD4709597E6BFD03B111573ACB66ABFE
138	472	D9E0646B8290BE0BBD4E60454FC556A10C1F3113014F1F40E534C6A1BBAC69D4
139	474	1D05DA5C7C992A7A588C032CA511A1A0461B0A8CEE961DE7B73A502612868C0F
140	482	9C5729CFF43AC643A5D6DB1A292F8FD8CD7B971D258537A4A5E88AF180945D68
141	484	E13D8945A1C1A523713B731EC97390885F3963BFF021D2322047302FF8FB6EE0
142	488	611A6DD7C214F9973F84A7C27B950BFA8D9422499EAA89C36C3C2110ABFB3D1D
143	490	F51CE9AA3239FDA19904615B199D12F8110C9A7C4E7D8373DB21F3C6AC5EFA45
144	494	9BDCBB9C8109061C0F1DB84C385872E1E532CFF8208269BC8C383BD0263C9BE3
145	497	752E3FF720A7D81EC027C06BC70541777C36A3CFCDD4CB2F740DDE43FA4B9BF2
146	499	27BBAD93FEAD10581D687A1AA4AF1E046479F3B45870839DF58AF1A2D2F608E4
147	502	2A5D4C29328FC3F4A917535BB88868683BF0B1E520351A2C1A76D2DD00B2D4D2
148	504	8673E0BC958DB8D3C67749FA74D27DE3852788C9BC1D6A82B3C8332104D531D1
149	506	B1E1BCA6DFA507FA8ACBAF1BA1703F178EA46A570B4005F5E3108C963DF6A825
150	526	6D2AE45199B129B4122C9B987520FF1BD287A401E349F4602AAA32DBD77F6568
151	528	55636ADC0714ABA43BAE83997386E38CFABB772AB6655858A4A205F802AE4867
152	530	3DDDA87A7A80A5DB6BB868F620C1EAE3D0B36C5AC2AFCE900A307084ECB2EE4B
153	534	F68E5B5352788AD23BB5B016CE05D4CF52E6AFF8BF5182BF76AED1AE981A3159
154	538	DE6603AE255FA3A899A92458C5E54430479521899DD22E241F11E0747AA66703
155	540	F46C141E694B653E8BF835AA396413ABB792EDB4DD01934A081E482D9B6AD978
156	542	557D2FA8922C63AD2EEDC8B12B755BB18C1DADD1938414CFFD43221C5EE7B11A
157	544	AAE9CEF65AEDD486BCB8980626AC7E9FCE9DCD26CD457D6A60BC7F4E8C513438
158	547	A8BBD59D7A09B8F17DF225E4D2A5BB0B3228F49895DA610224D0BBB54119F5D9
159	549	5C8D6CCE232988F5A0CCA0905473456739B8EBBCA0461C6E0D575FB19F1F88D6
160	554	5B8E4D2CEE374EB55A4560EA47A4461035774DC8A1AC0340C8B0E33752CA6906
161	558	60C21801E13388D27FE9226183E69293C9BAE9FA68370F090F78AF84F54B2EB2
162	560	06ECE766EBD79521B7992B473043834366E04CAAFE40AA00F37E521D97597275
163	562	E749375A4B3582AB557AA2A5B31717D4438D00175E606F66B1D5A8082C9AA513
164	564	EFFA2021834A56840E6510936895F64F3907F522139D4EC2A262D41C3AD67FBB
165	565	8C9C2EC23DC331C47662F79F01D3F7E77BDED87020E3EEB6179F46B99B099BE2
166	567	5349A9CF45FDCB9DE82E37525F14DFEAC57321A10EBF49882A226F33D983BAF2
167	569	1AE57E30AD6AA0AE4748F84E61547D1952A1614EE7B206A6A85396CB007E1D76
168	571	06B530E6FF70769398787E9F8C655FC825990F0569FDBFE6D6B3718B05EDEF82
169	572	51D3CE8990F684830744D25AF197A62B767EB7D2F02D2280AD3328446CED91C6
170	576	05725BB3C8B97F8E46FDB4DEBDD8D33A26A2901140D8B588D0359082122012F2
171	577	F781BAA361B7482DCBE724B54FCC078E5C3CEE718BC81593955A460AFBE7AFF8
172	579	874BE1CA9D19279448D5BAD2460EEFA6A1C3E9FB647B64F410766149730B0B0E
173	581	1952D91378332D04B386A38B5E0708984E109842377EE7F94E4681E42FD1DB7D
174	585	F481F3E6B8228160292BBCE64009664A4A69B329FA0684A8550F1E2328C74AC0
175	605	C9C21C6F847A8508795F08C052E2C2C3391613C394D8079E1414F7833739173C
176	607	E6C9898C6460BC999564D84752714510BA11E1A6DB7693C72DECCDCA7EF6543E
177	623	B7B744F859AE741EF9E56E6FFC5C6FEC0FB408919E1A61F375F4B0C146F9BC92
178	631	7A99A421309829CA59EB0C4EA753AD60B2E7AB119536572CE227EC02FD2EDFE2
179	639	2D97ED1A85B07FB8449DE7AC9A8A38CF57BDFCC6C67820230073C5DCC5553DFE
180	645	CE68FFB8137DF2CD92881A27AE4A71F208B4561D28928E4ED09ED4FBD5CA2265
181	651	591A981EC3DC850EF5984A9A62D7AF9608C740B8778467B98547CA09A679548B
182	653	DF3D92DDD5938B898ABDA46D0AB1BDCABF7CCCF0B21919864523B32B9383AC00
183	661	99BCFBC9D227D6402E2899D3000D4F01CB68298CB2C544F078040C87A0449C32
184	662	DA387FCB9C5CAEF139433152AB13EA51ABEE3AAB104C95597A9EB84F4505910B
185	667	096BA5D4A544F05A3E134CB12E0786FD9C4D10C3111688C090A08C18EE259715
186	682	0C8722C81BD81A5DF683070F36A3BD184E45FB594514F1F92C3D9CAE410D8CCC
187	683	FFC4BF8965131E071EE2749E3E80481804D93BD61F1F6D287349D47D5C2AEFA4
188	684	6D5148B28E8B7424D5F0C2630ADAC0B2E766B47007252214A145F894C0C2F457
189	685	08BADB4123705103B9D39128EE93589512358FDC7F84F9593E42905E0122CC6B
190	686	4ADA248DCD34EE629A77B6EC4898EFEA07E6E34E42E7E43B9A1F96F4A7399253
191	687	DE8A171A0C0173005CBA6D69A9E5A7C65F7A33D40D8F1C89C6F63D4C12E417FF
192	688	358D0183FBA1615F6447D7885300A75D2DE342766A1B791DE0578EE266D731B9
193	689	396BF3ACC554CA3C552C4BA72AEDDC194FD42A4237ED0E509C9987854F50648F
194	690	F239FFDFE8F8B13133107E195FF58CE96B0E52422C3CA265A9E086BE7AF3D6C2
195	691	D60B31F62AF346C0D458979A1AAA479C0DD7B291411C0921DBB65AF3D621D27A
196	692	B1AC27857F8E39B1DA279D6D284CDCC0179D7B156D3779FFE0F401D2B50FA125
197	693	CFFD7D4BABBC562D7B897D9F6B605E81BE0047C12448788B27D517B147CDCD76
198	694	54577371DEBFD8185289BB675AED47698B51E10B3EBA9C344483AEDF7CA8FDB7
199	695	C57E65EE17D22C7DD15D63453BF37FCEF555F4CCAD181D985AA3E3F380047EEB
200	696	DBD6255D0C5140E18858ADA6D2726EE9DD232577AA4FFC1912FB832B53C3213C
201	697	D0302C837F31E6D05AD03B7945485842D9EA596280B768C992E91CCBE84CC64D
202	698	18CEFB48136844061E8C02B12FA0BDCFB9FD7429B7BC36BC79876E730022144C
203	699	F03A56335D1DB8268B18C1133BD7BD9DCE6C5A2344B495BF08E06E8A60EAD141
204	700	19968E4F6FF3253422D9BE3794E62543116A2DA8DE8AA93CFBA3D59E0EE04302
205	701	505460A1F773223B6352FB69B6D499B34C2B74F2881435B72C59C53C56FE8106
206	702	54F1A47A6D56A676BC12DDD974CD6E325E658D28B4AC7E5F98159FA768EBC358
207	703	21640C87E953C4DCE22A787057ADA8D9DFC71E990E3FAD427D4C3936F9D3551F
208	704	B85BD7350343E844B458D9BEB9435780841567DADDEB9B8B6D2CEE840D6AD912
209	705	DFCB90EC84D30CB57E2F1F4BDB7B69EC5216D1E5DE1539DD659BE8377AF53411
210	706	B056BA4B4F7117EA36572BDD2FBFE87E9B0BF83619CADEA3FB8292010CCB1623
211	707	29D26F5D30CD331E5B1C2388AAB999BAE2FF1F32263D4B04F482790D166A45BF
212	708	6CA3404C20AD3524890782C18977B3618AA36D03B3ED796F781A1F64123CFBE9
213	709	65DC882125B8EB0A42960B1F2FB656C9EC3BD84ADA7EFA821E6043D1B77B99F6
214	710	E84B6F5519A87FFC011B72964E86EA12CF7D0DCF2280A6380225BCE6DE3CC4C6
215	711	88295A7C29542D034D28FB1B7002DE6AF63BC2985F87356AAC4508F222162C47
216	712	F237311BFE8E096358CE4EB9C9C928EE86F91E4A44FAEE5E693B2BA9ED4F456F
217	713	9409C2B93A42F07B6CBC7E1378A3BF79BD1F6A8C41551BA86EEBA34C4EA9921A
218	714	D7143147A5ED215B06E287796127CFBDD588D992574612694AC0E403100C2EAD
219	715	DD45E1175A4ED052E3DD9EA9C1E04939D40449CF2294DB477672BBBEF8AD76DA
220	716	9F942DAE11D8CA9DCA444F7FA75EA684E286E91C8FB0EA9142E3274FEC4D5AC0
221	717	E96E07A89F3BEE41831D85621E10B5C2857CDC527A0C48CBD313E8A03189FE3C
222	846	91C4C61C9967E454554FA7027BAE7957705FB48FDC2DBB81BF897030D7297990
223	868	270AFC9451685090CAA2D6B9D0DBB670BB184C0A6245424A89E6D26BB057B608
224	869	6D959EA6F245E58F6CB81846CC11EC10E50CD008A0819AA1041822A8AFCA276F
225	880	32C0774E0440B566E76B5CD0C3DD4972D1D976E5A9D40B9304D6D508BD9F5482
226	884	80F1D565ED4648044B92A6865A52227A59B64ECE638EAAAEDE882ADE372E006E
227	898	E7F922FA213C4FC22B3D55965CCA555EC4DBF0F4CFDB7BCCC9031F6D5EF82D73
228	910	B7622BD52D227336B52B517D51A02D1C3E36B30B862B8622B7E26AA6E5EA5574
229	914	45A41C7E9176E1474F17C43BEF2FD120FEDAB0F013499B1B7E0FB76A6B7CFB0C
230	988	3A13622110BE32D8C27B265FCA2F8318AFB8F92F075D898071620E1C8BE51890
231	1000	1C7B2DB3462DDF9E97C8CEA12739A1B7395B4BD5BE60AD43B05DCFBB2A016E5E
232	1004	735118E9FD2512529F7F546111051B58ED6F32A20C3F4127DBD6EBF0672BE1C7
233	1020	62E325DC151DE80D5CB0B2BD8317AC1D9D6AE07A9F5872234886151518222BFB
234	1024	46F4CE5A9EA7A7ECD8462D5D311ECDA0BFDABBE01E04FFF6A1EB051559C25058
235	1028	71B4900508A3FDA6EC9519FA5DBDAA3EF702AF6FD8E0DACE08A88BE2C179576F
236	1108	AF88D2D973F4F772750F01F8BD5F820395C47092132F83DCDE5760A292EFBC46
237	1120	1D1112A50C4A58E9FF6FC9AB2FB1D9C83D191662F103DA94417B5582F450F009
238	1124	1E6ED76CCE0FCCBAEF0B9D8C90E6FEF82D5324FE4D66541BEA7CBBEACA88BDE2
239	1140	FBE6C641184716CDD651A5A2AD75F73AFD1A531B8497C279B0AC0E8B655C8D5C
240	1144	1C13E780A36FB91CD2033B6183D1C7F60330DBD0B7BA51081250D9F8E3B8A550
241	1145	7D72E71F99711B1FB81E30E85C9FD09FE736B404723CA2C4EA8B327A6CB19B30
242	1148	8473BFE67EF532B480294A23592B14287188B270211D58EDE6E477C81972AA8C
243	1320	33663EF54C27611FA8A127E319B0F3660CFC83BFC2DD2D0CF8494CCC9911C347
244	1340	4B5D134AF718FCBDA2D2C841F5684463CBD4DEAA230CC529A34CE818CA0C96FE
245	1342	E6E27FCAD42C7AEC68DE2AFCB2E9C4E1CE948F4C46186D1A4A9A974ECF60CC7E
246	1468	A7851A86CA1021314F94CE79ED46F015C7D2DBCD28974A401A3C16D6F022B9F9
247	1469	4B3F916174BD495AFBB2941CE7E750668DE500BA831B428F1C0696184A239261
248	1476	7EA0DFAC2C6BF1C01F7D672BAA4754314FD825B3D5CE39FF718BC6D865E5E71C
249	1478	894C73E7665454EE91BBC3B5F1369FCF2E6BC90F4A6B706384980B04FC77B5EC
250	1499	013AB62C00F789C3FE0A2174DCEA1738C32009BDBBBE634280AB5F2153D44FDD
251	1504	0F9B31C6379A6010405475DE97C131B537235CBC60D53517B48879BE69081DA4
252	1524	1A28E997357559A69D81A1EAE31316EBDE556C56DADFD8646C6DCFF170A9FD43
253	1588	1F95037350EBD939765CFD582FACEE8911C457FF2663E952A2887B1FE141E764
254	1600	E8057EE5D34EC072C31D05CAC6A166CFB2D1B03CA0571D1614D170013887E030
255	1604	98797F419E9D9948CFD35C79154E0BE506628CBA85F6F9EE626C390C794C55A0
256	1618	DFFB5D5AC73F175C34ABF5BAF58C4BDA16543D5DAADA6538121C92A39CD87BAB
257	1719	B06983086432954EE4D55D9ABFAF1EFEDD2052B04A36BC65F15F96E9A0B87270
258	1724	BDA24F92B1F156A4344023E0237DA86ABC8AC8840391FE8D72C93D8F20B6606F
259	1725	AA6DD1601D7A2D05FB6BD7BB04F1A80BCC23E7FC5FF4B19202B1FC911BE2A95E
260	1738	7191A8AEE87C7F08B0FEFF297BE36FEC8EAAB1EC75B7567A5275BCCEB4768214
261	1749	785194EB87C2E3FB7A3D6AD35C7A0C8925F28A1EE5575B4E80AF2D2202625F8F
262	1754	DAFBC708CA810A8F0D8257A229929A6E0FA337B66349DC4930EFABD4EA84248C
263	1925	7DD69CE3A93AC7C2FF7FDC1E434004D09778DB92A39265FB50809F003D272C5C
264	1935	9416569AE9778303FDB2BC75ACAD720BB27C8A179E1C41F64AC367CD15607FA1
265	2038	284D2B672415ADB2BC26163A87D14B070D86FB03996AAFA57F0A50B0977942D4
266	2048	EAB8D6DFBEA11D57F1CCF137DA668015A1CE3B4F650294F134CDD146625E6675
267	2063	161108F6607F3930E53D9EBA8C94DC24455B087A79165A3E14A18EF395FEBE3A
268	2158	30787BB3E011E868FC729733F34C288A2DA7D468C8C4E3DD7E94F42F02D12741
269	2168	6A19EBD9CB3EB68CD11F404521B5B6DCBD6218C29132A95700A2C5123E800598
270	2187	5A74B5C6FE17E19007BFA2F92EC6257F58C8DA6EC57230FAB8A52127734DF3C3
271	2399	D434D79FCA972B0E35274A5FAF9E0188AB4DA100A6272EFBC1CC9FB8AB0C8BBA
272	2401	6F1DBEF9A356EC7DB44E0EF7E3E0AC118654C279041B9E36745A9863BC5AD707
273	2402	4A340CECC94ABF06473C336E6F5C30E2AA2E8598B3D7D7CB868175C587672BFF
274	2405	C0CFC68B89D0DBD754F46B5CC36B8C506AC5D7D5A053597B598122542A576487
275	2419	E9AB2C8E831369F6CAD1E40AAACA26FC306442FF1CDACCC3B08BBA63DB891D7B
276	2421	FB3E74488143E446EAA7CFEACA5A6C990C15B864521C7EF2FA66946BE11E5F68
277	2425	CDC62B02DD70CC02EE45DF5054FA9DBE379464C0FFE753355C8EC7C77A16005B
278	2427	58D55430F2B4F1B16B333DEE1BA3F7E92A54413A3C17526A147CF4ACB0D47283
279	2518	2CBA763DC7186677DA355134920714F8A950A5A22B9AEA6E5C59830301E0BF9F
280	2528	9F015910D6A28EB09CAED8BF97FCFC7613FAD26E259C9CC4B5A876E479682C2B
281	2761	878EAE5F320BB1B182A00EDFF3240A0DB9FCD2B686FCE27A3C1CFD5EC5B156A6
282	2779	CDE6FF8C84D1FDA7BD4741505CFCA9562206F57C84DD68D9AA16EDD6DE81457E
283	2781	0A031963EF503BBE142E32F0F70CE2233627B59B9EE457F8CBACFF743740FB5B
284	2999	22728B741F2DDFE89D5EB0C82DF0E2B6CDAF83019F0809AFDD6D84ADAAF00B61
285	3400	E69FB299F6BB6CAB151A21D6AAAD6E24362B60DC2F27B01581DE966C75DDB2B1
286	3404	6029015FBB2078AFC942775F2D0B258BC28C37109C175743FAB8E346AEC16275
287	3430	749F819CFE463253CBF0C742148AC5FF44860F5B1257DEA8B8DC6510B32941B1
288	3434	0CB0D0E392D184B319A6BF25A56A4166976EAC39FF032090174436DD88CA3A96
289	3508	0BB886C2FAAE625D16EC7A42E900CEC9340DC76D7554254F039E607444714573
290	3520	81CE4BDD3D670B61F9D485CB0638E3794773B94960C0072A640C2F1102CD7BDD
291	3540	E52A6E8FE976B985C86D2A9AE2DCF5CD836A1D2CF322077EF14D24DACCCAD9CC
292	3543	FB22968DD8D27AF08366948E3C376D1E2D19C495B74320BCAD4EA43470EF0F80
293	3544	6D08DB305413E805831B9FCA1940207A17515A2B7292BCDC3C86A4B26B7D5083
294	3545	D63A11DB964C7C12C22ABEA0E4E9B32C13E30CA1B656372427761900DEE8FA6E
295	3548	ADDEE33FE42A56D1FFB96C8B0A28DBF71D1D093CC55F82975B8F6682513784F3
296	3628	D2BA0D53F8C087C07E58A326EBB2539926B1C261180E1B412C23E22522FBB109
297	3640	6A00BBCC8211F6034A5F927FBC727BEBA17984D4A7525F3B18194B6913602D04
298	3660	D5E4664E8E1332C4C03107937C932FCBB1979533D864E7DD69F403A18235871A
299	3661	C653B0A91F87A70A54A1FC75E02AE17EDA8DA647108F782CC1AF4556B4A44C56
300	3667	9CDDBFBD08A48E3769DA04BA724B8F16452D1CAC200D2C5B80BB8D847DC9102A
301	3668	970F308AA5708A9FB29619E8A44298D9806F38181F46E3791F88D4FDFD479482
302	3860	0B12B9D8194467E9FB44E7ABA7E5FE98EF379C8CA29DD96FE6CE0F5563DC2A40
303	3865	64FEC3062C6B7B5621C70799EC5EFF965B92CB691392EE718D514E704949095E
304	3867	4E5D591F3B51A2DB3672D16711A56F95F09EED4A976F76D6B1C940C28494A28A
305	3988	93A7224151527620C20C89BBCE6DE15F2C97665B8C93948FB5A59A0EC6499390
306	4019	498CF779463D81927C6BE622A0D146918F77E9A2C383417082B045230F19C365
307	4024	5E16C0D406DA8C45147DCAB8F77D5F993DA8CFD188C0C3F0F86F4A4E7265B6D1
308	4039	5BA6BAE00F3F5B37307AF6969FB7D316B394D6F0E0F1E9153A4D8858EB3B012B
309	4044	1594AE1915C7BB1534410A02954427F5E3E05B2EA5F4AF3F7F1368C9A94EB5E1
310	4119	E2F37C0B384F0DD8097625FA893798D75D5C255039BD1106261976F7769FFAA2
311	4124	26F7B4E7F57E7EA5A02D4CB6C1E2B40646B180312FA65FAA8E45F49C2488EB74
312	4138	E8BDBDBA4253A4C6AEF75332457AC6A53D15D6A01621DDC4CF3168488CFFCB94
313	4159	3A0F8AF776C0D753FD2BCEF67F716FF023D2453749E35013DF2D0BE5FD78F512
314	4164	F536213CB1638090C5754B43D807E810EFAA29D867DC78252635DF09372A822C
315	4228	0E6B0E5A2677B757B4E8C146D8AF1EAC20BDDC9EB4BC513D037FA7F4CA1BE216
316	4244	584F881ABAA9EEA81A6EBF5777D21E00CCC65E7A0106757CF6997F44CEF4D3F9
317	4247	D15DCBBFA0614AF117C961AB76FD3EDF35384575EACD08B815AC4E8F1ACB9595
318	4258	636F23C0A014AE16B5206A2A88590ECFA1321BD409F8154090F4A91CE1A80E14
319	4269	58F8F8274D581435994B589BD57FD310EB0F18EE407B330FD0D61D305A139F8A
320	4445	5D96ABF04620C2D81E9B62ACA9BBE802390ADDE7DE10DF3EE31A4E6507E16FF2
321	4465	FF7B9FFED3BFEEE5B5637B39A69147F3947B2AE064725095AF9243DBB5E8D17E
322	4558	327972DAEF2C9F4F506C3B282869F3D2B1518266275CB4CD300243FB5E885901
323	4568	F0D21DD7D5068E614CE823E3D32656D8803B066DB73DA1F68D290B340BAF00BE
324	4678	3775DB0277436AC649280ADEC296BC3475939695B2DAC6B1C6E4F1CF109EA917
325	4688	6671DED0A827B936D578677FAEF6E93A4CBD71EBFB74EE40B45945959C05D207
326	4705	DFC8460403EAEE7A81094213E39816B93159E64FAE6254185781FA11CA577727
327	4922	A9789F970505702D1C24EA62F90F4874C641D03A32B5B665C6711BC87F2E02D7
328	4925	A8D6B025F516888E136A28318080C8D0CECAC33F14A6E66ABCB248E4916B276B
329	4939	2D5888CA460CB7430D4C7430D520BE24047D00CBD0B577871547C78710A6C5B6
330	4940	CC3846CDE6B48476957493500F0C910A2B63C27A5AE6AD93BC035EB4C9D733CE
331	4941	6F3CAC0BF56A43CDFED9B96337BBAA00FDFBD2E6D4E6AE5FEA17903DCB45F5BB
332	5038	0CE27C9FF2834D2B57023BE1D20D085023F26E6B022CC0233873A8F6AF57975C
333	5048	DFC3198119C5954E68F51897EEDCEF8393A73A2237408FF4CBFD84A8A8BDCAE8
334	5281	C2C3558ECD827459537D70A304F2E074C04FA5EC1D70F774865D610BE103D21B
335	5299	BA943C77D3C2C16CFE4B71A420773AA0B2419B0807F6D149C67C7EBBD60F8060
336	5301	28A902C7BAA77FA4ACF9A8F24925E7695DFA6D7E17D6A76C76B813691C893494
337	5521	3B86D614E76B92EF7C3D2D7B979C5023E74C0645E27CB8B244E65680E219337B
338	5539	2C2326AFD17275202D52BA75A7E46B4B2B8A63EAA22659D42E8FAAFAAD14D9D5
339	5541	A8FE649AFD6DD2411AF0AFDA6608988B6B585DDD39D8071E7E55F74F06D534BC
340	5920	D87E52FB623AF1E5D42A82376805A2D36E774EF693FB7270BCC8B6A3DFEAA7D8
341	5938	DE713FD233296D77742C8FF8007A874F91EF063ED91F5E7FAEAEEB4EDA6C533F
342	5950	C5B17EA3CAD193F0A9284175CCD3A33388B5E73EA1157970B948F3590DC45AA8
343	6028	8B37577292E561F714E7CCF493C56A84002E2E7AD2EC652BE449C4BDB143CFF9
344	6060	E273B355E548D7A928BA71832E82B7AAF632E64F247DC5C8B7BAE5A5CE96114C
345	6068	FA27752C59853C70250DEE7F72D5F99EAEDDFD12B36A5CDC2E2976E70EA6C2C4
346	6188	58A61DF06AF79F28635AAA92C414A52523A17C5855DEB7A3240F987A681EE6E7
347	6508	39D775CB935AB2251D5AB5F472E4254C11A357F4BA2159E531996B8A1BC8BE12
348	6658	36A87FD29D3D5A1AAD0957E3EC61DDAAB20DE632AB1E4F64288E5FD23C23C383
349	6679	EC6FA27AA8FA77091BAF4D9DBE9827962A110FCE2B1524730521F4566CF21FE3
350	6759	E6DA6552AEE3C2B5A175CF15F37F592EF1B61B64DAF721623B7D17957E6F0FF3
351	6778	CDD0230206DB19433A0DFD41AC97C2BF1105D5749882934A27A26777BCDE59B3
352	8570	983DC6DA874A6A7E72E6BA08BB66B6135A2D3A1E29C72FC63ABF7E94EB467B6F
353	8572	398F056E153FC2EA1CAF131CBC995695D23D5E4D7E0D3DABC72C10239B8A46A1
354	8676	A638F22447E95A472DC7F0C1A6ED22A8BEC0A8760AC38205A1C8281850CBD305
355	8714	0EF23672E4BCFB768C3E1B120873C473659C95E70CA0310AE979048F25081FBB
356	8798	FAD2076D58AA7DCDC1E7E7FAAB2D7D7639B5F0361E012DBCD8C9D7529BE06607
357	9272	F645A83A422E1332274C536C21E4B6E91F5AD292530B4DF2C955E868DDFEF263
358	9300	8AE52C2F80C8BA203208ECC4681C7A9B5F7B13F5EF3D7B6282C595F6338CD2CE
359	9312	970C9CD05C47AF7F00E8C7E32211FA228FE5A55B4A12A7644C60B0750264757B
360	9444	4D6852B23DE6EB896C9901D93E13501E499863CF63953860655034372604F419
361	9454	A64DE203E29CC5B2B2F1A67548CDC1E35AE1EB140E3E779A107BF65D6A730025
362	9550	0914E5FCF5E0C6204BE391254FBA292B84F733601F50FEEDE831F62E1DE20003
363	9558	F64756AF5512DBD05AA5ECAF93382D82AD5BCFE6DCA233EF278304112F1019DB
364	9976	423EFC2B2727E1143449174D0E875A77C6D354229CB8418BA0F39103B2F03E69
365	10036	F2A30CF0637FF260E459426BAA1B4E9D001D44DED99EFDF48F5E505AFDEEB822
366	10108	F77F5E91684018930B1AD70E35A70C34D851CAA2AD50CED59404E738E1CE83B4
367	10120	C56020AF9E2C6A410EB6E221E7BBA52B108FF11EAF4D8DBF884E96DAE77CEF40
368	10228	73B02E52DE5B4D9793CAE26CDF87A412F8639D0779911DD76DE93E9754B92C53
369	10296	397D907BFCB7B3D28A400B414345BAB38AAFF4AEBB104C0A8BDD0F83EF08A28A
370	10860	3D9743A8F0749291817B047E1C10B41DD384F8655B35636CD0844E400CCD3000
371	11308	97786572444B4DF39890EBC1261E8C8A0D09285D155478C8B4CDA8E30E1C8D1A
372	11338	6DF0463C8223B3A0B64C17BF474287F3794709372775240427995EC92B727F4A
373	12238	962954B67519F39756DB25ADA704B8981ED38055CDD41DE41E02AFFD3336DA9B
374	13384	4CB250D02E0E699DEA3E6E505F322291CE6DEECBB6003A38C18426735A339DD0
375	13478	6E8D1AEADF1A85027766E72EB91E37D00E9519C6ACE5B93417D1C214695F2D95
376	13992	DDF2836E6F300D17FA57D35C2236BD8719C41E40DF444CE3F44486AF809FA358
377	14004	91F3D8E4D72E4171915BF2B988B42FD906A4E052D20B24DDBE8113D4A3A7ABE3
378	14788	2128F81A84A13491A460A62183AF8A020BE41539F5BC0CD217918A78BA591F8E
379	15310	34D1F7602D0972A866BB42077BA0E04BBDFCDD0CDE55FF0BEF5EBCF6D2E48CD2
380	15420	24674A69155881B52F483EC6785C5BE1F461C851A934897D63170221515A6941
381	15428	80469A782C334DF0B4218765733D9B906531D46C68BE01FFB1634DA53A71F7C9
382	15508	B5C92933DC8CF7D4A35F12F21E1F839F83C53C62ECDCBF8041D3D9EA22BEB7AD
383	15540	3A32CFF83F3074565191555BF93C61E3A52F9C79C2A7FFA7D6C7F22C3093ACA2
384	15548	4E3662A54756B623E07F20D5994F836951B188C125E10EEE84B37E0FD95CD0F8
385	15868	52295855C30F40595D430FDFF79FA0D3969E8E7B877F2B4B8EF5194968A0E3A3
386	15988	041022AB29F48151518471E28A6E07452F0B7C6F898E16A9D163E2B2164FD043
387	15999	72AF78317600493EC8BEC6A5536D8ED516CC579B656C49FFF98E38A5AA66942A
388	16039	A448CB57B1713367349BB481440A0627C961C632B38CC9066582C5F6F2286355
389	16108	7E0C90BB0FF1C1FBDA373160CBA21660B40761994E0C2CBE8E9A49BF1502C2E9
390	16119	D4EED3329643A1D6AB5E650021A71703842C70ECAA8EB32AB6B09961D18A731A
391	16448	E22CCD4ED6DA26165F7E792A1B651FEBAD94AFC2A425EEE0E0BE2AECC6213330
392	16568	320A4200CBDDDD7FBE2F3CF02EB001D5965710241EE5E82A5C42610F3C233481
393	16918	0CD61EDF830A71F19825ADD7351DB2034B229E365FA0220B0C0C6CF59E3C3CBB
394	17940	151A029735CB97E2E4062FB6D12832077F93E0B2669966134549124420ED126A
395	17952	22CF22814C917452686BA7306531EE31195DE22705963196BD82679B19846DE0
396	18064	B82FEA12232A77C4169DA54CFB8CAC3C1AE0DBB9EF6EAB3473678EB2CD5198F2
397	18074	CBB353373083F5659B3643CFE9B1E6945B2CAF51D357B8A523521C05A208F7CE
398	18182	D82EF0D15F92AA30767F9325AA6FB2768BC9AA5AC29EF8D900A0F2AC0A5C5250
399	18192	B97A90C4AB1C188104F2AB2D1C310635E2D02760B1C1F2750144082C1DEBFD8E
400	18624	FB209DECB3398D5F3251E8E1F9FFA0674B8F91C93A44A4AC2494448CF17652B3
401	18660	1E69D46CFF00E0A925CD1BAC5F5CC24E55D9A70184FDAF155C32B26E6AABB064
402	18682	A9C8C6373105FCD6BEC6A56AB77DCF624E529C7BCF2FCA6949A50259471168A5
403	18684	09F4739EEF920325F59923696AE1466696719E2664FDCF15515FA50CFB77D3F7
404	18798	41EC43889D167B51552627A6D02132F7ED320E29E9AC7C63A60C3C81955E2A7C
405	18814	DE319CB2A6BCF10AB78D40ED92DAA7C6F0F99D632553F8C514515646539AD180
406	18822	8DE52F210C0A7ABE65E4C1BEADD1491FE631E83B488DB1F62AA7DB20488BE4EB
407	18910	CB745445BF012EEE82634BE7D4289C0550FC70733C7F1BDC039EFE65D07FFADD
408	19328	EED6641AA0DC186D3462449347843417CE09653AD02306CB5D787A7D7B78BFA7
409	19336	F80D321CDD86B8990A5C688AE7223884DE649524332160A73EE8C4CD843EF470
410	19404	04D5A9B0D459839E3DEDDEAEEC5928A327A845375FA49B4C54F7593784E51B0B
411	19405	7EB9101BBE0CB955FDA44F9861427420D186D607552614168D54531A09DF8F98
412	19508	AF878A848E8E84A7E308E6D6C8656DCE2F415C9891FA421C6EA512C6415FF470
413	19509	80524CA3F7FCF951520DC55B382E8915B3845D6C472F5EF85BD12B7F4DA7E114
414	19588	F0802EF9F1271BDC0550475A2071C547AF2AE9DB6015C53A246A0EC86691132F
415	19624	1D397BADCF09A57D01C36FFF6C1BC8016E7403BFE6281A7F74327A869FC68C09
416	19633	9195A3EB49A13CA2780815578030144E7DE3BC7F8689BEC03CF09871C7BF16C6
417	19668	E20B7B7C75669BE06109206C1FCA59330916BD53CACB8824DFE8DE859FD5D02B
418	19669	FFB80191BD0631978053AB77AB9FA0AE059AA8BC1C5A28D8CB29C6E5D236213F
419	19948	ECE01C410148E4B1DD1801EFAF114AE0D4FFF9CE002D104F189CB26C7266142D
420	19949	24CD89AC5344E2CE7D0DD0517DFF8A236385BDF000288489AF33393D726F2233
421	19960	C5E7FCA32DF8D2719915BF16565D26D97D4305CBC884ABE1DA4A8C3A486279CF
422	19964	481AB170146A336F3E3BB733F8F91C8265F0D889A915882CE094B22C7DB38B07
423	19978	FA13AA7BF7B99BEFF1D0EEC9DA8C8393CA0498368305CC2A88C11929AD62B66F
424	19994	15A38B832CCFA6B0540D22EC24D6C5CDBF255C85ADFD8CF36B0CF579E9282131
425	20068	7E9A2D4452BDD4E94CB0F01C028ECF2F3F73AC3304E653485F286F7B657DC08F
426	20080	9DB46C430893247549119B20CD3DFCDE6D66F5307CA05525CCCCED53C6D3B7D9
427	20100	B348B0777B57A35AF1509F0F9D292066676A30F4E299387040FD9286C9F3EA53
428	20104	97CD8FB4910FA4B1D4F6FBE012DA15D303029B5F6CD0485F95140FCD9F72E6EE
429	20107	E7F8433A5CDDF4C382244BA05D5E244FEAD9F5A50419574F4F61327E197B5720
430	20108	3E588C57D51FFF05EDF815E90172734DDBD74658119AA121DC4409FFF96FCB5A
431	20188	302F309A8DD3DE9E2E852EAE4C29C5A082431F0ACC5B772EA196DAE3946865D7
432	20204	694AF292448F8E34CB5F23C5AB268EAC3D5922A002E7B9BA288BD95E94E0FA56
433	20220	BFF599929568F1601109FD6C898AC514C70773A7B489092941FC30CC7CA4410F
434	20228	A67B82776542B8B0B05A30A85D300BAD32F32C2BCC27D9DD0F47F93669377A8C
435	20402	E779ADA5B523545EB10F07A91FA375AF0A2BB92EB0ECA49D5AFDA8FF4118B871
436	20405	0B413EF4D42CB71E16A66492BA5856FBB41B116ECA7D710E07B51E514E0A477B
437	20420	1AECCAFCC9918210E719F6076527EB566706B02DFA2D4B87BBB8770D269E625D
438	20422	4BB656A87B1ADD838DDD95253413D578D310FF4A7FED89037C2CDF71ED51FC26
439	20425	D5BA634295419B7CFBFC15BA8F0EFE72BA1EB23FD92710D2F8CDDD57CB26B974
440	20548	E22D6EF5575983CD05D9D4BF66E62E04B87BE6A7F4E94F7102EC5A98FD4BF498
441	20558	E1AB96A88C48A20AF986D21B1845D1C436C9D0992846B6756FAB6D8E73203887
442	20579	9FDF6A77ACD95E4D2E9B2E5C9FA766A29D419B4B0B6E2C474202F9EDD9A2884F
443	20584	C747F5C2D674104A3260BF5FE9DC8A922BE29006FC9A3832E2037D1B5CF71BED
444	20599	A0C83F1A2E1373D1AECE255BBC0CCCFAAD676FAC5C3B514812DA0D095209564E
445	20604	865B21231F1E020369CBFB7BB2A1500F2A73A9BB7E5CFFE8AA11BC23DEA33019
446	20640	CA58F8130D0F04D914A7BB23C7259CB5DC52A75D591C4FE5237069B8F18751C6
447	20668	5816406CBCFA9A6DBC3AA247264D1D5F8C90E00B306B284E0E465EF224365A2F
448	20679	347FA08038FE756C0456B8CFE6342EB9854E8105DBDF8AE807809D6E156BE2BC
449	20684	58D8FC6DD4D9E6393ACD67A7F3541DFD809D47BD0C7C3537CA80FF635F5874FF
450	20698	DC8B11F8F74816E33551EA46D22FD150EAEDD8112D673EB5F1C3FCB8959AC657
451	20719	ADB7D99C4D0249257083D290DCE2DEE9BC1F2CBC1C446133A70C863E58D0AD2B
452	20788	D25385D6763A48E6C62D3A295507DCDBED46EEBDCFC3B136BF0B14C6D2A679D9
453	20799	31477D2E88825AD6541B0B4434011E0CD715CC92E0BEE7E7BCD79B0BDF78BAF3
454	20804	07F69DCF7768D45928486FE370C6BDA26904057AB6D37959A6EA29CADFFB5DC5
455	20807	587EF22EA2A053E2A23CBD48FD6E7A8503E4D5847ED4B5AC8CF3135B428CA3E8
456	20818	BB2930622F25BC5BFF86F2AAE5878E49C24178670B698979E773DFA1329709D1
457	20829	631E863C519895C663A313E0642BD929834742AD0A909B072FA953F6B54CB972
458	20834	7AF69A5CB05F9F29DA9213E447675EBF16B0D48BA60F707CCB483F737131179F
459	21000	C1F30858943491F6A52C6864765C9FBC18A3367A94605548B86E0853A4A30FF7
460	21118	D5EA81E575A265FA37B1D49E0A269F21059E4966357AE01F7AA52FA2C40FA60D
461	21129	366C1FED14DE2B152EC6E3C0A3FE92984474BC61793EEEF75E4DB1C6E52B7EBE
462	21238	5CAF34B7E3D2D8A2299BA6ADC7227DDAE72D197E460F0BF70132BBE0F3A7655C
463	21248	CAAF18EC3D8604F589DD39CF15E654D0ADBADB78C6B99CB332B4173C53BBA48C
464	21479	68BF97548524E511527257E5FA97E51FE9D5F2E53F46D39ED2BC03F939F08DC3
465	21480	2EE6B1DB0ED335CD359C67876815026EC2236E2FD4C60BD182D393139A09E891
466	21481	6A7B4C4D73B9997E5DB19B5BD10250953DDDE978625B9E7E366CB0225EE66850
467	21485	C7D5FCB8002C88063B2746096F2DC6A08CC60E39ECAA350CC99163C666D90291
468	21487	7FC2F52D559283E0FE6A9021C987E2A6AA88F4FF8D0008A540F491D8C103A56A
469	21499	E19F1D816F1CDCB85715D5FDDA936223D99CCC35F860A92126F937456EAAD118
470	21500	D926367990F2826D3DA46A83849EF02C0D0683254E02EF3A5BFC7870E9F37292
471	21501	B45DC4EFFB1D0160FFAA47E18F1E3691F6D1F05CE57F777F43F7C7F1C83E2980
472	21502	5DBCA856CBA325C5F281042D5B38ABD9F1F80DC1EF3024F9C43DCE6D3A0F3E7C
473	21505	5796AB7D6C8712E72F654876D7618721B6C1CD7D627268A2E147E43B37C48256
474	21507	3EEF8E2F370E1A64079BC1C49015A1B1958DB32505F1E5E692A615C69789CB9D
475	21598	A07931630D066496073D25C7AAABE3F467A51EBC3EA2BCD5C9C96A8A4C31D1A9
476	21841	3EE21EC785B0BC8264D51BFA1E7C58683388C91021C1D6524E9E1B87880F34CC
477	22079	8745D3A66544A3A5941E650035F83886F5B2133AEC805885BDAFD439FD709452
478	22099	BCA5A280A466C3532498F6B4DE468273D87F9AAA056A11697D9A96A340A8CF97
479	22708	D44A43B9612573D8913A535DED11134997AE92C46D971A23B41C2909E56EB521
480	22740	4732289FB17002119AE9D86C6E7C4A031F5D773D93A51E9EE47C67147EDF64BE
481	23078	E902D22ADAEABACB1AE5A9CD9A7B94B6AEEDA3120167898F78BC1BC55703F398
482	23188	4A81A4C45C4FC6E1B5D8FCD0664B95DB73E3B8B4D38DE2A17262AE26C2071AB5
483	23199	191E46EADAE35DBF4AB8A4021976894F15AAB5BB632125DA39824700C6951997
484	23319	7ABB13C433246EBCA273CFF08556BA9C5E53CBB660881A85D02D7C54246D7AC5
485	23638	FAEFBDBEF7BC9B384E0A0A30180FBF9D19F78FC5FCF9988D9D030D247CB022AE
486	23758	55CC9DB68422168D2260F27A91E5FDAB5EDCC112B9237145403ADCA67D31A585
487	23768	9057202160090F704889C52917F28DCDF40CAACC19B2EC9D380232368B28D1FC
488	25130	8880984C0970B7DBFA83B21E9314672DCC8A94BF075B919A71DC42BFAED20B93
489	25132	E91560B6DF075FEBA334955CD71F7F87A2C39965937A14B1F417FCF6FEB44A65
490	25140	788C36AC78F7CD7365538BD5B63922A6B75E9FC20DA47E51C65E10C1D69115FB
491	25236	4309B16E4E019707F5A88CDBB437D435DDFC1603BFBF50E8A5AE4F8B6D76A7AE
492	25382	F59F33C8E529FA3CA46C5517F0538EAE91BF74B587920430377644F3B262439E
493	25392	575B77A0605F46687798C90107CB0E54EF45F16117BF147A1276A49741D3712B
494	25396	6222307687FCF6A6142F472ACA944FD1AB41B837B9CB10E2B01C2A423D6F2CB3
495	25860	2A5A5A7A6FA5D6E5914CEBDED2E9D572D3204DBDEC1CC7463DACE36105F5D8F4
496	25872	F604E0FC389C3C2923877EEDAC3E9082B30D13034BE3590E8E751031350C4ACB
497	25882	0282F8D7450ED69B8F065243BACDD368D17F3EE556BC86BC7FA6C84D2827060A
498	25884	BE8AB167808EEB0E74B2E0A409DE498E02CFBFB5C582CEC5705388BDC406F2B8
499	25998	C86EB483C0B3C329757DF5A29B9BB7E6A3C716E39DDA64C1CED6AE1B0C1101E6
500	26014	5FEB1FC7B86364E9ECF4A154B64801686A812E9D9474ABFF78509ECA264E8AEE
501	26118	B58F92522FC640701055246BDE30AA46AEBC7134A823F74B9B939D1CB6DBD024
502	26528	E8BB708EC52DDD185CFAABECEB638FA68E9AB7A91E8ABC69E4A2D8990A2E2C45
503	26536	B2B38A565089EC32BAE19E72FA20AA8038CB2BFE8AF53ECA138882944FB602A7
504	26572	17B976369159FACE576F3DE2192B54D3386831C3DE0B24B30D06C8366C4F1B7F
505	26605	49F3EE4322DFFC72E8C32770CAB6E15BFA9B24786F865A8FF51D998E3A5DC2FE
506	26668	1A0F67A6B4D0C5BE27900D0C2BEE9BE3D8764AF6177600F546A68E261AABE9D2
507	26680	6808EE798D626B971A33D3F4E78184DCFF4CAE4A1003F206842DBA49FFBAEF4D
508	26788	CB499AC5DB14B20B1B2CB889F00C775C3A4135D7A831E245F2377EC168EF8D09
509	26796	852BD65BBF5366C2ED3E45F2BADE59EBF068DAD81925E7ED54261FD660D6556C
510	29832	8FF1FE0C827DB863E57454E8419F48E0A735F5FEBF5DB4444571348DB662DF37
511	30512	07EF15C69D0B79FE15D234CA5FE961780ACACBF09FA4662710FACDD19D5E2BE0
512	30540	3D846266EB8C894F9434C9E432E04AEDE8EB0DC4ED5FFAE68BCD54351AC28837
513	30552	4C52F24A5D482852662D05A1ECF583A977EE97228DE9B8BC9A8AFD8AFD3FBA54
514	31980	5A52CEDFBA7B4657000567AD66C5337BA21586DBE9F0979B62E8CDCAFA012628
515	32068	1AC4AE01C2314343EE692D2E82D5660C818ED256157F7197BE938F1F9E19F29D
516	32080	A583E7056829B4A06769CB9D4F641A88D6FA192CE08A277E97AA453111AA4E56
517	32100	11B13656FF9DE9968A2CC7715508801DA1AAF43483EA67DABC40D6565C83BB7C
518	32428	B659DA4ADF321C3C998B4C3A5764A3C6FA6376770498E0F3745030516B163A3B
519	32438	0E6358661AA2AEB66C9265DC252D9DE0C4D36C2096DED02EAB2004A3B69377AD
520	32459	90C3E3A1D40A4FE5A8DAD494D9FAFCD4C09DA1A180F57D429ED48A5C88B548D7
521	32548	3EB061254D5988F40A4E997EFE8837063DFCC0C5D2C2D9F64831C0BCAFF06965
522	32578	3ED33E51DC23A18500177F306D20A42ED1BA275917C966C4E1EDE561A9CFA79A
523	32599	28123C5E93C2535A056C512B913088CF47E54C88D964942B4F2C1057606AFEFF
524	32679	DF504430693363D522311B5B6B1A490DB0A42A7AB6D65FA16D80E47CB981AC2B
525	33128	9697E982A2934A712E17425D301DAFC8CF783F02324D9C4143694AE320191149
526	34492	5A7DEC284ABBA237F7D7E11242FB26FFECB1DE79CFE2994A07DA18C1DFD9D3FF
527	34500	1DEA488B02B7AD92AE612FE0F60F3660F83E97E6BCC36AA30DB254454E6EBA26
528	34596	288533DBEF94AF51A7F648F238DD57DD7E974854B648EDAA8B7C15B3F524A8B0
529	34620	591015F9872C00535A2A3CC5BE745D498D9549B063946D0188930999172C539C
530	34624	BCF014B3D99258F72E9F47EF240263343B97E50D1DDDBB40FE233A8B5822A360
531	34634	5BA8B94524140A9ABC6B4759049AF210ABADB74389CEE4A2612C31F80C9E5F1D
532	34718	9FE578DAE5B57DF05FCA83AE1E9EF7F8AD7112DC2F86BF1FE63B5A5CF3044AC5
533	35192	D5EDAFEBB9F93C109827B6DFACE42B0FA38C22E5EE021FA21344E9B0222575D1
534	35242	F6EEE180B606D0ED6BD5514528D2DDE5A9B7E2EE2DABA8AFCF41C72A10FF5F66
535	35244	8087D4846B009CC6D855C83247FEC7DC5DAD0B8B654DFAB3C66048053E8C02D8
536	35358	5A60FE3777AB3B65B620D53226B3056A40867B8C5D594FF4707A45C6B8FEB298
537	35364	EBD555CF7EDF9AB3964F385C67AB8580F9AA2BA31E101108669F3878F4D9DEBD
538	35888	AB0533738F2255581ECBADA708220EEFE5654A7A622717D3061AC6307E17C3E5
539	35928	9FE471B8D131910922FFE83EDB0F51EB1868399393B47A4517B13B283BE15699
540	35932	F087A7EF73BBC79B08487B9A2003BFBC13E39CC3A78AF48B0218568D7A4C8286
541	36068	A4567B59E9367277D7CFCD3DD166D1CE07F48429636FED7CC4F96B155A1665F1
542	36148	8CE684C53D0A48C1DABB1AA8E7E85A2F5B76AC22D4C313EC72E92E759067699C
543	36184	2F549BC7D39AFE78600F71D945976DE1D6ACB10A077A0725619E46E51E40EEC3
544	36192	7953287EAC0A7472D07F2A64B0C2DDA3ED62446ABC62F5A0D04D8B99A086492E
545	36193	5601614B0EA0D845340A91A81138B43EEE8D60BFCCF2F8D57B0453AB1AF8DC48
546	36228	E3CAFBB8ABF975F28859BDAEB1AAC66848D0B67E9E11F65066D1517ADD9C5995
547	36538	27D80E5EE7C9EEBA0C65157EE3523AEBEDD9BAEC505D680E2504DD40F4E52F3F
548	36550	2999D07D517BE221D5F0D0AB555FBBAA83BB5F1FDC8BE169E8C3E5E238F1E4DA
549	36788	BA2290D3A528E26B2FC522236060D588D6F49702C2C544C4B201A67BA15D19E2
550	37108	129FC56AB2F811E322987C8FAD0A2EACADE97163A58ED1E752438F04A4D9B4A9
551	37258	BCE2A8043C45C2680BFE0954742A778DC6273669645E4478C29E87F27731EDF9
552	37279	389E8B8FDDFCDB000F0ED1D530B6C1D21972E7640DE8C2E11C8BAA3729AF2777
553	37678	4B398FF60A066661EDAA9B2E3266E9729BCFC84DF604BB28D879E334238EEA28
554	37808	F18AD2FDBD38BCB38034322BAC75B5C7A3E3320C6B92F7F73508E995AEF55C9E
555	38158	326A0327C77EE2930A65CEF55EEF240DCBBDE629FCAA9A3E0A77EAA488F6C824
556	38421	D26FBBE1C1802627EA658A0E772A10555B7C058ABEE1B1DF9A34DD501A51DB83
557	38659	6762923A02226039F3FC9AA017F4D2EC7C81589DD5A69A197935761358BE4D1B
558	39180	0E9E64F2FD4BDA3012620E8B6F7EB37EFFF897D4C0C9B926E35AB6966CC0E875
559	39432	0D02663D78C2C204558B5520C0161235A8B7CCE8E15A3E25B20959CA35C4C0DC
560	39436	EA21DAA4BEDF64B73483159AE5354B5C97F5A6C1BC9E39DE4492D7FF4B5BA32F
561	39872	E95E757CC693D88367DF4A31CC50444752667D9990AED7DFAE81517212AF8EAF
562	39900	4DE5F6BE8C626DA849883320992253DBEF207E78759D813EC11458DEE8540E83
563	39912	D6742FD32CBD30143ED3465780700AAE085D0DD819027D7213328CCE4C7EE08E
564	39922	81E28966D0C73DB829CE320AF3E741E485D05D7FE6D2447218A3A3AFD1882135
565	40062	A3023D140948CA2C72C42A405729A5B18D79DDCBDAAD4689AE1B0E5A3F8D0293
566	40158	F9FBC6B1935153F697E6313B00876F831B968F0712C8EC4D5B1BB65051BDF103
567	40645	5081702E1AF9A4EEAADCEAD18FBDEB9B0DE30E96FE5DB57F9298476C73C50F10
568	40780	666C10326880E41D1448A306ADF9782A142DD59C886B0B869BB0F06BBFCD0B27
569	40793	24796420967D2AB93D72936778A25E220CD018613AE70F8FA53053AD2CAD72A5
570	40828	5A1BA13E2C5FF9DE59E29D1ABDB47A168E4126D5727204580247E83A24F138B0
571	40864	190677249F5DCAB51DC17681CF9B0EF8321D966BA78386C8BBBC34E6476138CD
572	40872	A0900095B46007770F3EB1180C0CB053833D37284FE51C201265F48F09732558
573	40873	3DC19D60D032FA3D6EEC5190F577540061193E8DF634A4C2F3D195D316B074E7
574	40896	A4D395A3886F2333DCDDBAEFDBFB803D67566365AC384C811FFC6822D0999DAD
575	40908	C98BFCF6ECF78F1CA7B6A30188B3C402F266CA0D90C170C87D9D5E37244AB76C
576	41218	E52ED0A8C0F0218EB97CA3752A63717A15D618E77BBA2885A6DEBE361886503D
577	41348	18DD1A1F57D55AFABF9958120280A270E1A55361267DE540DC2DE4D2E71F8374
578	44734	25CD9334777C1C5F75CBD6830277D6352B901AE3400E0E76167022D0A6828053
579	44830	00AD2E63D92A6C110F8B05DA36CFF3EFE83C20A7FC7215130D8B4DD65BF027D5
580	45325	6B3B06D273A178ED1AC9FA687818EDF13031EEB4D90D4661C072679F365DFBF5
581	45544	F76492603E626034CF3CF1DCCC85078EAF76C12CF9E8F99D5CF60A866267E6E8
582	45552	F5FCDD37A9CD1A36F861DC3526EFE9A969E42FBBB8F51350D2AF1F09EEAD6A9A
583	45576	454472A6A703FFCF6BF179DF24B26B9F9933C20D96CE5F449BB4E3EE372DAF55
584	45588	C718CCDFCDA7A90CA464CF422939FF3372E9FA8376332AE4E79CC3E4BB8B884E
585	45898	E6D07ED7DE1674AC70309770B887FD3F1BC45EF8C9F106611D95AF72D60FEAEF
586	45910	E2035D54876245FD8DD5F19AC9E6CF63B471FC6CFF1A9112A6CF30D80387EAD4
587	46020	E83D50721359F76CA15C285E55053FF9C777C563439D3BD10EE2764EF3F93053
588	46028	6777A1A19C135970A4C394F664D77F006210200D7FBFDB0C0EBE54FDC724D8A2
589	46120	C8FE76E1C29A9C0DD1C89B0F6F6B1F6A86038DDFF2213AFA0885DD2B344183C9
590	46148	302633371963E5D521EF71D1C55253DC38BD7691ECBF8FE979E80DCC6845DF31
591	46468	5F6706008E9CF306A36300B5D40485346F81FE1DBCB9B19CE711C15FE1B40CC6
592	46478	618F86E79432A730BA04A64BDDAF89CBD4325E7364553239FC44567495E4912A
593	46499	55964AD1948EBBF50507E08F212EE3A7A80EBEAA7811CBB4C75CE340921CF622
594	46519	63CAD87E24182950870BC638C1C0D6C2D9DAEBACB7D032AFB31C44FEECCBFFF2
595	46588	77A407EC2A46C8A429178F9121C3C9562C841A08BEB7B1EFAA122FDFE0F0351F
596	46599	113A7C2A0EE2CAB173C1CB5E3D0C98F95D402556EEF6782781D97BC86440B4BD
597	46618	300665EF282CAB596B6E95976E2881299B94A7AF0873164B3999DE0CCF47085E
598	46639	0FE19939906306ACB5CA376D3CA69FB9455E0FE23F3DB9D5EFBC51A38150749B
599	46708	FED4E6AEA88132C18FCFEF4B144CF5D73071B951254716EF82A027DC7B1C06FF
600	46719	7F599FFD43287B82CD1802B1B07A7C2E7F98CC33864966998B055BF7C100DB50
601	46738	FA9DE6CEE668EDF92944140A65FD753B9208945CE7CAE54F90E9E3E788C67A2D
602	46749	D862C8B21C56F5CB4AF96420B23AADED65089B3F75CA12E2BCF59B1F28A6B46C
603	47038	1ACE4187ACB7A38625A9F5D2499CCF16229949F90FD60EFF945B856AEF369BB6
604	47048	E5D5101E282C21D4D1192E2ED5C69A4F7E05A9BF11D4BA424304C05D5CC1318C
605	47158	9220E30FEE2CD4F81F17A90C945209ADE54E896093A6DE880DD0EB564927395D
606	48530	EBFFD6637B9C2EE8DF60CF850F41BB94CFCBC22E0C9FFDB3F62DE84893C8AA9F
607	48540	D8DA9697E46AD720A9457B2C019ECCB0BC04730087E2B2F7F47D72D57B4C3536
608	48660	537B7D2284845C229FF69B2C16FAFA39EE15464BC71DE312688D22E070033239
609	48664	F46C3086648E379A27D921CDAFF881EEDD264165DDCA764435EC956F0F3A49DB
610	48674	59D77024BFCBFD31F2DD951E7F245313C687D80506D78CF7ABCBDFF44949C7A2
611	48782	546A0DEF5FCF59EA8F1D7AFAE04434EBC002897C1EC7AA6BBF454E1CA1CA3599
612	49224	878AF4D9C3FF7AF7C3404ABDC6D62C13F977C6BFCDDB61E7BF10863DE8567AF3
613	49232	25BADE48AFAFACAC2B2996341AB4674BD9868839547E7C637C8C54E710280C4D
614	49260	81125D784FCD0613769F5516A23DE6F07A6D8E5DF501DE6DE7CCBF4AE53B14D6
615	49272	1FF384DB928B2FCACD42FA1183D5A41CA29F4A4173DD37C7267D620E77B2650F
616	49284	A82F57A0ABC57AE0D1C5F7062C993FB76CCF14B6114F5F93F8C8D6783E333C70
617	49398	E05BD55EAE880E12628F7CFAAEFEE035CD64E32419E16C6B27D29E928062B178
618	49404	0CF6C623CCB52FC2DA80513DB989153E484A3156F4B9A28F3C10A350B0A8F8AE
619	49510	4CCC355DCC947E51670D6EC442855D2F2E5D42FC0161A814213BFEF87BA84843
620	49968	1188B591D0CCC7788F362CDF0D1FF8EDDC4734ECF50DAB7ED47353ECD2DAA899
621	49972	27EEB765CD2F00DA44406D5767B812A5514BD45FC8DE546CF42E3CD3867A467C
622	49973	C1936F19F29E0F5A84C043611EAD542E8CAA6365C2906668D2A3135B23055737
623	50004	6AF9D46A81AE318D7D504D907B53499A49D00220CA9C0E3B88DF966AFA2399C9
624	50080	06B7B3FA3A10FE6F5221BD822A9FEB905C04DECF983347CC2AF30F9A60255666
625	50104	0678FE9D169C8625E8C065845DDFC9259CF8981C81A6F1B197FABA66F2AFA3BA
626	50109	9004956A721BA0C1312E0642E592E49C2131C6155409A0B30F43985807008243
627	50188	807646BB13C0BCE27FF216767E337A700C364C5DE4C18639C32A1AD1E145B93C
628	50232	9050C9880A56C2948C9E5881D2FDC45259810C0645A87B1A74AEAF2B1E20FAA7
629	50256	70B2B4F3D80DB18F87606EFA15EA2F57BB385C65ABDC3EA9029368E93DBB70BC
630	54676	490B58E3F5EB05DBEB44603B75706A032E809024704CD17CB7E1B2075E244831
631	54678	E36CB024597BB4C9D8BCF7902AC39A4B919C4F042EF80A2901C2DF5113EC2818
632	54698	35AAE8D86AF6DC3BF2A5F9DAF46DA52EEEE97D854E19EC66F38D74B6229220CC
633	69158	87BEFFCD21E173E73C0EDFCD1050403B10567F95814919C54B28174168376D6C
634	81002	E3B1B0836F217F61F494F5AE7DE40DFFE43BDCFA5AFEEA1F6120A2906F88CC76
635	81148	AFA1DF7A0441B6EE324CD41078AEA1BFFD2DDBFC81E57CB39E3BD384BEA13C0F
636	81160	A7BB3EF7109535562316D0BD852D69A5D0A43DAB80D64C65680FA797DCECA921
637	81164	B947B5136D56635F13517C42F60A7D9C5679B2EE16682E44B41134F3A68CB1D5
638	81178	9FD7C253A714D020FEF7EBAEF64DE2373B98E5587E13E61B23081FD9F9EBDC41
639	81190	1E38DCBC3BBBE6C1B147C7553601773B9E42C433BE7EE178BC90EC9280286551
640	81268	64527A86E225A1F1B61C352D543D9023BBF61364C0042D4B68A30794FD9D6B62
641	81272	F9348DE5A2CD97069A597C4D87D2BA269BA0CF11FD936FA6EEC59457A3408CD6
642	81280	2E222CD09090BE2D10E0478304ADF298357679221F0981A980FD95341F4F96CB
643	81284	E4A83425BDB9919299755CBCC3551920B695B3B6E5B189606606613B4FF45A0D
644	81300	206A81445D02872BD6810F04F4BCF9E6280C40EBD8A889EF97CBEC69FB0FAEC1
645	81301	8D137D25D0527BE7402538691D668F03EF80F2C25348AFDEB58B3499FBE4BF2F
646	81305	9D304C50AD8A22E3B58DEF4CC0CBAC15642052880AC908A4E89292C3ABC46D7D
647	81307	9728BBBA1727E360B58E567D0BA1F880FBB0F357279B5F69A7E4B42805E6061A
648	81308	0A6AA1395969E47D251EAFFBD7AC1D2FD41108AAA813819F7352FFFCD426E2E3
649	81388	D45DDF0CF33E70EE3BE169DFDB0461BD846C5B67206B8AB098EC363D49C76D6E
650	81400	ED78A55D9AB08F890F062E3D34F2CF55EF336F2E7BC49C60AEB6A326DF002F77
651	81404	B7CC1B9EB22CDEFD00C6657808D3DBF3E7364817F5BCA833A9002A10D443A27C
652	81420	F784D428AC1C83C169E01E42DE0A9ED2DCD26A658D4EF7E686C0C0DB4FFE1B97
653	81423	C9A6C550636C4C5971EA8C93376A1E124684A0860558F71B914AFD4DAD80367A
654	81424	6C487BD54B3C188910D122CC8F2BAEB0BDF744FE69773744AC0E9FE355B7551D
655	81428	AC4A21876BF8B7019AE21412B11A9B703596F26C22F672D3F4DE4BE9D4A6F55F
656	81600	2EB5E039B1DCC479A73228A21CDF4F8FCC4A2561F94C6FA1EBDF353D2361B9EF
657	81602	76D79A280CF64398D52A1C1421AEB6AB771C89A3AF8DD635D974FFA50C3AC653
658	81625	F4363236FC826F4D19ABD323DA00400570F3AF1E6516C4826F207E28A07CED8F
659	81748	83ADF07B15231F652024216547AC587FA92C4C68B21C8E27F28BD93CB5814030
660	81758	122ECB5F37AF6440F48954C1716BC4BCEBA386E4E9351D232DAA8CBC4324A6BB
661	81784	DDBC64D060F3040A810F30691672EC4F935D6B375B56EFA4C98EBF2E1FE6B5F6
662	81868	FBC0D311A61BCD85485CDF7C0D0692A5E840F439D87976BE279A377EA623DC77
663	81871	D9D0039246A013F08B489B02945ECF1FB39865582869FC208E7EC522D96F4535
664	81879	63F1E81FCFD359C901A793091D73492C98BB639E3CAB3C9A1DF72AD881C97C51
665	81880	C3A58A893777D6E1E70225F0D8CDABBED615B4955128626BA6BB7C322EBA3F26
666	81883	4CC0F03EC67039A6C8DBB4B122651A5BAC3E331BD6D67AD85719AA708A08C3AD
667	81884	AD5FC54101F7E16AF713E333C70BC64CE621EB8FD9868390D241311EF515FF62
668	81887	452FD65666CFCEA2A52662657D1C384737AEB0E6B57368E7852E9BD430666B62
669	81898	5A6145E9D25D00AD0E276181A9FC3B55770B5A118AEE360BB8B2682AB2E90F03
670	81919	8DCD17F634778D4AADD9141FB7B329CA12943730125F77890AD461BFC5B867A2
671	81924	4B8161064A6D39094C207B323714B3C204E3D14310F65F3E22EE613C1D3530BE
672	81988	F05EB37695A61BE2EC2A938CFB783CB017DAA8C4C333C5531E805624F703C175
673	81999	890A40E19D82BDE4D3811FA09304D4960B4B02E35581C38D82584C6AAB5F1414
674	82003	D1F4BA2DCDBFC30125A80A1758D20C3E39D80CC7B44DEB60A34361F2DC49C802
675	82004	0CC7A9989E8B0906EC4956B6B1A21132349BAA2E479784F28474D6E771C663C4
676	82007	5A8300096BC15AD185F060811B8E3A9ED1511187EC91219223898FBFA8078E17
677	82018	45C751D49A7E7B57FD76E99014CF6B6DB27AFBE78D73541C1EA5F7E09D2F31B9
678	82029	DE8FC0FAE19400B474D4BD0E9B9819212F866073A8CE50B06BD146ACA7B7BF90
679	82034	E03FDC1C9DC82B45B7FCB83B1E22A136B0ECC6CCAFCFC63D4A7E0A4B84565EA7
680	82318	01024C6A209B6214876F374AC68D866BD71E97E3A4F82DAFA93A09D6968EF359
681	82319	7C6F0ABBEEA59B013A1B0866CBCEBBFC5AAD6E98AEE3DC785A0FA392E31C8147
682	82328	7D979426934DF40DAB50F734182FEA9A0093829834C9130B5F8E29B822249645
683	82343	277D8AF73BDDD8DA5678CAE5FBC59CD971A1B1564E8FCC6191052A9BA1E3546C
684	82347	A837807CCFCF34A773A7C188FF2384E3A8CEA8705FF64ADBB5635A870F6DB630
685	82438	201BE5A79D23FC27ED4A363C8D3593537F805F0057F83D50DCA860F4F5C477F5
686	82448	21A58B6A41B3FD61F86F76F4629376BFD45D1007866D7523BF04DCC6CBB2EC15
687	82463	188B848DAC0201219E4F8B8A45F6E39E935A200295F5638CB5EA31BBE75B599C
688	82679	C2E25A371AFD58BC08BEFFC3E35EF56C0AD67BB72DF02AF6CAEFC8BF3F531ADA
689	82680	74D68A110AB7BF47DEA30237B6B8F4016F00DD0C7239D407416A9B8908220143
690	82681	6B5F9BCC0AF7F5DDC14633BB0495B12C554AC5534A4CC517BA5E3D1EBC425BAC
691	82685	198660AC2579DAA737870C56EA58F634066C76DBC41B876F35B5953C623F1C09
692	82687	15EB5916B4DF3A49B3853998CF1391A07542A70FC6316CAFB0BF46D77A948D57
693	82699	14B87E57F4BCBB818E2C8822414EAA0BE3DF8FED1F2480BE9638DEA8B4D48F18
694	82700	A5722AB9794EB4C16EC8CAFD5A2D38BFDF94CB8DE17760509714AD4BBA510D58
695	82701	D31D44F64383742F581BE99A8EF88AAE8624931827A74208EC77BD9EA086AA72
696	82707	30AF0DCB557D620BC25929DC7B7E46C0A33673BB8338B0C02F5247F307C55B7E
697	82798	88674538E9239B94A1E3C206A1CFFCCF0A3F6BBF4C7A8E9F406DDF74825F1EE7
698	82808	6590E6DABAE1184A88BBADF938EEDEA570C5DD9CFE79687A35C5F6EB56D14553
699	83039	0E19713F2CB6C39198D7ABC769B992F2B12E1514A7902E4AADB05092F5B072D5
700	83041	8FC353897F50D22A7EED3315957614D90FF5387A6C8669342AB3870B3F900516
701	83059	B07D6433A0F1CD8AFF6AF1A8E99A2AB5757AA9D2A1428C5263CC6CD777B30A32
702	83061	47BF77AB7ABFEEAD1CFFE126FCFECBEEFBBA8065D923C869072E91EA3E83C4FB
703	83279	B1965616821DD933A557C85C75BDB7A98BDB25B9C6A07C5C2D9932D6F16A4728
704	83281	E28C4A74EBA8E1F9E5D123902453E5A55AB799C8DC01FA65BE2D047663231ED2
705	83301	B7A5FE819FA2616F87C27636ED04C8139442ACFFC8A97F11964AAEC156B07C65
706	83788	29D4443B13E7BC1821A5CA9161ECBEEEB1AC35C72C05C8D604FFAC35E5B76E0F
707	83908	40664FB75F017D24995E2E7815DD4EBB897C426CD1A490B86BA6078322520158
708	83940	6AD769CB3C223D7663CC64D92A2735787D279F181950BFF777A2C54CCB8466F3
709	84268	4389517CE2BC1EF75584BEA8208758E7A8FD197CD5BD5865106978880729E0B8
710	84278	167D60A18EFD3698CB00D5718D3D3DA268FD86D3E72E1E6FF4C48E8543E73D7C
711	84388	6B13E3099DAA709151FEB771C602B289C918F6358C89D512299BEED1B35FF518
712	84399	7D1DDFC3C19BA8D60DF159CDB3F7A1DAC87900F3697869A69893E15ED6E0453F
713	84508	E9957B290B8BFBFEC9AB797A37DBA2FD7CBB5F17A309876042BCCFE4A93D326A
714	84519	9FB66BD1A1663E329DAE566984483844C8F9462736A2023F78951DE6F72379FF
715	85318	478032015E8B2F7359D9FC96C82FC5FED26C1D488B625E115AD09D543D1EE824
716	86332	FC87B47B7C74D5F8B8E7755990E35BA8F9F365DF3B1F958D3BD72901CF9C0E4A
717	86352	F4098787C35E14C52CF9406EBE015860EBE0277199457B843D1BD13C23AD21C6
718	86464	79B7DCEC18A50E97EDEAE03E6A82CBACAFD84BCA71A25E079DCC7B16D2403DB1
719	86558	0526ECD145EB4A0BCFCA6A847DD1E4D88EAB46B409C5A7EE98158663984FF564
720	86582	F36EFBEC5144DD618B4BF0AA4C10280230CFEF56B98E556F7FE4790ECED8C6C9
721	86592	D52E01FF6D429567DD04A12FF1B39E5F490FA4E7FE40EA0300243E5E002AE988
722	87024	AE0FDFB7881BBF6FF2057E349EC9066BF99D4227A27B005C017CDD2FF91A7082
723	87032	67ACA0410EBA45ABFB5CE99216AA5A03BEE9B2E3A74A471308D854570FEBD44E
724	87060	E0934DEE92443E91A5EBC86F21630322E7D21A034944E6CBA8EF588076482EC0
725	87072	555BF2BE90AC891755CE078B30648E1CFA5EB9B03DD5C126DE00A76B0108A012
726	87084	B3CCF9A146DD088915690F77ABBEF7AE8F4888250CB2405F434079E2E60D27E6
727	87204	9049E8A234810CA0A61F46EC5B5243B1D574C62393E363B7BAE6E4917ECC978E
728	87222	867AB3728A0B5E4F280AE6D3B9EFBBCA86A708C0742AF4170E2D1801884A1B6C
729	87310	8E7A817AAB8150B4B142F4DA206FA0CEA7B5CCBCA3801D17796A6DD8306EF86A
730	87318	5009C4934243CBA8DAE2446590A7A05D5FD952BA493CFA8AE5BCA5E5F7644A67
731	87736	25900467AD5BFBBC937B3E260C1A4EB0A938D5F19767B82C3EC2BA43CEA30262
732	87768	0C90C6CECA0E46A98FC4E44F9CF53D652F03A773CEE8C47AD3DBD512F593261E
733	87805	DF6057CDEDA79CD25D31D55D2BA2BB83CA75BD368F17DB35D4E3F91D8E9FE47E
734	87880	0B6A9E667E05C35D4AC7017FE607269CAF183F63C59C66D03D2EB835EC33D9B9
735	87908	C396624FDAA0A7ABAA2EDE5AE33FB30A7B8DF56F9B317C4D17EE248F692D8B65
736	87940	593CD470420D7C12EFFC337800BFD42E7845D6A293D2F44FB943DF3648D90A09
737	87988	222D300E612059A8F02B9B6105F1506E4431DD90DF6EEC5C85271F4D154D8D6A
738	87996	701362A19648874740BEA4455FBFCBE1C44CDEBED0D4B46CDC05E14217B20CE7
739	88024	1375BD5356221C02A3A1ED60E1F9B6A356FA460CCDDDE1F59058BF63EF2A179E
740	88056	9FF46D88B1C4C10B694E30E3452A021A27814EB65D6F606164A63425E0290A9B
741	88348	B966763BBAF68A59A7366391309D0EF510F4271B15226B9156536F4722D20CA0
742	88600	098B51F2F2C8E80F57D5AB41155EEB80A2D08EE3D940EE1EED69A07DFF62E539
743	88620	FA9D52AF205A5559A0B46C28A890872C7AF2E478C26367166F169E85A13E153F
744	89068	2E7C9A8829AA4D724A3A319CC6176A03DA8A91BA77F5C74D4B9F3990D8F6FD3E
745	91010	9345F2A90021CB7B536FF8E91A6A1BD85434BE0FE90B2EBBB45E306F15AE4262
746	91116	ADF9C4D53DEEE52270DB57FE456A200817A9330D6B5FAAD869B7E58A13A09487
747	91712	A4DFC659824DD9099180DA54F4C8BFE6E9AF9FD179BF435B8951C3C90DC3E07F
748	91762	012D97EC93BFC08F20F31ED4856E6E016FF4B32E4F99DFA6D17960D5AB815A16
749	92408	D2349F3AA45B25B474E09778BCADB1C30A2BB47807680BAD022C25265BDBFA28
750	92589	E68DECA091605523396336025AFBADCB4EE053260A153CD4FC07B4EB3EA8854C
751	93028	9DC43D9D22CA69689D620A9C6A86A818865E134E2545BE5B41823B5A33F91CDE
752	93040	CE4C5D032C0DD56EAC47B2F2239C9F866DAB58A35F77F1C90A1724CA40F795E2
753	93058	79E8B73FEDB1CE14EF824CC46967C54760754C4F0E91E13025E7DE6608730520
754	93070	B92E3AB617634AFE440F1E51350C9CE04B982608CD61065DA584D92A3F2EF4FD
755	93148	2B7203D0F285D6F74D694046F34AF02D22F9123DF3B7A0AACE5D2E7E4659E4B3
756	93180	A5185E84AFBF8ED9B05C20E54A85832AAEC74A9BE4C09448544CC1303A91CB9D
757	93188	9FFC54B58392D6162FB471F299363974BAD8A12017B12043CF713AFB20F9A13C
758	93659	C813F470DB04170F260D7FD54219222EEB9365AC772DD1E922D3067A948083E9
759	93778	9BD21BF2D06240848FFD53DF518CFFEC627B430AC536CC407BD29B7D96D5CFDE
760	93868	B44ECB859CC4F8FA6A921E7A0927E08E5542E7A3447D2F7FDEA70E2A1F951FF9
761	93879	A5F85CA51C009D90819C6279F5A19C87729E1F26A21433E3D2A202B925ADA2E1
762	93898	E574197756B146CAE12DB625AA8A5D1B08ADCE225538C314A0B9B49EB8BB1D61
763	95690	B933E4979D053DFDA4424E30457EFDE99D343124C806B3124654C6524F5AA56C
764	95692	052528F2EC22C3C5F38B19AACE0FC0E21076ECBCBF10B3495172FDA2E4FFC6D1
765	95700	F52293346DB76A7F67E64AFBFE05731D19DB378916FE69B0CD1988B30D254EF9
766	95712	B91C21A7F597099492ACB5660696D504B1011020DB07054C15C3DCD0CBD8647B
767	95796	ED8C5E2442703D00843CAEEA53F1E6F92BCFBDBE8CD7B3E9531F3112C8440E03
768	95820	052BEF77756B69318A66E74F3A496B534E8F0FC276FB6FC27CC1AD34B39D3C89
769	95824	AFAE3B33160C688CE347EE6CDFFE6F3F2D33F2B65910F3455CF7974A61130151
770	95952	CC51F873C3DA9D2B267A4E2CC01333B5A297F9ED47B2F21DB50FB7B462E5FA4B
771	95956	5C8529F8E4EA963A85DE8827F04CE5112A7DA9588E94350B0E73A771CC40D53A
772	96384	863C1A1FA8DDD7F93CB5DFDC250F54CF96498870F1D365B3C2FA012525FDA5D6
773	96392	2EA147F6208276ED6145418CE83EF3300627ECB4EBE2A0B337BAFC2673D59852
774	96420	5CABEE6C979DC8C376E82077E22671A76490B74FEAB4F4862AD04CE46F8D6431
775	96432	15529A65916E7351E168E8C4CBB8C68FAAAAAE7E48284943BFC556E7B4612870
776	96442	4BC81B0002D48B93518173A90A8012C81F7BFB7DFA1B3B6D60DF17DEFC2E8BCE
777	96444	3716EB18D3AAEF1F4723FA0C044ACF4E341CBE07CD8D75FA56CFE11D2F8B6483
778	96574	3EC70162F8833BCC8FBA4E4D4F4CFAC5A85A58DBD5A9496B074BEFECB1F9DDB5
779	97132	9007A60F726CBB77E179E8816CC7BC6525C415ABCF41C1E3A64A4CCDBE6E55EE
780	97164	AC6F69C586AAD4A2AE4B9516EECCF0481FC0E46820B71805B0B4790FEB6CD94B
781	97268	D020E05553A5AF41D95694BDB6EB47794C654365F98C5E0B39F647D77F12DFDF
782	97312	7469695E94566BF7D293DE847115180851B54D886E80BE008B7398F6C4E67B29
783	97384	32C42192911456CE0C49606D33B492251DFF1912F2E9BA76A2BC7023406D089D
784	97392	539433EA7B5A153208EF17419EB1D8E66E792BA1597ECA297EC764DD1123EEFC
785	97416	F02FC07B5C6EC2FA35A57690339D6084ADBA250B2D4989A3B14726D2FA7C797C
786	97750	F1E57DC1D43ACD1D241FAAFD65A80B682A52D9330179BBD366948BC411E126EB
787	97868	AB0A45792A02188A71EB999539D8A91823BF5D91FDC0D1E28F4F3291EE6E71A7
788	97988	D47390595EDA9915F3CBA5C01EA4BC68E859E8805825CD868DDF3D6F442BEF09
789	98308	FC7A680E6623F7A76C13EC3D3A0159A153B6D9D34384A17AFFC42FB0EE7343E0
790	98359	D59E76CF3E311C5FB941D6493647A6EB1F21B9E997C2BFAA683A90DC7C59064E
791	98458	DFD6C3D08AA9E4350BB697B479392AC90210681FA9050855631981F3556C1764
792	98578	AADABAE985B0DE123B1E0ABEACA78308A97E9197E09337B78E57CF51EB72BC44
793	98589	603DB3BE96FB45B4D74C85DE4AC708CEEE980A26B4E742A860B8FDB28373C0F1
794	99241	716720035A82862492DB4C53410730F9E732901D89D24C6DC17B7CC5D97DA5C2
795	99358	C8D51A2C5350D24F7ADCF4545DD2B8F0109076C96766933EF9B3D4B2D368AD7C
796	99368	AA15BB06DB0623C405807EF6135FD5543FDFA2354B5350BD12D76C66BC341435
797	100370	943AF489F61DF897B4ECCFDC367132F4954FC72B6FD4E65554DA6BC6F849902E
798	100392	F7BFD1F45C26F1DA1F674E5212F7C5588C2509E351B8D1FF8751212E00C3A7A8
799	100476	3A105056CE66B758317AF08647B42F1F7A0D4EBD71EDE3746A7C43D35A862952
800	100500	07619E61BF680482746D28BD85747CC5AC75945D85B26F30B1485D56FE918825
801	100514	1FE581931EA3034FE0B84D6A973F233C7B2BB604B142FB44046CB7FBDB455E35
802	100622	AB76B9D26514BE4D5F4FCFE0EA89D1511CCA8C7224CC313C192ED824FA336EB0
803	100636	BF24DBF9143C19ED5618061C71F8923B04A3E0255B24DDA9F3BA098CAF1F3246
804	101064	567FB722C35060C8CC8CD85D7D5DA12D53CE705F97688FCE88BD27CDE8DF2A75
805	101072	546B6411B613CD776033C976FC6276C497E903D6B97F1178A944BDB0DD4FA7CF
806	101100	E238CC5F45A2DF0EFD49722C9E82C33D2A6739F9850B75437F938756385654DB
807	101112	86F823AC8B35161FEF70AB3FD8FB61577C22EF9C136DC033543A9026A71DC6AB
808	101122	162BBEC78D6968955D966384249B2CC8D76B3EFBF0D36E373FE6B3F81E77FBCE
809	101124	00DAD902C8553E66E76603DF3E92DAFA3433F6B01B798D3A6F834914ED9D96F6
810	101262	A8AC94BC02681ECB8F2DE4AF4FBAACF01138510D27318BF8E8856A169E682A06
811	101350	5DC99F9A892199E22D26AD72C71525B77E1B2D4668E589594FEE7B1B19EB405A
812	101358	6E43D07F6755D38DCC3D3C3172E5BB283D0F3098CFE70AAEEDE0FCCAE6E2D9D1
813	101776	B7F20DBEB20D0279567AE1A1AB36467315D101F48CF73C0FE13109A80E1AC55E
814	101808	64BDA21DFBF8AD7BF120EE97C2429AF4BC7D3147B498B4AE23B575D98C649FC4
815	101813	1C025BA01F418B2546078229F02C4A48BA85DEC068A2A51FCC001E79A838D3E8
816	101908	82F8151947D5AE58528F08C9F341BB743815B4B61E51E3C20EDD985B476CAC4C
817	101944	E3CEDAD66E5B1B7BE74F98DF723E9821B5091AFE9B274CFB1DAAC085C48EEE47
818	101980	D7B7E89BA6E733802672751FEACAFD7BC570BFAE2C5CB488342C60ACB4E6EB06
819	101992	47AF9AA84415FC032846E19C498301A76E1DC81629218F50C9999A0B8C5E6168
820	101993	759D6B3689C82D83F68D5E38B1A1FBF7884F6FF2E8F102DCD13187FFC206F2D4
821	102028	2EB40E3125F8153305F44862977F9EB268E0BDAF4456AE4C7ED0B8AC7C4681FF
822	102036	2B58EE41C24EB5B3B8B246F05312A94C37CA0B1004701EEA295410EB7632BB49
823	102064	9FF7624C23616B56F82BD38CB05560673555C26A3623DD7FFA63753E04B04B50
824	102072	FA3F8FD88DA9FF605DB01F66A40F4AD622D44C7F12E10CB5AB6A7A42BD6CF21B
825	102108	3FA7678D0351E41A0DDBB3D6FF8DEBCD80D5DA479C517D60526F1E25EC635F24
826	102109	A69E82727F0D7AF66191B860454F1D07F35A00AF72F6722F466486595476438C
827	102548	14EC3FE2234B9A7E0317FABD65E17252EC4F6E7D9D6598BE4DE00D29CAE81F72
828	103688	F40CDDF7F5BF8D156FB6AEC76337748DDB1FC68DBE5E8B9C7FB8E9BDB9240CFF
829	105180	90739DD0401B565B287761D917360BC525511C7D6E01DEE52149644CA95C2673
830	105312	F1CD83171699DCE1E766C50BF570D0EBA61DF64E48242459ED7BE2698863C69E
831	105316	436D038FED641B87B449A851FB51E06C13E89B7BB5172B99C40915CE07156B3C
832	106030	6667265F9E57F68AD2051A372AD32317C7C63C51FF3756F6553DA5D197801F29
833	106038	E2297034E558941DE4F1B39AF058636A3A6F3142FFC465493EEB60A8AC76A595
834	107068	851D9EF014CB0045928F2C49DB991250FBCB7EBC671869601E26382D7898B6BF
835	107098	3901C714393C30446E9C075A3F68D0774468C6FD236A1B79CF5054F53C404543
836	107110	4EBDD409CEA4F0166E4F752950B9A41B154497B2F8487BBFDDB10C8E50EB1E9F
837	107188	74E3D7ECFFCEE4849CD1F36AC32BCBB6671771BB50985B3DC5A83411CFFED5FC
838	107220	B0812EA2778377A6283DF09EA894A25AEF46C807D07350F455994479A08DD037
839	107228	573A299F457E998AE1A116DD7257AF491BE888AEE0B4097A12332522F601E591
840	107308	758C78020C9D05A3B9804DE2DCFA05C3A0F593DA8B489F32DA3C663BE4D9B2A6
841	107668	B5605EC9FA389C87F4995ED075E95D0D16CA9D0DF2417E8E7F18EE1D0A7FE912
842	107699	089D5460424011DBF428B6EC6C0786C3F2887A630BCA3AE0577E48FAFFFD6E6B
843	107719	94151CC5529736B64181C0B457A8F2F4E7447BEE4F0B25DA2137855FB81E4114
844	107788	E1DC93964F3BCF0FD870B2E23B5DF4C77C0F832A9B873A2DCFB180E072261DA8
845	107799	86764DB89824C1B4A588DE720C4A44330759C03A0BE80E2F893B646B08EC96DF
846	107818	AD33B919F92AC022D87D74B4E323EDE34E7BDFD27EE6C0D9EF96E7C2E0C2063E
847	107839	0FAED5A59EE415EC8C6DBE996D709208114FC5B793E7BE6A46D811065AA8DE67
848	107938	2B8461C5B29C3E8B9D7DA8C9005B70E7FF3A1449D7B9B8D3D8C773728C57727B
849	107949	DF8F841B38BB0C4BD8603EDB2CB7615DBB1A479CB7A29CD055200624B13BF8B9
850	108368	AC791E93BB966D8ED1E5D23191EA310A4BF922C7A093837674CC429D34E96C7E
851	109730	2A606787E80597DAB57EB22B4F24E032D273E37D22CA6BCBEEDAA1698FCB8AB9
852	109740	9178E58C01F69384C5CF4F3FEDC396F09E6F0CD2A4EDD963BE32A035F7FF57B3
853	109836	67C5060D346B9643DE5337041FBA6370E276C0DD0D895FF97EE41A0400E16752
854	109864	9723A45F54A6D152DAF092539CFD7C337A207766C184D82D18D2AD14D3554A1F
855	110432	6E3E1D8D862077CCD1C0D5338E61DBAB9F58A40AFA38F17D0B04AE3C5322F75D
856	110460	46ACE515F4DC79DF4E10398DCF40CECDEB8F39901DFDACBAFBC5894C8BF951FD
857	110472	AA876F39E1472A731A2E4A41B74D6C0E0953168EF9BDA174099E0AFED8044D5E
858	110482	5E32E1C52C52AB88CFADD9D53EF19AFB4EB2CF1B90FD9669A5CD5FCF8308C069
859	110484	01939F619EEF9A9C5148192646A585CDADAD47490802E974CE16F3A9A372D30B
860	110598	A77639C0943BC5553CC9F82655E7ABFCC293CCDBEB0AF804F2EC76B582AA4BA1
861	110614	08B2EAD240DBC51A821355D3E16D36C437694A95570AE69EE471112AD53326B9
862	110622	DEA6E93CB6AE12E0654352F5E473594854A7E809B61EF4D9E21C0C044F5B0A3B
863	110718	BB957FB927FB083AAE2BD621671686F2997FB19E179EF2F995F0192674384F08
864	111136	B730D9AE011AACEB7CCFB6ED964DADEC6D64A62D100F3DB5B15E3FDA7ECC867A
865	111172	79E5FED8FB43A234DA17E68F12FA96C69E10001ED181B6290AF0643C70EAD63A
866	111204	6B64D66687016F5BE4C5F17041E96612ADDED76293338F85F7D3B09C6BDC6466
867	111205	488D036E64EA50E93A5E304E8FDFB28031D993F2AAF50F7DBC3572909E4009FF
868	111268	E81D54018D8C04AF7665F4ED86037A076D709E98B736DF02C27610D007099D9C
869	111308	70EA9B1474597309437B6851648B327AFF40335E289C223EA1BCD4CA3C01477B
870	111340	4AA281031C6E5D5F95F831019C007D4C588C4DB56387C73694DA3EBB02A7E553
871	111388	A9A29F2008553A6662801BA018A0BEB15F85C690CBCCB2FB0EE4BEFBBED7D29C
872	111433	57705C4A1EF33D8F74847FCA0AEFF8913FB7841E47B038A7D7ED03E5B4C35C7A
873	115848	E8807D65CA714758A2CBF491C558CD23E501B35E6507AD9F48C5E1EDB79DEA29
874	115878	DCD3C7F24C5E56709A6783531A0823CDDB957FA89495FE281C017FDC8BE31676
875	115898	AD6EC03CC0B392C00CBC8C17939374F141B888DE60EC5B6D07E5E9735EE62724
876	115900	B3510BB92C42B0DE33264ED84A257C6A23152229F6149EB3C54874CE87E5D520
877	126100	B19C2E3475A9AEEF1764A41D42282CE671FF1C28305B99021849FE6FD8E4A6AD
878	137950	07A08B8824DBF6A0B4D7202F41EB76841D9FD95C01401EFD7E1681C51662EB96
879	137982	0BF585DB5F708690D2CD8A47CA7B69E6C69D5BFD13886E155FDC0A5286C8C78C
880	138004	44586AF0BB6DF5B06EA34A76D18615B781D8E43D75364905694988350960A26F
881	142468	0F444275E43BCAC21B03AE01F002E856F0CFC9808FA741DAD0686BE54F4880F1
882	142508	97ABB9702B4C103036D5E8A644DA59FA88DE4D2CE5C4C02F85F7E3B6575CBD12
883	142588	7AA815F5900EAAC9F06FFEE52F6D8265FDCCB1CB6D93A5202148071425FD1989
884	142600	5EDBFCCE0DC45CB9C727944520919870A7CB0FFD837168BDDAD9624AA78E45B6
885	142979	EF2779BD125B036CE279560004C749A399F250226452A98F3D955E8D97D46873
886	142999	68D8E11CBE856F5DE198ACAF2F443F9DDBB04EBB914E9678965C0A6C953B89D4
887	143068	9155FBE6F73DABADDD721316F6B78E48F0B614492760F2E18FABC94446562A07
888	143218	46660575DC073D1390525A0B072EE5E15968896678A46AE2DA0F53F4C17CC86A
889	144008	D20C1BE590577E17672FDA45A97CC3A259005653AABF6AC6C82D37AE02526013
890	145032	5E0288421DEECF15FEAF24034E962D54AEFFB80968FF57B60510ED2822CADDD7
891	145116	8E176DEE1B727D753E5076B5E4C56D2A2BF5718CEC2B26344FF36F297BF7CD2A
892	145238	4194BBB22749ADD0486DEFF22091BF0E541EB82CB56F5A2FFE1D0CED01A8F924
893	145262	DD2930DA229972BA2DF468CE1A3AE69B52B78B064BE55982A52598F9C913AE2A
894	145272	5B99ED59606BF4C5FCC9E2B41E60C5C372C25302820B8976AB5F69DAC84B50D4
895	145704	C74C355731FDB5BF4CBBA0D388BF18845F7A1AFF35421F1633B0D43D3B89C32B
896	145740	0DE4D9B2AE4973C0FAAEA41525A31431BFEFA8FFA1A20785C9D7C87A06CABA5E
897	145752	AB08C7D9980BF0FB083CD48F7280E1483EE905129F8B27C0B986600EE61B4B9C
898	145764	33A8B2A6D30A2A18EE2109E4074482E6A57C86FA3E3B074ED78CA0895F908620
899	145878	57870C0C2BEA439F24C40DB5FF279DDE1FB62F4AA7F6EC78684251C3CDC25292
900	145884	CE13C92B7F21B3990BFCAC442C7B40C16C81F22BB8743EE0D808534B499CC433
901	145894	744AF7905D5BED5C3789B0869180B8F23C4E8061BCB882C6B8741E4D05A7E36F
902	145902	85676685056739A3029CD4FCCD1564F101B75B7BC1F5F6890E9492E8B1183EC3
903	145990	C25A2DDE2FD3FCEB70F734F1A5305CD303D561324C8497F3F04AA6EFC775C22D
904	146408	AA0EBD8D21A758DF57EAD78A4D8951EC4795EB63A0E9A9B0DB0DD1606537B631
905	146452	E00B85B72C0821193750B0DA5AB66A47915777CD83D9EF208B5782EBEC4FC69B
906	146453	012A5F6DCDD75A28F2405CBD047061139626E99EDD2AA2F51DC09CF9A5B9B689
907	146584	84391B0DDD3AD6989BF5EA0FE6321BDC10BA6DAC17120E4113073FAC9D00032C
908	146588	8119648560BD060C94FBFF50ED212DB5ACFDDBFAE1181B4A7D4E02986F50F5F6
909	146620	F4C312AC6D2956CC3A611484E05EE90BAA989EA7F568625BA4CDD3CBB6C4B1B7
910	146632	51F5B7EE3AC96240BF5980C2C82E328858B2F42BC17E87193DABB9D98DE438FD
911	146633	1E414E8F9EAA7BA19421CC2B3DD087A21A28E3F14F6B4442688CD008CF625D6B
912	146676	0FCC3D2D7DF139847FFF0816987B82D806F0CCD4194932D85507E737EE32923E
913	146704	12BD22C8BB1A545E632A24E8D247B4FE4ACDEFA9DDE77A79C0C25F7356656C79
914	146712	DB2A990441337F326F76B5888263BE7FA4D233C5D69049F78E7032C7F94D9E6F
915	146748	C0CE044F29411E1270C668A7E2E634AFF349314A238BE40C6E8FF46B9538B889
916	146749	46BD82CE8E7C6395983790A51ABAAA02EE99DC4D49B07E79200CA96A380257B0
917	147040	D87B27B3017E44A0D1A5BA65D4BC9C89659B1F414119E29C8C9ECB3AD98E7CF5
918	147268	BE20F12E8DBF91D9564DBBB8F6D1803B93F06D844F464A1B0874142C281EF193
919	147759	7AFC65DBF7D293DFDCD1E8CBD24D124C4E07999D5AEEC8A0D81BCB25D57146C5
920	149824	F8D499D65A2E39D56426DF63147FF2BE05A692C17C8A8E80EB7CB00CF72D143F
921	151164	06EE95FDDE4F76D4A296E3F711D57CFB5981B53D36C9302BB7847E7F3D90DE6B
922	151240	849AC8416A43EFE8FC52DD5BDA788822C6419AEBE7C5D4211A50C700E7F1978F
923	151313	14439D3A93A181789FDC9A9B2EA26AB2FB21DE3A0947A3A48D795F04634C4ED3
924	151708	B0DA7FC39D314B89EBCF12912D3244079870548153F8B1FEECB1EDFF70015640
925	151720	43F2DD476B279A758503B974FDF42E613435C9637D2D84824402940A127D6658
926	151750	AF8A8EB5A4A1FE6DD4F4D3F9D13BD0FFC2AE37C3026DC99C6A75107C34242472
927	151828	A4FEFD5950D1AFDE2F694E866AAD2904F8EBADF2E53ABFC849AAEAA110591CA8
928	151860	6E3495FB401406D00BB1683C96B228A9E538D6390DDD7F22FB5A5A1AA8ADEF71
929	151868	620CA30A8F391B112C89E750500413FA5CBC9677D4AE465B01FB7373FCFF3983
930	151948	DC9C3292F851E3953A44F540C901A2589D46F075793DAC6C5F00CD3289E7E7CE
931	151980	0360292887BCBD2CAB10B98E32BA76B4C0EF4EC44006D362B1BA4D18C08CE4CF
932	151988	45768B0797D42F5739156C396FFF8371FE0FFC2A280900F6C263933D4154279C
933	152318	3495950CF9A742BA607DEFE7198200F0E8769E80E7F27FBB15E440630D8F617C
934	152339	5E711B67F19E815DF391CD88158932CD8B05D6844753BFDA7F7D8E9D24BA0442
935	152359	3754E68D817A49C51850C49B75309F4EBED19D293554D4D139C920A59ABC71C8
936	152548	4A11E34589B46F1F9E5C2B83C90F1FB2489E72842E0C34BFE3E258EB6AAEA010
937	152578	B05A37B70FB2E1D4E2ADE05255AA5FD16FF1CAC5BA80C65F851943B626265AE2
938	152589	F6FB46EA2266CF77F3E7796299F7A2BE087D040E2722754F866D63BB190C75BF
939	152878	C3C5A56F27359566EA8B22C03DD6341C22D3EAB41B73F1FA3ADE81809F633997
940	152888	5130EF34355442133CAA2593663A68A0C783275DE6F35AEBF872474CB8879DCE
941	153008	B249AE48185E2B7CF020F8E3EBFC89CD09712353DE7B02D0D38361648E3CF998
942	153621	5968EAA5D755661AB1218E89716C881898FFA6DED94201B90EA141FA1270A3ED
943	154392	4010F35C35DBECEEFC3DF0B58A6A298C843044C6331CC72BF93526A54B33BAA5
944	154476	AF05E90D547C32997A14223105CD1F78F8783D7AD34D201047EEAA4C6CE17B3A
945	154504	6CCB34471A08E22BAE3FC993B09F7524D9FE7DA1255398D20AE1348B13B18FFC
946	154632	FF75BBA5D195D39F40465E659AEA5280C63028BC33E0DF4D4EC94BB96E2AD4FF
947	154636	70BECB08AE6405682066F96A3234E329BAE30FFBB87E8F654EE64823F5A5D459
948	155072	76DE43C9C6ED333E4CD528531A90F2BAF3D6A53AA01DF2B380344B7D465AFF02
949	155100	B99E7C26CFD63281543DAC7BE7F6395F7DE5459E46A8CBCD947F6ACB6983BB41
950	155244	C9290365D80B0DA4CB3BC702C07E0F7C90318936F7A3FEFA55CE189BFD083C46
951	155254	EEEAF51D36F47D213014EBF7B21290DD6BD51E60E329A44A8D8C2FB055BAE97F
952	155350	6E3B8D5450A9C20426B9AA1701B58BF631B7AD66130DD60CC1FE9ECDC5B25650
953	155776	B7E0CCB0816A60060FFC25DE5E456F8BCCBBB98456E193CBB8261960D1AF9B63
954	155808	CDE151216654E877862539877872D23B96225FA502C3A8563AAC3B62E7E577AE
955	155836	BD9E9531E67A08096A3D31AD889B4A97B75EA7403C5C6561E08B86660DD9C152
956	155944	B49A4A0327BB4A6E5959406DEBA8A311B78CDD4B654DB4E934D56648800BC3FD
957	155948	180A7BAC078628C9DA3B5F28B10334902FB5EC569EEF9FB648431732ED4F836A
958	156028	C179281FDABB6DBD5D007B32C5BBF664668DC609AB84FC46543AA24276D5AAEC
959	156036	789569B0ED2EAFA44BD18C7ABA3E0DA297B805BCA505E407767C556655552A54
960	156072	67A1F9D54FB0ADD1E0230BDABB64502B8CD1C38404ABF3B78172E19F9833D60F
961	156108	BF5EBAEAF513633CBD2C32CEE9B6EA949B6792D0D999A03A48106373E87D74AD
962	160486	FF1A96F83328269F16521C9BBAC8A5BC8B74D5777718159469224AC1874569FA
963	160540	B34F83A13307130C9ADACC7870CD62D98F985E3733BC67E443E39E2DF7A89045
964	182410	69DB96CEFCCDD33914F617A69D9F3C3EF80AD123990E3653A2339AC04E65D97F
965	182644	803170132AA863C8E1BA46BF67EE3439A6337A5C1266ECB986E8DA6DFB37CF62
966	191088	D23408F27A69A52C2C902194EB544E746D5306D3FBF931CDCDA2E66627CFCB64
967	191140	F2AF28CA50EC48DCD86D9278534DB509C84C3084D2BEC667FD2D68DFFCB4C6BF
968	200124	664FBDD9D428F6E19014B3283D4FE1EAA8C1A6F7D5CC3683F89CEB764ACCDB15
969	201288	0E4A8414B9554462694395B7EDB2760135AEEFF5B80FEB7D1CA605C586B6DD6B
970	213192	2CE95446C18C9FB8FE9B35D981484BA534174E582EE3CB80CB60C624B7247C5B
971	232926	8410ABB4CCF6AD59E5F3E52AF3C60CDD9B3C3F45C5D9922C01E6D23A5C03FD47
972	233221	9E70E3BABA18824289B68ADF561F257986E342705566A2249927E2B1AB0A2F63
973	233339	FAF08578F5809F2C9A4FADC0D71528E4395F13FDF2518ACA83A6253DC4E897F8
974	233341	B4E129388A0F5254E9AEC6C11210E8E422B26FFC566B494D46D4E24AB2E8CA65
975	233518	1B720099CCF542B4A9A8A454C524BD2FC5B1E443AF9AD370388630E295B58736
976	233523	3556B0D7EA84FB809A6E1414D3735FBFCBE49DA653E7A5DA67CB98FC678481BD
977	233527	72BDAEF0413AEB31767E443922EBBDFF5A9139335D76C22F584AD7D8D20C8AC1
978	233542	0DDCF463A4E2486DD909D8120A2721576A7605E76FD8487C016B66CFAFEDB49B
979	233801	7E73C8F708C279BBE8DF7DB249593C8FF05AD3B84DD2546A8B175ED47D6DD3A4
980	233807	845679E9CEF477A827E8F34ED1EB7487499C754527DF990762E005637C0372CE
981	233920	37849E9CEE884B72BFF2E630F572670840781BFC91D7C4B3DDD9EC2DE3BD207B
982	233921	611FC9AF528DAAE0C5FEE20278D53516830EDE6165795809D5DACC0B5728A14F
983	233923	1E79FD0B02EBFBED710D489F13884B13D8DFD58C4FAFE3D2FD35210008D59BDB
984	233927	E1C6854888AFCDC16B40F90E652EBBB850A514ACDA0A2DF6B9FC00A62921A6AF
985	234123	76260A63D59BE2692C1E42960DC85FB38CEC2DDAD9D316AB266657BC3761AF2C
986	234125	BE0500A7A4A180A5D9699164EA110B6B137CDF5F321CAB4731592D6CAACDF0B6
987	234147	BEC531EE0A0B43111B1C14ED0CCF343421EBA9C6CF5D3F5E880C72E51FAD565A
988	234258	DA2E9C3085C1627F9436988E6A667AC6A2F288D012EFFE3426ACAAFFA598F969
989	234263	BDC9F458598F0C164260F5569466E3B54B85FBBB4D92186ED884DFCD4F2025F1
990	234267	1AE588BF39BF733CA135292C82DF703435F95299C48AEA647115F6A9A926C96B
991	234378	18840029F79E5DF881B83F177BACF50AAAD48EA28DA9C1F5057FB6FED4B95AED
992	234380	2D973C865D357FF74381C53D0D8A61891343BF4E99218DBF84BC11DE365276FB
993	234385	69475EA88DF1DA0C117D8A7E2187E766DEB5CDC258C9583010E37311023E7968
994	234387	56A7D636ECD9658C4B143E7CD4155884A8AA20C6A0784D4BB4B1EA69B64ABC23
995	234622	676AF09B6145C691A592ABDAA764D6CB6C7057D3DD7C16D8A2EBC84B9AB40796
996	234625	63615929327F379FAD3BB09BA97B57A732AE30A01D1781BA0D3C94C6D880E8CD
997	234627	4C5C882BDDFD184C3FBFFD7658EDF48349567954A4ED755DE593756DAB26A057
998	235741	8C261B83635674BC235F329325F4075DA2C9EC5E13EA9F629F5DF03CB78D8578
999	235743	7421598AB658FAB0B4E0ADB195040AAD91183C2BCBEF1110B957A0BBF557FCC5
1000	235968	EE905A9E7AA0D56997C6F590C69BB3A5E570E99CAAA24A5094E485F869D0DCBC
1001	235970	517B2CB656FA9BC876787C1DFDDFAC355DE3F355185CC9EACD96CC93E50C69B2
1002	236321	C9D0A855CA5958D527BC7AE48D907E607B70E493D1F1E2665FCD6F1F1655039C
1003	236441	EC051C50FA6F284E5345F3611F3CA682EC32F5AC277AC05D0E539B1E8FE6AFC0
1004	236528	7D5AFD59A071E1D5F415F95F37210922E68E889F956954BE52C313F92B5C10CC
1005	236542	D97554EF4427EEC1D1D04F70C80E54D6235947179B3BD3FF7E305551647FF32B
1006	236588	4D503AF52D6E8F841DDA5C5C7DAA502E4F6E2846AF38E19218FDA510EC7AC1C7
1007	236618	C8C3A2C176AA0F95633A77D1873811EDD7469EDFD3691ECDC8C859BCB4F506BC
1008	236778	F7F1ECA7B3B0FD417F5D3A7085D0F00F3F387D940CCC514575561F8E6C036E9D
1009	236781	EF0458397BA1BAF10C7F0575D99D4E090988ED668408C6D497F475CA7AEA0509
1010	236903	BF00B90259CA454F8ECFF752041CD2560E832A6EF0EFDAD893DB691D45FBB7E6
1011	237068	A3DA3A064F965350A782A1F3E6D75740F3431578F85B6BB6DFD8353B32BDB110
1012	237120	650C5105FE18751A8ADDB205956E2E5410AE3FAA1F1786454E2CB6F4B92317C1
1013	238001	362A61B00D1D14D9E06770CEA3511FD6FDF14DD4C068E810D83BB2C4863981CD
1014	238039	D93CAA88D9BBF836B114A43451A5C8E293B1DA87F285754C93A24E5AC5758C9B
1015	238040	0DEE39DE84A05CD183AF663706BB15964E8043478D5A865DEDE9855E8ECF651A
1016	238184	F08F8951DC88D692DED2EF076DE439DA7FFAC4DA21BF4882CDBBB7FAFA629A72
1017	238187	8D8061D7036745447CC00DD4EA623DB96B54333A3F79AFFD297FE2884671C90F
1018	238233	DA01D8C94BF8A5A742BAECA159903C826C8F74615405D8CFA387A26971563AF5
1019	238297	72D0C6B2314EC0574692855192CD5432917A3E45D4180CBE3AA7639617C92F06
1020	238300	632340AA859E73CC7DFE0C92FF21988BAEAC87FA7388AF66991F125A1E7A668F
1021	238307	3B75F108747629A32D8E284FF0F6A802D8928D1B9F1AC8B8B195A3578FB222BA
1022	238311	46E2FE5D99284D7BEE125261487543F0E7B7B39B660E290B9F56D4EDFBCA7965
1023	238545	1A509AAC3E1D898A291B2D19157AFE18C2357E4B7AAC5126DE9B56FD38896561
1024	238654	00FE8FDBF8EECD0D0E993C9404F4FD4F220085CA45B5A359BDB0F7D6968535CA
1025	238681	B05F92D51AF58FF5898940B152DC718B207B7A20ED808E0106A7C5AEC164D245
1026	238795	1AD95A1BBF9589416A6647F5743CCA3CAE2DDDCC6F8F991D03F37258B9914C44
1027	238842	31E6380FDB10D68D55D02AEE361E40E0D5CB01F0D6086B64E5C4A3A1961878D1
1028	238844	20503BBA088A4CF3911BFAA6E57EB7A4B3F0F9E937D6FFC2004B4F76650C3E9E
1029	238851	217C08D3D04FCA2ABA1E674FC23FA6235FFC0BEB850FD5603965916F700A768F
1030	238875	A7316A9C9031EF01F6D83003CE40248C2086C95F4BE26159C1376CEFEEC110D4
1031	238937	ECFC5E5EBC074D72798721E5A31CCD8D04AC3B0ACFC6EECF950734D036D761E8
1032	239022	06262A2B679546BBE797E52C7FABC1A3F7FB9B75A907AEA359FB2333AA4152E4
1033	239061	F2936F595BE280D90CBBBEA2F02CF94E4A5F1B9A4CDDE83584DADE153840FF2D
1034	239165	EBBA682E3522B805F58393B8D4248AE3428F333D26817A3C94FA8E0C9CDA24CC
1035	239265	5342292E040433D52ADB9EFD97921031D7BD68A10F0DD73B06436B13269DF0CA
1036	239379	C1CE042B87DBD55F135CA723DA02F8CE46EACD72028176A3E2C0D3042570083F
1037	239704	861AED198FD65D4ECB1E2D7FCF8D1F78E3D4A7B3A43BCF10D31850141EF97904
1038	239730	AF74661B690A9F626AA24CE3BB87A314AEB1F2B8BBBE240CACC0572059A794CB
1039	239838	6AB28FD237CA54510F35BA7B496436048187EA0381E0EBB73074478FAE34731E
1040	239958	609B33792F80A11BB73FC7055D8972D8AD5C01EF32E836D3847DED79AFE5E99C
1041	240538	B09721085BCF9F5464970EC2A1623B69685064AC031E3A2B0C06C7E2BAD1F0E7
1042	240541	DFD036FEAB7726EADEAAF8C5DD687BB78CD6C28E12E540A58074AFBCF542773E
1043	240640	2CDB4F875790C5C54FBF66F04151F7FCAF8875CCED369DCA0F9A1F73C9524DAC
1044	241123	4F8D4F3B2DD3F0FF02C14B5B932FEDE6655EF459FDC1F39CF972277A42229F1D
1045	242681	8CF9E692AECFD799AB837F7114B978E9B3AC142C99557C9AEA960EEE92428966
1046	242719	1A63AEB61CAD7097B210E5DD51EFF0457F308D6F20C6ECC7E435F4C36984CDB9
1047	243272	C7ABC60291F9A2F69A8344C6673034A363B4AB196CBCBB8FCA4D2074A5FF87D0
1048	244059	2663EDD95375C7F41AB9E99146AF61817777359C6AFE1657DA2A6433A8DA7613
1049	244169	7CF7B576BC9973E8C8D88EA7586846F9076AA0F3E5F7BD73B3BA45590BB4DA2A
1050	244240	8FF2C2DE96912DC6F24915C4073371CC400EEA3F813DD681C5E25251A89A2AE2
1051	244256	B90DD0CA2AF02B5D7789C9A6E9409C46B79ADB2810D3ABE7E44356609A49FFFB
1052	244638	EBFA4A00B295E81CC889DDCEFB9DCAE2EFB28EA32BB6A7B0B8CF8BD50472E17C
1053	245098	945F4AFD7957C2E21C4C1ECA8E70C210DCF2B991612B9E018292311629A1ED30
1054	245288	C7D82A721C8CAF7E42A287B628D0BF69FBCF87BE0096482A3DB915DDED7B8AC5
1055	245318	C496C4C895D0F29333377753CEF996AD0609C3E1EE43D6BADC0E9615D52599E2
1056	245328	82D962E0C5540D326640CFF4C26F3261D367F9A76F2FCDA806A2B21C962EE70E
1057	245800	9010C0E08F876F70D3C892861F36301ADC0D0A05649E13AAE411B43DDF581240
1058	245801	19BDB16B35BC006B74AD2ECF814638F46F2115CCC85884862EF33B6D3B680AB9
1059	245888	F0A0859165B8B237B66216DA02419BE7372452D9333B56192A9BF711A100D6E5
1060	245892	783D845EBB6803C065A82CA81EAE8E09688A7D4F7D2B830740297ADCAA826087
1061	245898	90A01B49021F84B6F789A3CA7EB8404B4D7550B547A263C5D84C2BD2C73C668C
1062	245948	BB5BAA5D19372A093153CA8E7D30B00EBDBD2AD8CCE1E00A30F7DE198B706234
1063	246140	8D28136DEC4A943D7B143C4B1EE1229D13F6493D19ED7AE0A96903656BEAA785
1064	246141	7540D188C129A412D39EAC5B806E7C406320270591CE048F5768F6F06F6E358C
1065	246260	940A299AEC8366F3B4B5AEC4DA5370454F98D42A9EE0AF2F9027A37164D249BE
1066	246261	33855335CDB1CCB2E027C6F79FB4166D19214C83C7750EC429CFE077F0714A91
1067	246263	3171958B5738FF204E08760ADEA09B0DB19719FA0EB315F6E686B187F1B5FC87
1068	247228	87A076BB3D61987EC1AEA60ADA56B2EE86D58AD6CF1166DFE875073ABFAD0AE8
1069	247399	B56AC381E73534FD5C0FBD7CAED146E546F7B42F268E6ED1ED3BDDD33F613BE6
1070	247409	D677947B5F689A54D6449E85C908272528B1A6A449762902EED1850947DE7476
1071	247517	D59DF60E76ED5FDDEFBC7BD6CFF87ED9C1EB69CE9CB0C7D5A295DF5213F7AAAD
1072	247543	2F7902BD5E5A789A852C0684C016349684B61C278BAD486B9A70FA53EFB0B6AA
1073	247593	DED18B3B92DC37B6A6E2BB90F770A57A3B27F9DF777667A2D97F777C59C0B36B
1074	247627	BB5D931E27B84BC3FD5BA6454736DF42E64742F9133F648BCCE9E5EF3E76166C
1075	247660	2C50A677F6DF7D0607C58408A59E008BF2DD0E26837617A6480E12F54D9C1EC8
1076	247733	8E1826C7C85647DDF7AB0ACA51D98EA99B1D7B661665ED7C75E1D12BFBBFE61F
1077	247891	7A8FCDD2D4AAF05696D22013181E8E5D42689ADB5D53FF6200F603F2D9352B6D
1078	247926	5713BE038B8F28AC4A99B15C55F0685B74EBADB26AE2BDE9408EA37ED693E9F9
1079	247950	5721EDFA5066131E830CA7B70EE196682B748D74236FC2A718BD4EDEB5B4198A
1080	248053	798BFEEED70D8A54C20E5ACE65D2A60DD26A67ED4D3D7CF015A4C0423C1C9E2A
1081	248155	CF48367DB3A5C8930BA2544285A7536335B39E51683E629782A8B49E971507EE
1082	248161	6AD345F0DE9C18AB2BAA78BE159FD4D4A976DB3A94E0519BF52598BDE51C5547
1083	248204	5E39678BA565935DC0CBD00E8F34E7EC076837BD0E7C98DD533A557C42337653
1084	248333	2BE54FB995727850941EA222EDF60700A862BDB6A0EF0177B194CBFAE8ED0295
1085	248343	649CBE11C2359FF7C5671B179D6080486919E977F8E4E4F58F457E8FDFE0647C
1086	248395	BE4795CA546F4A18113EB2AC29CE2416A9452D5CC60C3C71ECD6B4EB8D2F95D1
1087	248439	945B5A5EAF34507587AFC2ECD04D27169C8BA044A04EA9FBB7986773A6EBA46E
1088	248454	E410B1AF377E9FE5F3D1DA4550757E74FDFBD90151DCB8690D13FDB2C335C647
1089	248541	28FCEEC02577CB05A0FC40A6D56E92BB877DAC73729DBD22FEA4C920301EAA70
1090	248625	123786E5AE44F4AF8CED233776C7CC7C3E86CA612EAD6D5F800EAD7C8784AC5E
1091	248664	58259C2B0C3038388FF1F9439E6BD79B6B1C354E76CB584CE2C76168CE686DCF
1092	248666	91D181F8178E284C78C826DF7979F74E79FBAC0E938E9DDF9F617FBDF57C8959
1093	248683	C9E11F8C04D3CE7995BB364DF440D7E37C63ED0066C1E0C870A6BC1D66FB4D1C
1094	248892	6845E40A699E5E62B76768E0646D7E8DF8CC9B16FFE9215E869DA8452F456F58
1095	248896	DB69BF32BD51B2D1481F4642659CFE47D4251FD90F079B2F88298AA1CA6F3CF1
1096	248920	66C655D82E5032EDF10CC17E295B921223DDCBF5BDF60C5AECB1F51C046A9197
1097	249090	D418564CF7368BAEBB3A4FA1FBCA22D4542747E9A3E6A3ADDB3E2725F343A6CD
1098	249316	AFA3113D43A6D899BAD5D3B5284641EEC3E39B8068747A13F9B29735E131E2E3
1099	250010	F75C0F6CE02461A67528303A245E485766716A27C521ABC8F4B2C1D78E15BD02
1100	250629	93B354787A5A8B661406E6AD3B89BEBF0972203E41D1929933D7771AE14B77AF
1101	250659	2C8DF89402A7D1C61E186CA1970CEE30BEF3270FB8C1C614518EFB595B8B0AD9
1102	250823	D88BF978C95445346A9769753183F0259611A3ACE98066373337EE84F016BC0F
1103	250941	E6B8E2DEE30D6D9EC1862218725111129301091F362FCB53B4685BC2B27098AC
1104	251092	365A6AF469027C1B0D1663B8336333F33D2EBD372EB618B9C426A0749B431348
1105	252044	B56363AEBC11E495B93FC6A8558C59C3EB72C708846210ADA13A2FA847C31481
1106	252223	3D0AB8FBD94FF5E6A1BFF5D5A1A00EBD37F7B7107195B810D207770C82D3F8AC
1107	252319	64B30336076100FFFFDB2373E4003511881E8739A0E275C86E6C701957314482
1108	252340	23C26E428C21B3B94ED48F116823C8CBA6DB9720EBF6C4DD95987A8886936393
1109	252475	759D53F9623B81338A2647FCC005C84302CB773EAE0E23CB53F87441C3163635
1110	252571	C67581A78948F5E70D772E302C8B2E34E7FCE1F34ECE226D4B985FD8CFAA3481
1111	252585	0780837802C4A97E264515C1F86845F70A70303B2456D6835900B3E590933125
1112	252595	D17CDAEA1EA501590DCF82A955924E37A6637699CB8B9769A4F3F7CA21AD60A3
1113	252606	05899D3556180CA1AFDABCECD8A6E3A609FAEF725EEE694EEF23BFD4C77E428A
1114	252632	FCDC286A93E51FD397430198FCDCA9E99085E1C15332B4367D7024BEB22688E6
1115	252835	61F2781FAAEE32228781B0AD263F1C0B9F21D5D84F859BBA40542CC2EEFE8C7D
1116	252882	9D1F0AE915CDB95CDB9F4C89E8940061C6A5879DF7B4008CF26F5E82CF3B0AF7
1117	252884	653D9E6FBDEE356F9329DBEFDFB183A60F734E0B933A5270968499CDA4520323
1118	252954	B358432A8D3790DD14EE11146E56DE9A83DC2570F8BE41276E7403E4E6F03E29
1119	253013	514C25717AE5AB3C8627F610DE1044F073D19BDC66EFC35CFA010C20030D60B1
1120	253023	B1FA29FBC6B043B1832C150B812794012CDF7525B234418CA9707DB4BB063E9A
1121	253064	EB8BE0E98758B22AE1BC40BA3F130B01917C69DB33C5360115C79ED355C008E2
1122	253083	DC6ECCBF0A0C66BE106881050F5CD5F52589B3CC194213738C3324E59E175E37
1123	253101	20D4451D934E25DC728F6DD7DEFE1E934BF8ED0E2120538E087DE40E6F59D2C1
1124	253134	67B5A3CF02FA56D4E065CD9EDEB062CBC8851A99CD85BB0EE0D6B703FB6715C3
1125	253319	33625D3560F323E466FC8CE4F913BF148EA131E8C0DF1631A8CF822154E4B1F0
1126	253360	70545C5650DC1820C21573FA5C61795143FF689E02EDC2CCEA961A8C0DBB603B
1127	253394	7BB4BCCE61482727E2307DA0417128279CAEBEA139C63723D4DB8A925F29B045
1128	253396	E2A30D29928420840262246081D7AACD9CE6800A2002097AE5C27192B1EB9D45
1129	253419	AFB37E3D5F1355A9AC1F0757EC614DC331B8A53EFAACF708325284F08642E694
1130	253572	F77409BDEF3F5E5FD297F598EA229522438D1A7528E515825D42B7128E1FCA4F
1131	253614	A48E83E4C51F8AC931DD6142FDBA659EEF4C7322C67BB4E2C72D9CDC6C728DA1
1132	253616	9E14C03D5763F3BB5731D5D92401FFAE270D3FDF28FA05C215E5B6589A4D012E
1133	253740	7F192210E83EEE25C592D6844D0C54B52C8DEFA4BD76C202AA39E1D0D0C707D8
1134	253998	C7C4DD3483303B7183B7B3A3099B644D16A954434B3181E397F9C22CF54549EE
1135	255262	1EE39BC62210469278D9F1B2ADF6F2F5097CA3894A63434E387BA96698623CCB
1136	256724	BE7BD319A12FE037969501C09FBBD12F0CA623D61AB6C5673F11FA3FDA8D91C2
1137	258422	3479F7F69F082AE8D325494A0E8B29EA28A1EA6FCD93C09D6A7FC8E4238C9202
1138	259138	C22197B14C7D814E72EDB8D06BD072FE2F145B7825D76177E06087F0AA88750E
1139	259259	2166C6A8494E276D0A61B05B6E482844EAD71216DB3BF094FDFBA1438D4FD055
1140	259330	1CC07BC10D0514B8B1AEED5F3DD6632F289C6A18CA8FF6F0F2CD2B2EAD481F9B
1141	259838	F4A2BC125579956D39E5A40B328354D3E1B229E7779E4877D5116A09EB1130D8
1142	259843	E5B631958083729B8785E96754BFC0541EDF33419138054533B2FBBE09828F19
1143	259928	6000701629076CB6748074F84728E90F25007DB0C2C4F42F3D032F6AF54833D1
1144	259938	536B9F4300D743B708D57E022EAFFA0E425F14D4420D2B4FBE1D4E133EA9D9F0
1145	260018	2381D3C43AB29E63E97259FABD6BF1C70C547277A3AC5EE13E5A79D7EAF8C19A
1146	260178	B2E8CE1214D5B792374664546E583008C2130AFEECFF93EBF0C8BE6540F390DD
1147	260180	73431E0939367CAAB889F91027D43780AD40D7D12090225DF28844E0BA75DD30
1148	260183	5711FEDC1A023302EA47A86223D67329CBB1F5F59F1A57B0D30282C4E393FA1D
1149	260298	0D1E3FF67A8915ACAE19CDBF81F5678C0584B2AFCAFEA63EDE8D785ED79E72C6
1150	260300	AF5C0C5705FA156BA6DE82AA1BD8DE8C13539E9AEEC1735D2715ABD49EB97CCD
1151	260438	D3188F8EBB223C0F9921ED5F8769F0453DF42126307F16D2B7A7BEEF98D71A78
1152	260442	914477F30564A85DEED15B4411F4E40A2EA23B3E160319846C7432A7C7279436
1153	261268	34291CF5FC2B456771062B46384E38F198044290671D612244AC3B64DBD3BDB6
1154	261445	C220204FCF8C19174AC74C3BCC36AB9F91D7ED6756478A7DD9F77599F647FDA1
1155	261451	C2191EF521EC7F442000D1B67129312F2D21A05D64824E3D25A167789FF05542
1156	261453	C4AEFA039B936C5425A47DC7BF1F9236AD00B8158C8AF0AD15CE76075319DEEB
1157	261584	6F2B610E2B887AEF4E70E4571DBB8DDCE94F240FBC67F83F1F39BD6AAB2C9B4A
1158	261707	0BFE84B1927BEABC7F6D3EB405C3A04364B5EB7B5052C3E102756B9A6F012B8C
1159	261711	9C2D30A84469FCE974642113401339E252FD3CFC9644B0BFD2DC95584FB5E8FE
1160	261978	E58A89CAA7B38E44C271C06C519F33AD86AABDF836952EBAFFF615E6B3504BE7
1161	262054	20D2115539D85BCAD07F25F7B915C117225212EA416B2FD0D783C2DD9ACD6675
1162	262159	D7A0AB569B183AE6A4C8526A608AC2D8FCF2B80CCEC360F89162108A86B868AA
1163	262195	AE0E2ECFDCBCA2945C983409AA131FAE6D72A3C1FC54071B7A0FAFAF800461E4
1164	262201	53C35BF49B5D1464B68E43234AE175FF9BB77FD4E3BEB0B35BA5E75127A8452B
1165	262242	E48FBDD6BD66350CD4C265D9108D7C2F651FC945BFE72C04258A19A84BE67F05
1166	262275	B5BE2535E208E8AD202C646FB2C03C5764D4AD7D089E24511A187E4FA2AB70AA
1167	262347	2CC4C4DB4D95203B7C2F2CE283A8170B58816F57BB873DAC77EBA013154653D7
1168	262373	C7265F945211EC8752513A5203A3771FA3B443437FE67101EDE10400E6F98963
1169	262422	D15FEB62F90E9D22CEF71FB1387C5D0D5833B7E08BA499E3D307351FFA4E29B2
1170	262424	DF3E1FF1DF25758683636BB5CEA527AAFA93743A6B2A8C88A8F29441831A099C
1171	262461	3A817BC4F8943D167FFA3521265828F256377C639E8656C05712749CFFBBB645
1172	262565	9FFFB8D08B288DD6D6D9EDE4BD4AB27D852B7AAC9B454E70139046E8AB99D840
1173	262614	E156CA219DE92333CBE8BF5E859D9736FC2FE11A1C62FB2DA51B1430C052D159
1174	262704	9F6EC58502732C563C8350011D829165CE1F66B75D97202C2560798CA93F15D3
1175	262793	FA57EC6581C487D4AB14FB569F974CEB90E78AD4C5997B6C3BF0457F567362B2
1176	262932	BE096FB29EA028E4F9C17A558F354BF94AD98A0639DFE3F89E64B96A1327DBDE
1177	263128	9EA5548DE62BAD9C1C01CAEDE59FBADEFF0542961061E7369F1D8982B18D8847
1178	263225	8565D855D0B53AC3154A13E45FC4EC9378B5EADA0C128C33F3309D2B7F366FFF
1179	263360	42A3A3905B6B376F8CFE0E6A8F2D597056EB1F7DA00CBB659FCC368D76862A6F
1180	271522	AD3228692D5D7370C0EE9EF62052AA8DF7E165EE19C0A2ACF90205F14BF750FD
1181	271918	026D54D599FD711CD8F6DBFFDB0662C365B20547A544DA7DDEB95CB66F2A2B89
1182	274507	65A9B6B9D07E5B30A890EFD0F88F1715FA81ACF046837DCE6469656A83347CF1
1183	274511	696861EBDA7DA8DA4BE0F42AFA41E4546A631C0F0298CA8AB67AD10F9A46537A
1184	274512	A6886FC4B03968CAD25B5C126C2245C3F7676618DBEFCC5BC24B8050C5B2E140
1185	274515	6EBFA8201C37DB4B1EFCA8D620165CAFEF4D32798742B2F8A4F5F2CBB79CB173
1186	274547	8CE46203539BEF4BD0F7E0B045AA747E1E59F6964414674F178DDBB37C2B839B
1187	274554	AE7A5E495E90F9F0FB2080F9143AA60D94374C38073BDDCAF02E2DBD52F329F1
1188	274555	17E1D1D5C031F30E368FD0C2214DDC145EA9E8DB35ED1D77E551476367DE5440
1189	276043	6CC36EDC4DDADDA344F6400B2B3F3EA477B11698CD25BCE9D0B8C0BFDBA26D5B
1190	276171	6EA6E40F3C361DEE091E01A4CE42F3C80E6DE70F261DA59FD502A0B13E46A39A
1191	278516	118C8E1C3645FA9CA980D1127FB0CA4D9E9D6B69713AA5E0E94228C095D23A74
1192	280288	910FB6747477468B2A88278238A2FDDFD314EFAEA32A1B57FAEB34F25837B7D6
1193	281726	ABAE9E2D278D27DF0762356DDF5A70A15D2AC049EA59D8A39D860D86B54C7D8C
1194	281738	60C4A7EB8A5680D1FCF822EAC25848E5BE1A0AF44B6054BC403059462DDB9EC0
1195	281742	764C026C956EA011AC59050544911B944D4DE36A2A83B3E391D3FCEA97B82309
1196	282118	56F80D0434111E9F860D50C624D877F4AF0C2A889BD04C5ED1039425845E1691
1197	294541	74055EA33FCA68E52E91F4E4CD4EC0D944E4B1D1D2A329BF07D66B48331628ED
1198	294608	17E8DA1691E8ED74E704A33A6D2C1E4F4E41E4505E5FAD850ECF008BDDE701CA
1199	294618	7DBCDEDC89543A51FF0F84FE2F07293DF02B9ED2418224FEC27FF20462160B89
1200	294620	4F0C13911076E88DD1F7C01F7416DE0FB46235136A190AF1A0262D07494B2655
1201	295001	68F8EAA40EAC046D052DCE62839F9F0CDE4B97C72B7DC3F69BDEC703EF859CC3
1202	295121	F8A434F0FAA55C2F92EE63153147F3E299E60A7E33FF979389AC2DDBA35B8189
1203	295299	670A5FE6B86B72E589A6B17A6B3B3CB5470C5DB1D494A12B1633D07DC1EF2895
1204	295461	7E3F7DFFF25702E62E593F3DB29EEB829C46F2E64E1C95B1DD09E76A4AAE1088
1205	295718	B0878814FBA256FC10FE1146C08B7DB298F77A667ACC3664830588A22823DBE9
1206	295732	F1D700C2E794D2B2FE7E1E0414515E5627CE0019326C034539901B764FEB78BA
1207	295778	CAA98517C66BBD1DEB305861E3BDB7E1FED5B7CCC9B76EBF4531C0ED7DDF749A
1208	296684	C98762462951887F394D24D3E8ECA8632D0DDF63FD4947D37741AED77E83823A
1209	296792	FA9D8230B7AE4200D3DFBAB10F27FF90E28E3E73FF284C26226BE54F6945EAEE
1210	296867	0436F526FE185FFE1816F546C56D5827478B5F3C96CD6FA0C1016AE47B8EBEE1
1211	296959	854225B321A2672A7A8CCC4E61B903411726293E650C15EAB0E73681F5EF2475
1212	297246	38E5D083FEFA7DF29D7A9D129D2C460EE5B430569EC8F84145D8639DBA066065
1213	297284	2DE02BBECB8C9BBDA6A7DC6630D0F23201891F6B86E432A26B2B77A25F678FDE
1214	297439	AAFFBC77BEA8CB751951653E15CB07F2E323F11ABBEAF8B0F318FC796C4E061D
1215	297527	DB64DE281E4C1EAD615D1FA073BA8203922FA1E4E13A2D65DF93759199F904D3
1216	297594	DA6DD927945A9170717F34EC21D0E83A3269493BA8194ED5AC569D64470D14E4
1217	297702	8D90C2031388A92915CB36762B0986BFF936FF4C42E5A38ADA1A1DA503D5D035
1218	297704	E340162232FC3E2F434C63B9E6DCF01C1561680359D130E48E22FC60E7B3AE72
1219	297715	95FCD047FE3F7E97529B4B3709E9E8F636947190CD66DB171AD66ADAE6F8BD76
1220	297741	03D4FB2BCD1B813BD1042890C41D4B2BE7EFE229E0BDEB6251CADF6F90AC1BCC
1221	297774	6FB0237A67EEB329F1C912B1C1C8FA53FDCD2CF7094C6A19ECC435116780332A
1222	297776	0ECB4E4098CEAAB8488C1A760D08AF28FED15B2AA85C81B128DECFAB35D06370
1223	297861	2D889E685043DAB6222DD85124F633EAE1551A8A96B59AA64D1CF05F82EDA97F
1224	297892	0B8CC7369CB2218729F210C8078B4BD24C8F88C7E88D1E7D746D040D8D13D191
1225	297906	7782C879F3E2D4B65461D44C9F2BDE4BAED27C98CB9B53CBB6669EB67092D68A
1226	297984	2463A3AB1092E228B05BA3193C060BE137DBF2E66C5DF9F47E2956DC73576691
1227	297986	2899CAD61D3E345AA6CEF678EF3BC0C165CD65DD9EF2ABE81818554ECABF368D
1228	298024	43F65EBF8BAC1BE0BE79694B467F4FA9C20DFA701D874AC77F6ABCA4B03B9225
1229	298034	A84171C60B1236DAA914DA5FCFC9E191CE69B9E1B2127ACF26FD4B890A20433F
1230	298165	D4917DBC4B64ADF616E35547D0C6E98D0E8327EA2B6156089D29383C6B4E6CF3
1231	298216	D2445277E8689D5901408C1128F6C6366B4B5297887F99F1A7775C8D7E5B9F8B
1232	298384	497B31AE83CA3483F51A964A8011739060509822C08F651DA8B58A2676B1E55A
1233	298408	8A093C8B74AE508CD9C17F65A071538CEDC56E27FA425F9810600AB90C515DB8
1234	298520	C226153BBEBE77DF70A959F473A77C40D6BDE9418D790A9499F9EF3D4C9BA58B
1235	300458	0452E5BD953115AFC325FA55338629714F4D47F51E3B66331F127CD01D0E1D33
1236	301660	0F489D70D56E31821AB39089E85514C12CF16EB54304AA3606B49D8A0A126033
1237	302018	B79A57C3FBC1AA5F608C6246E37E6B1AD2A88EC22AFA372A552132F605BF4D91
1238	302119	870E8F808AA5AACC26F65DE9C6E7E8464EB41FBF840125AA21757CAFBC9A470F
1239	302274	358F36C0882F13B9F782D6153848D9390ECD12D02CC5C149159C84A9CCAD5E44
1240	302572	4FD8663D1B39A053B73FA2A9CAC2451D3887EEA9C196D6EEA42B4B694B35D742
1241	303779	FF31D8E7ACA729F45EA20224E2B640FB646EA8000364F91FA9B406D5BC745C2A
1242	303978	91708B253C88150B10C97F6E7DDDB2790B0C07827BA4E76232B3A6AD14B2D296
1243	304008	DCEED8F71117A1B47B542F318DAE285C32B764229AA609BA647278AD79B2ECE1
1244	304578	DBDBE4654A8BD10B918EBF8EDB13356DEB02FA07AB50A6531DD8847D61B1AA01
1245	304658	25EE17D6DC7A2CCAD206C9D2884C41D95F85CE6FE7DE3E30AA3AC4F264F67565
1246	304821	31D962B8E7FBC7024B2E6A438BA31837CF16DA89601954EAD32262CE9727764D
1247	304941	713EE2400DDD6B0117EC137C62DC2B5AC95BE65ED3B54B15AC804F39003D0B59
1248	305082	C3F9BC95DF62A4937CAFA6EA2F3B5BDEBD9657FF2B368FF15284F946F6FC601D
1249	305088	5DEEDEFE2CCD3E8FD5CA6A7EBBD04CC2BC83C70C5A575584A7DA1E9F42BF4A10
1250	306089	A302637DC0C3F1F4AF44ABFC4B0BDBBBA1C1991CC9EDB7EBB58C4A259F59BAC6
1251	306091	873EA6992E94443CD2E3A67EFF2F69A5EB5593D298C80417339AE2DEE07AF968
1252	306141	9D8352CBE1F577BF72B0038DA3C7EEEF2DC7E0FE64CA590A9209BC5A08E045BF
1253	306152	9BC76F9A8650ECEAEA85FC77661EC22B51FAE27355154DCD467B161C8EF60718
1254	306185	A2FF3BCF7F399A01A6421983F49A67B9A72156F7DD3FF298D6296300D2E797D8
1255	306284	9AF291F08F6EFDE4708514A6CDF8DE1AB9D9659724768037D52176CB7C181908
1256	306307	AE30FB4869C85C08468ED6F412BEAD903E23D6ED819778A76429FCDDD28295ED
1257	306340	CBEDFBE0D66DA3BEAE882C1B15D27C542DA6D95136D46B53447A2D469CE5E7B4
1258	306451	5A0E9EA7D92D7BE4490D23AA4BAE3F4D40C62C4A8EA7DF16C73A9EB58C77DFF6
1259	306571	1C296FB10928C53903688301CDBAC8644FDA7D5D11A79CAE57816B2D3AF1A06F
1260	306698	DEB0CAEE24408F1E55F58879ABE70EA97F2581932967D783053FE108A7F9B991
1261	306733	323CFE8841417F7ECA1DD2E1FD7D4E1D281EC2C8233AA42E93629702685AAD6E
1262	306931	394793E7C361412B42F1AE877F58719FECF0AF2F6592DECC7FD55A315A765F81
1263	306956	1B4D4E67509DAE80EFC8369ABAC6D5D3E147AE3BA31C013659459BDAE0B28A90
1264	307013	C56A1A0A0975FD249CF1C1C941FF6E7301967389AA543EEEF39A656291925C2C
1265	307075	251861F4E35DAB021D57E5B93ED96111DB3F87CD62A35A7D86660293F710B232
1266	307136	DCEF3CD6351F0EEB12AB1B9323B059681DD58E92648F53D66C71695DFBC3C007
1267	307205	FA66B46AF277389D2039AAC603704A35B9DB775A22B593BB1FED2087CE71E2F2
1268	307221	3F07E46F0FA92B974BC74F35DA0B5BAADB85093BE00A8F197FE14B6F9B446922
1269	307319	061E2419DE32D9CF8067A79DD95544B0DD062D2FCB84AF0017A232FF10976C3D
1270	307360	FF6BA524CC7A897D629691BB6FEAA33CEC96153CE158DBB4167E4CB45BDC9B3C
1271	307363	8FF4B319BC90228CAC7BEC7DC471E2D42C0CAB50BF00C78E8B001357CB675BAA
1272	307433	3BA55ABC4CE85325E781B6AC8B3291B990FE6F3C944616F8E4F5939C2827B042
1273	307529	D7078761BC22D2159DA49F13D0496D530C8FCB86BF521D66386B9C58D8EEEA06
1274	307768	D41BB6C2D4313A7710F12C4F7615CEBBB4E6966DC7E6697841E3017B5B6E5ED8
1275	307985	E87E48772CA304872473CF923E51114A582DDD620405C8C625E286936D43FF83
1276	308994	4F403468CC069A2DB049A0FE1FAF5D32EBF6EB297CE5463374683FC70828C64E
1277	308995	C723D16B499284903BA4EE201F25BBEB258F0E3955EF9E0DBF9112286FF99805
1278	312922	D82480C0B6EC2CBD8640B3AEEF050DDE03D2774FDA23EB5F65293194594730C0
1279	319145	9E5A9DDE8A19A611793C105F3128212CC52ED46DFA88F603C89FFC4B7219E40C
1280	319147	3A1AFE6CBA0674E47565A6F55BD880919BB4054940AA72AE2652CF9CA6C13177
1281	319151	C7B731B8F04FB9E8DE4A5F43B31EE6A4502552F9A640B3CE6C3812E2C6D6AD51
1282	319152	E38A9C63B22987658DB35695D8E62B8B442896FD595EE4C4707109B9B8C7E055
1283	319153	B4E969A9604C2FFD1B90DF78E72DF994138D1966D611457783F999FD24325353
1284	319154	511657FCCB497B753897FD5954669C4EEBECE163053C5C44B8F1292B8DD189E9
1285	319155	C2EFDA13AC9D18C45B00031E91C54FC85FD525E28348640B40431201D9B5CC0D
1286	319189	A3833E1CA1B86FA4C3A113E903DBF19208569F13B0D483D12E987D2A4E86F656
1287	319193	CD2D976B0D0845E32E61B46897F0EA7F8DCD0587A1D616B4C9C47427A8AC8261
1288	319195	CC060747985156068FF4EB3847416618750E576B1D7EF6C0265F0952E2E5E646
1289	324550	DCDD17AF8BF1C5B7F9051CF6D87743EEC284D28853A759B0426858B6CEECE0EE
1290	328154	CD6927C18C178B17202AF1011010E45FFDECF3110392E7AA8854FF9B161F20F8
1291	339589	8E85CABE9A86B0FBB373C70590808F681B7310F320EE10FE042730DE27F62182
1292	343036	7C8E08828E5C4932B141DB3CCEC510BCE9E1C89EB38686C1F8CCBE41B0AE04F4
1293	349747	74CFD8298C96908AD34051901C025D8A2202B991D96BF268C2FCC271FDEEC18F
1294	349749	4C6C8D14830E89365C89425DFEEB9263B3BB7077B636ECE2C0DF8DE6259E97B6
1295	349787	BA9AD80D9B5075F9076BF454D84D31A0CE6DFBE9CA8AC223B04BF70C63546E68
1296	351153	7A0BD1B062031AA91606D7A102DED8A18838211556B1B5CD39C4A408CC14EBA6
1297	354368	6AC28E3F31C80998F1D9B4B6E3E0FB37486E010FC5B2E64537B12EF561B18D6B
1298	358594	8731F26AA2A6B7EB9C976EA4EE802318C3BE5D70F3410B5C40ABEA8D04044CFC
1299	363536	02FD617688953B4B0EA7E30657838A59E5F2EF1D4DBBBAE6B4389361CAF3C3B4
1300	369453	E2157FD5B9F1754C7E74B319489BCC014FC23FB6831C56D67F33841482BC2B0A
1301	385328	4DC93A0DB4EC066755AE6B00DA07E9F59FAC8AADDF0275D3BC164D25DF5D2177
1302	385338	412DBA286899CA078795064003E3DABE3BACFC50C2FF62C881552CE0BDBA0BA8
1303	385360	50512F22754323DDF14A7778B45BC8E83A81A505455A0695D47795C1E75B1241
1304	385440	AB58FE96809BB04A0E0317B6116687ED2C066089FCE62AAE04699B729AFAFC80
1305	385718	89D995DDCDEC53409B1D179475A2DD500234D7F90226186B0FB35EEF13BB2AE6
1306	385720	ACDC7F7C29ECD9043FF58DCD5EA72F7D0F5F79425E6B224FB1D88934C56EE6A0
1307	385840	FE1ABB2F97A78DADFD8DEE88BD3DEA73BC0C3C6608C9D17729A5F315BBEA5DCB
1308	385928	A56FBED13512246B682701D1FDCA340911EB5BF80825AB496EFB1F48CDDC2C22
1309	386040	2B916A8BF5DA3468A99FACEC171FA02296AA6CC4ABA13986540120F410B58253
1310	386181	5ADC22B729684446C6C777B2FE1BEB063921ABD598A00934CE22951D55F09F21
1311	386438	3B288CA7B9FC11CE28AEDEACFB9962068D180ADF94FA49611F25562882F88ED5
1312	386442	4DDAD7EFDAFA1F7F6F1B25C71DBCF0DF7908E057D6FA028A340B5665698EA43E
1313	387440	AEDF2A20041CCDCEF991D5FD45D699F11C0BAFED799521FD37A7C891113E3232
1314	387501	A619ACD79A70B23C3FF14FD92858A4E988687341192F3BD9145C4DBD4E5E1054
1315	387587	8D2C53719E19A008CDD6767C8F787442866A439A8032C06B821FF1B456812D5B
1316	387589	E8486444E58A6BE965FE04FDF2A57CC2806C7EABBCFEFFEF90EB2A3FDA59B8BD
1317	387697	8A9EB7008D6A14BC78B37E2111DE8CB6399C916947E24CAD167A8BDC767D5F46
1318	387700	856A87E6AF3CD5F11B40D4ED14A4D95D160806CDCD90311741B5410B45D014B5
1319	387811	C7903A376F63AF6C747BD1D9DE41B6D4F4728D24C82D87959F09C7DC8D08A60C
1320	387966	17EF48C7780A25F4A27FC8B689A32445F68B09680D8B63BFFC2C868552E128A4
1321	387968	4491C6827AC6F0A0F6C70434A0D6B750E0A8692A31989A8451583169A14C7C2A
1322	388060	D33008AB891AE2BE989568093870E52F48F034787878F61EABE5279304F4E4A2
1323	388165	6223964B1994409E194D5532221106BB9AB408A7F7535C2772CE3765770295C8
1324	388201	A849281180A39247E9BF6624F8B25DA4DA16AD0529F628F4CD175EE17FC2DCCA
1325	388247	B8B08A3F41E78DCCD2B1EB7458BF9348D8A311B9AECFCBC4381D3579BDF440F8
1326	388275	6309C8C9B0DA01365CFB74A3896CD17146F1B6324895F82D57DCB1EDA3AD648C
1327	388291	E1E820627DE802958AA224F9E62108CCFC548FF53E53FE6400F117E366ACE5F8
1328	388314	71B553CD6FDCBAB5994B3D4C8564AE4149A9D157C28B7B0E3DB9EA0624D0725A
1329	388316	EF2D5F46FA776BBEEBA461A9FADA2C84151AE5C959096E5630B3F3C921E198F9
1330	388443	D2FFC27408A36ECA07A1489CA6D972EFE308E10B225D7E9B20C4009032EB1EA7
1331	388461	078C37AF939418166871D923906F07A69748E8CBFFC8A78719771F5675F7DDEF
1332	388479	BB2ABC01168D3D10574E4855564D91AA6461273B0A923E66FC2D6203D27596D9
1333	388494	D142E1CBBB05C55B88A9E9ED36F0FA1913E9330AF03704CF9ED39D20D537FF1F
1334	388581	A31D89C0DFDC50E7D6FFE85F4AE523B6BF70B9293B591CE2F6E62C14210EE85A
1335	388612	1DB932FCFC5BB9BE413445A5F75A6FC4FBC3B6D9459878FACEEBF63C74FAE927
1336	388625	7D7BCC4DAFB20CB571ABF3D20DF53B7030882D8423A1ED01ED2FF2EC25EC2EAC
1337	388665	83A1E7AD5F415FFD9DC3D231A34546A4A41E3AAC5EA9FEA982CA52BC54839FB0
1338	388679	0D1488B006D49D4ECAE023406E8154B58B9DB3229114CC3F62FEE8C0B0046C8F
1339	388744	160E0F3592A7A95C4CDFBFA23549C36E566A3B59F2513462C30EC3ED62866FEE
1340	388754	CC32FCB7B32145EDF86D52B05C567031488B900E268C1DA830F366478E9527DF
1341	388777	89CEE45FFF3BAC8C3BA3F98BC921A0DD64BB68414FE6EFA4D0CC7FC801660753
1342	388795	FCA80D3F613812A7D510CF135E3EDCEEA2D1E424343398027B0E8B345928DC5F
1343	388885	358A655BD6B7D548B6BB38A63C697D027436E5A4FC10DC8BF6A3EA602E8B196F
1344	388889	4C54F585532A77104FEEA481F69BEFC65DB833B15A72E43549DA35D333FE4F3C
1345	388958	2D83E59FCA22C1D67589A856505A88B7C169052EBC7F8C033D82BC39DD7A5E4D
1346	388976	CD99971B7663A276ABC5D0624F836F05D5CF5401FDA1EAD249B723FBD398469C
1347	389104	1A08EADFC5D52B901AE2DAA08213CEA438EB61DBEF44AE6EE6B007ACF4CAF698
1348	389225	6F9DAF83229E6DA772E933121A537FDD3401225720A847405A88BA45259C7312
1349	389240	AA34999A8A77EA9FBAECBD4DCF8377EBB89990A36DE6B87791E050C8CFD74ECD
1350	389345	84E6EB1079EFAACEDFC1E6E4C9A55CEA3A4E9EFB1C0FFA62C3A8C3D7E8622F48
1351	389356	A3515A058A12FC1358A0169E9F52EBB3CF4317D7F454EF63D23CC614FB89C62E
1352	389360	6A9F5C42C3D035B0289165B5D2E6A7E6EE638E67A420A038F9D2822C3247D435
1353	390521	7EEA88ED56A9F140948E1D5CEEB27200C12F21B166FC3EEDD00A3C89313C4B3D
1354	392313	7F87702AC8A36CD64A86B29B8CD0F0C782926285D30ABC16311DC62BC391D4DE
1355	392875	D95509C8A93829185D57D2AD98F9354EFB8B454D5931DDE1ADB8A37B6BDBFD79
1356	393812	9580DDA36E49320177A3941FBE65DEF5EC2D2F96BD1B1C8DB42A16774A434800
1357	394040	7A43BAD790E2C0BF3B118BA80B22B91F2D0824FBC1372149AD0E112ABE84AB09
1358	394498	A16AA3688C60611FDCAA6F03EBD472C964FE95F9FC18BB9C91D71128368DC2C0
1359	394698	E56B7C3B26380DEDB7FE3D25582BC6DA9DB0F559B1ABF52363DCC58FF4F7BDEA
1360	394728	4E8AF6FBE7CA1EF7FF8C2C18285686ED1753A02D32922F50FC1A87F9221D7CE3
1361	394730	030A27F113694BD107C8F505FCE9E63558BFDCBB02294695DD5756FBFDCC205B
1362	395081	BC909D36A099C5E74D107847576ADBB9191DD1524398079EDFF887C707E4FDB4
1363	395083	1C8B09B4F4C03DDDECBA364B335AE1C52499BB971BCCCD70C1A317D17A6C1648
1364	395198	9C68379463BBD633EC8D6882D0B18AB56C787BF91670D321CE4F34255B7C7F61
1365	395200	5D7A77BA3F185DB3E4F4046BE939329ED1CD409614C89A2F99612802350FBE8A
1366	395288	8293803FBD7532B911D36389E2ABD274F7C3B27E9D2539A5A9FA4CC5325F632A
1367	395292	4322A1C3530E88223C1B4A2E44D9CEADD40BBCEBDB2BD5C3368FB071CC9B8838
1368	395379	0389FF4146C204FC35341C3CFD6BFDA1311666D55F1E1B74B73BDDAF1F6218B2
1369	395541	43DE58789809A184603F9AA521E27DF1AC683B7F4D419A63B01579B89E13BFD8
1370	395658	A98C12F7D767C50910D9E6092B86C232EF4A2A2D7B7C02583AE6134FA50564E6
1371	395660	E006B33FCD673499D05502CE8EC138F5FA1AD1382E8857BAA5411928C65E6B62
1372	395661	1013479F427D6696CCE2A106EB07B986108601729DE19B5E480671A484BDA5C8
1373	395798	EA3EB8FDBE902736EE82414A52D6D59995453F40D525044C8C5D92AB3E482F53
1374	395802	2A23387127D8D29A7896DB514A3FF41BC63F47659B5ADB187742D18B1E586DC7
1375	395808	0341331551F3116D9D332B7360F42AC6DE4890B9D4A0C00F650DDAA6ABC57432
1376	395812	D6C14D5E73DB97297105C1EDAB3194BAAEE06A26251300D3B41EEDCA3CCF85CC
1377	396761	7690782B7EE55CAEFDB27C29B0F270A5A83DF87227F7A74E504353005B1589A0
1378	396799	FA441E889F6BEFB54263CC39B93EC54D277D5C632663D02CE9B4A1F9784D83D9
1379	396813	B51AC32665D77029484AE82DA668C35D8F7629F46ACCD13E0ED270FCE426B052
1380	396949	CFBDA57C4AE50F9FB61FFEEFB86D52DD0821C10A37D4635B92D92C114E892A93
1381	396993	EEFC7E972C680D1352BC21A620C9FCE0B262801391C03B2921584F548F9598BE
1382	397027	3E5B6C1924D683DEB9BEB151CAE47A30540CCA51E370A706AC56935FB83D4E31
1383	397071	FBBA2C85C0C2FBC9FAE7A3380FFFEDA688A30060B9001EA89ECB3945D3CDA388
1384	397167	831B5778226347FCF089AC1F8D8688DCF2582DBA68DAAD39ED5B0DEB1EE9BAAF
1385	397185	A214AA8CCEBDC26D4869644459D01CFEE22E70FE43F820CC624AEBE17E97E370
1386	397195	576A768C9F19FB62BAF0CE52BC6BD029A5D2F74AC6D2D1C928645C626327C9B8
1387	397291	88F9E3F9B4517A4DA97BAEC77D3D5814F50F5C41CEE43D2D5AE48A12094D21B6
1388	397328	97A664CAD313B7D7290C3A8BE2155919B6634FBC80B4509FAEE24C0A0439810F
1389	397447	6A7F846BD237D6B2D57421D4F748487E16487A5F742AE87B923DDB3328FC9A38
1390	397453	3BBF0913D36B21B2F560785FDCEF38000D4283B619FC7FC319A12BD8F3EE7EDF
1391	397555	336462DC0C62D30A1983D2A7B26A3ED168C263410E0400057E394715AB747368
1392	397561	3B3FE333D850FF177C1279EAF040E59E350CD5D08FAB5C5BCB4A88A385B37D0E
1393	397635	4A9C39563C82C2950837F27ADE064DC54B0D183128CA560D8109ABED82FCAA18
1394	397651	32481302118312B5E5C6A845675E77C82CC47D8DE7DFB6B551BA32F72F091C57
1395	397697	ED7DAF61788DB3A3D793DEDFACFAB6335D97FB18B2DB0393F86E9B64B9C59101
1396	397733	D2AFCB446F1AE91E2BFB98FCCF700D9A552B910DEB100B6DAE050B1F32B09675
1397	397743	D8C9E46E72065B072B2013AEDF7020F76BDB32AE296AA41AC44890B2041E5A04
1398	397795	3A209868B63997AAD02E7B57AC8567B8258600F1CA5D3BB3A620AED55F638FC5
1399	397854	980E5939FB3AD27C1E7CBD85E592E16E1DDDC0AD218882579644A6172CC8E659
1400	397925	61453B14F2FB3B6E1383257B5835D0453118181DE6FB1720C64C28797A04CC26
1401	397972	9CC7FA4F9EA81A518905280AC33F41EDCDFAF9775E2CEEA1DBC67D97BF8AEA45
1402	397986	CDD64F2E780CA6E4C3F64B2B0C9B531DF9F805F94B9BAF5AA2811E1C90B6DE82
1403	398025	559AA35FED5A1A372C0D747029404E960EA45E62F1C372E6D89D473FE5F5DB8F
1404	398039	DA569CF12CDE92D24CB02D9EC0BA7AA6C552D7FFCE99A8A9A2E2093160950B04
1405	398064	E87AD56148FAE1BA6981B3A17E30EA9253ADA47899A2950F5F6FAE5B068ED2C6
1406	398080	52850480A7D546408B56D31D4CD5889BDD74F13B9ABE43C83132763F79B3B4B5
1407	398102	4DC5505280145CBA358C56340AFB8EEECA4D57DB55A4F351E273EF96BDB0B850
1408	398155	79EB7B10097E8700115E1175580618E61DBFE3A8E4174F5A846EBF6B605D53DD
1409	398320	F99BC45EE8C036E0DAD620D8FB4416B967E5019020D5B2658C5BCC33BA66EB4C
1410	398336	58E54028CC6EF9AB970E307AD1455DD537B0DDBD41DBB640A2885FBC8D4AFB82
1411	398417	F376135997E7B9D741932C2650EA5D702EBBDBC950F9C6A1C51AF81561F21C26
1412	398460	30FDFEAD59904B2BA79C11244B8E16990A4AF02D4503D634A47C123F8D96F833
1413	399667	F369C9F07314F3FA5B7267CB79D8C67BE56047192B2AA16FD579837510848022
1414	409867	18669EE4828968F69720AB59CDCE7705F4D038FAEA87D0E47F6E324AA445ECFC
1415	409872	C9B9B2FDD49306CF734574FCD49BF898D28371F5C125E82767CA40D2C7397A86
1416	409873	51792772C97E4726A60F12F7C43D933EBA86863A67AE3B657D82E0CAC5DD292F
1417	409909	10D6D9AA409DEAF69150A06CEBF2A04A2762DA86D91AFE1483837AED55BBCF46
1418	409913	76927D2BC642E2A94484DE58D0C83339BAAF2472B19AB5D5234D098EE587F613
1419	409914	A5BF9A49EFC8A77EE348FC5F52BBD7DB04A0ECDF43ECA84340F30684F868EB3D
1420	409915	D864670A282FD22E51DE426ADEA79BB38600A474C8635DBB7FA6AFF80C67628C
1421	415060	DF2870555834AF5AE4446F040BD807F4E3CCB2ACDFE6584FA2A5BCEA68E71A9C
1422	430265	F2B0CA8974F0305975BDDBD4AF9E0D5B5DDA694A1AB528347EF8044B3D789FE2
1423	430269	D2C1E0EBDF5FDD3A086715482357D923E4B385669BAEC8DF84D167FE3D228ABA
1424	430271	3A30C7D877B4617B167DB314A141E9B0B4F4902F2327777E842653BC2AFCB865
1425	430274	62B5BC0A35BF94B22AF44D2B06C766B4C87F0710EE36BA7A57B9ED58C90CC5B6
1426	435670	3790AB769F3014859173AE86013ED6BB2EEDF8D6F65FFC540BD3BD79BFF399F3
1427	440465	AEFAA8092F160279990E32D06A5726161FC94B1AD64DDE31D13F8C1D8D40775B
1428	440467	3F4155903CECAA90E95E3FF7BEDB29AAB5BC500227347D3B367CEA8753BBF235
1429	440471	1E80A4166E7DE020DB209E22B7EC3FBF65BD776DF917B8B9F34B89CA7BE7A6A1
1430	440505	1833390176CA99FA57C7E35BF0E7E638C81D8B2BE132AC9E9C5B50E176D66193
1431	440514	76716584B7B6E51DB7715F4A88026C31F3BBA0681D87D07FA97B1E6980D9FFCB
1432	440515	EC4FF14DE3348DB829595FF8BEC420D0DE1AC84F4D58393D8652B32921A2532E
1433	442217	8FD4BE663B05E5842A268AC9495967EB466E0604C931A03E65AE53BCED793738
1434	449314	FAEB85DEA7A666B1AE058B54F6B0A6C3AD7FAC0A770C335E80BD730A7EB8B9AC
1435	450673	12C1464EACAAE791040D5238D12059B87656DAD7DAA8D7305EA84614D2C3769D
1436	452031	01FA93E77C951D801462F91D2646D4CEE8430904D6526A64857A00B993BE5B15
1437	476353	B2EFE6B72FFA55A39046E52D2A9E45FE4129317641C7EE39C434B4248AFE4C75
1438	476354	47FB620B25F874DD48C359AF585DDF6A51AB5300471546DC48473559CD381D00
1439	476355	9A2D86CF877F1020DEC67C5B9AC899C7EE4EB2196ADD63EAFC18A4C11466245B
1440	486545	5912A57FD171EFF363933E68850DCA1C056A127099F361044B0D2A4E1CB85442
1441	486554	8E7CFECE3C1C3DCFDCDA03D6355AF7DD78AD292425B7F8F4CC6AEC86C70FB893
1442	486593	149004E18E5ADEAD2CD95325773AA2E5C5DDACA6BF5DF38B81F04E6F68A46885
1443	486595	C4553DFFB44260A505187A22E668617019103B96DDE1F69AE49E5E2841E3F3DE
1444	537126	E1AA9D5018A33DEE909646BBE637BC4AB73C216029EC4B2CD9931DE73BF1F4A3
1445	537127	9EA6DD77A977CBCF00D46F8D103F722D0336B78D38935BF9DEA321BCEB572723
1446	537149	1D0321C59ACBDFD147735DDA81F8DE558989271CC137A1CC4B4AC7B12DA1B934
1447	537156	5EF95533DEC301F04A1A211D097BF631F2CD00BC8A3AB77C56CE357DDD05870D
1448	537272	1622FBC98FBB3F28E73C835D1EC7A5ED665B741A9A2ACBFDF26D660B64403AF0
1449	537273	A021850232922551332B1EFD4494489643B8D766E20925E06E32E6D59CF4CFB1
1450	537276	58B128EC289530C71800BD1A8BD3EA9696E3D40DA2CE0F5713528FF6C636506D
1451	537277	43DCDB24394A2BC2B63BAC6C1F18103311D53F9C4FB18A0E28B184EBE6C79DA6
1452	537362	21EB91B1834E09D0A5A80433761805E8BEC376E8144A26956A02897738D0C78B
1453	537363	48683C45CCA4EA542979F98C411B41671E3CB5814F9CB81A160FF827470C6DDD
1454	537418	5F999C313497BF8FB21C7410849425581844C195EDC26CAB5AE205F4D43045CF
1455	537421	908EA194665F289BFB7E1B45D3726431BC6F44BBCDF707ED41E42537C97F56CD
1456	537423	5A941C20CEF49B4D21FB19006DDEBB7FA9DD1C538D0639146C4BE81C4138DA67
1457	537539	254891C4076D73EBFF3650A1ECF8F991516B4BBCC5D578E1B1677D4A282B8163
1458	537545	A5D33DE209A5DCC0B742A5DFDD153933EB77A65A57CD2998B4B4328E2E537AFF
1459	537547	A4CC457CDC6FD0A9653AA48A74F9F033F4ADAFDC60DA44090DDBE455FB21A76B
1460	537718	2964C5FDE653256F6B438EC3C1377FD32A69C5FDFC6015FF585B0EEF127CE8C5
1461	537720	E80C538B269CCCB324821AEE4160E8E690D8B29E10FB7D0D9C16698DCF78A289
1462	537722	5E248222257FFED3DD88661620A9CDD2D4A072D9C0AE7D47FE0B2F138A53B574
1463	537725	141C1D2816A73503513207BAC1469784A78C556AC315B23E118C822C8DE64E15
1464	537738	7E06C9A6CA128760A0D7AB977669CE1DF98FBBD4049A52426837425F013C3DCB
1465	537742	0C0214575721DADFC9D6EC10D38C3812C3A1A5D793286F6B471F790B93E897D3
1466	537743	FABC099CA2E304523C75CC47580874E9D4804FE8C4DBE38E62D0AF2C7B957F81
1467	537840	BF95FA60505CC73FFC54C071D23DDF21C4653E3DAE1A7FA6E2C40369F3731838
1468	537841	3141B867A0E422221B678EF7EB7149166CA369EED7B63C6BD6CC7E856FA20B39
1469	537843	2E6961590BFE48BE48065B4A5BA85AB17FE1A5D8878895B8A173CD60526AA93E
1470	537846	F22F258D0DB02A5778FD0D0470398A7D66EB5CDC5F28E09377924E88C7BB73E1
1471	537847	14CA65983CA7BAF62957E4AC01AEB014FD6DE1E8B666AAF354A6CFBC6C4E478A
1472	537869	5629FF689B8AFE65CA6AE98AA2E26D61361576EC7127532D889D3D175565C370
1473	537871	0DC2DF93A868F0A1C48937B664C77C254535C8A22249DA8553387E1078E10B19
1474	537873	F5DA7924CD9405D450F23A8E56D908E286F12F8F85892D124DE3127A99DBF522
1475	537876	4F85D87993F2DBBC502197E760E903D02BA1D97FC4470230BB84F01F9DA688EE
1476	537877	2C5824B54E11F89CB4D83B9FE41BD00B822F290210C7ED50C494359065D35EEF
1477	537989	4CE7BD6C91C51D297933EE8C76D60242A74BC3660C36AE485626CE896DA36139
1478	537991	254BEC7FB6637788D3645E5E5FAFA773327AEECAE01BCA43D714983286281F1C
1479	537993	AA604EDD878DC0B85FD34CA6C37AAF611D50799B1C26E3758C3D1DE1A289F984
1480	537997	7C549F8E3BD3B0E71E163FF67EBF676CA89CB1B24AF948FB263B4D8B43A1AA02
1481	538003	4C83934D9857FC97D4C30599A4A8E016646D02CD442889AE7A641C4DE64D9D92
1482	538123	625491428D2D61019E7C7C921CCCA9BBE0786116223DDF7CE52873431F53EDB8
1483	538318	314F050741219F04A7B20D37AEDE3DE5DFB4946555BCBBE6105FDCCE10949C51
1484	538323	7B292D6A23C28DA64C18F87D40D135FE4CE262DCB733C63BEF00FDF3F55B5D14
1485	538439	E804B92E3965EEA73DD3C5DCAEB88C1F9301E46CBFBC7C2602871932988955DD
1486	538449	DD1E5BFB550464E0685BF3B49D23B4CB10B766182ABDA3BAEF0E4649D5BC0B20
1487	538451	7A180D05AAB98F5AFE9C79FEDCC55BBA78BC4FA070B7B6935C2861536B644881
1488	538453	9A134EA318DE2B047E68BFB5EBD89A13A9C5435059690A45A9BB00FA91F0C53D
1489	538461	E3B23AA9BA9B0EE8E9F7AC102F67D03D016334C7EB9E48C7C4F774833109DE1B
1490	538463	D5D2A6EDA7A10B341644E3BDD9A33887F4F4B33FCB496CF35C8900330C5A297C
1491	538467	F2B197DEC7AB0ECD16F438A5A9D8DAD909F91D8978E73BA6DF07BC1096F8E65B
1492	538578	5BEF7B2F6DC53367456DBF689BA5512FB6A66EB89E72AA15724B3B9F461361A6
1493	538798	637B745F90F1AE666407DEC6E666F4C6F3ACA67C7C8F1007869CF3504BCE1EF8
1494	538800	A5AEB876E4CAB33DC02A4AC697E90E3C3B1609056F9C66FC194AD3A05BC71BE2
1495	538803	CA89DBABC2EAA1A2B1B4D22EC4FA49F645F04A9EA0AD3EE495B96DDAC450F553
1496	538805	B280CCE9FA17AD7A12FF437D1D115498B4F990212CF9E8B898C601AB5DAD5CCB
1497	538823	D564A9FFA7222800C293CA4098AE7B0482C605F514E21A3CEC0A510E1C21F236
1498	538827	234D9B0D94CC456A5403DCDFE43C31AD7CFB23672E7240FD242FFFE578884A57
1499	539941	7F0759C4C47F460398C2F8C1276623E14AFF2E26B1322C1D7FC266A7D81F8AFF
1500	540130	23B8F90856D649443C8A5EB0FCB561C6567866CA372D44F0803DD8A437A38327
1501	540138	9BBF9722EDEB87BCB155E05376A7D153E9F5E035DF37FB063E782F1679613F9C
1502	540158	397AC2F83E1A1D7C7296E5D77F5ECED5A99D5AC733F9D57542490DE5D0E2E697
1503	540738	CDA2BC25363314054F3A59F18EE98A364A0545493E8E3A5B5C437ECF8947F354
1504	540842	054BB64035E9B1F4E9CA96B986450682BB168FADD8EC0CF1ABFEC345DCCDF6A7
1505	541098	F8283B72E1B392526321A40AA4F49E74AC34C82A0D24BCFF89DECA99957AC68D
1506	541103	0E557FF73A25CB2E9080F0FC3F754966D529577C192BA0B76AF13073181A407F
1507	541248	B7843728DFE1AD28C165502ED751A9DB4F489C33F176C32AD47EB8DAC5ACB931
1508	542204	1A99BFB0E5E69750214766FD64FF72FC86AF8B23F5470CFCAB082487C33AC510
1509	542301	7F01614F5E67212A361968853703DB5771B032295DF2327E6AD27A6D4269150C
1510	542357	4E8F65F4BBEE067744C03DFC34B75B66FCA68DA9AC6A0427E1848ABE739818BD
1511	542444	5C49C252546431B468689CC0EE13B1234017ADDEE4110BED335EBAA77808C11A
1512	542693	1E0558A9C58C11B906733F1F296BAEFDF25107E8BF5FA3613EEF14D146D111BB
1513	542755	F4D339E03B177DF5ABA96552DE48B6A53388A42BB23AEA6CF3C405ACCCA2C2EC
1514	542860	2241CD2598BF89B47384AFCB5412E10A2BAEC6F121B1853C545D1B24C2E8F25D
1515	542893	E2504301A23F179203186312C61559EF42A9713B18FD55ABEBBA34985BA2B6EB
1516	542959	0C0E49E9E76A58E712E4ADFDA7DB866CD4AF4F83BD4D8C36B5B0C27FC3A401ED
1517	542965	41EEE1A78326D4A8700CC248D5ED6EDA923248B110EABCA3289C3F36B4FD165D
1518	543001	FCD5E95610A1FB23A09D73E1FA51BDAB27E2B2067260CD8D222DC70B057DA84F
1519	543051	BFA7DEFC3681D3BA221DBDEBDA0B3626896AAA44674C502F8C22B8B32AC4B988
1520	543173	63FC4706BBC1D5ACC287449813F8B111BD208041102B5758BE14158A60546A78
1521	543222	1B999322ABD8A0A859D418F22785561D9ED808C8F79F85D804B80C8E10C6CB45
1522	543235	264DFD8E0610D05D54A3C98C164E6C39A33122F5D60D1381F0B8FDC21BA9AE59
1523	543414	6E654D2969D50B701ADF4621DADDF81E8E0560AC1177AC5B853F062E6EFAFCEA
1524	543465	0FF240A5FF8BEF2113AE779DC86A1E288DCCD589D4C6E860F86E67DF238F98F5
1525	543504	8727AA045F52292CEF7E4F2D062B98F89E775B8856B074BF29EDC38482AEA4E6
1526	543542	DF6D6806EC080F4614913D7AE387FED13B54AFC1F60503D0C8056ACBE17CB07D
1527	543554	64D0068EAD7F7797FFDE2F2DA2EE26EEB0AB7D84A551FE8DDFE823D52E063407
1528	543595	710D3F1BD93D7CB270DBD9C17490369593F533EA5CEF45C91DCCF339C4C0AD04
1529	543758	C88BDB21EE6CD0476703F455475C783CA306EA19F10A010F39F3F1120AAEE295
1530	544025	D53E2077F55A4F28886BA31860F6B80EABFA57C66BB45920385325A86D8D7E50
1531	544038	467F8C0FF735480A2E11F56C4420F113644EE574A2CC65C82120C96DD6F04593
1532	544040	697F231551318F1D95002798CF4A6ACAA4A608D881E325148DF58AB2623C3BA6
1533	545201	5FB72345BC2CA0341861FC43F815554C2E0A41954C4B7756D26D462F61240EEB
1534	545922	DCFA65A33CCDAE875247295C8EEEEAA77E39096D4A907E044D2E0F60B87FE657
1535	545948	F9E411E66E68B2D0D6E2C65B6EF42D12DDE16EBCD3805D140D6138792E79D0B6
1536	545950	9886EF214423295B2F73594FB49A03A109AB37DBE761229F82D897A6A0DDF24C
1537	547377	0D866DB08A411BB2DE7FE3CA42DECA45482011419F8D99EA2C0EF1EBD09392C4
1538	547639	C4BD71EE1C796255E668D0E85C6CE99ED01DDC1A936EF38A0FBD17FC3B6DB9F8
1539	549298	469E9DFF420045DFF5EA02D94D7134D282F174B31C9B603623997F6C159EAC66
1540	549303	2476DFF583B061D5F56D0A9024312DFF529AC5509513974D122455D51FD4914A
1541	549490	81EC688121F6DF3C941E91FB317784BE5A8883C54D58BD4CDAC78E943A2B988D
1542	549500	CF6533489BD361839D869155BA913611E701EBC64D8EA249D39E8F30362C92A4
1543	549520	EE0DD3B0227286CC9152A712C8C64E650ECB590DE0A463810ACF31578E0B31B4
1544	549530	5B181833309625AE291B09D3222C68651CBC92CBF0F0DB07655360B4164EFF71
1545	549618	57396C2CC90133C87852D5C4B60073783C3AC8577206AEEE5A98D2A6A0EF63C7
1546	549880	44DC62507DF2541B2B16DEB180EE23BF2A16E6EDE7418FB250F7122AC0DAE619
1547	549883	46A859F3CA97119FF9053F807D63975173DE15EDFCA4A1AE42015D423B68C2DA
1548	550000	4673717954837FAF30B2827543CA03B0861A35225D48D21D8887BF0F54ABCC72
1549	550001	FC57982C96B2BB3D957EE94A036463CD04006C1FA22859AF1630878F6E1A93D3
1550	550098	E55B38A4E43216FDF165973873D86F569605B2A80A61B43268A4C9F3BB769A48
1551	550340	4B9E851F70BD56794E724AE155665577D8C729409A3D1868DC10A7F7AA3366F9
1552	550341	E16F924A0B5866F73560ED6F34DAA63BCFB00525A0C5F779E544EDC8A89D5CD3
1553	550458	732336CAF2CA9A9B1CCAF04A7F8AB638DA99B69040D69A14472F073BB0254709
1554	550608	B27B31AF1B32C1CCE7B92161B15C333DD453CF43F47793964F2568CA118B6AC0
1555	550612	76DA8AE30D537065B335612CD1CE739179B4BAC30BA2EE8AA3422107F9E9DBA1
1556	551561	679D1A64CB84C5667624643403FBB5112AF7250EE13C28A6EFCA867F604B1DCA
1557	551599	D0808DED10794EF1034215EDB4BC711F03D1876CA3044F62B0738677914C3624
1558	551600	931707E263DAE206F77CBE31AC7AFEF6450FB42D77E706271EAB7A277674B127
1559	551609	1497D075B89EEAEE2BDEACAE5DF3F33599EC184AB3CDCBAB27CEFE710D669D63
1560	551611	58102ABBCAC5B79A1D1CDEDDD79C9881D47902C6087FB824D1FB6A1F3100575D
1561	551661	E2BDEA17470344E4BEED4A1C736A54C04BC14F78F700D7A01947B78241C2EDB2
1562	551672	C44E04620F77F50B45508FD243FD668EA0BA0D40D5CEF96A59778BE1C9A89922
1563	551705	1AA3DA7C002AC5366D86D466C6AFA6250DCB6B52947B8B764C21077688B26C1F
1564	551717	81A2A20C0E8F2049816102FB3C6DEBFCF9D3E6A2C7C382A8ABF6AEB436395A56
1565	551747	96B3C50FF1CC075FD71236F95A34C9C638A6DDBC32EB0963F9FC0B229CC710B8
1566	551793	9F195CCE01863A23A5D438343C6DDDBC1BAB14CB9528D96F001423F6CF401CA6
1567	551804	F73A92854319D5D05D6E60048D75B3CDDB49033E3F514B8FA0B788CF9694BEEE
1568	551867	0763EE452C5EFE01EFCE8CC1DD8CAA3D6B3568BEEB9211A01D781D1186B7275A
1569	551933	BC6EA0343C95FF707AA2115A55504C1B703AF32B7DA4241707B20E3A21724F42
1570	551967	30686A2566A5FBCECE5251EFE6CD110D5B3ED9C5E8B33E547DC6772CAC33EE50
1571	551971	B6BB9583703D8D6A493B38EDCCDB8746CC5B438A4AA167AFE244CF44646DEAFB
1572	551985	D7543217D8B34C6B811C8300230105D73EEBD790EF4E40D8678D3B0769AD9BE9
1573	552087	0D3C54601027581C93DB0EA122CE100E11682F2443E0478F72E269708497281F
1574	552105	1D1FE8325F9CFD90699BD63A3497E2D00D0D8D352D83BD2B2EEC9D20081C8EEF
1575	552126	4781FC8397C2C86B34E19EA19E48D47B2E5E6899A6FA6056D6E414FCE4A17C41
1576	552138	76E48D3ADEBD442C1245FEEBD7D35037F413657D7E629387C17C2FC9B12CD7C2
1577	552162	64F42AB1703A88D48B4C69E0CAA87F369FBB38C434B99E8A67283399A1C689DE
1578	552319	E370726918A6797CB59F0694B1D573D951E2446E2DDB85D9C1BECDD132085EB9
1579	552435	2B7B07507385BF76907CC099BF9A751179BCFD4FE77290FD06A1D8856F0DF9F2
1580	552474	EA5E900F264247CD3120172E9F38C10EDD4BC01F6139221946F3252970FDAEAF
1581	552543	56918E398D12E36D7092D99EC1E923AF51CAAF8F610CD0FAE2683BA835DF8513
1582	552584	1D2444C81C9E91BC4042067EB62AB2907E6F8AAF2DF9C852DEFDC902BF533524
1583	552595	1CB016844E854FBB226F0DBFF3B93A64C3CFCF06CAAD2F16DF17B6E4246A6089
1584	552654	9558DEA4B0077512A4448B2AE26B5C0B17BA7B5A2C5CEBD77997E6530301C35F
1585	552725	35991BB88C25D6DF5F31841BB71719289D83463D1A7EB5D06F7FC819028A74D7
1586	552772	DD0555373F01D211F7A77C9BA60BCA21B6115163DEDC440AD4FF6734D33985F6
1587	552825	DC47C5881656D6DA25088374ABA8C12DCBC2D32B5DEBD004A21108DBC9389B23
1588	552866	D1835F37F08179587C585E73031C4B621A273A6AD70AD861B9BE2CD0C51A36CE
1589	552880	4970A354D3AF6341543321F290E25D77523AFECC0FAD78208EC7511618C6B520
1590	552937	9F4B26732D2C99857EC17422AEE99DFE6AAB3ED53548AEBD0907BCA52D8B08F1
1591	552939	6623996451BB3A9AA42BEE5234F19ABE10156372AB5AE066867D961AE6AE2EA0
1592	552955	F7BF4062A868B5CD70F6C2A9F487BF6722F4D61F776F3CA15DD872A1B2237FC0
1593	553136	8AE3D6EBC2B2E75F37257D225AE827234DBC48F6224E4F9CA9C1A603495F71DD
1594	553288	4ACC1D7E52ED9676D538C7D045B21FB37EC7C362F9F4EA49AE84D2F4D4246ADA
1595	553520	FAD41F17FDAC011AEE11E59F646EF3E8BFD89E738A74F52DB60B2AC4DD87BD27
1596	554180	B9389530A833D8A88DD99986B09A623046C4B09FE4B3300025EF8B39FF4983E2
1597	554768	ECB0CCE3C939DCC476B7BE3A1A63568A0A13802D8C054F453B57F536323432DE
1598	554858	77B10498A8737ACB332B8277BC6259A2D8771ADC7000C53C2317D752E10FFC3B
1599	555021	E7F82B5EFD687BAA2A5CF69C311138E654F20216F74E6820AC116BD8AA3532C1
1600	555278	3E12234795998F9961286F1D8F3CEE21818772D61CB021D1BBECDCB5820BAF7A
1601	555338	1599BB45C05DBB4CE38D4F67AABEA40E15CBF5D02181EF8035CE42B482DD1473
1602	556241	7D9D719AF4FEF40D0A7F44CCA96F7557295C8637E9FB7DFAD545A7C13AACD1D0
1603	556279	1C26EBD196FF745C5AE281F3986F9AD04E88834BDE56A23BF16C651773A30829
1604	556280	5C6E470714EA3758A2774793E5171F907647C22894CBCF95FE4E5D27DBAE66A1
1605	556352	676D5196EF62053DC326DCECECAC82BE143F64681139012F85C9B58B86DFEEA0
1606	556385	4800C8761D9C50FD1FE5896046E74EF240ACB19013241D356C6B195E2D14EFCD
1607	556397	0F8C68A841404B77AEA0725F0D19AD5E74BEE147FADB35082AAADF0E1FCC3BF1
1608	556427	C3705D14AB2190A72E41010ECCE110637E74FBCE1625BB36F7F8FA213E653ABF
1609	556429	96805E1822D13BD25F2791901F98D5EC10F9DB5D879E8A7F656791302366217F
1610	556484	1214ED14C0483AA856708D8633F412857ED8E9B69948AE8940380506D49F31EF
1611	556540	09D1EDDB8CF8BAC0020619C8967024C52DA1E594CA89E913DAEBEFD2F6B967B4
1612	556733	C811730C1B057DFA38210F0A8E70B1109FFABFBC9EC33DA9040C7C894542E7C9
1613	556832	A926D0009C6013ACEB5280ED9EEA31E21A4085EF5C27BDE68256A2C7EAEDE3BB
1614	556844	2EC021CD7AD88258468DACC405AF290C84A72C43C355BBF87CF5BEBD7C1C523F
1615	556921	6B502BDE88B6D459CEB86904F9D5C983F820CFBD93FE7AD6FCADF19E8846B2DA
1616	557035	A9423DAA9CD10DD8D94640279DFE8E79DE1B0FFBF2DDA8A6E369DE9C2B0472DA
1617	557087	66627FD9166A23C6D1DB063FCD270D11ABF850893B46F09F339089E5FE29D7BC
1618	557115	EE99F49E939CFF6DF4C9BAACF56C3CF85657A55577AE8E37BC7C07712291EE50
1619	557187	4C2BE4F73E6850D3AEA6C48650932956F537B652356CC645CA4ECCEDDDAAE3D7
1620	557223	E4C40AF185257856DC095B5144A4AC076706A84F211393BF1109047A1351490C
1621	557262	EA2B6AE35E9D25E2D8268E50CBE0BC7AD57E28F5C87C800092CA2E445DCD28CD
1622	557283	BA65DBF3B5675CA472FD2B53EAAFBB42D02981BA44CE06C520CA178D262E703D
1623	557336	ACF7486DE52FA64156C05C8463B994EF9F70E0808725B228C4EF8232AA76792E
1624	557421	0A914A5D8A296DD00043BB6AC061BA386A187792DF75F22A5D9C9C8634D0E374
1625	557505	F5B1FC62E491BEE5C109C3021B00B0AA2DE482848FAA13B0CE2326EC15CAE825
1626	557519	87E09C7438412CBEFA75D6B82DA5742D3939E7D36E3D5321AB968AA828296046
1627	557560	8C8B962736DBC02C7440A2A66E8EE84AE00FAC44461733E4350206F62850C602
1628	557596	15541015D03AB3DA645CB32921490603C00A5B0302BC34D4CD4FF5E881F7C9A3
1629	557968	96E79101699583FF156265308955D593F2036F0106F9D926B2E4A4DF419EC0F1
1630	558065	A324F5A3DD2D5C5302CA76AB92031ADF88E87354337DD45F3B0879846281BFCD
1631	558196	3A82E2130FEE4D7C835E79248410999AE1C2D9CF9EBB0E27D02C588D041DCE97
1632	558878	C4B9C451C4409E30146870760A28657D23E410D24A17DC262869DF088436F7B6
1633	559448	571FDA129442E2C0299EE20E4AF08EED82FAFD3C42D783839F2D773D0BDDF2B4
1634	560960	0A058978DDE12D8BF43F049A5D294E8BBD758AEF7FF1E2AA16CDED06652D2130
1635	561867	2F44645DA02885143A04A11704FC5EF20DEE045EFCF8C6B4F1D228271AEE72E6
1636	561944	99463AFD272E8A8B4A6D19D0CDE28725AE6752491DAB8D75DDC2828BD917B87E
1637	563341	97C677EE90C7B32C4AFA3606D565A309EA5ACDC8208EB269620CFB82D5DCE342
1638	563459	67CBDD9D3DFB6B6A424A7E19E88238B1A51A07700920B5B49F0759985AB4540E
1639	563528	5F1AE98B3ED46513C29EC0F15C4242FCC1DD5ACCDBB6A031DF305BF514729F0A
1640	563530	9CCEF440B00ABA38CF96FE663E23CE03451BA676A25B4718FAECCC5A2A4DD773
1641	563558	5029987D4984243C37473387D0F6682C10DF65A502E4A733A11B4094F3D890FC
1642	563923	99418E82024F6A8945ED5AA41859D0A1FBC6BE02DA36621318ECB03D8B89D2D6
1643	564043	F0514EB69B91D72FCDE33045F9911FF4ACCD45C59C96C343D0CC1EBC8C481063
1644	564128	BB20E22C21D71A4728E9A660D8BCB97D6F7C51C975E31832021D190C346AAB0F
1645	564138	3D5CC7D31E0EB5DD48943EEE9EBCA2FCD130B76CBDC6CE1B26821078DE17171B
1646	564142	10B1F76AFBF87260511B1D8175E11884D16B5439A3A30DBDDE56454B004BFB0C
1647	564378	26BFB168BF9458984D90EEC0A225E3119F186A987C683D623530042D1F995411
1648	564381	7B0A12680C0DAE46C81D19411B10DD921F4543C40294B42AD48AFFE5908C5BE1
1649	564383	FC2D78ECA71EFB492C6C13F2A982241681641F397EED0C19F27CB10473B15848
1650	564501	FC34F551D030BE663EF3AB30DA9B1A52F2E93A9C60868C7511F599AFEA7DEDAE
1651	564503	0EF3D557F0D7370E0D6AA1A32BA58A41496778007D4D1DC009DC0132131ABD99
1652	564652	20F1D8F527960B526F1DFE69FE9AB86F647C386889D6596DB0CA9A2C1338981E
1653	564698	D4F32F3FD842C815CA480AD2FB5CDC488B1CB4E8545C8760DC82C2878D4A0AD1
1654	565745	649E86713BAF9B2542AD73CD2165E58949D7EB44035AAC6224AFEE7E6EA12E34
1655	565783	E0281144B285246DAA3E9F56744181669C3A8C546CA346CC302F9573C5C686D2
1656	565784	546FCB8A1DB7DA5DA70A903A617FC8B00F75A708B2F5042CD73D0530A9B2230D
1657	565787	89C90B9CAFBDDBABE5E2CEFE496679BDBD172A2421613BC86FCF9798306213BA
1658	565844	525DD1B3B91CCE4E768CB2935870A22C935DA9A1BF3EF892DB747D56F947E30D
1659	565897	E040323298F034892A6C3BB8703077A9A0BEA746C2366383CFC383C384B6A6B8
1660	565900	E9D88FF62B9F7150435439FA6646944C25919A71A92BDE3822F0C891E33E1396
1661	565907	8BF4F5FA04C1CF6E7944FB9C293F8613613BC6F990B9B5B84F31EA5C506FDC15
1662	566127	994DDA4E73F288CB7984FE6CBE5E0012584FF6C9A75B12684ABB5F9C91B69FC3
1663	566155	C3A3A6CBF5D3F73E4E2F377232830CF837480C05F6006E75138DB32913A6CD3F
1664	566190	B9003119441A878AA9B67BAD561FF8144A9ED22954DE76D1A1E0825E01C95D26
1665	566260	1F78D572007A565310167C6AB0A00B1DB42BBA9F997C44E9AD45D2C908E1A10E
1666	566293	39CF15698A2A3B4932CBE26B475F2CA53D66A82EB358DFAC8C7C8547496B7CA8
1667	566299	8BD4BA8702C45C77E25CEBF6F4E003517524F445E4781F01FE7E7D0B479F5191
1668	566401	807F0F00F7BB313873C6F3766612F43D859074F1B763B83CD2E3BA4DA9E4A30C
1669	566475	5DB9B077C5CFC6BBAB196A00117A96B104AD0AC3445E149177523B22668B9493
1670	566491	42649B978C00BBF80EB8A8D292A65BF33B012639AB349E7223AC8F44A3B920B7
1671	566514	D544BDAEB1EEA1F09351DBB991973799248E615376AAB3A89A5D7B94CC92D911
1672	566516	EBC1A08D7E012CB945D2DDABCB75AF23F44BF36DF137A19A6B13876AE7F98598
1673	566573	F7198726E3977ACCAA6F69AA09028C851C922141BB3BAA351BDB7F75FB7132A1
1674	566635	B5A33C6209FA3BFF1FAB72E9104756AFAD221A9D0105C6D8DAD5ED8C6B7E4AB1
1675	566643	689CF9E1DF73105A91814E9CCE5D07E7AB2B9D8674285DE3DCEA9E918AFB8D11
1676	566661	118479558DDA34175B28B18DB5C407F21EBB69F3874C2D648F93FE1E272E8F40
1677	566765	F5426EBB1D0D53AA2012A854DB7C115163DFA9B6E1A094E351CACB5152EC59AE
1678	566781	69338E596EE2DDE5D9F72DDC6B9CB4E7495CEB72B5D179557792381FB00BA5A8
1679	566812	68424082850078E0B59D639BCF22F95F01DD138F2D291DCAA1FE333C34263BA7
1680	566865	8FA0D60EC4AF209614F20B5206209F3B1E7667D4F67009DB0288CA1E82F5B15E
1681	566923	B5BC00F176F1BC7155E1513A0D2C217AFEE4297420EE953A349E2C2CB26C4705
1682	567249	B74D403CC83CC6ADB9C555D424E5F9B8C5839E4014B445BE89D8B3A9A307E705
1683	567257	16DC40B34C77DB3B43AC32785F9E932CFA3FF7B9B45190788F469583EDC89609
1684	567440	D414BC84259E28FBE91F9C9D16A5249790E69C460AE93A3A813D9045CC1A5EE9
1685	572462	FF297A319CB8AA881C83506E93A6FC066DFBCA256509B4D57A45926BD40A08E8
1686	576146	C2175A487B9B56EA85434C13239C3460A4E8F701402A4272AFD7FE548DFB6317
1687	578714	9DFE7D6566AF3301A8EB264A441B1CF0A69C88EDEDAC2B9AF22400209414E0DC
1688	578749	E51AC9878200228CE5FE366BB3CCC7E7B5F5647955C8A68455F0C23955F543BA
1689	578753	8DCCDA85CF88DF5A93AC7828E4B7A9B69779C1010F6C9EE8A4BCF5C6DE3197BD
1690	580501	EBDF343D5508F2D98EA3779A43848EE04226FFAB8970B674FADD74C86F0FE6E8
1691	584488	ADF87994AD3A4B6F7179900332C35A8B1015670A40B010B96FCB2FDF5E2EB1E8
1692	597770	567E9717435202E7646A730300B3C352D985259C02776878A5BB125B3BB2A6CD
1693	598618	2DDBB8154FE72763E4E9FF557F9B2CD1BBACBDA65DA86C9ADE54CCD4ED1F1907
1694	598619	72FB5CF50AF60E7C9022813135D66447DD4735DBDB2FEA62D2E6B3DF4B608D6D
1695	598738	12244AA086B375722299D800861AD5F9FB5C9F1FBF13007CD783E0C839A08BFC
1696	598923	A26B4B96CF59C7493C0E94690449FD0FBFDF64469ED658A8E999A1B79330EB72
1697	599200	7A5930B3F87CF544EAD896F852F9BC8982BF4856BAC545A8A881B3C2E775E245
1698	599323	F39A693592F79EA9F50BAFDC79196FA32A395D8289D0128CAE7AE0EBD555B765
1699	599408	2240958E5B1C8EC4840B28B8EE02C35321D14955A3A5F67D65809E5C8F936D21
1700	599418	B639A8D32124F49DC30BEA219E5F4C618804D920D4D1909AEEB71C620E385526
1701	599422	2C8E4D291715289AAB1D5F72C5946D9CE158013D4D5CFEC4EE04D96FA610621A
1702	599978	455C6A931F0417D4EF34F4E80A2EFA3D657D8EF7BE4EA6EEC2E0F9B5A5B30E56
1703	600919	EEA180CD48B9F8ACCE8801AA6DBF95846E72D48F495EA246DF5CA097ED206651
1704	600925	B77EC8FAB3A9939F7B35895F63A5D8F265F2EE4320DAE2A6469F18D73E332AEA
1705	600929	C44E06E6C396761B0169BB55A0BD777F4B091A1EE132EB5620B0EF4FC4D8486B
1706	600933	0B9B4F9218F5C14102F8D1448F56BB0A3BA678E792F4D22A74C56C5778031CDF
1707	600992	73E5A399243A17B25143F0639D7F53CBB2ADEB114FB9F61909699828DE9C8676
1708	601025	70C55A52D4A1E38867646A9680316A6DC9F21D838050056EE2D08EB6577666C6
1709	601113	335053F66716B84D3AE76A8B17ECFB8DE3BEC87D07A7BF0902FE82BE5A7C5993
1710	601180	72633F7EEB5A6D9549083B95F2B5A980F031255BB521AA2D493D016F8F84DAA4
1711	601411	7137556CC3E7CED7550D3141255D656B1B81E5D319D54D6A4F1F43ACCB314AED
1712	601446	896BF31C635B253993337ED00EBC75DB05866BE11DDC49ECF19997EDF217ADE8
1713	601538	CAB5BC920FC0B61637C18BE8989B502DFFD1729EA7025AB82043F3D95620BAD4
1714	601645	71F453593205D3DFB70C65E5BB4BF062F3F500311AFC287A0DF6A28387C9EE83
1715	601731	B59B968CD5FEA0CBABCA6152CFB1586C60417729C3560580432A5AB09CC9F08C
1716	601755	AAA1CEE96381878E75D14493D0981C54A6CF76FAFA8BE40C38F1CDC0A09C888A
1717	601771	EBB9086FD99B69C8F627F4BFFE144CB9313D4A58FF95C686F2B789395BA2AB9F
1718	601827	86200F1338164A30424379B96767D9F179E2E5FD5FB36DF913D1C759BED6E6B0
1719	601853	0437606B476C96C9BCADF152351707B1835523DE864DD1B6F2BFA79BE1DEBC2D
1720	601923	E41AC4B90F5C13AA3A1CA24A34006B8E0CC3E18F8B2844B41416629853AE4CF8
1721	601976	A00CA61D222A684724CC195526FA7C126F80AEFD5B3B5ADEB3F91818CB186149
1722	602045	B9CE93A735DF3B05C8FBDE2656B73E00023F98CB6FFDC80820ABC0030356A356
1723	602092	989B241042E44F72D21ACA8B74EE0747DA56E7E923FCBD1C5645F87207A52B77
1724	602186	8E57416F3A0D66DB93DB43E831281BADABAD788E86E3939708BC44C916551F2C
1725	602236	3624C1C68324EE988360507D82BEF300249F62B69CCE3FEE6DA2C84689DE7C1A
1726	602259	529DEA270D1D40034E231384D2E168ED59BD33CC2C3DB265E60D81227D311EF9
1727	602275	5A3B88D7E650703BCB3AB9ACFF7A709EAC4708D84396FF65FA47E37EFC976DCB
1728	602369	9B433A88523956D789C5BC2EC716711DD85B41776A7597FEFBFCA9AE95DA7F75
1729	602416	254EEBA19D79CCF01260E3B52D3F2C08797ADED5FC121F0A8C04404E77E8441C
1730	602529	5F4E7D35E275260CD5E1546E98712C8E511F15BF0C1349388CF3B4E5DF1C9BDC
1731	602582	0DC75D27A4954B2E767CD694F03F0FDACE744F60DA0602EEBB6161EFCED1B7A7
1732	602705	B9738ECC6E4D39C23C6740B6C2E0E82D76BDD0279478AE6CCB6952D9FAB7536A
1733	602825	229D4EE3A58A72E3278A7ABBBA7D18E45FDECEF8CF2E8B30163AB5A01482C519
1734	602840	7116746B312A1DDD801EE13E2836C8EDD1895CFFF04CD9657D5DDCF9D929B1D2
1735	604598	AB02E72E9FA56037BE52FBCB96C79E9FDCCECADE5C7C649878025DD780594544
1736	605564	9EC7F496C6802A4408479C1FE06B36A364B6B7299E087F8C39B414C117C3A474
1737	605860	D77F9EB72EA94BBEE29C485E52BEE0BB0A6B5632AFC15F42232B2E4C016530A4
1738	606603	83CA56DBCC27B8922081EB1B36BBD1BD72EC309ECA46425EF82051AE85B13396
1739	607981	7282CF2F102C0A67261017F8CD8E6ADFF6826D2F39068260E16C78A471908EBF
1740	608098	58E4DB4D043145158CE23C041E3D16B536D66BEC0EAB2550386D0DD72098BFCD
1741	608101	7037801C4CC8C1A993A35B13DD7ED3F43BF1BEB26D34C331DD3EA9DDBF57D48E
1742	608180	33C355E6FC44BEB6F40654C83FD268F6CE1F628856F115127B857CB3AC480BCE
1743	608208	9BDCA2A665480FE5F0991E5BFA88948721819557132CDCF28360E0AB7051A2EF
1744	608558	175DD5F5800965BA072FE3668089B1488885FC2B16CEA9E8A563980D8753F98A
1745	608768	DC3AC666BA2D8DA8DD9BBF6ED006C0F622530F501EBE9A9BEB5F005AB73A5603
1746	608778	D3A1FEA484C9443E8727AA0FD82B4DD15AD59373E835979C8EF33A1F0B98F53A
1747	608858	5007B4643F45E3DE0FF69CEA5A5334A725B5A4396F557484A8A3FB50A8C468F3
1748	609140	31BF425CA2E7D554834CAFCFE7F687DCD935F41D20F32C8428EBE5E3D4E27E7E
1749	609282	671A1F511034FA317E741A3D518FB3F4E5A7F017AE14084110FC7764BADF2A26
1750	609292	9746C02665F2FD552D000206E3376D06C2F4FD36D823590761DB56567DEEB8E4
1751	610279	3B582DC8E5904ADE7AB7AB8DBD5BC359BE2496B9681BC7588CC28C598848B83E
1752	610280	16E8BC47430C0980C43D81FB4BBFD21C365D36914A205B8D65D1B92F9C88B30A
1753	610289	0228D3D1C0FF539C9DEF2475855E63585A8211C0AFE7821C37AA7616FD849AA3
1754	610293	D7DE52E650575C4C8F1D0EE7FB261C6832A2FDC4324AEE3947215F69C66BF0A9
1755	610341	3EF40628E1013A7A7B2DC656711068F3007BE9B8EB04FE32AC09C642F6FBC4B9
1756	610733	774DC6ED085A3A07E0B3ADF3CCA9CF5598DA0BF294E6CEE668D14CC218F8A00F
1757	610737	C41D2A650B15C7ACD7BAD557B798012632E94F89046FB4EFD95B09B0C96BCB0E
1758	610808	8E8F825F7FF4ECE36E03A8D7AC054D258D2A61B5B7F595DBBD8787CE5A8551C2
1759	610939	3F07E4FB244B41CE0BD5D4DE54B5CCE8C406C0F76DE311D327E70482CC6226EA
1760	611041	2CB4DDE0A281D4662E99D9F3EE2676A277F7F56B11E83171EA173607DA74A909
1761	611084	5691A73CBC1FF0E93F4B255A11BCFD4F1141A3D700B30A2CD1F131F6253CDBE1
1762	611087	09F2A77A4945848C0DE6E9BF44AC19767741E58EB1217193BAC653DBDBC13575
1763	611091	58E6211A900F2F8259AD4ED2A078F5116935736AD8F08ED8FE45CE99E7761A3C
1764	611213	30BECC80C7701751BFC2E5D443D5FA74F8841222D827D4173D5D35E359EFFB5F
1765	611264	D94304480F790584086F9D4CD3CCFC8747CF007DD5E1E5D6D9656290BD628CBC
1766	611275	954F32EECC4F50098FE1C205175F985997C77F6D703CFB7001FA0EA8CEF4735A
1767	611465	A20C8736A16123DCF03BCFBAF905BF4EC4DA4AE38B6AF5423F3E0A37B71BF2FD
1768	611466	AE664A2B5B490BF58BCCA1E341768CB200EC05E1CA5E6C4619FBB5EC44187D51
1769	611519	5CD7E842C3D2F92718A8518076A7F6F1C892148AC75B51BA6CDAAD670D57A5F1
1770	611584	56C1B8FA44E509E3C8F194BDEB1B91EDACB133B4DBB019B50236BC4378A0F63F
1771	611596	0D811E0EA200D27725E5FEBF0E6D3CE63FC0A9DABCCA9BDEBB906F1BE40643D6
1772	611772	2A7DA4F685FAEA80B008AEDD5CD0A9CB1CA6106548005D8591B753AE9AA0F2CD
1773	611800	B59037129047D0A864C5110D5792559AD903433810F26606E54C6E91C301BABD
1774	611816	58FA586EEB9E79C7593F2F0E86813C8059BC1523361AEB6F5290837581EA2A89
1775	611940	5C91F49B6B16908BEBEF32B0D2D8867348923E340EAF820BD8D4206AF12FCCA3
1776	611970	CA423556B8BE3A35871C7E8989A091E795E9F37DBA33867232BC58FD2C23727B
1777	612065	B73F0EE0D9A626EDC9BB8E9FFC0302A3CE20F55B462F271F2FB7C3A40DB42D48
1778	613145	EB6BEC74BB7B465E19063435F07CD5BA301B030C9AB0B96B521C38A57302FF02
1779	616658	9C614A86CEAC5CA0C39BD45E1EE17DAA225673409B68850BBC4DDD79DFB568F2
1780	623345	204633F7C7116E4FB99AE3AFB87B46F9A6168E14FB0A249A322A13A93D4EEC3E
1781	623347	12BA086F9C7A77A4D3DEF94B5D80C73ABF587E678DA1FBF5A9B3DB3652770C0A
1782	623349	0303245FEFD67627610F7762A024568758952F8F2A13C0E7F00F1581D0C16593
1783	623351	F88837D9964E62CB065BB45ED84A1B383A4DD0FD6504163CF1F724A32C354298
1784	623352	1D08D043AD262E11443C092FBD1B0D908B1F0A6D1E72A8BF92ADD2D5CE888D37
1785	623353	16FFCF6B411BA3DE31C11117AA6350C3477D3B76B4217DA4E81065970DD57E71
1786	623354	E0D6917FF66CC5B3CDF309492162E1D1D2F199134C93AC4C20406786A0E84F2D
1787	623385	B2CBBD83450DA1A7D954F44716507BEE1253E1F63775C9717731090CC39295A3
1788	623387	3852BDF687AD8D872AC917C22903EF93434E5760983C82CBBFD0B9129198ABE6
1789	623389	9B95A214BEB792036CAF75D219D076A089FDBD790AAD4C3AD1FAF440A62989D3
1790	623391	1B46403C2C8EF8BD5C94E27D2FE79D85FA3C0113FC285DA715692AD56EC753C4
1791	626836	214E20239B3A50E9D98969F3892DB7DB2AB6F30D95E0D83DB68F92957077C2E6
1792	643749	B360094E055459A97238CBAFC408743E721647568191FFD2A116C3D77FC45BA7
1793	653952	F52F18182B380E9CF682A94630DEDC6BA7697A58B37366C63765BFF5C9C3221A
1794	653954	E75F88F5FAFEC838A31678FF2FABBB38DDDADDA6C56128DAB526DE2BE56A9F93
1795	653987	85078B86BE87E7F971B347D4ADE8C632023963C79C2D012EDDC0B1A4A107E30C
1796	653989	7463BC5CDB00D83780457DD6EB474A495BD29D40C3C79F276024D0FC804CB92F
1797	653994	24289CB3A0AFA7BC8E21430F7561C3C46FDDD65BE225B9B9FF50D9D5D9230664
1798	654227	6D342A117E6E1333CCFD927FE4898E823A1E9C278FAA9E6B7C4095D478B26D12
1799	658646	22011E09DE8B30B772DC44BC604E8CCDBD66349E17A9F9E549331110D4EDBE9D
1800	662810	0A3CB0237884F2E9F7A9246889E1D8DB16227B17F2F07F4F4B36386F8BFB638F
1801	662954	F3103A10DDBEFE7251E00C9A02FCF96944A1B3EDE4F51C9A8A968D67BF495066
1802	675076	FE6A403140F844E4CE8CBA62B1A82067820EDE66B72644B544EC39BD45AC9C9F
1803	689339	5B1284D3A9A0816517FC425C85B69B69F33E495E804A9868834722AEC1C3C9E9
1804	689341	036722B1520E247534675B27274B9BFC83E89AC4FD9AE7C9599BDBF597DA7822
1805	689343	C6707E095730D3DDCC5018051BD83091DFA29CFEAD06E312BD4D9AB86C05BFD2
1806	689560	A042A1536FD4024D87D258F10DC466C39FA656F6760D0BC5FAD26D0B57D98253
1807	690240	95EF6FE50363B998FC6610F7E6EB9D66EDA564D1DFDAE51C653E63F70E8500BE
1808	690380	A3D1434F325066A54614764EA5398030A64962570DD1AAB799B9095DE29B23A4
1809	690642	F85A668310D8CF2D266ADCC0181B53B19A0C98F9140A59A66AA6718493D8FF26
1810	690668	FD225DC5104A6A69FD8ED4EBC39494CB6C3C4B6D3995B13233CE7BADE6F9E42E
1811	691321	B212DF358D92EAB81CE079862AC8186EB4DFDDAA3E2052A43E483C4A5B70D5F6
1812	691639	8B3B40960054DFB985E7ADC5085423DB906B0DBC7609564CBF48B6C63EF5A4B9
1813	691653	A5F7E2C2D0B35EF4174F4C9C27975BE7AAD3FDC1D2E9DAD844827D656AEF4DDE
1814	691701	87A408FB676B06F4F43CC704C3EFB26FDED0B3D5727C47E7797FD7B5D5BBC628
1815	691787	D2A0360F3B332431A1CC85D537563466C0892FBF506B7F1C3280CBC81580239F
1816	691789	414E0855DC120F5374920B5C684AA76E63093CD0A3C5420486321569FA331ECE
1817	691833	4C115946311038ABF840100E78D667055A60A5EE6B209731E983A9372A28914E
1818	691867	5CAB73B2D76A6B8AB1B6FA6682FAF48B8695CA6B49A0C3F7E9EBED15433CCFDA
1819	691900	C013130256341272F4B3678912811685FB35646EBBFB94C5685AF61FD3944920
1820	691973	FA47565186F83BCD024FA7D1E7B62DC76D26F258AA87EE0B2BF353362280FD85
1821	692011	561342E4778F41CF3A76163763BC9B71ABC23B3F394B8C4527876E6AD542E44D
1822	692025	5317A1417B586C9955E812BD2CE9A73D4146B88B1376F16800FAE57EBDA25AEB
1823	692145	A9B159DC5051B07AC88CC12C2839000839D3C1F9B0AAE061C87D790CA11D0326
1824	692166	76274152664FEB3243D73C81E5FE0BDA5764A2F358EFA76E88D7B1341068D95F
1825	692180	7D2BC25562549BEB4925D8B25119ED91A03066A7D98E3059F1846B9BA3AA8139
1826	692256	DCD8190D4AB420BDC6BB33DE856A7BDB32B3BB3BA074CCCF3A07FBFC771F59EB
1827	692258	CCB5A98F1236010484CC65F503E643549BE8A2448CF84C66E135108FC4FEE500
1828	692475	D122AD2D73A79FA9C69B3E87404947EB4E8E42DED87202449620AE1820066987
1829	692514	8740FB4B9EB70810D830EC16C10EC8818C3E9D3787E1F036FC642C64B8EF70AE
1830	692537	DE0954DD62894E7991CE705A8B1E30CE24493FD713C08504F054D8C2B04289A9
1831	692573	13F944406960F2FB3ED783390EE577BC2826BCF8D6BF2147A4DA380B86AE54E3
1832	692643	F6D52E646230B54A2658694C914E51C51F322513FCC40AAE046487BA0B1559D6
1833	692679	EC958B972E3F459E31B0C00C69291D09B57156674AEE9D81A39505A654129559
1834	692694	9DCBFB6553825400AB4FB48B55FE140521A364C5519BC15B3631E0F33758C4D0
1835	692696	37286C0E8DF6DAA0D48408603E04CF3022E63923689DD07937882770913D9F8B
1836	692765	EA374B278A0599FF22126CF445A7E81C5FC2F141EB4D558829E91263EC93CF78
1837	692781	DCFA5D839A80DB505FFC01C0879C13584C703CEBC5D16948C572AE0C91EA2A84
1838	692825	8112B7D7AB5923E582067654F9DDEA38A16F1EACAEF8D12D5A6353A1B6F01200
1839	692906	2E80EF156005B057D09E44CA73A188F44FD92F873E6EB406B717745A0F52BD92
1840	692920	6EF530BBE4808C9CEDFF38D6A3CDD9C0DB3CAD5F7F4973CA1869646DCA669792
1841	692923	877CA630F95D3C828F218E07A358E0FEF66D1722B26A4B8BB8DAE88D4C57EC88
1842	692942	B047279A9521D673F3BB037DB144C000AC981AE9AC6EC0166AE23A4E365C5B02
1843	692954	D00243E85163396066C8996224D4643D60B65F805582713502A2CD94A7573E6B
1844	693136	264D4DC201C6ACE46E64D5803164F6EC1957825111A55117942B1D492BA19E1B
1845	693300	D320E0FB0CD9C841C5CD7C642E2654E33DB443869808D26182B51B1BBE6CF609
1846	693302	529270E4C219C27ABBB7AC0855E2BE1B212BB41CA8F8D9CB549C918BECE2C310
1847	693328	9873852682E6FBEAA50B820C7BB14A320E3F3EE5E5629100987C6FF989563666
1848	693332	5903FFF5E43AD793908D1BD019F2F5094C407E086D0AF5618540C86378142DD6
1849	693438	BA92A9706A4143BE06B4E8D6A20EE55BE102B82E9FAD7442695E3BFD5745DE4C
1850	693545	FA2E99ECB00791D9BA13F56382B84CE6747E9881572E5407343B0DAD9565E83D
1851	693556	2BE7A0D84EA351897C6D7ED3A683164A54AB97457DA45F32F75A5A884F9DACDE
1852	693560	02A24493196779F4A56FCF3BDC3542E58819BE4152D2E3636CCEF97AF9273F32
1853	694238	A875F48D9CB3223771C5A795D69EE1F9957FE5D9B2929862AFE3B5C589210624
1854	694721	D77303417146C884A80F6FC830455167D52CFED902E706E3375F5AC5474DF403
1855	694723	9876B2D1A2D2A8C4B80267F90C24FF9A705110677C7BB4F89C09A087D3E81A3E
1856	696464	65B29AC90E4FC8F0FC8B3F8C2AA0E07D2EE25CDEE2D4B3828EE1AD21E2D230F6
1857	697929	B559EFBE72F1DF0545D46F50C500D899166A99BF383F9383869B5A37593F1854
1858	697982	A18FFEABE3E0AD8125E8AFA8423CB150762BAA1CDD73649032181FD1D0C29F17
1859	698699	C90030AEACF4F7CB600BF19EB43CDA7B6C00222952816B26CA2E650CC85417D5
1860	698701	69D30DFD9411973AD11F6481E0C176444886F0C4C84DCB6B52EB27D6BF7BDA6A
1861	698818	357C5B1BC2BEFB7FDEA6FC009D6EA487C054824BB9EAEB66D10465422A746684
1862	698819	0FCCE27D4B8C4C29F3ADAE41D934FFC99DE1A9E0852457BD96CF8B068768D2AB
1863	698890	CEEABD37A35EBB0526DE41FF69F0632A350160AA88909280F9470497E78AA63B
1864	698900	D5CD14D907381AD9F84529171D531247AF221F792DF755879037224DBACA3833
1865	698920	F0DD87876B4F75AAEF165D0A48395D1C61F44694F448962A93226E1A8E42DF64
1866	698928	E61800476B7A1557D511BF01801BE8470525F661EA4C29A57FBB1E89C9FB9E66
1867	699278	50CC243CC09ED3EA9430344975A74AB9885A42293BA07B673945206FBEB1E7ED
1868	699398	88B4B4AE96EDC7A2FA583D2C137AFF96D2683A0A23D3C7699EF66AD2C528DE8B
1869	699400	AE34AAB4DC85389E8E1346C97735F655B69A291576CD658C2BEE0B87742C1DB5
1870	699502	B6846D4A5259EAAE3DBF3B3E8D4E8079C267FBB30253F179C8D59722E744CABA
1871	699548	8D501180C4720B779FB3E1EE5EF20C7119565E08D471E412C34A7DC3549FFE6D
1872	699578	016776A6B0C6BA018B43F32DBAEDCE9E89F8599C18294F9737BBB792124F4978
1873	699738	4E462AD9EDC243FF74C90CEC345855E279A5E47B340CD86405BE37F8E6269CF1
1874	699740	D1DB2E36DB9B7CC44FCD3CAADE75F9973A8F9985ED70645EEE6C86F84E2383D9
1875	699741	5F43B2DA9709D3D485E48E72A2DF58AC60E77AA91B84BFF59F703B85CA1ADC26
1876	699858	E83C35759EF880AAE72BC43788DEB5C70B3F5AB951A0AA74A3DA02BACD66273E
1877	699998	BECC96C2CC22FDFA5B24A61FEA342FBA5F2B84240BBC74F5B9D97A8D0B5B976B
1878	700002	0F9085D0781E4D1DDF00AEF4316509A2971D53930B7F21CC6B4710B302CCCAA2
1879	700999	0B21E6AFE27E4B527D96748DD6DDAE1ED443F977999BA2FA1E369C78BAE35B1B
1880	701000	8BDA88DA04998A544D35B27E71D86E70EA02D499C867C69C01B985FFD80AC515
1881	701005	17CF5D50CDAD35D4A318FA28A8DC6C2DCF8FFC974E71E741F43D8D1A0DDB6A23
1882	701009	CD5B9C323675B68487AEBD9489D6284BBBC4FB2D3E0FA89D4F9533540F9CE91C
1883	701061	39B7415DF9EFAF9BC6B99CBA158028AA7F5523A2F3D7D9BF80868D87BE698C9A
1884	701072	27352B2A5CECE43850C5008CCAB4C0F0227BCD078ADF3BB5C9B702DDDFAAC233
1885	701147	52FF7FB92D4042F98AF59AE268689C339ED703DE568FE805F5A8CC233A6D8A6D
1886	701227	39A9BA277F801CB39D0E73B3223C043129A290896D6675311C9F0F27E0DF2FDB
1887	701239	BC00213F0CC5F68B2D03382FDFE82B41FF39DBE2E00082E09B5BE01A57273EB9
1888	701257	121144AD218FF030890FBE630F106202ED725A34FE6D50128AF465D1A8C5BBBB
1889	701267	521C52C7037920BF2F4CF2E44E57546BA857FF16F48B78DA344E55221BBF57C4
1890	701371	85C7897B160E5BC5EAB194481E8FF84C12A1FB230100328BDF1471BF0F3385F0
1891	701395	AF7F8DF1AEBEA4ACFD8357A0A793433CB3C7D397A836486E4046FCD3243129D8
1892	701453	07E45CF0002691089C0FF1A41A12DD13483142D3C78180FCD93EE1F39287B892
1893	701505	E99A54DFE82A157A28581D2807EDFD96BDC8CEC371542DDFDEBDEAEB607E8EBC
1894	701528	630F4E4E8F086FC7202958AB71A864137D7B0A8E115FE4A9B34F6181B9C1E525
1895	701562	4C1170B57AFB706EB17D8C5A7D75943A2A5CE8FE7F7B11E59ABC3278AA646618
1896	701659	65850D240888987D9F4136AD962AA98F13D46B4D56F383DF06B29F0CD7C502B0
1897	701725	22E6CCEF6256A8264BFE4A3D2BEFF3CF9C7DB3247F74447C556298C28EED6E95
1898	701761	6284838EAD640C81253DE99E293AEB56CF6F15E323DA8C15C40C105FEB7343CC
1899	701804	B6BDD46FA4C12385BFC9265D360EC0654980C14F8B5B201B6D26DFA68DED8805
1900	701811	E12079D8396D6C357D1A931D01F8087B6D29AE0F8EE59C1BBA3F37A3567AFE7B
1901	701835	8D10C77AB8A059212A637CC4CA586374C7A8E552DA0E91D4C91FC7D59DE0284A
1902	701874	68C47E07A8975E5B15BB58E17FF24B78C32D099D8E758C5E7AEAAB75D603D160
1903	701876	FC8E51B016D65A17E68263BCA5DB31BF5B9CBEA9C196D4DD4E71B9F4733C7BFD
1904	701933	D1D10F634A39249B98BE3E8ED17A3300CDBF2AEA34B787E13D8ABD5F6140F1BA
1905	701982	939B44EB02DCBE5BB23F2E4FA53078AF3FD67495226B773219247AE85CF944E4
1906	701995	F2FA7C422C97113C24C07C9E1C22F25859FB6B493A232BF243D3B436CBC2DAD0
1907	702003	18C098B01F87827FB1675973EC0DCE1E2C134BA7137D427DA27DF6D8C4E9A539
1908	702056	0055131D61F350E0F983349AC4578104BB45F996242611EE0F7E51AB2BDBF431
1909	702141	0667FC6C9D1A78343C06F8A14B5C62E85D1A305F01D3EB168238FDE61B7CB3C2
1910	702186	13EFEC792654EE600EA5A467BBAC9F406D372A003C8CF9DBB01403CB8962437E
1911	702239	7EF1BE5F85DDF232DC83744F7888678B59905749F66B7F793076642814A961DE
1912	702266	5E17413CB5682C0AE4CA84AA684A9714299BE688E9806C9B9370F15202A603A1
1913	702337	E1552FC0E19409F320C9F5AA12D226397DE456EDDCE99E47E16FEE4C2DB44A07
1914	702492	2570437158D28C3BED703424CB3A92FA3952D8F75D6936583DB3EBA0FA809C2E
1915	702496	B09357FABB8D1BBB87ABAFD913AC017DB841713F135E9B4B7D5B21CC8DC15040
1916	702520	3E96E43CBD7944A5AC6D885F99343D404F1416E41AF0A6129E58C3A926B84A36
1917	702660	C8B94D8F5137D14BC2175D6BCD144CE9C09E3521AA64A9310CDFFC139D62FFF6
1918	702662	5C1B6F3F1626C2D41BAAE36DD52DE64F45EF5E8479BCB4CFC4DEDE4FFA56BB8A
1919	702785	5675B281696983D3369879B5D6CA2F5B3DD9B17B4B8268ECF784A3FD9D5AC285
1920	702798	5BD385BC8376121E849F8F4C513CB82BB86B23C88A1CCF7A72EB88B770430C75
1921	703865	55EB77C3E0BEF149D1371170CBF4E866E15B101938AD8031F89EA57CDC7A1732
1922	703867	556FFE0B9A3C7863792306066DFF189DB01BE2879EE53124CEE60B54F6776478
1923	703869	9F50FD3325F8FFC3B163B11B529DB6A624B03AEA6D615E51431AE97E037974BD
1924	714067	60BA5E0DC96BC8FA340F9589CD3AD63F365879C23F34CBDD59B20F01046AA951
1925	714071	14C758FC00C1FDCB8C23ABDF18768A9C336799AA2761A2B7E383ABB47B946D59
1926	714073	A6A185DC5F0BBC15146DC5D3557763E2F2923A2A6159DF202B0033D6DE700EF6
1927	714074	568468FFE014DC5FE2904D0761701BBE27B93FC6797F62DE676EF0B240C1BABC
1928	714105	5C6BB9545644FD759B280CF7E4B92CB9843033EB2C5149A9E691755C89C5AFC1
1929	714107	576B2F09C091ACEA0C63219C4815D0B7B325370319281C288008D53202CE9A37
1930	714109	F5B3D1093DFD38E19136D7CC8275C6BF0FDA92459838699D3EF2FA0503CD2332
1931	714111	8E0EC1B85215585ADB94251A75304A7614891DFABC4EC7853741A93732471F0E
1932	714113	FA3D509DF8F0C9B31BA37EFEE2C50281BD5A1123525FF3B67F3663E9BDDC52C5
1933	714114	CE019549BADBDF4AE153B76C56C630CF3CF832B223C3D768D09961D3531B89B0
1934	721282	7D86D790751177720B0670AC25BF41D82E2188B46EB877CABFC9EE833362E2DB
1935	721722	BDD720F38C238AAE15B8949AEFE5E54C5A1761C69B3F0E1A5B611A2E09526267
1936	738422	DBF60929486B9E94F3C2E41A36E588E4C1B226541D05CA968C8BF57DA290C1BF
1937	744665	248AB8BA9E8719B151FCA878770A12FF426FF2BC1AFF57D14519A9D9D8B43654
1938	744667	7DAF24FDB1725611DE18FDACE60887C0D2D43D4BC99649BE2C2C171E5593BD14
1939	744669	46AB1C09C0975C262EF74F10C8355A7866CF8478A7736E6433D7F233453E26B5
1940	744671	B898E53048179740D30695F29EB2793476B6E958A3AA1A280A796B525059F502
1941	744705	DE79992F6E44945AD5CD2E8C9312CF6B5EFC91D73E2777399660BB8CB6D525E6
1942	744707	93BF28C2E836ADF2C2C5EDE36C70E6BFABFBB61C0F835124A545921EAE664B8F
1943	744711	18462D81603243E9A60489A944E426B9B30B89BE8A3D49376D8659DBCAFBCD94
1944	744712	A1E0268A8EF91F2461E55EAD3C6A8F0035B83599A299650FFDC427DB934D0C26
1945	744713	63436FF8DEA120C9BCE2215B0C1026882F5CBD0255024F97D41C53F85517A3B0
1946	744843	BFB4659F57AE6B9F396F639C27A052EA4FFA0C192794E21087955F743DD593DD
1947	745063	365BCEBBF416957E7C08CC505EAA756547167C836E8AA691D31DE853839471AD
1948	750232	BF9BFA66D7A6BAD41C82BFC8A7491808069260C5C67CC3D14D3E9952952A01A7
1949	751882	170B63B593DC91CC923DC25CDF4FF39FCC3ADD45C419570683CAF001455CFF24
1950	751902	FC33877DC092756A59EA2A64D6B7FCB18FE2A410CAAA5789AD92AAC1E509E619
1951	764373	C4CF379F0554A5C1F51573E5A4FFA1B062142A941859EF1ACC2A99EF8072998B
1952	790745	DA8825771958847A7583C91D80E819172503913C4BD68042815CCA9880599F00
1953	790747	43004DE056DA659502D3B21227B9638A700617233B361134EB3DC1AFEECADBA7
1954	790751	9E23E8535B6201597B6FA1235879DD2BC8267BBB023232B60FBEBB5FD99204F0
1955	790753	1234054C280A4968CC6C20C8567672DA98A077FA6C359E65ADB44DC6ED218692
1956	790754	077BC6BF658D3923F003D7461AB66C8FE35CF5CAA2ACE801E478E2BC470ACC96
1957	794258	FB26FE3B768B6CB1A4BE0B919A7092802ACBDCA7E0DEE75A7818A4B63BE717FB
1958	799594	356CC101421BB88CB732B2F782B9E2D5C6C92C9D2619860FAAFA08B9647612A5
1959	826592	73D2F4D9B3CA58F3C328757194F89F4F9A297E61D03825D80D712C8A893DD98E
1960	841472	5D132893BA4183E597C0ACAB5628E78F4F00589EF221FE32199575B57D3CF7A9
1961	841473	8F2CA6775F8F06304516760B735DA4F507043E3E1F9EF914BA014F89F69586BB
1962	841592	BDCD01013C5E4B10F5457398DA4DC7FD38F8277CF4769B2E133ABD3019751091
1963	841593	0B155FA9D88071DF6BD515339C73301740A7AE6BAF82F21AFD1E9E22935F6E7A
1964	842041	66CB8494EEAEC18C42A1C55F3F5C7BBF1A0C3214685F164221821ACFB3DEC515
1965	842043	0A8322ADDC053370C35D2BA0CC3FC93ADC5DE5B226C2566AAC0AA02C7D5159E3
1966	842069	59173DAD269C5BB6B1E9FA5BAC33199AEDA3AB3424CD2ACFDD7A85CF25E29B23
1967	842163	89AFC6F5BBA51F594B7FCD0898033514DAF715DFB94047EB2275C6737F45ADEB
1968	842189	8D4402FB8FE69C73AA65A7CFDEDD29E05D1B93DE9F58A293516E28FD58CE1495
1969	842193	483591433EB109148EB950554547DF6BF88E7B9ACF67788702D79C7717FDD820
1970	842443	27B4ED44ADFD921A6EB24CEE025BE5127ABAA2C9D8489D1F6DAA51DAA9FCAAB8
1971	842470	37B03E3A26526ECF348A6767C446529EB3AEF637C6D9BA21C8BC679EF5EE9DF1
1972	842473	64887E4857A7396CF8F311DDCDF675D3B6A7361B091C4D43ACBE803BB9898D7B
1973	842653	25399DFA8606F781AB7F129F857709040872F5AC525578B9A2AAFDB9F9DB9B6B
1974	842903	00C0545B50E1CE6DC0EDF58C8EAAD24A30D23300C6C689D203E2E77CEBE6904E
1975	842931	128C69FDAD3736C6DA70E49B8C8F93F3E29E10D2E8874449FCE3005E9877EC4A
1976	842952	5CF910A91D68C9E518AB06440750E05530572CE8DFE7CE71A930E74BAF3F92CC
1977	843262	EC057288B6DB04AA4AAEBFCD5CEE72581D2C4B157B747117B3E1358F7C9A871C
1978	843299	58474700F7FFEF198D3F460F70BA11FF752867142FC57088D538E7B6E380CDD4
1979	843319	AE9E04D97FCE7B401C6216162AE477470CF6671BCFE92E67597759CC0D575786
1980	843890	23CA726AD82D7CDE38C38D964E269EB3E02146D56ECD7DC307BFAAD854EEE411
1981	844006	2E7CD899B61EE295B689B050A0C1F1727FB4FA123A855A4EAF1731BF332C1226
1982	844090	E4C656848E7E002CFCBADF352225D1312E0298E894D20F1DCACB9F1804D5EAF8
1983	844102	3B3A3927E45B14DE05F5D2B353ACDBFD40C342F7F1EFF9F323B796BEF7D9CAAD
1984	844138	66053D4A655908C84FD5BE3B598205DB2371774D5A79EC2D7653243DAD59B4A3
1985	844198	DBF5688AE3D36F201708FF9CE63FDBA5CC59653A233D49709284E1DE456B2D59
1986	844598	4071A7D89F253DF196DBC58E4E3CBB725AA61CBE500E5AE6A1F21308ACC2D456
1987	844610	021187EA8E0C24FE56DBF4DE17EF5A38655780AE04AF3131137DC660901EF72C
1988	844682	CE670C30DA4F6971D33456434D8BC11692E74E1F0B984E319B31EFF9DE7B8EE3
1989	844742	E7671C86BDCE56760E5A4567BD02233B414947E023FDFFDF1E69CACDF0B9E36D
1990	844758	6B4A8C5709C831B308B93D4E3452A3B5298DA680189A6BF4EF907044E2BBC80F
1991	844814	6B95EBA9354B314F660342238608D71F7992056288A0198C22DB8B4CFD7BDF3A
1992	844830	7E0A9D3D670ED7A45409899C31B9E98AAA3465735DA4AC0EBDA9561ED27A6E8C
1993	844930	49A64A4E6B95556BBC97A224249EF9A700D4F20732F3602C1773CD8143DB1337
1994	845023	DE6CBF5167F1795AC97EC123C6A132D9B578596F6DBFCC8084E5A19D89FD2F52
1995	845042	4B0379EAF3793A8243417D42D06D653CC97F9A23B1C0BFCCB585143138A89BBD
1996	845050	2693647429040B6B4EF7D0A15CAA89BB2D64921D077FBD48786B072618C893C7
1997	845278	57AFE949AF8248DC88026235E47757C56291DE0E045B61E555BA92DC40239A3C
1998	845279	B8C0F79F850A75A361D2D60139086CCEE4D6DBFA9A4A03C8C27E90C1CF854D07
1999	845290	7AA2E40EC133DD8A6C91E38C5398D81B18AECCF758AE494D3A280A17CEE0BE5C
2000	845291	14206E76095302C03557874BB7158A501D23FC3781DCB2D05E05F7F57CECF06B
2001	845314	029BED60F24DD4FDB287E1AE969ECACDD3559266ABBA3D85DFF44ED2922EF503
2002	845315	17C0657DD13F6483984C149126142E4C4B067840BAFE7C1ABC018B210F2241D2
2003	845338	7F6D1A014D59B9BC32EA8D6517A255C49A5EA3814FC46AE448598E2D3FCC1B0B
2004	845340	9F9F3BB6FCB3360F5BDDC3374BB0680F133482BDB0A5B40E6CE1BDFFC956F1A9
2005	845387	34C5BD1F66BC56BA24E8016C18EBA56877B12BDA6A18B85AC852CAF460949E84
2006	845401	B9C24BFFE3C36F7AC34670579927C25BA0EB102FE58D626484C23D666844245C
2007	845470	1D01E572FB1F9C6B2749C10FCE1CBCCF913B735F85ED0ED197E0823468430F74
2008	845474	D98D7FD56A9ABEFA6BB376AB08FD6037CAB58A7CC36CDCF70ED2DC0C8C30B6D4
2009	845502	43ADCD2799940F3A7B390ED25392488D41CFA94BD7E1A62371CDF086A4B88D1F
2010	845504	CCCDE5E6C19387F34FAFD6A7EA64FE8AB98C40C3EBB37B935B0A79E6E8BDB3CA
2011	845542	9368D6D682FDC1EE904E8BB29C699BF9E9CB3D3050155A75EBA10C84043BE6BD
2012	845575	AD7B81C1B166870D80CBFB24340586B5D04AFB0DADCDEAA3DA19ED4B26DD3173
2013	845585	F71EF065E916B363757F0BB828FEBE99E4F0B64596A8A1AEE4163C59759EF35D
2014	845644	3FABFCA31B2039051C0C5529B4C683B0FF12BEDF3ECCD6AF7C5F4BBEC603DDAB
2015	845713	D69BE3FD20FD36CE43875726345CFE26487FFF370E195048AE52975E5D8AC10C
2016	845721	1FE8C2625A7FE4BE29334137496DDFC073430691078167853225A0D55861EC1F
2017	846002	D883584C688C9A856338BC93FF160440102A753EED8946ECD3FEB4702F770643
2018	850106	C31835AC83B0F79C29E83061AA21B3E4477CBC23CC35724EADA15D1FDCACF7A8
2019	850679	7809C55681CEB7DCB44E472842A80C101A7DBF1F99D8DCD4F0C710DE98249741
2020	850682	714BDFB481A92C55BE70AB3C454F419A6623A55B1E37C49AF064E98D2DE15F79
2021	850683	3A762145E9EF72B26EDBF4099170096DE2A8713A724B54D088D60707C6BEAB92
2022	850799	9ECEF2FBE0F39C82C1588AA39CBAA5D92AAD6A5A445AC1B2BA6C6A4085E3C514
2023	850803	F933F2D9DF0D54C8515724AA8BF6C6910AE917E37B32B496A397C6F198B9A7C9
2024	850829	AB7A27F7E38361BDEF1FA5508BD2E18EFDFDD155DD47F9ABDDEE3CA26D2546D3
2025	850833	AD6DE448B87B20E7F184FC7C936A6EA47690D4306A6555FCBFF9D1BBDA9A5A9D
2026	850919	DF729333797DEE603F1C07476F4E4E954299C48CA32F29CDAF34A734C9D2C3A1
2027	850952	B0A79892D7D4800C9A2F63CC77B7509DF420967DAF92005F1217C61E13F9CD41
2028	851181	53A4A4E4F6533229941547A1848E9DEED66296D907275E7728F582E0B984D16C
2029	851183	480CC47792ACF50013AB5A4903F22E6A232F884A88B454F4A7B7CF86966BEFBD
2030	851429	49EEA5E04C281B96B06EF1F99755AF80697D0FE08B6E11056A06FC0E00215D42
2031	851431	72EBD2F084B1D1EBB7F27EF49CFDC7F9388D5BB380538A5D2F39F4B000722AAB
2032	851523	6C133448B131D1B1689AA5D26E988339DB4B8850991E6C1C35363F5302F540DA
2033	851549	6E1B958660261A031C90DE12B55F7B8D4A22BCFDAEE2D34DBA424019C9E6809D
2034	851800	16451B3CD3624CBA1C5CC28671C41025AFE25844EADE2A26D25671BB194B86EF
2035	851803	3756C5C9EE7C602CB2E70CF7EA8C58AF607458C34CE56FAACB29EA1841820E94
2036	851830	911F777029111F5CFD7B52346592F9D8453157339D9F1208F16AF0DBE0E84C9A
2037	852009	184213EDEDDB39CBAE4CCD0FCF16FD1FEF8CCBBC558AD5C75F5CA4423CD0FC8A
2038	852011	4C80EF483282AC559FD6E785555C035035E3A2B1CA0A491E5C7071702AB82D13
2039	852013	E45446DACD00893F131D4FDFF3377D5A88CD77EE5D0F115C8BE68463A748BF36
2040	852289	9593645F833777EA616B77541C3FB75BE3D74A18C6D93A385586FB92F4624501
2041	852291	DF829EC525E2BC49AECBCC7E32BBAD522ED210AB195544E35938A8E579F8B0A0
2042	852619	3601321F4E823DC001D757A8E9B8B3AE47C0F8C8CFCB300ECA529D0411619402
2043	852681	7749B89C3D9FA625637D127F00395FA4BE3EE5634E25A53617470C87C028B6E6
2044	853214	B8E4265063CBA448E9DC8361C2D69DFC0BE39C9376DC649503077CDE0918EAA0
2045	853318	48F18B24EB75184E9B3142A2DEB0CDBC82B7ECACE92411F241A664B3EF5DFCCA
2046	853346	056D78A8B34865A38049E6FA599D0AAA3AFCAA1D4F753FC849CA343D8CA2A703
2047	853438	C19C70EB4993C8920F50C073A9C24DB873DCF1006CDC587825E5630E4C86006A
2048	853498	25CF5E951CDCD04A7BCC09433A5D00E5F6149336113E675E7A8EF350CE315C68
2049	853582	4991C6A4A576701B2AA1C965D7B03DBCBC10F68D7F793E75A8CF7E08AA6EAEFF
2050	853594	5A1BAC9C6C5DFF9F683F03731C1069AA2F80DBDEA54871AEE46670DAFC608FF7
2051	853606	1C10B7905A790C3EBDCA6331DA03AAE749A5A71B3F03DF420E94EEC7CE3CCDE8
2052	853608	5689973386E57EC3DE3FAAA9A6BDCFF1459387AE666358645C0B8AA6D919A2F8
2053	853942	345B019115A83533762C14C16A8FCAC8558023C7D363F95F7E21EB12FF5FBF59
2054	853990	E3816FAEF5F4AAE63E3CF77B926CEF6000DE66F07655E17B78E5A878B39F5FA8
2055	853994	E027586E2C9FFFDD2BBA32F93AF8EDF074863B9883788C8AA330FEC7A94E7C19
2056	854006	1C6436B2D3B04D0B4CECDABE2B8743EEEC190660DC1B1C0E731CAE1A3C569FD4
2057	854042	6DE63A2A85A8049F39DAEE161B23B4FFAB459CC5D806789ACE7DB069E9BDB3A7
2058	854046	9D1BEB8A24830F6236E81E8C1FFBC50F4955CA4B86A85891043A6049D100CF64
2059	854102	F2A7CF4D07B24106BB910CF9CDC28169119AB37D0903E15A5CF4ECE4E4A551F6
2060	854118	1F1ECCD870F86E75781874AA87C098A6E9797966875591CA98361286EBE56286
2061	854170	A64171B8E89A7767DD14657B0285FE8B066FB6AF095D5A42F93BC755B28B207C
2062	854174	355BA4E67376B8F1F349687BCAEA37448F525E04B75E0851A2BDA3DB00D4709A
2063	854190	167E9F19EB215402B8C51745F8139E83E9B760621ECB60FA9D94BDB0A9A5B822
2064	854218	64A7165CBC381EA2668548A05A5EAF72FA5D1721F646E87EB248DFF066E5AA2F
2065	854290	EE442038AF7091842CB64938F97D9CEF4DD462F370B52E66C368D143A94DFEF0
2066	854354	23143029FCA5B3E95A8A0D6717F5D84D8A1DAB6CB4FD63DD6A8F049A22D59C71
2067	854650	4D9C751EA6F9BBC24D6E640751416814FF9BAF9F30B586FF7DD6F722D1F65629
2068	854663	0A2718168BF3AA0397C4AE022EF020E6A0E5A2D04C0F159719BB32C640BF8F42
2069	854675	F5C6BB3A48CB5329E8AB5C9741EA08BB9DAAFEE2AE098DB48071F14A92F6E5AE
2070	854698	E6CC8C382D02C7F4F24CEDB19691217F4CAADFFE38D2D5141FAC0F76652C3D13
2071	854746	F1E7FD2F3B1D742F7593A83BC08EA801C2FF15A490450AD18CC8C9A8EF8BF45C
2072	854759	8135E612DB634C9BA79F8508F54E789298EDE5F06F0A57BE32AD7860B2578D44
2073	854761	1453D4B07C226E13BC0D6F3E0E51BF69BDC9604AD5367E8B319A0FCC1A6F4473
2074	854788	3EAA6077DCCCA1EE1501566D07170EDB1EB6D9FE2F93325E4C183CF277FDCE54
2075	854801	4DD766DE0E5E6FD80BA3AB2C1BEC946DFA938F3D9AF34C0EA8E13402C58B1300
2076	854834	5DFEF62884E6071950D86A30D3A3F872DD49F8CBFE712B2064C324C8C8DE8303
2077	854902	EC00D1A38F4E03EA2E27AC5F7E0A05EA956221C15B986C549265C38C89B2BF5E
2078	854903	4B94A98E6409C374D2FC75352F6F1ADF6E1EFD287AF602290D6E7146EC20CD96
2079	854920	CC72213EC8E90B369B8A5AA8940B9DA2E4F5FDA2A544C64D0A92D8C5DA3F9AD3
2080	854931	8ACCFCE8D769F95EF72AF202D7B5DC7B5EDF013B9D1C2BC9A689257ECDBEE016
2081	855004	FBFA55A3D8C3BF56493EF1C057A743F03717CFE1DDE8651243923B231853AD5F
2082	855047	71CB37BF1D342ABF896014FF1B242ED5A8A98DB471D75D33D2C2A386B6C1F8F0
2083	855054	56C85BC8F4E8CF544C78C806227C3B55B3FF32B1D0AB45CF5CB4706224E31D9A
2084	855073	7544282E18FECEED89723336A9AF919687A2FE9340574F0B1E0885DAD13518F6
2085	874335	4D58236F9BEA772DB0F33EB68BCD566D8599F6184885FC90F3BF108D2BFEDEF9
2086	874343	5AFBB1B267AA2D10DA4F670FC185743768805FE25DD75A8F25A99C4E44AD7CB0
2087	906074	D08B9677CC5353AD2C35EE0149FB9DC434628B973491BC91BD5CCB64A80FDED1
2088	922489	6E5BA29E1AFCFC9F4329123FE50CC5A3F7324651502A529AB38A2BE4F2EF4D0E
2089	922493	3D238C20F0A136A17929704053E2601611BF09069F94F782D7C90938C7022D1C
2090	948830	ADC3859354B28B085F41E9491FA507E20E0E37D52343633ED47BA6AAF42710D2
2091	952007	51039FC413D82C46FE61CEB26D8322D9C63AB1AB81353F0EB36CC2FF44CCE4A9
2092	1003367	D747253A62260FE59CEA2483875766E8FAA2CA546C9061EB31B6F9715D652FAB
2093	1070639	D00EDEFCB4CE8175AE45DF61F4FF5621542A0A2DD5261D1CFC7C8D7E0529F416
2094	1070642	16ADB9EC98FE260842FA8529ABADC783818736C8AA49BE82ADD5155F8C0F8D25
2095	1070646	BCAA3497CFB103DF170EE80153C5C8D9C53276F106983B57205FDDF573B82EFD
2096	1070647	EAE3E38C16FFAF58FEF64B7F35E586B16D99B3CE34A24DFF8EB09EC0B0A7A0DB
2097	1070672	E8B8B258DD8DB464FF9FF400D9356EC77F549B1B78C79E1F3CA72FD2C9187CD3
2098	1070676	3EF2BCAAA93E74D5D0E3E1B469A8D99BD9833F5C4D7C3470EB9035A8F8E40FE7
2099	1070762	D6CA5FF29B9D106C06C9C21893AFD989A89D169266B6FE9A060FCBB1AD4739DF
2100	1070766	4AC22875E45723BC3C3D7C64B92FB2CE071F610A42D0AE919E58D52190FA9311
2101	1070767	00C02F4201EE1558DA3D4E7705F0DE3F848A620D1AA8329CF5E251C5C31B826A
2102	1070789	5AE8C898258408DB7ED8448F197ECF0CE27CBFD122068E07561D4BBDAD750AC6
2103	1070879	9C98BAD5347949859C6BED4FED69C32332D978D8591CDF60F269AB670296A351
2104	1070882	633E6EBECF3AD309C7A3F5824F536A0165DDCB88C4B8118A3EF218ACCD67428E
2105	1070883	8F3F8E894A939BF9C728B5E615DA548A4384CEDDB047939F6B0DA47B9C4FADA4
2106	1070909	9746B1C13FB109EEB4C2DBCBFDBCC1DA1723748C820BF6DB7B81CD44776FA41E
2107	1070912	D9F35E0A8660C310C2E886218B6BD03C88FECB3FD00969E634B38553C90009F1
2108	1070916	17951A1364B8FBD16B9C55740837F4A895BA5FDE4A147C2C4D476F349C28E52B
2109	1070917	DCE143090CE35A53B12CF6BFB8FB1898BB588CE12B61E9EDB50B5A02A9DD94CD
2110	1070938	1C9C43B131312504D9D3E700E8D55832D9672558F2492EE83FE0DB73226890B3
2111	1070941	E14A96A213BD7AD7E8614CF36A4985506F296DB606EF65603259535DE809EAA6
2112	1070943	73A0F73BAF9CE4609D6CB901D503BD02B38D64D0C58FECF6180E4BA8AC3FDA21
2113	1071058	E44ECA47E32482DE00A26BAB9F392F420C7677EC5B50D613C51F15B4E6372B70
2114	1071059	67570564DE591AFC94F109ADA6D304FF75588CDE217E6C155AA607F9ABF777F2
2115	1071063	2A34B90C181B2457EA814E321FD3CCE7562BB7D10C67140F5ECA231CB6A4DB46
2116	1071067	F57E3B578E150D5A5D548F96E9365993B0C8D351BEDF20C812A876E7AE372848
2117	1071245	5364670F839C3CA211A6678572C8B8179EF2BB0DD3FDCB0D93AA2AECBA566AEE
2118	1071258	2F76E6C267FEE19E3577B25AFFC3B8BA151D017D915BE784D3C05B0A8BB29DFB
2119	1071262	5B558183EF207942DD5082A57AF5423DB9C200BECDE2570D441F379E08CBC515
2120	1071263	108915B9B7562BB43E63A467E61AAB7192B1FAF499FF2B27541D2FB77C0DBEB6
2121	1071267	CEE4F885F27067F0FAE17625AAB7B99ADBF63172400AF85D1BDBD6A0D4EADCD1
2122	1071480	FF3FA41A687BA123BA15CB5EFCB3AD8D6171862E13955866C4E8F51A0F0A547E
2123	1071481	775DC4D8838041C780FBB61780CEF34D0054F8D635E211585EB91A9528536902
2124	1071486	95E12D8B2A115AF7DA5018EE699A7EB20FA49C3BFE5A36EA95F142C065E8DE9A
2125	1071517	30F43105195D974DC4F9AC304EAC95A103C62087C92D63C67660501960C0D190
2126	1071518	B9774A02C5BE19873935A8C5860E05D48EACDF54AC8AE9256F8D03330230AEF9
2127	1071521	D004495900C72140E63BDDEEDE552B83A423B96658E5D21D2934AAAD4E4D977E
2128	1071523	1338586101ABFE6EEEC3A8737E94C70BDB5D683B0CD68199358B1E4657CBFBBF
2129	1071840	BDB3ADAE3C90894FBBC17CDC75C4AD81FF9A89D31C2858950D0DDE313C29433C
2130	1071843	20CD6BB4B1C7F300CE6C04540930968B3B98E96C68DF9E57FE066E48E81EFAD3
2131	1071845	41D70F9E34CE9877DF0653D4CF9DC26F0143B0E1129CC092DBCE81F0DC1B198A
2132	1071863	D4FA9EB8890A64681EBE18815F2770C15A55B061F3D3F8BC4D50A35E9F6274D5
2133	1071867	26804C7E43290A41CAF9B5B9D29AC775CB170EFD94C9E8F51CCF58BC09B15FE0
2134	1071959	7F9DC97B1E903D408CC72883444ACC6491B3A66F05F958DB3F5CF383851AA376
2135	1071978	FDB4058064A16D4668089A83EB07FDFA07FEBDAA0F8533E877F4F5ABF6CC8CFB
2136	1071980	59FE326ADC4C4B448FFCB3075FC52A99CA5C9B001642C95CE90A3EEB6FC769A2
2137	1071981	50C966DC41136530EDDA23F269ED9357CB01530C8336433A5D48E6134CA23F68
2138	1071983	423E2A0541794517209A4188C6DF17EE9D53CA6540B73BB0A1F3CAFEEA12FF89
2139	1071987	F1F2384CBE684A26F287C36887BF3BB7FBBDC14BF3E9B370E51CF2751AEAD7C5
2140	1072098	36D257A2ED3F28F592124086202A992F759C55C6BD777CCA0FDACF898591E861
2141	1072101	28BF56A291AC52E0A83E1D13512694DF44BDF546D8D9BAD1AB4FA3404A8CAEC6
2142	1072103	E8DB792B871517F329EE4FE53D18DCA4B1B3BC3DD59CD66F3CBA3B8CF085C3FB
2143	1072107	6E9DA4782AA3AB135E94793C607CF65DA7714D16EC0472A5B3B2C61EED57FE11
2144	1072320	53E8F353FEA1D9B1C21D1FFA281ED34B6518179AFF50EA8B7ECA9A8A4F590654
2145	1072322	8C6CDE37A944E7ACBD1BA6DE1568F77CE4931529303F8C189721514438D0CB20
2146	1072323	27B1B644B2F07685BB4FB6EF04887FEFC967A7CF7359D023D25EC5B18B3F7368
2147	1072340	730F6134206826CF86EB3559AD2AD43D9B50A136A29E215E75B0117B394F5BE8
2148	1072342	F5D446245613A7743A20F9F347AF3534FD5DFEA5CB454C3883FAD082819A8070
2149	1072343	1070E69AC98BBB8E610173FE68EBB1AAD75F283FC9E42D44F2546992630F1F50
2150	1072347	8DB5EE8F10831E821770E622F9A909E6B76A75ADC5121CAC32E236A02081B50F
2151	1073115	A916D0F64380A887247E57884751A67A3A7401F0D723C70CCC06E4DD12883C9B
2152	1073660	D6F1977F0C05D4D6722872C3083704900BCEA2846C4A0CC296D40E514513EED7
2153	1073680	88FC9CD863C6202770362575C1EE9F13BF41C7093B9E65B5E5E3E8243B68C583
2154	1073688	5BFD72E51688B8706CFAF9E2727B97336CF6E5D3F0A2D60E3635244A5AECE573
2155	1074258	D9D5EBC217F1FF52E886602A4320C32266FF92EF597650367470EDBADDB5320C
2156	1074309	464106C483FEB4F5A1EAD7FE26A12DF2FDA3B5F5990B75C928BA036F428C9D78
2157	1074503	4F810430F0DC5E1DE08D6A9F7F12CDC48A8562A66D2F33354DA22D7A9B92D658
2158	1075721	B532E3389FD5E4E1395B29921BA0F3562C938291D6441BBF2E4C775F72762D47
2159	1075724	F53C72AEDB2DC42C0938E5BBA8038DAB5B284854B2658BD17A91B6BBBAF7AEDC
2160	1075760	9E97626169CDCD2637902FC6379E7CFEC746C6DBEBA7A4D3E67F1D88277E90F8
2161	1075953	B523F7228A78204C3E1EBAF3F3B542112D5193789610564F3E9C71E34104F5B2
2162	1075964	044267C6039B8EB0128314180516C0B82F8EEC60FC689459CE87E721D0F57F90
2163	1075999	F9AE76F40585EC24F80A1CE65D0C240C4CD523CBD87E57144B8EEAFD9CE7EE53
2164	1076020	070B85BCD24CAC4430007341687C1AD0F676723134B62345174234825D9C739C
2165	1076097	E473847A2B19855F0A1A6FE74A38EA360B357FBE763B8DA2AADA66C3D748826B
2166	1076145	89134E3B4A81EE047226F72AEAB4BF77C1134A58C040973D16EFC6D3F00C5D56
2167	1076155	779994B935288855D0F6BB4AF0CC48743D85003552B80D17096696810A8FB8AC
2168	1076247	5732D951D10552FA19ADC15835C1460DD647382EACE9AC70C3BBA666BA48D5FB
2169	1076275	AF33BAA254A5644F23D2288AB938B968A69793574B7507BF05BF7780538E5554
2170	1076378	F0E7630CFB1F16E5EF6495915E8B8E012E4BC18A997D0D6EF47FE7368076DF3B
2171	1076515	80AADDCE088EFFC5BC566F8C26120DAE612E30D9D95CA134B02B80CFFD21170F
2172	1076562	4038B407EEFB01B6E3A40BF517BA091EB60101AE7A078F2EFC71F641EF5DB3E6
2173	1076564	715AC97098F51448EC91440A1FD1C62F6B7F8286DEAC508DC557C7D66F701372
2174	1076611	2765724DF95A0B811A324CADF0172D778C1AE8C7DC400064BE4E69DB569B322A
2175	1076667	87EDC25717F1806302BF98423FD8283876D56DE14A7141D81E15BA2A99B365BC
2176	1076693	63F0619482AC4ED61B0E1039D6FF40E6C8AA0788235BB0E652A304C903EC22AB
2177	1076744	2AAE1A2DCF500BC4DAEAFEC439F4A2D161BAC912CFEA1ABEC19A6DC3AE6F0E18
2178	1076781	1C4FC80756DE8DD666F539A341E5CA3E6B9D417F60B5F9234789C6FF76F98FCD
2179	1076901	5152D05C4290B93889458240E88D0294D1C4858C9A20AE3E3D2BDFE32D21BF12
2180	1076932	DD2DAF81E9D1CB0472276FAEA8771329E00B72F84427EDBFAC1801623DB7233F
2181	1076934	4B069CD69F3025823B2E2277B7B298B2983D6A04BBD55BE0B4570CFB46D5A8EF
2182	1077026	4D4C7808A8F15EF7C680D0B627734A3C805C95498F64CE38E8D4380D36EEE7F0
2183	1077040	C6B586D4C5110D0C34D9E95EFDD4DB4F5F56702FDA3E2FD9748DAA02CA624926
2184	1077062	5856774C73CFC8569AE77C142CEF1EBE6CB9B02ECDFF381187953658EC13C397
2185	1077099	2D5D46B7BE4DEB8756205372DE24C28B36A297A00E58AB3A32D046A255B32B3E
2186	1077115	6FDAC62148A8F0BCD4D20C4F399C60D0383167E5A52BF28171EDD45099925653
2187	1077205	D6E6C3EA9F9D34D45EF19CB76BC9274C148A34AE2CAF866605258AB9DD706D3A
2188	1077377	7A7B70667692EF4F059419925B3822B2E84C85032440106B43A0278AFD49B144
2189	1077420	69DF421FDD552C34564CAFAA1F6C6D9EED7E84141D93A9F9DD1C71D987CEB768
2190	1077424	D2CA77ABE96C5AE4C664CF99FEB461757A6B93CEE39102C636807EB6B159BE05
2191	1077556	CBAA8F22E400E62B05D83EA0F0EC564DA2564AA6AA8DA87BB44E6588A24FC5FE
2192	1077558	A83C9B383E40FDC7DECE1D487B17D77A870296EEE71B64AD7712AA214376A47F
2193	1077665	73AE18BC884C477B4438EB42C8F93A894FA042CF7B90CA2C293D6B2B7F5D2630
2194	1077678	5BF0FD3502D8848FED5396A4F143F954B64B9D933EFEB51EB36F49BB8ADC436C
2195	1080644	F6F58A2CA36B1C57239AC6C6E43D9133597963D6C81FD31EBA3EBA7C608EC832
2196	1081002	2C8F30632158E4C0CB5CAC64743B31E95858D92D11B62502130ACC84B4ED0A25
2197	1081060	AE43EC85240D376929B772A7DE36EC4CB54FA7C9F211D2466E8B5A0D4AE333ED
2198	1081793	3155BF40BC8CDF3C54DB2C8ABDDE275F46551F0FD093F4621405A60EE4B275ED
2199	1081932	9FBDB9058AF42B79B661B9256AC02EDAA7E9AA892A5EDB61CD5A0347926FCF76
2200	1082939	721C5136B230D882938BF9D9CF8018B1B8F87F6D9C44897B4DCD436C24A437D8
2201	1083010	0F41C065384CB9A0062BF4C12694DB625CA51443C66435FC23E9F31FE991EDAB
2202	1083038	7B7886631AB1916EE0E01413B17850639C3AE7E619A0ABB997D92B366C0D4DC9
2203	1083048	63F4BEB1D0E684F59EAFC4BDADC5A0ABC9B043772FA9180B1FC14D195D86E47B
2204	1083050	CE34432EF6AC303F07787A60626139249827CB355861621BF0A12826EBA0CCC8
2205	1083398	18FD27616BD14B7CF4E897C3968E86E2D08B679BEED31699B554C64FF6C579CA
2206	1083403	7B402D0F70FC7227506F07197D2C475DF055BEB97922B95823411401DA9C6DA5
2207	1083518	6A760B89E197FB0B97970C8E5AD3C3689698177969CA8304AF471E2EC85107C5
2208	1083858	B321A4A23D0D195C6E57C394533935448B176C6F19473DFA827D78C442A94686
2209	1083861	435AA0F568BFF8DD6F9941DABD6F1997EBB508F0FD592D6CC069CFD4F03961B0
2210	1083863	E138D8FDE5D17E7546514EA8ED2CB0C38526D59067C818200A57E804C1CC740F
2211	1083981	FAF2E545644B9034D5EB1638D3EAEAE1CEF66CE2876B442D2F65BE5D3465CF58
2212	1084118	14DE84D0ED7667DAD30D5BD77EF90DF9F068941F781C56668EAF7FA6F34060AC
2213	1084150	637759AC083C3A32452055031185695C9FE4BAE560227CC761DCA7F0FD74609D
2214	1084178	651BFD07CD2FFB1ACA2F12B8D92582F2A1386C0F1C9713DE9A9B152D0703CC49
2215	1085084	E042CEF26C65BF4B8B0900DB16436D84B475335F201F6ADBEEC72D090813210E
2216	1085125	5D167F1FDDAF7113C406B16DE270474ABDC28C36A4E0C5A29F602FC617B6AD96
2217	1085129	EEB78BE9E6F0310E09E0D07ABFDBA0D91B8A0C473FF8B96025BBC6EF69AF3E2F
2218	1085133	5409653AD61D1EF6259247EB0BCA44F608790B44C13989F91814629483E7A953
2219	1085181	919262A7909F751C8FF953608406675809CCDB2AAB285A03167D58DF67916D4D
2220	1085225	D9FD6EBE00C96AFF2DB6E1B23E0E35074461207E12E4FBDEEC31E0C76A3C5004
2221	1085263	762AEE65A08B271051B1F80B938C5EAE34BC5323DAEED4CBEC155B9124D9AA4F
2222	1085267	B178AE9F32DCC74553E93C611327375333022603472561A9560543BCB02AAA56
2223	1085269	7479C8C3E91D90C448BD507F28F786302D650ABCCE977A4F5B8D8B09FDA1D7F2
2224	1085313	F74BA07882403E94163364298522C39195E66581335A88444CE03C7844D3FD24
2225	1085359	E588FA206339367A92C946B99EA790615A5D90765848994D62FB8C3DCD7B9C77
2226	1085387	D43FDA3A8DDB90EC65A172E2545A8804313D27D07BED43E6558DA699383325B6
2227	1085391	DA9BE85B02BC33D214034FC55C7B4346BD061D0E46886689EBC72AC2462D1E15
2228	1085573	77A964840935F994249204A0E175789945D0FCFD825E0D3BAB022A8CCF5BC6F4
2229	1085611	0B0A7C4778A37EB448241D67D45797564CDC96BAE625334B81297D05983C7E48
2230	1085646	76E6A639F8067F88468867B1503105CFF5E34D5F5023146BF7E0856F9BF5C6B0
2231	1085648	59865A01AF8C054BC01DE36E4B71BDBF9B7030B7C8FF0D1944069CEA8336EF0D
2232	1085684	40A1F02A9AEA631C6AD88C9940FAD7F7D1A3907048B1F624AB71E2B887365EA2
2233	1085734	2CB7EB4E4BC0C8CF3979FD32C9F20D41ABBC1427A1153A892A9A7DB9D8EA0332
2234	1085736	3950DD3E50A3467E956CDF9EE5F1EA698C36A356F84D20431E504B5B3C349CA2
2235	1085761	00F613775631B0AFA8451E92670BE3A854B8C604B314D529EA434346B4798023
2236	1085779	30DEA7DC81185332BB4EA8E5441ABDDE21F1874B794285407E63199A300DE214
2237	1085875	53EA508D6D86E5386EED6AEADE02895795358F05D9FAE6A535C28CD70933A3C0
2238	1085881	A68CCE4C6C1C11384D6D7B27C765E13530807CBDDDC91C649DC84CD14DB5C7AE
2239	1085922	65FA6DFE2C7FE31AA856B49BE53E7A58A54D32DECE7EE1CB38814F1B425D67BD
2240	1085924	3AEE55DB6DCE9D8EFD918AB7EC51A337C3113064FC016048146F4A46613B5C52
2241	1085927	E78249EB2160ADDD274EF6EBA700D96FC0EE9B1DF02ECA3272441B78FA334E1E
2242	1085931	694A23CF3A39FDA4B306ACDC61C3A64E7D37A0321645CB15B8CDA033532942E7
2243	1085971	7B5E10DB91FFC0D3EA0B1FA47434AE4B22A96B105B8AFEC44E64E54E6DF5041D
2244	1085994	772F6067F96E1A1C561797B49803A5CAE8CAD0C024E8D5521582E5CBBCC61D1D
2245	1086017	1262E91D763013D527537C7E623FDC76232F09BC37EE17B81CAE7383FB542769
2246	1086053	69D7F6584824B72F9E7B6E22FA441628CF0A18806B33CF56B408D4661E810525
2247	1086115	DD6D08DA333FAF2524D50F06FCFDEED4EDE38AEB42F7AF53ABCA5B9C67FBC1C3
2248	1086123	189F509E03391CECC8A3015F528508725CFB440D6BF4A98439B709810736532D
2249	1086159	8E53DABF7D53240083A45372A53F5463F42D6C224EFCB657345B15DBB8B61C2F
2250	1086292	92E093E02081F5BE8933E75058DE66CB54383E6BADE110EF72832EF94D701A58
2251	1086345	3E59CEB3848F4EDC77A1366AD717495EC31205ABD8B7B3CAE79899F9A504CB60
2252	1086403	D323D5290BFFC5BAC0A67E007EA34264F906F278D92FF0D855C846CD432D52ED
2253	1086434	371D35EB38AE7660D6D49B8E339D16BEA43F0C150E713AC3B88AE1011D616719
2254	1086612	9531A5BC1ACE5993B22BF632001D13507020BC5CB145E91A23DB55B6F3746876
2255	1086616	F70FACB82277512550F9866F5B262C227458529E832DD8088C3711B232C09BC6
2256	1086810	16ED421292E677592B914BE6B8D0B3EE0283A6594FCE2EBBB34FD6A2F2E8158C
2257	1086812	CCCA0ADBF531639C05F2431698E75B79CD7A22C1E4150AD62C1452DB06FFBE60
2258	1086918	D23F04F639AECD3501C9FD4345693B1D46FA48976D3A83AF2F36187F0595A5B0
2259	1087501	245734E6C714FDF738ADD33DCC369BF168E61E622C9FCE98CF856167D0C25B6D
2260	1087503	1CFF98ABA1051AFCCD68B1829FC4C7CD476E99EA87FF362DCD1A7E1B2B1C2253
2261	1087720	62ACD0907DD12D6FF32AB5B454F733E2A03F0DC197CAC335519DAD5FABC94038
2262	1088078	601AD3625712A2531B16E76E3E3BAA4548CAC00E4E9244188CB7FA91047F551C
2263	1088081	3BBDF53F71BE9007D0ED566C3E970DCCB8AB6B1C8F8B57392CAE9A219574A9DD
2264	1088541	1859E561D219D7A7C236CF0F3D5B6FE9A383CAFC638CB84D38EC173E550C32D9
2265	1088658	69E0A5C98C89B66AB6B7B74556A33B043161F9FE2048448B2B263EADC168AC7D
2266	1088812	404513AE391A39709E2623EF69158B4DAF727BE41D6CD85D29569AB68E23ACFF
2267	1088828	AFD50E2B13BCB0F2A2F7BBAE44476F758A89AF6CF80A3949BD694D2A354E9D68
2268	1089799	338EDE15300B2F43CD3808C748BCA649A9A1B7298B4536CB0EECC8B1B2997AD9
2269	1089800	5A00070E91D397BBF1D363AA62FD85CC9B932051F45467079B861B094CD24756
2270	1089813	36CDFD23581F34E4F99A1A2BAEDFECB43460C4EFE6290C934DFA61567E7F89E7
2271	1089905	0E3FB48A29C24C402C42335609E5BD45F4537875631DE6407CA5E58EDD35D6E9
2272	1089917	0EB8C47DB8B2E9B43C6099E25DEE0C849B1EC8F9D5034EE4853378E1A29F81CA
2273	1089943	B2D0DCB59C9B46EB5F2CDD7F3258778C5E35CEA32E4809E63103CE09BF8F47AE
2274	1089993	CA49782CE9B82C57C044B79F3A36F4D43AA34F5D6428172707948214F23AF8C6
2275	1090004	2F9CDFA5C52E53656D45B3BC724642E17BDA826B5C9FB38F0B9F566C9AB9447A
2276	1090039	4795E54FBE72926741A1B526979239AF3A16B4E42C6EC979D0C85FFAA2F9132B
2277	1090057	452EC26BFED2CA5958E9F4FF1EFCE634B74595878163FDB392722492012E8B44
2278	1090060	CA040907049DAEE788EDDF302DC1BB234603939A00C6921E76CBF9B96EBA4E64
2279	1090133	3BFE64289DD332F546C2F27D44C4BF897E9322E27005ECC9A549C3D9243BEB42
2280	1090287	BCFF1D17C43F7680BF481E6C9A7B9C5F9F07052C010FA3C1912A37FE6E89571E
2281	1090326	DEA82F431DD7297900802FA90DE0D6FBF23954F750997BC12E9C7E51E6B3929C
2282	1090328	6309C8C8E9A5AA40D3A4C0C62388DA266D67F01A5BFBABCDAEA66E2B30EA2015
2283	1090352	72FDBC2474E1DC483FC91F56D2E44728806A2F864ADEAC3BE39825123371C2A6
2284	1090364	50C9D083E6BD655FAA21D30A5508FE5898D3D29633A86A455E41338771607538
2285	1090420	24CA6F6BBE2F5BD559777C09313A99EA78FB49F847CE69008DEA86269BBCE26D
2286	1090441	FC64B9493410E399CD7C26A09852437D6F1B052FDD8CB58B4C4747F72898E2BE
2287	1090447	16A71410AEE647B446016559417A50654FA9D6C36C19667670F08A7538D8D907
2288	1090525	E071AC8EE7EF8E080D58CE0AE6E3B3CB6E885659AECBD2D24D3E62DD4F0EC33E
2289	1090561	335E45A1809A8FD18A325223A0833C7360A6BFDF926177A0E0242F507099B652
2290	1090604	93E6080CCA86704F16F978FD8F67E6F4BC66B0F588333C649D1AC7522C70961E
2291	1090607	0142979C713897981584BE29274460F258E9B98F15091E7CF5AB63FA3C4E2958
2292	1090674	6A256B24E1178B492CCD55B5C66240ACF4DC5FA0A030B7C4ED63912B974D025B
2293	1090743	A1AD84725CF996342A486BA1074F33A855AF3FF7BEC601B34507CD9415C2B90B
2294	1090784	E65E6073F5EA702585C7D5E0D2BAB70DBA5AFB16B817B667BA016A50ACBAB07C
2295	1090803	A4868F04A011B45B8C79EB76340683BC5723B1602C8684DAE2DA96F128337935
2296	1090854	AB7E42886B04FA2ADBE22D854463B565653527F5E2C11433805808420092FCDE
2297	1090856	213F8EC7483522D890EB974E4D78A964448BE4EB5B413EEEECE0683AF48D9017
2298	1091039	27D076E2A908F41FB1E93E563CC466B14E03B57CC59AC3BEEFF88DF24FDEB9E9
2299	1091064	38862341EA88D2FA9A1CCA2C08E1AE0A76AC931ED8C68141B6F1259F244B8D67
2300	1091080	A4C1A9EE5AE0AC4C56A3043CB63015E118E61193D031227834D30E1EAC237A10
2301	1091116	6A6E70533731BEFD7E0212EC70811426B4C760AB6F8B0C22D456FC70222350A2
2302	1091245	F41A7D2FA99AB5C78C31B20B9AE666274C37216D4AC7BB211852232FA044902E
2303	1091249	F308A73AFCE5AA9175D40F233FE3F8028134FF7F55AF489CF60ABA3828F6817D
2304	1091292	3F89989F9C04E3CB51EE52CDACF99CD99CDEED32CB85978576F6793327FD6490
2305	1091409	2C508DFA5A516BB3E3481AB8F8E8362780B760D8D6E44DF95DB1243DD693FDB5
2306	1091460	AD939F0DC39CAE22E6EDC6A73E7BB70B6E835B10AB9B4356F7A24C096908AC5E
2307	1091462	34E9C86135F14EF3C84B315922D56E489DE4F4A78155EF6B0BDA685006905067
2308	1091488	E18DABB66F77E57A090D7671040C25BA777CDC6298F592744A646A48A46E6FB5
2309	1091585	647B1EC39C902BC7A48FB8D4D979E8F8E1E723079DA9D048E2A336DE2A195D6F
2310	1091596	853A60017FFBDD19DB0EB29BCC38983751B334C2887082FFB67817BDADB51DB0
2311	1094480	C6BFE49D6BAAC8B80519C1E79C1469AF22AD649A7865DB30329ED0A4BB56361E
2312	1094747	CAC0530A1970C0B5AD35AD309172C168057A2B59202F70979B78F5D6DDD647FB
2313	1094751	7988BC9F7ADE96DB96C2D49219FB5C3AD9640ABDC73C384342F5FF22914770E5
2314	1094813	95E78E0275692472AEB965E7909BEF8A699BD4BFB7DCD1F529684CD93B8A1792
2315	1094875	6ADD18D7A19DA3E3B001E295712AA03F8E39814E77AB02D63A99648CE06B6BA7
2316	1094995	5587DC7D181B8572843569936311B834391EE5E07A75BE182EBE63BA6E2F9173
2317	1095042	B1D7C903C634B4B5FAA13A337DD9B15F569FAD9559C685529AF09F42CAFE9996
2318	1095282	958A31579F36C25AEEAE75E60A7994771132434569D2D4055F26933E17EFEF52
2319	1095413	52FE88914700A71FD207E9F0DDA79DC9669EA548BB09FFBDB0B91CACA975E797
2320	1095501	E5BEA4D8B9E2DA6FE4A86C682460B80D2ADEC330DD0D5C6C8F208001B06E547C
2321	1095519	AE61BC40878CD594B754D2E45976E63CC025D687CF66B9E6D7AC5B3780D02F9F
2322	1095652	D257683D09969FFC10B986C5024349A99EF7FB56647181EAECD257053FFE09F5
2323	1095763	BE3916CFA8E19AD413DF9D77C399BB4E063BBBB06C9E362CF962B0D4ED6E13F1
2324	1095833	0CD16DA5EE1AF653C05CA73892F0BB5CE0A24012D61F50305899A9929D1D7580
2325	1096861	E736343A7FC6F5F333DA5DD2837E287C46224C09A640D0777D094932F61DE8F4
2326	1096979	C3D2B8FF150EABA61964A4802989ACF9221417C183D27512B677B69695A090A8
2327	1097090	ABB598B9BC8F34F3C21FDD6A3DFE85662239DAAF7E9078102E4FB8D502FA0DA7
2328	1097440	F1F4DA1DDA6F47CED766749850E84E8136289EBD23F25BFE8989A0937F5C8925
2329	1097443	F58095B87221A171E784A01D3756D53C88F8425403136AAD822EAD15BA3A0B64
2330	1097558	E6302E33C5C7A86932FC987FB0A69EAA87C13BD52B31924E49837333660067AB
2331	1097648	FFBC97D0134F72387029D677A7DC5E77471678FBEBEDE6F8529413CE99B0246F
2332	1097658	FCACC371C8730660EDBD045F88BED1DDA62E6DACE65A9E691D9616DAB07B7228
2333	1098018	AAFB2C237995FCF05B8C5AC1F29854AAC395F3D7F47C9C16C0B5A6CCF223A539
2334	1098021	A3EFD94B3D5126A241F38F9FD589A1A64B1F254B7714945EDC3E8774A7E65DF0
2335	1098158	42C9EF1EB78C9B32F5F3C1F643853677F3FB839B1AAF40659C440246CDA7C3B0
2336	1098168	7FE7D0606463BCDD91315FD54C5E9F0E0A852AA07DF8D2AB84E01FBC3AF36A23
2337	1098218	F8E1B513B2DEF09A24702C941FE028D4B1301AA9116BDC533FA4E19211F0311B
2338	1099121	B470707D6400A0A73D9FC5F0759D28B5B0449DA0EF2074A33B4C84E7D30A0AF7
2339	1099173	B7E3FC91E9AA4E5F2BA271E6ABD9E319927159BDF3C0C254E1CB99A7AB52061F
2340	1099265	361B7BD9015B0C9534373E10E4108A55D2C0B60B2177CAD737DCDBDFAD65C73D
2341	1099417	3343378F267ACDADEABF40BF95615B02CB767FF812CA7BD972AF8DCDB0BE16DE
2342	1099427	AB31DD25CB3D05CDB87360BD783A004E4A416EC3104C4B79662A06AFCE2AFF5E
2343	1099686	C3C1D5FA1F6CBC71D49E09E0C55990266E0AB4602AC9985C664CCEFD4704D3EF
2344	1099688	439575A23E9A7926177E76F03E252E6FD03BB36B9F1DF2F3A3D9B2640AAF2FFD
2345	1099807	A4D2608479CE90A05041CB800B87838984BB5C1D67BEA6EDD722A3C951BDCEC3
2346	1099915	908DBAFDCC019DE2BAFFA778BA93FEFAA78282FF9F5BF2A3DC2085C4598708E4
2347	1099967	E47A503CB124AA59901C39320486EC05D739AEDB5919F08E18CDC56582BA8116
2348	1099971	07448AD01A0DF927DD4CF3D90EF6E411C7805EB24E134FBE85465EAA0671E8DD
2349	1100011	97B55F9EDE4E83D52EA792C44CAE26E9271A349AC82B654038648FB38CA369D0
2350	1100034	F7498F5B6BF63C429C08853F8F1082C83070EE94D6300086FEB97B29C5087DEB
2351	1100093	34DB3A9DFCC45B2A7937A0D8ABF09A4C906DACDCAFBE93AE02EEC18C26F8D13B
2352	1100103	AADA6565E28A899F17028B3BBB882B87B60AFCAB9BCEA17385788DD112005582
2353	1100163	DCB9DC80899F1C2E7686875038560259573E2AF0551ECF5D436994490C349AD1
2354	1100199	C1DF95C184CA093E797B8EC0B5F4BE6C383532B56EEB5951D1D0ADCFFC8008A5
2355	1100301	22A965455CB30902D86E4210E81E38E27ED26E97A616717496FC0174EE59B9D5
2356	1100332	1F41295B626157B9DF8B0A68FC6E618C58A160BA47F9313070A32F4CCAE779DA
2357	1100385	62B0D8C2DC022AFD4F88F7116FDB909D34FB74177D48367A22A8F4E2620D9C95
2358	1100424	3FD3A022730CACA933D2CE5E0614B722856E057745B248F4A7FF56228B7C9584
2359	1100462	8501883D922BE086CF0987E1150C947C249FE4C3736E1F95FA7BE7E38D56F51C
2360	1100605	42F2A8F7EE998D26F9F21573E6F2A4C6F7018C8DA72817F25D810CE599385DE0
2361	1100656	E849E26EF9415E33F300F7B5926117DEF51648E1642D28E9BF5B67298E78B702
2362	1100696	6DF9A6CA87A5E41C755737C24B0240901691BF8E121AB9A2CE2848AE35427364
2363	1100956	212219676F054B53654AAF581063B2F58DE9341B222D1A0E358B377BDAF836C8
2364	1100960	E9A477D10899027EE18639B44733F6B10D10113FC9A2A8918AB7960848AFC2D2
2365	1112233	F995628B918A59A25E2B972A362D6CBE3DF240819518D8E48A326DA53236D2C1
2366	1112234	2AF18D2B0496A7C465F828CEAFA36846D083AA95435CF704A676C3E3CD59D163
2367	1112235	7EF7848A6FF9E79C468BD43D9B110B49661DD6985FC8EC094FDDE67BF92168DA
2368	1112273	C6BF196D63D2F98D12D2E9700F8EEEA258CE378A7C451F93C44CE70CDA6B8782
2369	1112274	80A75C276E50C7E6ED2D386797A93F3A28914BF8E5EC570ED167C263C88E0BF5
2370	1112275	80E3E78E05F6484E9BB972E8448CC87C52209E64265C486E8895992848BBF3D9
2371	1119462	A88356553CC144F9377D4935DCE6D5EC97CCDB896812AF6E75C55FE70B1C1B8D
2372	1119866	7A527645A529520C418D042F44E5A9D8EE2E6F3DD1E141611D37331B8FFCF653
2373	1132358	041FF685C9ACEC44E15FE69CF75F6D3BF2D4209692EFAF3D137B1A11DF2FA34E
2374	1132718	EE67B2EA227EA3820FC211E5D7C03D5098E704C66B7426BF115D5C4834C08851
2375	1132932	CCDCAB4A3AC439B0D07DF9E7CF8E122B6B7FFCD0B913B55FD28DB3E8C50A29B6
2376	1132938	1DE1D7787CB96A5C3289FC29780DE2A391BF3ED7E3EF890F3B6D7379E81AD7DC
2377	1133303	8D8504807B2673DBFDA9E128FCA01F9E21BC271A5223096631E79BF27459A425
2378	1133442	28ABB2C504D8DAF6180AE91B221D0AB9AF9F1DDE98FBB55068BA7A1DD51F1BE3
2379	1134404	B37C9A0C3A18A80887BC4C519890E60A25B3C3EEE46A4C61AC2865F084CDC5F7
2380	1134449	8F149E0A5D026F0353B9937ACB7C13F17F2BF6EC5182445D7A26ABBD874082E1
2381	1134512	6CAE98118BD7DA087A52CBF5EB2BA82B3306157B08352141EF2ED5F782108C8C
2382	1134545	8368E2E9136806864E6F5024645CC8E83ED01411CEF037A6FCBFF3E348ABD930
2383	1134589	4F2724C117D7FACBEE8A0A67AB0B626ED2BA6ED94F0BD1B027F683CC631FA6F3
2384	1134633	823F88D3801F05FFE5A1A1E0750F11A18675312F7DD28CE985864DB3BF8049DD
2385	1134644	9F8F725B7E578391990A693A3FF23698F21FAE254C1DC609BC4A19F30B262CE2
2386	1134667	798153BDF990005AB7750FA7EC27B0D145934F8B52D31DF04F7F711E60BBF630
2387	1134697	4DF61EDF55EDA8C9132959A11B7CCE61AD75B0F0B41ACF57698E1AC6FECC4E84
2388	1134707	EAC73861CD4BEB49EE69294932FF95425C66EB601C97D4CF6B1509C40F8BE425
2389	1134825	DEFA2BCB3C7761D6708845308998DFE3778AA903A47DF5307EC5BFBA4E7BEA83
2390	1134835	C5AF2A43C4A3FFA06C942EA6BACE08FA7391DE156FA41B52C61421C14CB8C100
2391	1134927	D6D56C897BEC4923C2E5E33E77A50C03CD79284B087EAF8577C49F717A8942B5
2392	1135054	71A22BFCA27941882B0B786DDB4414226B095737B911E551697B9B1BED5D03D3
2393	1135081	985CEAA3FA110869960A54B3138CC1CD9323EAB0FB943FE0E498E4FB7776CAEF
2394	1135087	A5B45A4BC1BDC8A3EF51A8E562EA8B790EA1FFA09EEB95A57163E5A118227490
2395	1135099	F6D6412EA4444A4FD33220923F9C4616B422CFC313C0F9A0589318897B2ACC62
2396	1135165	BCD1CDC6FBE2A3C5F5B88EFA3DA0C7A2AAA768CCF36F83360A0BD7FD8C88ABEC
2397	1135244	CFCB3A8AEAB6F504FD053899DA977F8150A3AF38EB29F96CBBFC7BCDDB9251F0
2398	1135251	C0A056949D3C4C5CE598F7BA83F2FA72E2692A4820E62442E39067B69042ACA9
2399	1135314	41839C5D1D3EC9F227AFA76DC0523B43711537FF8078D8577A3F48FFF87B27F3
2400	1135347	D6886919024388CDE1F37057B754529E01DEE93861E30503F49F941E0C7194E4
2401	1135443	0A52D42BDB342A496236A9C6FB22227C6E11A1067BF3B1235F447081C8534F52
2402	1135461	0C9EFD6E480A43E59D9FDD15C18FAEBCEC6C8498237670855EEEC4F8CB56AA02
2403	1135614	0AE27CED2B1CB32C7C78386B8B1D4C576500946A78AC2651C3A255C6E0217112
2404	1135626	C98D24DD0001AEA4157EEE12CA7CD2138CB121E9B5749651B50D404B8CAD3790
2405	1135706	96D25B53DD24E2C93D9224F4967E12C39F889C6E2EC497DB7DD7B18FDD696920
2406	1135742	CDCA65288D2A1BD406B31D36DD15E0F63562B3386BAEA03E482C747224E884FA
2407	1135754	FC3D9D6CAF0170BCBFCC8F7DBE81128ABB75BE1D412DF0F9AFA5EBB92037AE4F
2408	1135779	AEF68B62FC5584580FDD9C929C2D8C5F90F03071F8DFF9FA3B3975E59723A0B5
2409	1135795	54C477282C1C36E0576844CDF7A28C13823BAC54B21CDE993F5678C7507F81E5
2410	1135885	F4E89A0E40130606BCC5903FDB47ECE95B3D182DDA26C988901230CF7908C5B2
2411	1135974	A2267EA114EBB0229165461590E0D29C7B436B0AC97C3173EA861226D671DE82
2412	1136049	0B4F9D1BDDCB65A68A961E8E9981D635650712106B879619F6946FB70273F8E2
2413	1136102	C512545DD1FA35D25761B22344C229E3DBF104E5F9E72648DA95B1A883B11F78
2414	1136130	A0A69F6DB71EA54982AB5D1CB64EDE7FA17FCBE77F2D36FA47D6C9CC30DAC90B
2415	1136132	ED38AB9BED4D3D14478942FC1D49EB6BD433CFFA30BD03423196EB1722F93110
2416	1136356	A1E3CABAE2B52413771EDF7B8D502BF244FB9597C9B364BB34F5C847066705A1
2417	1136939	A7DED132FD8139D7A362DB5FD6F4A84C7E752E902E3ABC2DC6DD133CD3FE585E
2418	1137008	A06F759DD0570C751F86EBDD4365211925F9B0531E243BDE11601432351854F2
2419	1140616	FE46806DFE5634FEB820502A5323F07A7A294E783D67997E3EC51265629632E1
2420	1140656	7B0C94A2799F8B61CF83D29C0555131AB16EF08108F50FE62C7BE228763A4E43
2421	1140918	850A8A9380E185FE729970B23E52A9B4D4C901C993D4996EAA170808CA2A564A
2422	1141025	3BFC1CBCA4AFF3137099BCE7C48394A24CF20134B4188F63EC978500C6578FFB
2423	1141498	B65139B40CC2C6E7B22CC2CF2158A0514EA571BAA35BB4144FE07BED022FFEEB
2424	1141503	38E4BD1EB13E2BE1638CB758EBE8F1C410E6B472B56FD442E467103AEF562A97
2425	1141621	2412AD5D7B85B07A2FD2E2D344DD87A958725124FAC5E12C3339CDD8D70A9253
2426	1141700	4CA3532E7ECE29054F5D343DBFAFCE6C8217FAABC1D0BD46E48C4ED900B44E96
2427	1141718	10EE3C9CA8AD600C575A566FFDA09A658E7881A76F0FDAACBF5326E4CCADFC10
2428	1142288	E3F4C838C6EE359B52D33676896DA4FFEF76D9D28786EC157DECAFFE35FAC566
2429	1142858	610D0E9805AD6966A689C99E88D50D614C39EA9EE1D1B021476B55631FA96B25
2430	1143761	EA5F0B39969023B4A325B10089E5EE4073CFF39EB62AB92689CDBD4E2D1F0C20
2431	1143809	73438C097190EB69E7DDABEF300C9531FD5613EBFF53A0BB7CD73A88718070EC
2432	1143917	AE9B4D81B09A9954A85AFD1B1410FAEA3181A145ECBC3D61A614BFB4CA7ADDE9
2433	1143943	6B48E20A9F4EE4F519BD2294BFA4E4E4BA990ACC04AFB0FC0DA47A95D6D15D1B
2434	1144057	3EF22E27C7D3CB2613D2948DA9C14984D10DCCE62950371C61DFC615E77C02F8
2435	1144060	D2309DCB30BA9B157CDAAB4A4058855EF44228FB0CBD74387BE03A2B9F45435E
2436	1144071	27365932580F7423C92CC4D86C95C5AA378EB918B5548675658E97DA7521ED07
2437	1144315	9CFC1F9956BB44AD471DDE9D495FD28D840CB96921BE0E47E91F71F62ED01A8B
2438	1144328	6059E331AF897CD586AC5EC9CA4301086EBA45C3B9968331DCF912A3884FA296
2439	1144420	5970BE45292A9E5C0C12C5C1ED0E22B99D58F765D00A5F1C897E9AAEC04894AB
2440	1144447	AC029EAA3F3BD9BAAFEC078E2A0D4E963DE4B505FCCF3F725D2433FED8D6D3D3
2441	1144453	F1E259E9152C8926E33FC8E356DA00953E62CC98C1C08B5DBB815133228CDA98
2442	1144525	EE6540F16BED1E64B7E00FA3F7AE08F333190ACFB8C7CA14C5692F9997062571
2443	1144561	DACD2E6F8D8B06146D70958E60BA1B0777028AD596C32F3110BD69D784D44B53
2444	1144602	FB7E789571093A9ED779BE20727BA941F62C89566433E6C151B2FFDBD45BD66A
2445	1144611	8B3C3408AD0ACB776F5BFF5F35CD7421787E80FB9DCD2C02FD0B9254E41B7A5B
2446	1144635	F94957A6429E2990C82B3639DBC8D95ED2E2CC13BAF1DBA2C73C47B752659ACC
2447	1144651	AE57BDFC3F824558B965518DBD34E0DB40E6477306350C302B10EC0504445863
2448	1144676	F0687579917572A60632CCA8E782113C5850B1ED9E3BCC0D70A257F8C3F414A6
2449	1144782	81D2FCD6C8C355C67F5ECE0161B504AD7C9EE15440A8D24DA0D7DE9E630B6D0C
2450	1144795	92F8E6E05D245945EDD57D5322CC51434C2291634C9331649324C293A07D6B3B
2451	1144925	E2561F8392BF1E171AF1B6E8374D0BD1BE3A813A570D2FB472BE2A60E0DB49B8
2452	1144986	0D72727C2A9838DF0475D38B734688F492178B07017BE45811B9B75B76E24162
2453	1145102	09CA44CEFC07ADF2F5FAD6DC83458A3CFEC7ABF8C558D2534AD50889844DF407
2454	1145104	B03CAF17C2B4A2418A75269C4153DD62B45804A83F8D2899F2DE723703438B2B
2455	1145249	38E7D0B05429A0859E6448DDE1A61E4F03C249FFAD0FCD78F52F489DA4692957
2456	1145596	37729A53307CAB7D17AF85D9BC485BF26F65AA40CAC43391E785A900BE89D678
2457	1145716	A0EB75F222F49D8784A0BD6A0C09239DA3FEBD82AD29F11D8A51CB558206C6D5
2458	1146707	4DA6C685AE07F3CC75284B308D846C160185645E2C27937EBFAB1C19AC38549A
2459	1156865	75D4CDC6B9D29731075E585D9B1F86818453F534CE90E3F7C0BDD07D5F30DD10
2460	1156867	38878F8445CC04CFC970C6D6E66A8B5A7909B502F851DAB1AB60FFC3E3CC0080
2461	1156871	EFD52885CB38830300AC439C3972F572E6FA52ED25FE1C22CC90B83AC63AFADD
2462	1156872	37922D15A1B72458A5B47A28B70F71CD17EE0C7C582D5A4D95CBD847D88EC164
2463	1156874	0105FE9F998D262551E395A191E28E74A8FC484ECD3873BCE061ED0F8B7F9B82
2464	1156875	AECB1F82DE74B2A2060962F07BE087B6BBFD203FEF2B2760E38AFE6999CF0F49
2465	1156905	DAB25930657356F8BFEDE0D89A1912AAD49C2BF2307B7ABC6ADEF0FCD7BE1E98
2466	1156907	C05B1FC4CA47C038E77B72788BABBBA747FB10B3B97E4AC5B4E1886F0725943D
2467	1156909	A1A57C8D0955BBCC802F1B1F534D51A829066EC5FFEE38A2C768A23A8BCBE0C1
2468	1156911	71CA695EFD19C7E6A0E77D9F5C1DBF36CC312F57CE97F52EEAFA698C927E181D
2469	1160396	3D60F767F6B9A34710FBAD1C61EE7FF3047EEA11F719BCE8550B2D5210511229
2470	1165714	E620DCFD68BF689A725024990265F7F44B594F7B61281EC6F413E30BF81AA829
2471	1177267	7E630EAEA316759246DA8FA3CF6362CF42EE187462C9BD3DC51B3483171701FA
2472	1187471	77AA12EA0723F8F8A8E5BA365409B91C4E9FB26C9149B74538F9D4E866DC6A6A
2473	1187472	554440564C1BFC2C371FFD173F2384D4A70943204F66A558692154E01C8E0383
2474	1187474	EAAA60C5FE865B64D18A590E24127EC6385D44E3D582BBFDE470B75BD5803D61
2475	1187511	19A9A79BA2E365BCCD3C13AF219C075A31E40BB4D43A3DB6AECA5F5DD4A7AF85
2476	1187512	68BCBFC5C8DC989214E0E1CB63E776F97FCC2C30D1AD4264085776BFA310128A
2477	1187514	55EB1E47B740E4064A2333EFA53DCD75169D284B025705768FB5AA4D3B445F8B
2478	1187515	44FB179766B27D7069BB0EAFBAD4D9217E30A3EC0830B6D838EDC9F6853E2328
2479	1191442	EE9D8E729D6B2CF9A67703B00A014A1CF5F3A23CD775153B8DF44356A98D3E92
2480	1192408	0BF3E85A4190A1E5BAE71B7C4E018F2EFBF99B6967B0399FB9D139D150A9AF07
2481	1195122	3CC156BDD87D32E5C0A13A02C3B4683B4696A652CB46BB0942E16F5600D31C61
2482	1202860	91C9516CA7E01D7CBCFBBA436D6085FCCCA551F57B2717D839D43D78D6861CBF
2483	1205322	A1822F02CBBAEDFC8CABBEE74C6BF16EE259A9B3A2EC92FDDDE554D663F6B7C0
2484	1222863	0B198C8367D9562AFB1E42585E97440D72D1913A1974C97B955DEB03FD5EC273
2485	1223060	913404EE43BA90227F447AD219400BF66B0F5013E7C61F37095CD888C7C1F73A
2486	1223088	404FE2E16F033D0B22AC8874C423C77DE80F2F4A15A8B102FF8AE916A37AE4A7
2487	1223090	901BFDEAD047D006FC196ED9B91DFCA8697B1F42B027E4EF1BBC7B660527D90C
2488	1223162	02E1D8DFB64AC26F7B16B72A33BB6E53F4543DCD766FAD6EBAD4C329F21E0584
2489	1223440	17AE4101613213E44603291A1D6AE58F68EF4EE11C92B24B1B83C61DF1835591
2490	1223561	1D428C07EF12D8AF3461DEAB8A2E762D433F3AC0ED09F023BDBFEBB76266B1E8
2491	1223652	40CE38E3006AE5FBE1E7CE8671318503DCDFFE864CAD0092C9E34F1B81721CF8
2492	1223662	FF413299E7010E25D2F1185700730F664E18534837D2A52BE3A811CDC2F3D9C9
2493	1223738	EC4B81D4C48E2A00611D62E1EB10DB9FBC2E6E03F20A623069CC1FB45975A7D6
2494	1223739	9D39AE55644F4A614CE8B2460CF31A47E6D809DAFD6247E45CAA48C1A088C67A
2495	1223898	73AE7E365131FE580B28EAE1FCEE45C516ABCB8D0C39190C48E6232BE24D9EE1
2496	1224158	A1FC2BACBE8DF0DD815244A4AE0C3534ED2377D74C6109EA52AD0EEFBF08359A
2497	1224162	40B606B23910A20D84AECB5AFBC73EDD3A98F752F059BB196F654E1198BFB723
2498	1224218	3E2481AA8BC1FD653E3372041FAB306CE3FF75A807FC40BFBEF9EE9F379B3725
2499	1225121	D1A2D0D861EC30DD44EEF12ABC31799FCBA6BFAE5CC63F5610AD18FF97A49578
2500	1225159	3EC827F08AF4D6468D1368ECA289F4CC0BD456DD986B4BFC64CEF1C02B4EE7C5
2501	1225160	B32D7E4794CCBBCBFC0D4F6CF3D6704BA7FC21246B53E1227641A332554A0170
2502	1225173	837D257E893C0BBA283E589F154076B65904474C8C29D0AB54AF81EF11ECDDC4
2503	1225221	10E84F6A110720C84669A580A313D2FE1B623F18846D4F3DBE55095E35A7F62D
2504	1225232	8C997FC53D4CF539CAFDF03132B9DA8492533E7EADEA92706C2CEF9DDA490F68
2505	1225265	765113281329C60FAAAC9898A0B7F110B4659A059BC07F439BC66DF57B776800
2506	1225303	7A0F545F3BBADFC72C0F8ED2445057E96B33F63892737D514CC47E6B26F1B134
2507	1225307	64C294FF19BCA84E1B5C7D86B518BB4AA775891FA8F07DF8CF607DE695FD798B
2508	1225353	BDDCE00CC209F17CCDF3BBFC24EEFE1176B0398531D6B1500B9F33FE527F714B
2509	1225420	17B165B6020F7E1D3E5A356A81B15FDC27E6A7A36C16D055E5BAF437B3729489
2510	1225531	518EEEC929F904573206B1A4F94D96C3059A2A298F7659E37891511331371778
2511	1225555	B5E986BF364290317C9E51DC382166581C6A0211B1BB117087AE0664246CE730
2512	1225647	4C7BD50CEE1ADEAF87F639CE02A44B48B254EA49ABCC5B38406534B0A4F6F8D9
2513	1225651	38B5DB31FDFA924803C5FBA7F7BA43DE20ED497BC1862FB2C0DB9DFCE768AF9A
2514	1225665	073AEA3BE0138D691F090441E97137E9774BCA0DD1BFB63CFB19C7379A0DE62E
2515	1225686	3A3200496472FD00A05CE927ECC7448535462B2697C53C24C1985B96CABC85A2
2516	1225700	A8E67538E20A8D3651B97ED4D04566A678203BA6F1F621928D56D8D49E16148A
2517	1225710	13498FD892FEED43F9518CFAAFA5A492F4791BDF865402B188B8DA7D09696617
2518	1225778	E327476C926A224DA67E50B9028A3A5EAF530E140DD296DD19401A741F0A72A6
2519	1225807	D5292C46EF720AB598CDD1B1D9EF6CA4D2DC8BB615DC2FFC6A78134B76013443
2520	1225819	25117C3112038B6E383923B9FE10CFC1E9266795863C763D7B602648AF15F1A8
2521	1225885	444266548ACB3C501520A95BF05F0C41DD1EE5D86E432FE127BE2FABCB8EB7AE
2522	1225915	A793ADC8DD49642DE42F66B0D18FFAA3F6788579EAE8B4C3E31DAB152E58520C
2523	1225962	F01C6A3A49F1F7651640588DB9C25434113363EDD5B56339AABB921AE140356A
2524	1225964	7FE98DA189EC166DC7BC7307140C644362DE1C64AD8A933484045C57A52B2271
2525	1225971	E9EBB69C0AB82597FDF99272CFD854E3B1D621298123D1952B5694779C87BDF9
2526	1225995	31705A3ED738DF1FDE1F3FE49B5CD4FFE3AC2B8BCB445CC524B16FD3F83439AE
2527	1226011	C515A1493A6E05D2A0A6428F6B9BDB29109F2290419EBB518919A794FCCEBD6A
2528	1226034	1977265D45A8880259A121CE65CAB50785F6200750AFFACA8FB24392D4CB0CE6
2529	1226057	3C07DEFFEA4560FD4458846CEE0D20FCA477068537D7AD7E431E92AF101F8044
2530	1226067	FF0AC02682E5D9E824E134F993C10CA7C6C3B15E4627635783951A6A7F14DA05
2531	1226093	EF6437CCE3C39D176A2AED365E7DEA8DAD0C3E590D3000113C6DF170EFBD6264
2532	1226142	2391B90AB677C40E2D3F726F39F5B552B27F0CE5FFB18F085F48039667E73299
2533	1226163	C875BF6C8833ABD9815BDC2DB30EF7D60255203614358C79A1BE95FBFF27F80D
2534	1226181	92DB8315E055BBC9957D2F412A5E00BD229EB40C0F6DA195061523808E49974D
2535	1226199	E1641EEE7EF37028FFC8AC6E34B7B3F4A295F2DB5495304724217A33EDF752D7
2536	1226214	A617B08074E052FFA9815416DAA3D29DC1815253741E59267BDDA935E58C7CF5
2537	1226216	99F7E0DF086413E303B75008A4C203757CF4D39AF9545ED77575770646194662
2538	1226285	4646C911FE959EE468116AD22E642CB98E3769D41155E2A6A65229BCCB582F47
2539	1226301	086A30B7B31FB72A62484C75B77EE7A41A54AA1A99689593C9A39688918BBC5C
2540	1226332	5664D7210DEBA67F882E2BA40FC69E76C44D65589E1F77C0444A233C3A0C23DF
2541	1226385	09FFDC73137616380B6D8434C6C184D7B7D3922DC29B01A154DE523D1C0AD0D3
2542	1226399	BAFDC7FF3813C2EA7C37265495B35D7ED389B13E5987BDF0A815A1ECED501980
2543	1226424	118A22F35A0686420209299D49F6231054CB8F6392500C96CE2BBA7373909ECC
2544	1226426	5DA51818D57EB004107BF82F9E345BF08A27CF563FAD5F01457CFF0F74F8ADA7
2545	1226443	2B86EC74EE626A77271A6A5077E1AE0BC21929EE555F94A0476CE14B5AFD9897
2546	1226462	B998428B93216AEADA4DF1C9FF7ABCA65B4F7C4C3D03A3CE058E612E55AF7AA6
2547	1226476	3C98DCFDFBFC70F75D2B7970CBE58A71726B79D66B1F738B61240EBFF899661E
2548	1226515	CB52E18E66EA0FB566EC30009487ECF12C663756EEAE4A9B7D81A8F45AB28502
2549	1226609	4530B8D853842F7D5F14005343438BFAA460641A9932CE575FB2503731F23C0A
2550	1226656	35C1455DE86CC9D2C71CA7AF1DA31825ACC71EBD0E4410409DCAA665846241B1
2551	1226680	7807CADA7B75FDD1AF20CF6538A84B79E3F6309AEA00587378716037BFF5E976
2552	1226777	319B9E164B068477DD2D3214A6F99A51B41FF35633C851D4B092574039A5F9BB
2553	1226820	925FFD5D87E66BAA4989D3B4A00EBDA419F836861D6101E3547D916632EF3885
2554	1226822	9E30A493746E82D2912EC076C91ECD4D919673D5BD6C5714BD4D434BDEC47D74
2555	1226824	A01AB1CF31B077E9DD54543FFC0900B1132B1DDA728850F9527EF7D5914847C8
2556	1226956	0BF59D0A3BA100D3A250C0EB99A3398059F892FBF45034DDC2D6E4130E66EE9A
2557	1227065	FEF467EB3370A52C0AC6277C68AF44E8F0C62FD845C0B08F263DE7E714097E7D
2558	1227076	7F64FB16A11D424352DAD856F5190EBD2E73DE9AD240878E24FC1334A28B1C38
2559	1229804	BF01A57E34576BD6E9A4F20B9F609B481A4F7341F60E859AC04606D890D0623C
2560	1229839	497AFAFE4F5C3AAC623F5EA8650300D6C86D74E1456588BE8DB02436CCB5F628
2561	1231756	9AE18A76BB109EA4B591B9AD24282ECE0C79E362BF9AB869D167966F47F35841
2562	1232408	3646F33FA15FAB51ABB73708A42287AAE45AE822FC2D8C6FB1B65C063442C8B7
2563	1232410	FB491D59C96E000147F177DB8A72D37368BFAC01CBEF06A3B965E6046D5F4C2A
2564	1232418	04B18C34980D53E9D83196519C0A26FED9161AB0252C2C03469B4E6855D1ABF4
2565	1232450	67E89ABA81BA8A6C63B01765B29905CC811D346FA02D52B83FE146B896782EA6
2566	1232801	FCC3BD9CF8880F3552F25914160F8DD60B742170E93F2B0062E0CF8A8BDA9F89
2567	1232918	73A145A338847980123312C309E3420EF8B1DBCF759BE1E69A8A1C7C8EE7C169
2568	1233008	BBED1799D1850B79FA11C4A61F3D4F2B311D714A7D6BA9742E6B3A9ED4A47044
2569	1233022	B64220AB0646EFBB8632FC7179B3FFC8EC26C3158657FD96A76049CCD8BF32A0
2570	1234368	0F2DEF32EE4109B146C57AA4C8A5EAC79AE5ED0E16D795FF236F0ED4E7850498
2571	1234481	1BEC926D3464297586F33559FEE93655A318A13A21801A5ADBE6C6AE0D2AFA8A
2572	1234520	EF21AE73D8395DB5679C92D285D89F6366884433BE3E870F7F13F5CF48F19704
2573	1234531	BB0A806EE3D48DD5B728CA6DCAECD9C5995580E2BF9D537B5333316D98CE2358
2574	1234637	95EB1BC383B1C03593892B334D5BC1E167795A5D0A7AB73C37E20B4AFBE2919D
2575	1234664	FD45813FD8105E6A13CD135021187C5E748570E1EDBEDFB55EB41634DF48BCAD
2576	1234667	E082E862952F1D77736F789A2CA7FA75D65D2CCA730205C0CA759F8239DE196D
2577	1234724	0E7C0F4D17E3E73C475FBA590EBD9D6C4BBB6771EDC06539BA4E3FC1CADCD85B
2578	1234791	3CE5CD0B35730DF6864E11737F25D8E928E159F2E35E79219DE10F0C0804752E
2579	1234887	DC3F2C4579D9DD321D6A040E2A0B9F71D89C6E705554202637CABA2258846493
2580	1234915	65FE1905B3CC8C2A7205CFF16C99D025DFE28828D797C8B1A7A2C28E97717595
2581	1234977	5D47D3F85A82D143F043BAEFD77E2E127D9D59B788D72B79949F9A0C477F4A9D
2582	1235025	A192641CEBAC8AB900147A4E71B0C2CEEB22FA7BBA7E5C191979A0C88409CA8E
2583	1235048	EFCEFED9C220459552E36A5BD6B517521483F105A207D9B19546ECF00BD0A5C9
2584	1235060	5174D9B134B6FC50E74C0614B93449C3FA10E7CE94CB0E5989D2395F267EE00D
2585	1235179	57E77128B6ED5C3E8C08F929BF696D396E9422F2322E36FBAD67E22427D65F2B
2586	1235239	62C083725E4D46813730088B4C882EE1A3BE4D410D2891F2BA11D5A72EEDA12C
2587	1235327	88E21E1A1BB5431EB2BAA180D92B86C0DE5D4F0AAFF086E4DBB8C7918358E297
2588	1235355	EA70178C05189E350DFF3C0913D816F4BA6A12C47E9F240FB2F7104BA9AF31F6
2589	1235396	999CE232FE6A16B0AE8E1E654B5970CF8593A5CEE3FEA7C8E3BA925FEE5CDD60
2590	1235417	20BF33DF8F62A090D0050E5E22F3B137FF749BC84915CD0C9C7CD36B635170F6
2591	1235427	79A557B9E7BC2320DC0F4354FE48450F6B598E1078F5BE5EBF4820448E1721A6
2592	1235463	44A1D6C93D8FC74A08FFC493F681D905109212C8D4F44DC14A7D5CE708D82BF9
2593	1235504	6034BCDBDB02CAD1268ECDE0407A81EF0F1E132429369CD42E62FE0769EE4103
2594	1235523	20F6F9BAC033FBC6C34A1AEE4D9AE9723C0345E795E02E687AFF392FF7D6CBDD
2595	1235694	C4253C4EDF0F98A83F2855EBE7B6453539F103F4CFB45CB941640C2950A1920C
2596	1235784	1992DC6C446E5A10281EFF1B4798E014CA4FAE140FCC66C02A4580BE550941CB
2597	1235800	C968768060A0CB1923AE037A18F9C86A87F92DBFE1658879C959BA14C8FCB5BD
2598	1235857	BB0133C765C32DCEF5AD511032A4E09D236B13A4E93313E3FCF1F2C0A8D589D2
2599	1235859	FF5F347AD2A803940D5A92144CE2EB3EAE695F9597074F9D957EC1396EFC15B6
2600	1235875	A6EEC925EEEB143B0002B8CEC7F4592FE3D1D6A726ABF25EAF1702CE4060AC37
2601	1235965	C86920E9B7C8A9E7C6B04F521487FAA0CCB0A6521A750F7A3BE168B2BAD5733C
2602	1236012	6C62F8C1750D5835A7CC751064CC6C231EC69865A25053384F2A3C934FA468C5
2603	1236016	B3172D266E4F3F1D7EE5EFEB839C9B9923D85A8F7F3788F75F2530C4D72945A3
2604	1236056	26969DB69B557E072DAAF8F4AD27453B11239B75208427A5E6FE4243402E5362
2605	1236184	E770DFB195D7803EA1306C1E629380BD517AFD7032554EC92ED6C37064FC5040
2606	1236210	511D5E50D0047202F66498F0F100513C0957902E0C7689D1DA09674A417CE678
2607	1236425	1A8E95118CCCC184E675D9E517EB8D459D10DAEA2F2BAC79B134CEB04C996F8C
2608	1247585	5C1C084EA9554A2716EDBB710CF8BDB0F3142FF519943B0985D65FD7BD49F486
2609	1247587	01948A0A683CB982575F8E1FFB081916D8339F2F793349FF6EC73D0CEFDCC70A
2610	1247589	C541480A8FA6373703BB81F7F302437A66A25D9742FCCACFBE107CDBC46CEF69
2611	1247592	CA9C28475A1B1AE125453C4F305DDAF7313478A5C5813036FE3A8E1FEFE93690
2612	1247593	A49F2D9378CFA46EC5479143D142B10B4FD29E6C6E68A8BF974774D49FE4F0BA
2613	1247594	9FBA246BFEC5D089199EDC164114B3321CC3791CA1B28B99878D3A21AE40A648
2614	1247595	451831755C00AD8C80E68EFF56C450E6C4A3FCE56CE513A903F955840F2D34C3
2615	1251596	46039C3F43CFD8B2143AA2D761925C8862DBAB615D41C7AB6209D71E93CDDBFE
2616	1255214	B326ECA7213AEE87E4F424B0E0D0B42B33F8F865D6A99DC49356B74CF43343C6
2617	1257833	E979167AD6D58146996A1998D7ECE0470EBB6C967B5682DD906B9B485A6E9824
2618	1267985	11E1B40A78E1D79F0C6BF9F223DA53FEF51FD46CFF1090FF791524CACA634B23
2619	1268029	F17BB2BD51EED4824630745C53701E6F23F8C6CD06379ABB32C376609D85437C
2620	1278187	B30B0C26B1DDD89945EAFED152453885E46BFC1EB2BABA00815B06C86543D969
2621	1278193	C6A4D4F5FEDF358E1F113C9D55306F9E001FE75C981D9F34B0E66E0768B8DF07
2622	1278194	ECD8120DF5458079565347D4E32377E6B86C597DE24E5A92A21F9771015FEC5F
2623	1278195	59262C1416CCFEE7EA32538F5FCDA4029E9CEC8A49D383E0F4B518678E20BEBE
2624	1278225	09366A227375C86A8854588AA1E9DC933F97D270AC097E6AEC39315B291189DA
2625	1278227	9EF1F8EA2359DCCE60A51DE5779E79B10CB9D90EBB0C8749940F24182DBC1662
2626	1278231	888E6485C31556390AEB0A8F580805F2591C13EB52444A5EF9CBD0BF9AA58DD2
2627	1278233	CBE9184D698893AD3FA58304F423769E102024902874296E4E1BC23B92F86363
2628	1278234	2C0ADD27AAE9F2F1E7E05F5EE8D83F2E4D6622867A5C78151FCE8FD24FAB472E
2629	1279937	9DF7E94286B3DF6C76ECE300AA6D5BF5DF6BF21F577DCAED0688E543D11794DA
2630	1281716	E17635A27C4FDDFDB547839462229002CCB55D850A3637D2E24D62D6853A09EE
2631	1285406	87FBE165142B13DD6ED72F567E9C7AEAC56A20B91B037309A55B35B5F170BE73
2632	1287166	7867EC1A489EE1E2C066E703B580F093A1CB6C2D9503A4F509C53453B1065D94
2633	1288434	73F94774E66EB0E898C539C315EDEE429947D217A86883CCEC077D76A2FA63D0
2634	1299316	C9D722E915674FFEF8D495EED513417FEBB57C1202016EEB2DE71AD9B02BF3EA
2635	1317578	D8E951CBA7FC5E17E046E36D1020DF58580AD1B71B522E9937F5DEAE8E2EC475
2636	1318042	F316C7A18EF1DB9CF6C1BE5AD36A5ED3FB12BA1C9D89B9290758B7D08C2DFCA1
2637	1324267	95AC31E514ACC6EFC1E91B3F6C170E184896BD2E5846832F46FABCAAB210E07C
2638	1324269	0D214D6B8D03952F516A18A982ED9C1B781B744F53B9B0E964FBFB3F71A7BF89
2639	1324271	6C0A4898A3DC4BE678E8DFC62A5F147FAE2916275360E5D91243140F08F1C117
2640	1324273	053F139DF99A35BA7A63006935D2AB8770D5A390BAAC5F9060649EAF5919060B
2641	1324274	114BA9C36D6DF9CED9EC8D0E3BDD315152E97EFC86B3290843199FAFB05BDA7D
2642	1324313	F9CF0243B624F1946425074A50539F9F0F96AA02CD5837AB59C94FDAC5C7342B
2643	1328276	110535A0DD8E5C819BBF9EF17BA5C4950C0C93217224401C3F8F431D3A16A310
2644	1331498	F6F0F2BFDC1C17D7EA743BDCB6BAE549CD1EE4B5319C115750513F9D943D744A
2645	1362952	4AE2B972AC2D97B36B700DFEA6463D314B05AF7CA56B113DE131EDD168CB74C0
2646	1374842	A2FB527D7F3EFC94FD6B0509578A1FF9928351BB0C3D4CA4AE686F76A050238D
2647	1374872	C4A7913B54C5FC2E7C62436A941528EFF4FB3B9FA67F0FB741EC9BF92A59977D
2648	1374962	27B113DA04114E851CF148FBA41A58EAD669DA2D7826FEFF7F284C5F12B856F7
2649	1374989	B71BDEAB77E61941231E5D3C48FD4A3A6B0055B9A778FF43891A454B92CA2F60
2650	1375083	299CCE0BEF390AFB3DF49914CF63ED02C055EC713C98A1566507FD137FD62E54
2651	1375113	1D7D7406A3F494668336F894794064636E745A7DECED83F4FAEC37C0937AB7E0
2652	1375383	A8842945951CBBC83B110901DD0329CBF5B6E64A50AB0BEF54452508AF35A308
2653	1375561	FD2986B03DF92369D95A771643661BBFC3BA6C2215C03AB652FA48628E9381AC
2654	1375591	2D59C30D66CC78D32DA490A05F1950752C7DD4961BF86506DECB294B27B03F95
2655	1375681	CFDC311C76B95C529E9BB140D8A6635537F644245B78127C1F502E2FCE4584AA
2656	1375713	BF35292125EF405054227D290B3AC761D5D3CB20C90CA174715FC95B21AAF687
2657	1375941	3AFBD2C4C3258AA5E24EDE3E9C89C0D6CDC7C5B3389E883D505942D11878B8DD
2658	1375990	087110EBBE9129567A2D40A6B7C938B095A491526DC664819D8BF4C2030A3015
2659	1375993	1171EB826E602DAA0EDE903D2BCC045D7A4910E27616491A1C9DF8226EDEE656
2660	1376169	931EBF1FD7B5FF8FADC56682B0E6254A443598E58B34106169029154A4BE3292
2661	1376451	BCB9AB5FDD6ACA19D7C5DCAA00E62749B4F8303C881B5EE18E5D67A4D0743460
2662	1376469	AFABBF02836505A8FAA0A48565F0C1A2131E8EA02C32A0A75F4FB10C6EC166A5
2663	1376782	6B3E66E514B97691691A444C49E358C2991469B7A244C2D6CB95C27C0A2EE9F4
2664	1376819	D6A838C21559531F061281516084E18D3C872F66ABE100E6B4103A251B31D54B
2665	1376822	CCFA8E74A1DC5C08DEC61FD356D7E04E902FFA337085181B2076F45307FDE579
2666	1377410	C148A5F8472D2C699C8551A7EAD1527BEBF4963C72346A5E7375D559FFEABAA0
2667	1377506	217CA37176383900D3BF555F9C3DE2305DCC4BB8EBB3E866CC39F9357FB94E85
2668	1377538	BAFBEE3FABE257B908DF4D9B8FA1AEA3544E78018F8EFF6537D018100A34BB06
2669	1377598	B0CE74877BAEC2566E1FDC958ABAB5986A98C8A48AD745528399B0DEE7E077E8
2670	1377622	C9398D0D2EF1A79E2F005AB3E7C3995B2B6800038045939E2E7A25097AA0DD0A
2671	1377718	DB96322A50BDCFA1937A480D0A6735DF964AC311404B374DE468A3703327BAD3
2672	1377742	80AABA6C9C26ED5916A968D282F8E2C75AAAD0267A6685DE428D65A6F90FCFD3
2673	1377766	F37F30F2AAC93BB2A19C9B15ED16038A64AFEADF4CAD89BD2AC24D184958FBF5
2674	1377768	C6C79791CDE1702A558369D9C5892D958C1428962FDF422533281E23639CF3D3
2675	1378102	4307C97BA3DE65C48382C99EC1F9E71BF1EFAD76FA0E1773E4C74C6B6D609BC1
2676	1378118	6DCB3226EC48798F4EF7E227D3449B5A37D7625A02253D0DE31A7F9618E2BFF4
2677	1378130	09A87E71621A12D0F26D66F702B603C0D18724AFBEB58F0F39CB819B6947111F
2678	1378154	7A85EA854975FE3C4950C0A845AD83546F3F499ECEC4B1A1710AA792D47691DA
2679	1378202	76D1A53F5B953167C4995FA05B5529C9BF01034CA1318E8A8B5B045EE019B79F
2680	1378206	A759C536C42C56D481CDB51ABB9254BCADBF6DA0075FACECA3E219F6D7A66A83
2681	1378278	6C07F8407443E0B8A435D0FEC22C3DA6D0D7320D2EB9E5B9DAD3E5D85A678B98
2682	1378330	0F52D3819E09A5D2393AB97F0F8D9FC49F9FA47C24EA9FB73B5FA6FDFA69CC64
2683	1378334	D82E6FB2BF04D0B289EBFDA86E658217D81299707412BA378685842B68AB1D17
2684	1378350	FBC3F121EA6B0873C51ED336023E68F159713EAD131E9471D389297470ACDC7C
2685	1378450	920D581556D119FDCD406E19C312E12756F54A86B75A8B2F5680707BE159B076
2686	1378570	6FA31E1032E82D62EA5C44B5E2D5ABCEF76924068440764772D190E8AC2C6202
2687	1378799	D20A8CCE8A3B5FFE3E1BCD3BB8FE7871EA09C646FA893494CBF1D3FD6624FC23
2688	1378811	BDCC27093FAF2FAE1EEA2C3C428C9AB775F3AD2925C34B89CA721688389F1392
2689	1378834	A3A66BAC5E465304395086CB346060F1BC1274CE09639E061AC8A6FB31C8366B
2690	1378858	B6B9497E177A493D17E7CF7D605744CF9DD3F8E7682D35CF67DE55BA1975A673
2691	1378894	CBDF34388BFFE4B207473B444B2712CB6AAA7AA60DA6FBDC98E7BFABAB5AEBE3
2692	1378906	8B2229741F1D89DB0B0BC6D48165BE45E18CB7A988B27A038319F090B1AA0A9C
2693	1378907	EFA704E82504D67645C02040AC5A95CD65323A49DEB2C945123C0D618D47B81E
2694	1378919	D2FA8C1139706D68D9043B2E3C34C6D3CE8B2156E1C783AFD0A6566C0DD7A4E4
2695	1378921	AB6C4B503FACF1CDE87ED4E10385D189D9E3A2628FE4EDDCFCAA0514ED99A6D0
2696	1378948	BF633B1230277DC2B1357C6E529063F782F06A36B2BC9BC459F6E44396EDEAED
2697	1378961	E07CB5DB28E1DD8DE826636932D146287B57DA19B3F0CC7C83BF21B35DAAECB7
2698	1379022	00F993D4A9AB8AA3F2ECFD427CF566CCFC1B39F3895316B0579C32B5D467C50B
2699	1379024	3656E32BEAC24875AB922EF864E839527BE6E05EBAC50E69764257DAAC3C0F7B
2700	1379078	101C6E2763BA7D280837A17612282C1CFA835C7957CC25428D767BCBF0847CCB
2701	1379095	3E05970B7A9FE85FA330EB01E61B77BF4EE8BC7D1502AF8411B72DF1628CF6D2
2702	1379103	1F50CB4D815299F6DDD1965DA82BB026E5FE6BA3ED985131149F429B0CF4FC8F
2703	1379162	BB4C835C2B667D74F3EFC29F9ADDF14CA74526CCCC047B4D9A8F3A6587CC875E
2704	1379216	5D4B723BDD5919527613E8F8F81A065ABBEFD62DE19E558E60C47A801B23DCE6
2705	1379226	1D934A59B3EFA7CA0783E68792057209B2D29404BA60F7F84894074D34B4E57C
2706	1380023	5022A179A4997A5F2AE85C7163B417832EE342B27C1E34EE7B4DC141B222B491
2707	1380043	B822A8AD1E35D3B3CBDC7DC1DF2C10D122EFE3A13F97D352AA9E660287941443
2708	1380361	EFA9853F9EA2000BEB6A9B7EBA1964C483FCCBAEDAE718DF978A3CDBDDDAD4E9
2709	1382186	43D243F668D4836E3126D542078903F258D2D23B16153ED0116733A0930B4133
2710	1382882	998D3ADF286C940BB851B796A5D0F22877F4D5C2F91BF3AAD5D6085FED73690B
2711	1382886	10AF534589633B0B616B9888FA21D86557D64972045B8132D0C8F790DB0C7550
2712	1383110	173862E676987CF88F3AED7229CD10BA9E00D1DC7CC3893DC5199AE957B7F13E
2713	1383250	9DBA9D88909D11425C2EA2ABB0E0F2E6C1D52E5C267F63C058D18CCF8A54819C
2714	1383538	C3232143D340FC647B9055D00736A9CF56065171B7BD7E34E530CA7E4DE1750D
2715	1383743	FEF7F8E279A12DC10A400F1B64B4B833F1091CA16CA6FC50D7FE6FDDFF2AD0DA
2716	1384233	D94A5EC626CFBC39664906CC43EC49040AA283DFAD6ABF9359C17D0108679F83
2717	1384353	D41304A4B3729352CC386A9A0DFABFC0E84BCC7C3085868FAAB5519F494C81DA
2718	1384442	5C11B68248E1CF69587EA9A17DBD8218CCDF8022AA26252D46CEB9EBE2EB8368
2719	1384443	48EEBCFBAECC0D2E092E3DF93B192BD21EB90C54DF7B49345DE820DC4F4D7D19
2720	1385041	016F8D3CC108A1115C1D5D00FD8EEACFFA11E69BF9D888CCCB66FA5164A4A252
2721	1385320	8A4854D4715DCC2565854DE028BB9F5BE29285600CC91AED0AD312E644CB6665
2722	1385350	4084C2852340DA3703E1DCEE47AB8FC00A6388233BB151D2959BDA99362DC3A3
2723	1385519	4983D652F84B6F33C899917EAED134DB9E4331FA1445CF5096B67F95CC87BFF7
2724	1385521	D54F243773F71E566DF00EF06DDCBCC7C5B625F16F65609B6D144F1886791090
2725	1385531	22AABEB6E9EB43EC7B6BC24878BE2F1A5063E51EC5954C4D5454E5F6B8C249B3
2726	1385533	44D345357C7896EAE1A2C8ABED506D19EB23BFDF76218781B37D3563844BFB4D
2727	1385780	493416C093A1646E5A1C6F83EA93F08E39F73AC73DB86D57CB030B627611AFFE
2728	1386139	AF697E9666D993A2EC9A3F5958EBFAD39B9D63AE15D5FA6020A5B223BF50C9E2
2729	1386142	428C1F08E456D8499F906362D0BE330F61480670A6B9D45C8733CE4A0ACD9184
2730	1386199	E6B6706E7AF4F11CCD846D9172E3EF2A8ABD598C4DF89859029526752D5A568C
2731	1386770	5AB0B9C4C10DD590B7994303846AEA216D4E991B7ABEA0860183AB5855D613BC
2732	1386862	AB4E5245551779AA631E3FE893C0AEB608C7CD11E79B30898E714DCE1E0DA9CE
2733	1386958	1B6EAA1546EF097DBC83A333B226DF2ADB4B7253503372348ACB6C93759F7019
2734	1387018	38BE9A7E11CD9BBE1C1A4AD3FF3F4945B14839B670C8B56F24D47428D6BB1E01
2735	1387090	A6A223311E2507CBD7EECA7D1732CD852563E5E5AB6489DBBBFD24592D475B7C
2736	1387114	2AE63B8443E430E148B8E8C0B2DFF9589793209AE83FC93B3726D2D5F9B3DBF8
2737	1387128	0C08D646639B0227AB50FA58F2FD61E0A627EE7C037AD7C6DD4BB7634C875C26
2738	1387462	E90950D69449406B914589283906F0F57856D81D58348A9F3131BF33FFE776BD
2739	1387514	AD0CB13B1D6B2B8B895534679F3BE2699898DB898883B00D350B2F3C29776A18
2740	1387638	402FABD18A983718E5D9F3E98FD1D668434F184599F267611229322FEF5923F8
2741	1387690	1809672BC17DD2A1E36171BF27F9102CCB10D0BE8D3A134F6CD5A64A1D8483AD
2742	1387694	CC42FD5538E54CF4E6CDF6A2BF2385495BF19D570317AFFD8CB63457DE61B9B9
2743	1387702	3CB35CD85E3AC815637F2138E69C570336CF1577233368FEE6C400C796A1AE6E
2744	1387710	E45221817656002F5D4DAE9E28CDA1A079E1D6DDB1D1AD8EF804747A6ED0594E
2745	1387738	CA9985CB9D89A57B5AC06D77159EBBFAD71105D583B57CEE72BA815A8F83B7B7
2746	1387790	CBB9E66DAF48A6F26A8508DCB2BF038FCA5DB9C9624C709B5F79A7C1D798ED73
2747	1387870	79F5641FD8C9BB406BCD34044FB82D1DD3A30754FC9E8F9760B2BC13BDF0EE2E
2748	1387874	794D0546627FDFE95FC9450CAE5D1021B8E273AF1DAF0EDE3560A58A3A33C7C5
2749	1388158	E70C06047A9B33BFFE4EE8E96CB4A4A0FDA850D0373CBA053E8FE3645CECB46B
2750	1388170	C2C86BE95E6DC8C4B12E13A8BD2CF3E32B13B4E198103FE6E7ECEA8D895B90CA
2751	1388182	8A62E765487E1349310475B7310B441F8B5AD86536C4AF446D2C072A5B012A20
2752	1388194	71C7AE50A4C72D56ECDE4B9ADF4E43FA2378887ED4FB1E88D4A805317CE15233
2753	1388266	FA24AEF88B881304FACB6630A825A5F1FBB1922D0BE33BEB1D797C117A562FC1
2754	1388267	60B9B49A5EBB2A6CBF8639A9AC8D01DB604A8C153C394091264C93E7C33D659B
2755	1388281	EC7FBE550418C9B3EC5978556D147ABD5E9FEB7B1BB81B2D52BF8D3C7AB28C11
2756	1388321	1518AA9F2B6EF7DD598B8F35D84CD38CBF648D9AA7B1DB0B5EC99C9ED225C643
2757	1388384	F70ACF73FFF6106A51CEFB864816BC1C9CBB57B38B619AA3AF811F8E4EDC7788
2758	1388423	E2314E158E8427F2C91B1C47297444BC5673D089CE07C66D8DBDEE946EF772EA
2759	1388438	EC4875CAC9122A083894BF6D0B27294348D01726A430DBFC19FC737907E9310B
2760	1388440	D4989BBBCFE2759908A6892E2D363BCE52D06D82711B1F769268CD28B32C9FC7
2761	1388455	F5742262A2B8575B05DC6FF7BC8D25DA799077B8AD07FC50C6E38077047A3ADC
2762	1388457	2887DC28FD28C1F431649D6FE220DD5BC747148AC3584E3B59E84077A5C0DD8A
2763	1388567	75DACB0DFFD57B0C7A8C4568FC395A493C3CE9279E8DF877A6BB766DB04EF561
2764	1388574	3F752ABD7749B9D4FA5251A690ED8A68362B57DADE23E939D29E8E0A125C2897
2765	1388591	AA1854B9A017182EF26F41248A87CC3760C0E4568F6182B5C6A0F21CDB6792D0
2766	1403818	8E8888E04E4775869B2CC241C984DEB03A94E42D3E8430330C207CABA91E6ABE
2767	1405646	F2D0DE896724830D47E0AB32F7CEA943F687B754D88D27FC88049D8F89EF95F6
2768	1428266	43FCA804BD53F2FCCF2DB73FB1D0B5B94EA04C4DE0CE3DD532A9817683D3496A
2769	1434782	CFE4E65F965C4280B96546AB5E5B14FEB835CFF0AA040AAFB9862E89E5EA31C8
2770	1435430	1DF3000C4D193F57002CA258922FC246A5B67818EA43DAC9AE38270BD4657A3B
2771	1436224	53DEDA68B93BF1E2814EFAD7F7DF4E9A86936590460761D2E00C4671890C2A8A
2772	1438095	D4EBBADE65A6B91DAEDE018711EC2885885FA80C32DE42E72ECEE02FC8A55A88
2773	1439583	B5184C12EF7C5665FC40D8DD81EC9DE3705A6F33C0C644C94EDF05C303506B29
2774	1439594	4986422EABB9B5F2C44A801147EE4DC72A06F53FF54285E9C0DFDB958BA348A7
2775	1483754	263C07220CC5B5C881C2B83FC411D154B1E3F758AC3035A7DF0D77D7C3DB6574
2776	1484159	621F656E781FE9BB44AF1DED596ADB863ED3940252A35B23680DC73A8B516227
2777	1543902	1E2164CD14EFAA2C48B3CDE692AC8D6C5EEA07583F77018DA6F51419CF3334F4
2778	1545735	D59FDE6D6564256237ED550DAB3D0BCB2CAA5236176F74F19139AFD732C58108
2779	1604163	3B09BC8433939B51C86ECAD1EBAE63922E9A2A4055CCB2672CF8CE2350F0764F
2780	1604189	73F6E4359F04A75095B8A61C8345ED183C8A8F7CC2EC223AC1AFD348DB8A7361
2781	1604193	CC654ED6B1F1EC46724F2A9350F30311C2331A32F946AF252D6FD78C636E3AED
2782	1604309	41242E7D7F5CB9A13D79370ED453EEF2105950F30C3F0B328360C916CDE99457
2783	1604313	C639C5235E20A14381F16CF83046CC877783EC244AB9B11CC04A97664527E2A4
2784	1604399	DF4D556AC6BA9904CD097E036492065974B724C19A5425A8A555159C32CA8FE8
2785	1604433	ED255A853711973D94CDCBE1F60D6F6D31C4066EF75B52924C29FE980BFBEFC7
2786	1604880	CB1E8525CAB871FD37DF4B2285F4E047A6F1BE93D257116EF2A04542140FADC7
2787	1604909	5F9BA69CF9F0BFD4D6BD5F04AE82EF6FBC7B22E67FE6BF26A4619870A74FB18B
2788	1605259	D0FEE1A6D70CE86DD0E41EE5E34600A7CCE7BA1F68D02A21FF2A23E853C9CF20
2789	1605261	85BC5DE58CE65D76E7C8BFBEBE75D649653544F4C499D3B9C132872C5E5EAEA9
2790	1605280	3DBE9C7787FE9E44851A152B3777C9D1FD0ED63BEB47366E1E7FAA2131AC4DEB
2791	1605283	4C88B9ED034752F9F12F1D794886B642F298CBC461E7044947A734517F7FDED7
2792	1605310	3CE23A34534815D20ACA54DE95FB340789145FE13309C479CA439BD87ACA3FB2
2793	1605479	42F82FCA6A8259E354A7B4EA53CAF8B65064B71C6889392249353E104F1ABD5F
2794	1605483	231416F30395CB0D7299AEB5CC18D0C84FE36FCBCEC78D1BFD117E47B08D2AAC
2795	1605491	0CFFC2A114B5389E3FF2F70F358293CE71A1DB7B7D2AB08AD0D93C8B162444C7
2796	1605769	44127F43480E7CAAA303B38D1C3CE493D23C6BC4135DA259C067A5D0E2A06ABA
2797	1606099	46A35CCC40B9E896BBC5C8428F8E0E5E8313711C4E7A415FFBA2D728F167217B
2798	1606142	4FFDAB6B0B0F90CE717D9B2FC0CF035C5FD1E8D9EF4983904EE87321B1B74F7E
2799	1606159	1F391B1C420752BBE081ABA9AEC0C7280FD6C7591701949CA76C72283F9FBD3F
2800	1606678	134840F78EAC8BE99912FC601486A7F15FB74E5EFBFFC15DDBE0B90D357C69B3
2801	1606690	0DED74CC2C5F550989F478FCBF908C7C88C88DE5D538D41688DC7B7FC8704C0C
2802	1606730	7FDA143B9445E5984F37262F3FF421E49089DDE54615FF742CE19666F8E17983
2803	1606798	3273A089A3A5006586101C249D44BF91A65F1AE75FD18E3699DDF9F7925E4EFA
2804	1606810	3638EF4AAAD6AFE8F081C9436C0A14FB7EAB765413E4E169AEE318B0A27B79D3
2805	1606822	5FE5C2A99DBEB956A9B3E2DEEA913D2C15693F4A6EEB55780B6846BEBE7717EE
2806	1606826	F45B59E0514A1A6A5EB9432BD9DB4837831BB3CDD0A52BC05EE49AB22009F4CA
2807	1606930	346737CA8D5230910F909D73886A47BFECD980BCE987AC94F4FFD8B3BF09015A
2808	1606978	3FB23F825499A7EFEB8F9C86B610F8331739D483DECB6690685CAD2986827E41
2809	1607062	3E96DE5289EE6C367BE4D9CDD28AC6EAC0A295E93C9A2694248A138558A051FD
2810	1607086	23B7FB77779DF18088576E71B3903AB531AD16DCC666B0401C6C1BC903E4F2BC
2811	1607088	5407CD6A63F54CB07C34D4725C9D8A7BCC870E69BF62214C3A6C52F24EB006B5
2812	1607422	C4DC1D4D51A7DA8D7C7CE908AE4A470F65C3C64D948538E79038C64E3A0D7325
2813	1607426	02A3DD179969D7DC412617620D319ED0ABCAC3935938DAB0BA16CDFF31DBE36A
2814	1607438	F8904BC5831801F10489AB066535F2D463AF41A6FED60CEF999D9AE0230D7B81
2815	1607470	5720E5D9E76DA9EB90F018EBAAB65AFCBF6D1C1A365FCC01BF0624669D7600D0
2816	1607474	A210BE258E9D9358E4D28EA738B3DCD65908E87FE5D02A992B1E693CBBC7D8C5
2817	1607486	6C35F1C4993BE304F3F2FAC0BD34014193575399920F9F6A73AC516B09C3E15B
2818	1607522	391C4C202464E2E6358582FC598CCB1B665BF5015B1C7111333E6C4F86EF2AFB
2819	1607598	11FC6A388B76973D5BEC2C23B1F609DD9FFEB91FA5A7AFD5972F15856E557A91
2820	1607650	335CC27694325967B32E33BD275965ADB8D80D0C0D0012A23017DCACDEBE9ECA
2821	1607662	99E0463935BDCD2274905CD24A1D0D7D7B452FE308648E7943E24252ADE58877
2822	1607670	57269A95FBCD16700D419B7335173389891646FECFD59AF91DD32090DC962D60
2823	1607698	349119851C7E57E126D347DAFE3E6DF8A2C33F3B1563E78F2C57649C3DB98792
2824	1607708	C8F52DFCDAA0BF87DF7073F2C87B3BAB225E0BD5455C585AF73FD64446536AE6
2825	1607770	F666A6E3BD60ECF8B30A220FF0FAC67CE4622A579645134B09DC9BE01A089743
2826	1607830	05781E506E9081BA47B8EB0B539ECD4E27913CB2C2029D90FA29F8DC97239EF5
2827	1607834	4F808B9EEC06F9AE3A6E8030F430E270111B42F7E83C038F43AB71DC25E1A06A
2828	1607890	1AD9037781C4E7AA70E922BE064CE397C802FEFE7A36845C6713F2D5D39AA61C
2829	1608118	0CB6EE64AC6B40A9D7384EB9CE92E3BB89D66A0537803932C351D5201AF43A3A
2830	1608131	2630C77902F1CFCD6A60C72134DA8DD6AAD0057A24C8607F8DB6B9287AA383DC
2831	1608311	6F146ABA9697DD8DE63ED5B90953A3B01B59C6F2E7D4E9FFA2D0EBFB8C6E9F71
2832	1608315	DAF4FEAA3ECCB8912CFFBD4BA46E6F1E110989B25CDCA928BD84A61C598952AE
2833	1608342	A943E9DB8E556749FD352A71BC5A1E6721A74F3BCB76AA1B97E56E05AEEEB944
2834	1608382	BF306D9C6AC75D13BD53E067472493F9ACD554B92A90096F6B22F5B3F6F2C7A6
2835	1608400	21699B6DE558DB17E9161CFCC8E66B0742391CC4D9EEB54EE7010E2EB285AC28
2836	1608411	4B3EFDC222560C2544748033ED6C93C3DFE06AE16A84A2B16D14EDD311740BBC
2837	1608536	7685D4844AF98FA41913F9A2B9D7D802AE36CFBA38FBF076C56021B7E2981DB9
2838	1608553	5DDA31A7F4964386FF4904BC5C5780C7E732CF036673E171FAF1C03B7494B1AB
2839	1608559	04C364546241AD75904FE00A85F1ABDE003D653BFE73EBE6A70AE83D6111F155
2840	1609343	5ADB6AF5E9CB945ABAB0AFDA5929C7F3BC106945BFF5860B7E63BAD8B389DB09
2841	1609681	7D75A4AC1139F5FF91D77DE52C2948B202EA7DB6833D61AFBBFF0FBAC363D50A
2842	1610819	F016B1040F5D717BB12368052E6D036615FF68BECC38141A8D1D834843C90594
2843	1611358	6F07926167C553B8FAA4CF3F92351A14A05CDC15A10F0E2DD8A21C25CCBDE8D3
2844	1611478	706B24AED7CF1F7B3AD57CDBE3A74222094A3A43B8A599B6211F282820AB1BA0
2845	1611506	F06B5CA3353AAC994F59D8A5C70B3ED1DA36A1FE4EC3E047CC041B82C55E1EC3
2846	1612174	23026DFAACD4244141E23F7AA481A73D3A1F4ADA779E9A9628E651BE4EA5ED9D
2847	1612202	329019C64782D8C5C2BADC184E0B12117D22CDB4319D0639C999AD4C04CA7CA0
2848	1612350	1585B4F9D12AF3B0DCF8D1270118D30F955D69B9A2DB3D559DCEBA9977750F14
2849	1613523	B736B1BA884234A89F036CDE2F40DE16641BC9D7A0375D2C1B089A822660E6D6
2850	1613549	5AFE84C6042EF4A41C34075F693FE8C58D3F598E36D8BFEB86DAE6A920FF752F
2851	1613553	35F98800A2578312D62D5CD5BDB64A7E2EFD7407FC7DBCA4ECBE2E759BEEEDAB
2852	1613639	543D456CADAB27DDB28B903F7202B8A272C085D4749989834D362AC6FBDE02BB
2853	1613642	B312243A39372FEA12AE6E876CC6D99FB26099CA5CD982E6E95EFE316253BAE8
2854	1613643	B698E529DAA3A9BC157B95C3CC17B01492D157CB77366352AB559FDF40F7FCC1
2855	1613669	ED649E62525F9E3C1EB326D953DB45973CBF471F94608F651A7B3C812C624EAD
2856	1613673	EFC0E3CD59A9BD167C68213808865F6163E9E5492C88952C9A8F8686AB41DA5F
2857	1613759	510665EE744827E1A1E7E828FEC695D3622697F1DD07DCAB02B71D92B6D1A29E
2858	1613762	22CA1F5273DA867404BF2498AA93A6F9DBC38ACE704BF19009F818806AF9E4C2
2859	1613792	0DF98B74E1C6C69E4E662DAD381DE7E03E7D442F210792DCA80071D61BE5B772
2860	1613793	67B3AA2367153AC0BCD4B04EAD89258809AE901B4A9BBEF430E2D3650FE22ED5
2861	1613917	4579F703FD8CA8252EB0FB491DEE633EB09F8986470A56452468DDA4B25DC9ED
2862	1614043	0AFB5A69ACED6A2A4950F7456CDE50DA20AAC42F480031000BF49177E3A5E8FF
2863	1614063	5227252C9EA98E0C1BB5123372113D430F3EEBDF8A42BD6FC9FA11FA7C407A21
2864	1614240	E76D9A7C18907681C6FB7AB3E48415BE9A30F404CC4FD9D3FF4F149D2454FC45
2865	1614241	F3587411D7060E2AC52F2D8554DFE659B1A42188E57EEBF31C468C30C0913CEB
2866	1614271	602C443DA507F828C65878A6D4594130BCDB3C0DC344239865A34ED9E11A8BA0
2867	1614273	A5F8D7F4C07FC2D559D1F6F28AB05F8AB26FBF5AAEBDC4B8B7B14F1CA5433C4D
2868	1614360	2F9C6B09C6D458B213254A7DAF6C8A05819B2D540B5D340BAFF347488D7BCA4F
2869	1614363	6842D4DAE6D7E3AA7EC448B69BC513496C0AA390043C05D9ED6873EEC2E3E1B0
2870	1614619	3EC4BDE7C9367787EE38985A4C0BEF5A3267BCCF725DBE7ABE77A470650D9A86
2871	1614640	8F44CAD82B152907C415E3AB7E66A2E7D369D7AA5EEC7A115E876C6BA8EB8DE9
2872	1614643	23FC62BAA0FFBBEAD44E5F235DCC532AED56419E9097F9EF7D901BB77399DFF1
2873	1614670	0D504E381D9B685CFA05721184FF4D02FBD0E1C52CABBF830C8340CA305FA1E3
2874	1614839	819EBC3534949BC03B4D592AA83900D94D5EB527E80FED4C312C1F8D9009CB9B
2875	1614841	E69495D6EAAA4BF851161C878D9892F292144477D42E0EA090884BE568A1F2EB
2876	1614849	3ABB1FE06E6FFBB0087870C55D9EF5824E9D8D545071CB035FB509D405237304
2877	1614851	E31BE3FCA4B6179B2A1382D3C534A1560BED703F3AFD99E555626DEF629DE7E2
2878	1615129	F4C9A0BD91D91C183CED6A6101C93D73A3F6542195EFE3B4361B0353DFA49C3D
2879	1615459	4837A3BDEA61A8845F930685A6F7A8C3E305B4050463A4F4F200F9DAD5F0C4D9
2880	1615462	E35D7C9ABED4DDACF1ABC69B33F991CE02CF1D2C0738921DA14CF1FB1083D18D
2881	1615499	A2D96202FB2C6207EA0E5A73F8FEDF99D453258CB3A22C52BCC1E84200920F69
2882	1615521	E6459B6D01F665426BE6829A95A71E9DF9EF1271E699F8795AC36C1D3C01D76D
2883	1616042	0C105F33FDEF98B43AD62BAE6AC182E20C0C01D3082F473FB56AC377A03AA3AE
2884	1616050	7BB76C0CC30F61B15C68586FE155B332A90521E0FC69D41A577EB284E853EC64
2885	1616054	F10D21FA29D16453E0210288A00EC75BF98963AFF255D57286BC7611A86D0B6C
2886	1616086	03F998ED60B7058AEFC038AD95E40FB50BAD31ACFD4D147C39FF101209DFF48F
2887	1616170	F85441964C1FE79F081DC9D534DDFBE20940025418A2558659C9747CCEB42D6E
2888	1616182	DA8B91922D457A2EBE17B766CDE382AED7C7730B6FCBBE1C91762508BE2D446A
2889	1616422	3AA63A87E434F5F899331BA4F7A7D614A49EF3B330DC2821F5287C00409AF4F5
2890	1616434	FB9CF840474DCE8A25FFECA583679DDE189A2D82EE2886F17AFCD0F2E49D47B0
2891	1616446	0E788418E021641D3B4A3A090A38DB75649D55B2061B54766988F6EFEABCFB05
2892	1616448	F70559E26F298FC179DEBA44F071313F8114A96ED83230744A6A750CF3BDB17A
2893	1616782	64ADD0040539A951D1CA006225AAB0A2AF63B526D2256068E14732B94E77DAC8
2894	1616830	60B275B3EB78AD117B8DA02A8986771819A00C69BE36E1032F56AB33F50CA45A
2895	1616834	1485DDEEDD23AD9F59A414484CA1C830B4090AAF693B8E4884AAB254539D1B5A
2896	1616942	6D6EAE452A07048BE6249DCD7195EF31B3B3BE04839E8D18CDDFCFE5247DDC13
2897	1616958	CD31B8882996ACC575F68C96CE91C23F134B222BD24BCD87D6DBEAC364FA7994
2898	1617010	D497370370F367DAD32AB483F02F35CEB82A9F9F8294A61B03AB275315832907
2899	1617030	A77C192AC3C15DD82D24F7336E159EB6F51AC5B4D0533790CD82AE18B0624796
2900	1617130	3F0E22A4A1CF9232E5D781B67E616494792158D322E14A833F9464F662AD0F3E
2901	1617250	FE72AAE05D7136C1D4B41B2A8E88152E6D9153DC11F04B02B45B539F21941E67
2902	1617503	5F2A4692FAD1493552902F5EB0AE9D292ABF7E304906015C13BA3B655EFD13AE
2903	1617514	E6ADB237C9829713146D99869D41BC8795F6CB505ADE4E3CD6B4D2EC3DE63D65
2904	1617574	2F6E15DFF66E8C58CF47AE1D2DA838154547FDCAA2780107F1C744138FA0699D
2905	1617601	7421BCF3CB0E68C23D70782E4795BB3E89B716379CF24E205909DBFEB2041173
2906	1617641	C1FE360C60512ECD066F936CBB1A7007C370E0749AD5D4885C73E0EA96DE3297
2907	1617671	575AC944A86C468828AD67FE6A94C0E27F912D28C482CF3E8001EE28A48851C5
2908	1617674	EA2B672266457C91F554F1494A610DE1E6465C3655EBBE068B382C8CF7079FB0
2909	1617743	514C289DE1E148DBB4A4340B4FEA04409D0E25D2138D3398FC37867721797173
2910	1617758	EFB76E79E6F879A5CC66C205091FD11DBF261246310E27B8F80BC2F6FF5667D4
2911	1617775	26BCD026143D9D2D84DBA6E9EC9347A279B8482FBBE10D31C404339B0BDDC99B
2912	1617783	EC2C58AC44D024D7EA70ACB5A9027DE09128504E6A2D06E2F78C4AC1EB01587B
2913	1617886	C7C6C915228C12EB4AC351DB489E41D233E846A266806D1DAF7C30F092305989
2914	1617894	FCF44841B1FCDD56F2FC89AF19598D4B6E8AB8CB4CEDF22D325B9347434CA9A4
2915	1617907	D0433B863036D90B225D70EBFC43401B3DFC887FBB920D652D8CA3B188109599
2916	1617919	20F12FFDFEF0674296118DD29749888E5A9AF3E0B1F6E0091669344AFAA1C4DD
2917	1617921	DC9CE07E4F9C8F8CAD3E89BD99F9F77D053BC1DCB140C34E1AE529CB7CA98EB3
2918	1638035	C01134BFE4EA00E4A5AFB6D26B64C807856763D69EE85F5A1A7D2FE177986B0D
2919	1638186	604AB12FA710FE6CE2884EE36D59E02684F28ED826DAE9358588556B50DA8D9F
2920	1664090	013685DC2851F8DD39FCC99653530620481ED7954D455EBA59854D816C450567
2921	1667399	405D2B2A7EE7E9E8D96C801F26DF11081DB52019DD9F2C1A162808DA598903D0
2922	1704794	51258B91648C6A7FD9701BBF2512DADA480F9758ACA37F0F6782B1F947DD8225
2923	1710770	C1DFD152337DA669F3F767538B65EF0F1A5152A8CCBB557B118F2170272FB671
2924	1710806	9411BA39451A063A6322173836CA6812D8075E69109A6AD63BDF93BC28D519E6
2925	1713470	3DBB454B1AA0F24C44BBC2AF7A0E6C5E24427AF68859DF6A70120714D2850E5F
2926	1771346	1F066AE3AF40A32D81E0B320A2FEFF47D7BAB4113C060991BC70FAB6B013450E
2927	1853063	5FB4711B4FA53890CE241F3A3D3F5D21A2279A6058347288BED185850F086FEE
2928	1853122	6CAAD71FA3BFF8EBA90347C143CED4FBE62EE831FDBB2930FEF8E61F36EA2E04
2929	1853147	99EA01A91BE2EE5CB9234C3F2116947D6F1BEAE44707E67AB318EAF7A65D7AFD
2930	1853787	6FC7E7F01E06448A3A0CCFE5D08FAF87AA5D566F8769AB78F69FF050D2449BDA
2931	1853791	C1D5513727AE160244C888CBCF6A389BD54A6AFBAB0F96817493C5D3E09F5FFD
2932	1853802	649FB7707F94FEEFC2724056FF11719BFA2FBE3458ACDACA101D16A8CE290AF6
2933	1853806	2EA307697116FC718F7F453B9920843A6F371BDE000C365E050E9D9684B0E8DB
2934	1853843	D32B4FB6658126F0B7DD3B59256900C60BD7829A583B33BC86A5F4967B9AA93B
2935	1917644	480471386A30DB6A6059A4D3889619F6C13134EDFDE21151E376072B1F7850E1
2936	1926039	652E2D0C77D74ED1C455F1E99C2F2D2878BAC5261DFD00AF1B153A94EDF14690
2937	1926313	15F5A4B7430C57E8C8AF62272F462AB24F7F5E524E448A906BA1948D2CDB17D1
2938	1926343	F0746D597C52B10212B8D39CF60DE6376C0A3CB674EC19D8F5A91516E1808171
2939	1926437	67949560F00D11194834CC5CA24F259C0E43175D0A503F466E247C5303C20BF3
2940	1926496	036FF10FD01AC32550624EE0449EB7AE8BFF28297B662ACEE4D969482F8FA7E6
2941	1926933	9FDE64CF5C93C798FB5626F711B845AA7AB6C94B74ECF87EC7782AA7E70D1298
2942	1926957	039C8287250B5A600F95A63D00D0635449281A745C2A929D6F4F1A75FA98DE04
2943	1927167	101357A56AE61575AEF7EC149510BBBA42DDC2DEE843B2AD9AA2F30A4BDA7991
2944	1927413	5FD3E24C83128648591FA35094BAE6F6DA47FAFDD7D475ED13D03760100A2776
2945	1927433	EEF904C3BA541A9B4F2EB38A609E49CEA32FF7AEE8B6FC74004BF43992206847
2946	1927503	640D990A472092125782EB60367FDA75221EF001F680D2D84EFF564E63669F2A
2947	1927623	921CB76CF558C57A53307F1EBC1A446B7D01D835C54FDE53B7E9E48AB70B764E
2948	1927807	43898039E9C946B3D2BB85083027D1F7ECDE3B5862AB392840E1D642499E062E
2949	1927817	9243ADD6D147995C1848AD4E6C7E3E6F9CCB988659EFF93133C1FD85DC5F9726
2950	1927846	2C771D27EBB55617D1295E300443D13859114805A8526E7601952515124C1662
2951	1927847	7D825C4D4D6362383742E3799080B245AEF2B45F6E3E5C55EA0898E8DF74EDA2
2952	1927907	63DC77CAF5C03E19E9008A10A7FEAE457C392CC70045095C0A2D0E1B0EE1A8BF
2953	1928026	440A46DB7FE2216BD4DC12B1BB242CBF5494F0C40988CD3E12424CEAE40359E6
2954	1928177	EBED7094ABF7B8213506E4C05756861FFE4356807A411DE26EC0178E6D8048AD
2955	1928217	0671ED9C9A6138372501BB1B4FB0B1840E82A504F7E0E4FCCEE7D2A7C1CF8744
2956	1928315	D0CF29CA31FF6FD185A4C543373C1C1F2ACC129FA10F0C02CD86AB660CD1B62F
2957	1928317	9581522FC945981DB2DF13C7CAFE4D332CD1B994911FAE8A2A579ED9A8BEE9B8
2958	1928335	BA51850209C236DE68269F7841837668826B7A6EB5039D89163D4BA408FE43FD
2959	1928377	04D38CB1A8D61FFDC35F5F8927EF364FD7635B2FEA5E55225CC4583A99E25CF9
2960	1928387	CB5F32BB1D83EEB82A8AE60702A62B8125F00AEC8D94045212B6BE8BAE801A6F
2961	1928435	1B06ABBD8D6C1D8E0F7FB6B9FCE9F6A6BAA7E94CB7D125BB1C1FC8FB3836D8EC
2962	1928457	14BAB6C3AFAE9B8D97F6F4E4509298D383D3D26AF6FB81709975C96831EDAC63
2963	1928465	9B5F3E2BEAD1B2BC00231DCF86B5973946A338464C969904C508AF7C4982571F
2964	1928475	EF6A2194002DD9F834B309293AB03B54B0A2D807F570D53D869E89E95CD5FC05
2965	1928477	220626FD64648745169584443553EAD64748F04B18CC9A39B0FB399307EB6248
2966	1928832	71719E0990897EBAE2A9DE490383E9A4E39BCA0866FC51CAE299A7EAC26C2479
2967	1928833	FFAA98CED16C69CED5C9584B9CE0166A613D6C3F0BB5F23BBA6A861DB3FC33F2
2968	1928843	51A2954AEA43A8DAE3701A1424DF4D852EEF49237D1FE4349A8146112A520A9C
2969	1928873	4B712D91B93E2AB059701BD3E848D0AB34C6FC0103598115BC8C9D27E2350FCE
2970	1928962	B545412A4256B79345CC0EF152770AA4E7425D1B112203375C930D746866EC48
2971	1928963	461F29C51A1C4A458378E322590C20FF8288F87B99FA2241C434DA8CB56442B4
2972	1928983	FEF0D3861D382813EB361DF267167852BA1155FA486AFBFAC31B325AA1599059
2973	1929421	8457558264B491DD75D357042F0F88DC9BAD26D9A9294D0964EB234EE6B89D90
2974	1929472	FDF70F1BDA3C3B08326DAC9B0F997826309A59F257B7CDBE725097246365F8AA
2975	1929562	0425DCC31AB0F89DF66C68138D170F38DCC84D43124793759C57A84F279B1FDC
2976	1929571	38E49BBF8E145EEC7999C39C3DD400ADA3FE6EE8152DD9BC80195078E6DAC72B
2977	1929573	9953CF1788F86146FE6A7E471F62B3CFB88F218774E2DEF971BDE456D3A3C4AF
2978	1929682	61DFF84DA2228FEDC3DA545B7416B7E6E1C5A67B57A878D991D6AE024C0FADB8
2979	1929911	0CF34463C3B7903B18EE1E0181BE9902DFA989A2A7785D0CAC564CE2FEA37145
2980	1929952	FBDEF21FC740D5C29CC1FA46FD068C21A301A46E56A010D57535FCB1FEBDF7EB
2981	1930023	4BDA936AD5C4D1DC47AF70BA23E02A6F1D79C76AF49D38BEB92BBDAF2A497968
2982	1930043	F1D596529343D18840C7CD0C42CFB30869B29507D83A7EACD6EB15B8E8292BD5
2983	1930051	76721209DE2EE7A99611679786F6C6F644CC3F667C6CB8309281A6F2025C9601
2984	1930141	413A96F40A7FF09B3549FB320AA49BA52176C53B9315B6048B47F23B4ED093CB
2985	1930143	249171D09DDE71ED66D5EC057A94EDE46D21C91F2D91425D8BED9A5E8B6752F1
2986	1930173	2599D3E13333632F62AC8B6D70909133917977266FCF2B733B980DBFD1CC9C3C
2987	1930333	FD0CAFDEB03C9F7F8D309590FEB5ADBA3F56C9FFECDC049C592BDD2B2DCA1196
2988	1930371	DAF2401F6889302A634715B5FE2C07EA4D8EC7747F18F4255B4D325161BB93F4
2989	1930451	674B7D97E9DC65BDE99F0344265515A658DC0D54CD34646D46C7497C0929072F
2990	1930481	62FFB84E19DF7A980131DD621A9AF78B186C9B722336E1EE637D73C95D261DDF
2991	1930491	471ABDFCF5E00A03B062CEEDE6BFC4EF3770D9AF2A178B722061D7A369ACC576
2992	1930493	B28EE974280136F29165D48B8EAFA5A0AE633CA2A656A3792682423C72467AF6
2993	1930552	6D76A1DD925904F917D8F87DDD91932319AED74E4B4AF0E8B1726CE3B8414757
2994	1930693	BB55854F55C0146273DBF6FF8634037BE5AAC7AE1E98556EC3C1F0B0F1979F8B
2995	1930733	916B5E47BED02609E376ED4C00FA813C6C1F23D76D9FF0374DD86FA280FE0504
2996	1931139	5F3EC0DE2A1353BDA6611074720BF248E416A801FDDFA5270A4E4B67B08DED17
2997	1931238	2FA1E6937B22356804DFEFF8DF550C2C5E482E799F1DD3A40239096F7027C17C
2998	1931342	38E5D875EEB8E0C36780F867138D88B8346CFDBAD1B10F600B7BDF1CBCE39CD6
2999	1931367	89AB333CF64157CCEEE06133207ACEC812E78A7D1A8FC50C3787CC56B485D7B1
3000	1931411	1A74FD026CAABAFCCD07FA22A89321CF788EEC8C75488C207D63CC9ABAB668A5
3001	1931523	CDEA2D0D93F21C9355FAA18FC6B7DE56A6B0A8A9F559D5505B1F7A3C2E75B08F
3002	1931567	D67B48D194A26FE533C75A23F2350D089D52B8D6E14C987E949F708F4DF12D98
3003	1931593	C159EF16A14FE2CF316BB47D67985BE92C085FCC6F4CD51AE98D36F9C79A0A9D
3004	1931643	DB9D7D36A11253DF6BE03370B32CA5DBE9ADFCED6B8194EA95E519F68D1F8F73
3005	1931667	6AF6405276F6E0642CC256315A0C4117A5E635714327217654192552C2703548
3006	1931711	E77EC41A45B03189DB53E8EB25E132F80DE560215EFBB4F24E989D8188F54C41
3007	1931825	CD3435DCD9E76DE97FB9044D0AC73AECFFF5378B152166E24E482AAB78CE4602
3008	1931893	1CB0977FEC1B6A14E12491D00D92F8441E34A9EB4DB1701CA0E70F825FF43B67
3009	1931989	264AC643A01BECE2FE94F82288B6C4D2720E1266E424359E3038D432DF97DDA4
3010	1932040	05CE966C4C6D701A41F9C7A1B40C5E71ACC2DC0D1B498337ED6247416F5DD4C8
3011	1932099	E8C56EB7A4A9AEEAD506D8F61D7156BBF24A9638CAAC37BB65BD1F96E00BDA0E
3012	1932147	792D31BDFDD8FCFF2A29118C4234173C68DD4C3BA39A56D3AE2F94141C96FF0D
3013	1932239	B272EC0939549DA09B4557B5A60BF67407B6522FBD216D1B4FDE7C4E1D93A690
3014	1932243	8D7E536CBFF41D11C12EA98894553AB77718EBAA2D33CD77C490FEE47B7E82A9
3015	1932255	948B7EA3F7B22723F3CC1C81E8EE24489A2FF1FAD77D1EAE670284A2A4510C47
3016	1932343	83A95E288C3A0FB522D777EA479D421C6EFAF4A05BCE553D3CA9053AB9D7BA68
3017	1932351	6A49DF97BE387B1CF6585119D9BF463CB7EE77AC172727C9564FAEADE3DD37A8
3018	1932555	8397E1038080C23AEC4DA47D342D0992B85DC091709CF43487FC4332952827D1
3019	1932686	2621BEA6E27145F46D2A0E4A7B51AAFBA6A8680E294ADEF373078AE2239BE26A
3020	1932711	525EBEECF211E5FF711C0A0D3635EC75749B3DD784AA53C14297487981CDAD9E
3021	1932723	0246EA26D17CAAFF405A9BA37D897EA7A51E46F9FC65B209C525DB412D1E2A39
3022	1932875	E133B81B361D26721BBDCF0EB72B465CC6BA723A4AD9C3ACD021B7A70EDA46FF
3023	1933007	18D360D2DC543E3033AC7EE5BEB59649F27C3320475F98D43EF237C985847018
3024	1933063	B9AF6E795389D76DD500527863CD57DEC8D022266CED9AFA41524A459495BC4C
3025	1933087	50E67340406DA32DEB4947EE2F09E958AA460F6935CC7A945885DCEDE0A2E658
3026	1933143	5AE230DA3CEC69A64CDCDAA6439ED50675410A7DC3A17766BBD94D6B751DEF00
3027	1933175	58B2919B35CEB44DA74643B2BBE3B16F65F5ABC76623EE87490AFB2C316CE7EA
3028	1934221	003F30AEE91ADFACA778164BDEDBB1E4E5A7BF1AFC3D4478C64D16FE72256E89
3029	1934272	CC78C46D75ECAA918203507BB04B77F8786103F2AF7808207384DA8952B04797
3030	1934363	B1C3499C9C2D17D820DA01D26A2C2667BCD49D36B65D058A204A0CB78D61981C
3031	1934722	A0845762D8F8675917CE268E91F14905C4708520246C8E9BAC96B22C6481BFE6
3032	1934723	70871941C31CBB55F11CB086316C10CDE832075F19BCA9B616393E3E47631223
3033	1934753	A06EF026386B0555427C0666BCB318C180CA4888EB4C6DFD47F994E0F60CC481
3034	1935462	661AA15C45C67AF0B6DF9C0D2E1513F7136E0C2059B14815D9CA496B02CD5837
3035	1936049	8CE1FF34F6132610FE4B8F9698E9F3A22C499E9AAF98945757104FF9F6C89FEE
3036	1936235	0109FEEE891B19B289141942A04B8A4291DC1284A080C635DE9E749F585F373B
3037	1936531	72EF971F9BF71CAAA92A32CE4B7F1FF40ECC2669EDD7F3A7D2A3DD42CBB4A151
3038	1936750	2EE917C178B3181A2DE3989400F726514F60E51032E6D906692A18A6341E8E21
3039	1937211	63AEB43C1898D92C6BF02B2FAB3E2AC40BCBB5D3892C9B4AD8F62D8AB7B9B1C7
3040	1937739	CCA76D3B5343944494049DC8E166F45ED04A550C9D3D978B275B2DF175754530
3041	1937791	6F4B6A767929F7CA95FEAA0AAB5D9AE1DC6DE35E93729C4E2F0EF1928A6BE0BE
3042	1938202	5F4DAD72DC3812E5A5C7322245EDA34B0ECA945F2CE7EFA4D94D92F79282D84A
3043	1938343	8C0B0FEB1A2186B2B08E7939D66D6F63D2335939754318B09F489363019E714B
3044	1938353	DCD7A518017AFAC06819CCCBEB68D88ECFA587BF2330849259B3B4198DF802B1
3045	1938432	B7E58EB3815A01E4C48175CF311C99DD917DFCBBF96D25C53385FD71206EAAD5
3046	1938463	1945F1DB2A2CC74DC8199A55C2C37ECFC58489F6C78BB534659937A3D9BCE64E
3047	1938833	F22F93C02DC542C5C9EF880AF34789A116449FBF8618A72D5C7AE30517ED113C
3048	1938901	F02F2E6D6766B8509CE237D87B992647D191FA70CA60D351CBBED58C91B82CDD
3049	1938923	F79C65CF63D4B01368967A3018F38A58467069CB86D1778A30A2C6CB9E77D8CA
3050	1939021	2EF3D1A2CE3A542B0E35AA02B497636534605D39E7A4D5C558D809DE98C5BD76
3051	1939042	C606877797F0FABB00C8C57BF629A3917051E5AB9B77378E1320C08A01D110E8
3052	1939273	AC601BB2E48798FC94FA83DA706DD999EAB78276C1A393B156C3A575D5D1AF6E
3053	1939292	4BC98C2856E48BC72389FF3F5A5F2963C4787AF47A3E5D159953D73C23E8C236
3054	1939403	8224E2BFCBE212FCB2FC29F51979F73DC088E9A35C9EC1D4881A1F965E0B15AA
3055	1939413	8B1F7BAAD394CD290AAED7A409D264EF915091E600A24948A14730580FE9118F
3056	1939533	3A15CEB0FD436DAFC6BEB2D4014D896E385515551B8987DFEFC3D99A7CA63EE4
3057	1939721	7E2D0C234875D6ABF09776CB1701BB3291D488A519E1AE4995D32FFE07981549
3058	1939750	BC408602160C4A1D369F3B6F007F3244DB4B5B7639A3F60E26ED04ACE2EB6C0B
3059	1939841	F0D1E2BBEDB262E64AADA0DC824B5A413A82FA9C15F271D904DB3207A9F28C6E
3060	1940093	5564047602113D14CD27B40F9E2319D5CF315B079AAB745AB27BAF6620944A44
3061	1940153	0F45C11B5FA093E96F951B7957614768F519F1AB8C59567BDAB858604D8C4FC3
3062	1940510	53E8C72FCA152F1B627D697CEDC2A3D27781805D707DFC16F7F43B3FF3724870
3063	1940511	5D1211C8052F7E652BB53371F4B904CB54DFFD6A898B1CF8FA0042C54123AD31
3064	1940809	443505E130E1C84FA3EED417524F6A398D8217E2281080FA9401D77DEF02CC90
3065	1940891	8FE35F74C2D92E4F6EAFD4CC85ED5BAF1BD26C5635C13954DA4A1B30D5E3CDAA
3066	1940895	A9C3AE61A0DFC6807F88130C113BDADB3EF337092A9FEA3A059E304FD6F5E767
3067	1940907	C811E67F56766D01D112ABACA713075F2E9FA24875666D7EE9C69EC6DE2314B5
3068	1940915	47A46E2C14A08551470D52A7D97E388E721FC7214D3B52F8F398DC06996719EE
3069	1940919	59FD389843C889F7994602FF4E1878CF50639D4D9329F24F9EBCAA912E4F4151
3070	1940953	013553F329DBC4BD72EA41A65B56563D39662AD72B374D4521D289E9E1D59764
3071	1941015	0BF506CFF40458ED5749D9C75D79F9934F5200E924896B8A94125EC6992022E5
3072	1941039	D8127F6CB54856BCE40082224BB49CF2574328E2065B3AB480CE25DE6213CFE0
3073	1941185	B5891151DB8480970F67C2669B21413CA83A2C5C191D469AD5C7FBAE03178A88
3074	1941197	442102E7A53890CADA2C19B5EDF8828812ADEF794DDD050A069085C15E2E35CF
3075	1941223	D6903729C55CB0070F7743D8C157F49B9AA913EE533B4944722CC43BB27319C6
3076	1941233	33619FD34E6439325DB090A13A6904309F018E7B91436650CC7681A951C3EF5D
3077	1941249	D0DE37B32E911FB343457B748DB659CB6A8FDC46D490A73113F5597467D5B5E1
3078	1941253	357C12EC098E22FDB49E01C49AE5400C767DFB1679E855C994C3B86505D191E3
3079	1941277	370AB222814B07FA154B51655A9170F1D975AFCD1BAA112C8B63FEB2E4D018FF
3080	1941337	6FEE459C322FFDE68F38753DB2376F018A16CB4F1B14512B5426F634AD82D49C
3081	1941349	DCFDB197B65A07A7AB4B4D9EDC3ED92A10FE26005F8E10FBBEFE0531E01193FE
3082	1941411	A3BCFCF9CDAB5860E2BC533059888A322F92558F58892EA9249487B37427D28A
3083	1941439	EF860E9C00A3176F9E548BA5324E852D7CFD2353DF8D099A0681700AD79D9227
3084	1941454	580B4F3C7C003F0BE844571E39432F8CE55B9806CD5E8F5847C66A88CD16A73B
3085	1941525	9A1843763B0EB8D90951354634CB64B845EF9581AB75439B995D7C1283A9DDB8
3086	1941529	68BC826E0E1B905F3663DF8D4C8FDDEF18377DAAC20A82B0FE1F34DC1EB70AB9
3087	1941533	5640F1DDDC721EF89A09AF244D4C7342A0135E14DB269275E24B7EC485DCCF70
3088	1941611	66D1EABF445B5E299B3AD0AAA297B478AAB19DEF5CFF6D050053325BED22D5BF
3089	1941615	4A8E3CAAAF96DA3CF80FF910940A6A72D565F34059B32EB02D2454137D21B050
3090	1941626	F948DFE4B5C589AD759FADAE1F831285F425024D0A7870ABAB1A975C541B4BE7
3091	1941699	93822E60D4578CB99A9DCC7FBB6193910CDED27E071F27150B7D3262EBFD7DA8
3092	1941703	7566FF262095A6D49C145C0E27B9D9BDFB012715450DBC1DBB037AE606CC36EC
3093	1941711	B8C6BEEF0C933365012F909104F4B98954248014EC1A7DADA4BA4EBE047EF0B1
3094	1941767	AB74F56E400E019DA171E547EDE10D5B18F9209632DEB4DBA2A848EF72D7F304
3095	1941772	CB4B469B79D9E9697D172790AB51C50AEAEE81A68A9A2645C4B623D9F2D44358
3096	1942038	454F4E7F5E9EBF405ABA9F72C4326C44A8D2D610D8E885F93541DA9B9F3ACB42
3097	1942039	3DDB77909B3ED692084166A7DC8647324ED70E761AE78B069330D63CF7A0EA8F
3098	1942058	94D730F81D019F1AC159F5EE79AE554A1E5255D690C21584243ABED90C07E3F1
3099	1942071	9EA4EAA5E7B0888F281F48B9A00F9B74AA54196ABFA64015E33FA9C7D050F58D
3100	1942082	455246B02F065BE99583D22B1163CE950912239BBF2E8431D261E0505FB29E0C
3101	1942090	B1ECA4C156189FE10A3D22B33A3E741838C003E29A966471A7C0279901BBD136
3102	1942323	92A40F3DEF5EC1B98DB2C79582A84D7918F7597798710FA5BA4F80E8FF61591F
3103	1942411	E19D8F1CA9C1F2172C16369275AB95D15631D0C9FC16718F017477BF07555CE5
3104	1942511	63E6C3C5AEA1A7E42ECAE3B7338D94475B631104F99EAAA49AC4ACA108B37F01
3105	1942872	60596B8FE0AAE395842A2251235CFD0C4F25411900139E97C0A4AE91B1B6F30E
3106	1942993	3C69399195E6F00B4F571E5BF9489200C2564ABF4DA9D8A0E631A4FE7B56F9C7
3107	1943003	5CD76D4E2842C029D1F54D683A0A7172695B7D3CB65CD30E18876A7126D8482F
3108	1943022	70B7F6C5D4C357C8A716D90F02A3001B2241CE6C373ECD7FA7B1FEA295F60DC4
3109	1943122	5D05AA2A368F73A03E8B3DE6858109F33922666D38769D5E605C51FAC8637EE2
3110	1943123	AA3B1B9F221BBA18E7F051F556FB9378DA1C12FEC9998DCD6EE143AFD958C707
3111	1943492	31F4B602AC17FAB2D95FC0A4176F2E2F6DD74F98EB66E9F00215BD619BFE684E
3112	1943632	64B1235159FFCA1170EA3B781F12EF5F898629A90923C094D6CDFEEEE0C98197
3113	1943633	C8F598CDE0C476AAA3673C4A9067F6D7D472F779345D6998F5C6F2E9A5625583
3114	1943992	AFF45E996E287F8C74586BF1306D0A2DAECE9EEE8AEBEB0BD05AB66AAE433294
3115	1944061	118C2F95A07AA312E477066E44E1514C1731009B8DC7FCF8F04A4363B437D2EA
3116	1944083	BE4C45BD5E2C61D7EE8B2B1D049C7C7A2CBB222633BF2E34DD14F62AEF6FFB3B
3117	1944112	58656033F66775FFF7FD5D01AB63BB2A2176307FD2E22238FECF793FDBD86C52
3118	1944113	BD1EDDFC634F18D00209B2F44818271162A230D7DA71C91C2F3F70C0835661AB
3119	1944202	EE2D8315DEE2E11867CD520B2FDA2CFDB86BB24CE93A81E12ADC5A8A4B4A0721
3120	1944211	9976A71677343AA24B3B7503B985CE0CDBD003A6C87B166978B4E8AB15845378
3121	1944493	A22FBA67856707B567C982547DDC6ABD2E2044A7A4807619BBCFD0D59ED6081C
3122	1944823	283ABD478E4A027A6DD8D90E597E261E6C7CD71576E82D8E0B0378C8433D4DFC
3123	1945162	DCDE95153BFD22D413B905CA386F3DB441BDD4512B1C1BA055F49F2E1BF623BA
3124	1945174	23D2D7EDEEA3C3AFA2B00906DA7D07097EA9652007647470CCBE7E49A6BD9ACC
3125	1945275	2AF27749458CCCF71DCF02CF065B8071C38942B4B6053DC7D2EC0AD67FE763A6
3126	1945463	3E6D492CC0E3A2D8F31C9590BC67EF248989DF471FBD9082EB1C216E04C7A27E
3127	1945487	485DAE79DF8EDC201763FDC1AC6B7B1AFCC543563551FBB863E89DC5D4A23EDB
3128	1945489	6FC34A4A6F851F76817F0E30311619B39473194DE804D6827753D74C484A660A
3129	1945571	10FAE3F5AE730832FF4F0502CDFC68CF59714FB4440E004DB3EDE45386F5941B
3130	1945599	A9A550992E779AA169EB64CBEFB5A4DEEA3FB4C30A46088359EC6F3CDC50EEA0
3131	1945679	09975F0C2E9310EE3C171A24B5EBB8E0A509FEB1DA0398C1191AFEE402503DCC
3132	1945691	D7BC835B84E901CBA5B2C521F60C9AFB153BCB97D7592CF7DBA39FDE62C0A792
3133	1945703	D9B99955E8432B6C71C6B5378521C6FFD51675BD83EC237D2FD54EA969C4E6E8
3134	1945715	3B633DAA6F3425E3CCBE67C9AED0C349564F578A737774E3014C4854553D2DCB
3135	1945863	745D8CE5F4D59EAD2D77337C5BAB4F76EDAB0521456AB9E8C95628815A23E9F0
3136	1945911	937D459B69CD560AF99B35AF77E947CA1C82F6E3C8744762BE2DE878BF6A0F48
3137	1945927	7919457D10CB5787A149DA5B0B01DAFC6562FD98EDBE4ECB53C94C70FA875616
3138	1946007	F3B7F5DEC67B6BE4B8F1A7766D46A48E31198CEB217AE9B96C71B51BC7D9AB3B
3139	1946009	A0149ECBC8CD177EA7A0A0185AC0D2CAA1C7643777ECBC98AB1EE2E082FCCB0D
3140	1946047	FB623ED482A731A757B030F019624B4F381BC63C1B309F0986006FFBD6AC051E
3141	1946059	D9F3A441EBDB05F6F3DB269002B03565A714F6D44F41E387A515C9C22423B9EE
3142	1946083	449F52B46DD28895A52A09BA43FDD8A2AC6F3F3560480B999C2A84794D09657F
3143	1946205	49692870479D6A20B5AF2C55DCC89AAF17E3C4017D59B9D745EDC19A12A39660
3144	1946279	51FDBB2E0C0E189B29AD3B6B73AF110B6FD663B652929E75781FEA8D663D4AFD
3145	1946380	8B4B2A478386E45996E0D5DE768BEB4E1B1F9217E73D5AA9ABA988FA49307298
3146	1946451	5DCF753AE2A990CFE960197CC7A2E264C57AC015712198CE0DA998E84DB6FE01
3147	1946455	33E2630146B93406E1242E4C02A08E49DDEDA5A51EBDC25F041BF1B3F5376AAA
3148	1946460	B58ED1C47F9DE142C16C112FF4CCCB4DE98DCE47332EE81F2BBC0203F8FC71A5
3149	1946594	3122373CD08FD780E03314E4A669C08ED7C5AAF30E3B4F191BC3B1C5A7C3F4BB
3150	1946595	035C963B4F5E1B299B0138FC541488FA9BCA75263EEC4052ABCF90EB417FF953
3151	1946599	D1F75D11F26D2511ECA54BA9D09CDD46C61D85800FBF1A90423169C01073FCD2
3152	1946726	9BB80A40034C8F4F9735679F36D7FF9854754665C596C1257AAB9F11889E7527
3153	1946887	B73E4D72E810E71FE59BBDFFB514161CFEEC7466D96E5385B61339E6187F1277
3154	1946899	B5C468C5E9B9F5274F1478ADD81659BE72908DE2ABD8AE8E358E37D25456DB2F
3155	1946930	82C16B5363B3529DF460F1D12EBB189093D598D782F6A12CAB4E4CC18697E121
3156	1947046	F554101F4364D980022215497EB03696329C6B223A6AF9C1E6DF21E1322402BD
3157	1947142	B024D978A824FC506C214710DA91EB3198629C6B7FC477A52BF7B24C6A88E445
3158	1947183	A4ADB2ADB9DAB36E979A2DB48ADE14140AF78D727AD8984442BB36007792C577
3159	1947187	0A2D8B644AD2ACAAB3E8DDAEE706BB7396463A18837B297DB453FE58C55BACA4
3160	1947703	A1C111148C6DFC01A6F882859C2B85C4C4D9B8CECE56862B82873752EF6ED7E6
3161	1948762	1497B4197D8457BF4BEF86F9CA91CE9641D5F1C89940D945344D09FEF07CA144
3162	1948773	5FE79C36A27848D082636A1128A93C087A22A09A6D8A3F9C5F69B7C1A0C1BAE2
3163	1948792	14D0B21F8E32849765EAAD6A0413A5732F492BA84032FE89BE8B8A7EDC0DB619
3164	1949171	FBBA42D1C50F053D33657EB96EEC3733964325BDB16BA7344413E8C0F484753D
3165	1949866	56D5521101009C0502FDEFAC7C2DA26D19C24717A399107121D9303A83BD4665
3166	1951419	CF5B5D4E6AE0B0960D476C231222A72D64298C5440AB13009CB410E6254EFC9C
3167	1951775	408B41F023DECEAAD27AEB327790DA0A26DA857033DE8056C681B847446019DA
3168	1951871	E4DF0C5D0620A0F4DF6617EF5F280623A48B46CED6CADDB1D78FD7FCD761595D
3169	1952242	9D2818AEDED738B7A97DDCE118527A1D12F60A4E9EA11FE5A50F15CD5C1952EC
3170	1952383	27003BC3CD8412B1D4B61DE621624B657175A42AF744DFD55409C4FDC869AD9F
3171	1952393	87792AD5A6602BB0C2A5F472B5CB85FB56BE2757B9A829EDF9CDD0C467365A5A
3172	1952473	579FE2335479C7424C6C862013D0153C384CE71752F2338B53436A19023E0466
3173	1952853	8310A5215426D68EDE575ACB4E9966FF84F0790FCBC70E39AE4549B21B39D744
3174	1952943	D82A951CAB92C306CA578CB855708ED9BA3546B4B8CE59713827EB86EE65BF2C
3175	1953091	A071F49668FA690F2911B4973A125ADA467008ED84DFF5794B884017FC427F70
3176	1953303	CDE633FDE98AA16062B1A0A9301A71C8FC5365FAA08720DEEBB4E9BF4C421261
3177	1953311	540DC443B5F955B6C607B8CC5F16F46DE98547795494BFAFB137B5B89D05B232
3178	1953313	28ABD2A44B62A17ADD7DFC05BBEA7D74ED061CC9F32D537486DF56C5D5988D24
3179	1953333	F6C5C7688B1DF3CA9B21451B3358B38927093D57E8BD3B770B09C266C70C0E03
3180	1953353	98D1D2FE49EBC40C5735A41D15EEAFE65D62E48C6E3930188D91B8C4F047A004
3181	1953421	94C58EEC8CB9A6B6583C27CD6B729777561BEE45BB16EB2FC20115B4FB085513
3182	1953423	9859DEDF6FEE05A5C2E9D4D3DD6B9019E60E5FF0B53D4EDAD52686FDAA7C5124
3183	1953453	D4D3B8C8D68EB3F8074749143A23FEFE96C84FC2D31A1DCAFAAAAE6EC585D485
3184	1953573	0575F287DDF4F45E181E437F6872B8C5A7C469AAFDFCF456E2E0F2288C8287C0
3185	1953761	A2D862334ADC953B34BE0A053E67DEB304795A430F4E4DEDD1D5D9BEED4E56D9
3186	1953881	1763C5C143DDD3E9CF84F1F63698B0DD5A984B3DF4D8210E993C33EA72500EAF
3187	1954081	68E67F140CA7132835AB5D999AF85A53B1D512F45E25178354B4A9FCED126E2E
3188	1954192	C14998841E4DA7B69B653DF008ADAC0FB3970498072954457474A8EF1D699D82
3189	1954526	FCC586D98E88F7A5BE7380BF89AB3C5114307F8AC816F7B146FB6442C20821B4
3190	1954527	328C226C8D120A8D15F9C2196F1102FC1029508C105B908ABF26ACC48DE8CE32
3191	1954547	F95394A2182161CDBAD4BFE4DD65A64AFDCE05E4A794AC7F86BECF8F71260277
3192	1954550	072FABE4C0924C90C14D3F6C7E5FA37E54EE4F77C7C7D3CBCF7F2828FB04EDC2
3193	1954551	6123D951394CC853B83AF49337B837B5BBBA4883A89695038721681E7E7E8CFD
3194	1954622	EEB710F6FF3815F2E80590C9715D0F6ECF3EF91B68A1D7D93D2C48F93C1FDEEF
3195	1954635	87102C540258FFD3A85C753F08AE7453BB2B3D508BB6E170290057CD2281712C
3196	1954647	8748DD8A0ADABFFC2805D0B87B8FC548ABF32EC212580AEC37DAAD5DE5B0BC57
3197	1954766	08B648F26871077A4A59BE666FD9268D5628E5B12378395AF79337B996C148EB
3198	1954801	A751D24D2A877FDBF7E1479026C76F342409110DBB14C2F5E72FB87FB234FD44
3199	1954811	0ECCAC318684AFC640442D31992028DA58F350102853F1F4FF104D442B9789D2
3200	1954837	6FFA980530A6E85E7BFB837A60F9AF84ACAF633EEF0900B8AB7FC9A96FCD0AF6
3201	1954849	88279CB80B8268493417CDB495860A1BB8A8231C266C13BA170A699AEF0E1F10
3202	1954919	0214CDE6A4192B593F8489AE183D99D18A5B80915E86C93330257F973F9B001D
3203	1954969	09A9B6E98CAAFD48469567F6FA0173A5DF3C4A265E3BC7E4B50A9985613577C8
3204	1955075	6AC96C42E8971985212CF4E159600E67F075CDECC8695E4A10EADD482A059101
3205	1955111	525A1A5922054D77A88D0515B074DEB9F51BB533E0CAE4A6B2F1301530CF461B
3206	1955273	6DB11B39CC8A910787CA8BF176ADC9AA6CF67B12ABABAD97ECDC0055AB79815C
3207	1955289	837F8D5CFAEF40D48D78876403F5DF9B9C0551330F31B8B2CF0F68F88EA86C64
3208	1955293	ECBB0C26CFEE6F96AFD513D72682C209C88DC9BC0E5A5995051667F4F7418C6F
3209	1955407	66E9C42A74284EBBBC9625F07432E000C8A039892D44E268A0609F9A1734A229
3210	1955451	528EF27E063EFF2285CFFE1134661A32423015531874CC8FA82DCCEB29E3E610
3211	1955455	41F863C4E8946D476ED2E30A989FFD7DFD479966E6C0E51DEFD8275D6D4677E6
3212	1955480	D0D108E6610E07840661FCB50345CA614DB2F971023FE0645ED8DE7734E88D8F
3213	1955493	22FB162CE97C7C8BA8ED6B24D7BD9716DF6E3854E6E9C6387695D86ECCAA9035
3214	1955499	CD0382055CE1ECF13E094104734B6078B3699A0EDBEC68220E1DB82367EDF337
3215	1955643	C537A8A271D72C5A21520F564BE3957E7B883A0428CD04E19F422A4B68008B0C
3216	1955740	106A13C7029E9859469B1E6AAEBF49D6D569889C485F8A092FCB463DAFF4A0B4
3217	1955811	6328CD794FE135BD803D2EF36D46D489522030879B7C5BAEF497F2041B754A34
3218	1955906	557484023667D8CE553AEAB49A18AF99D9FB85CE329A37D14834E82E74866B05
3219	1955910	F175EACC35A9E287779DE687B78251CF409A65EA7F70C19CF66497DBB04810F8
3220	1955958	399C0BF57B4DFE7371F05C3004330E80541AF22E96B7781596F1B66B948A601B
3221	1956327	D221BE38BD0C692900AE133C8CA3035C2BE7160EEF664DB41AF673CD728B3D14
3222	1956331	698BD50755EC4483A8B26579434563A241AD0740C3465082A7E13BABDC4916EB
3223	1956343	B24488AA1B239D02816D49BDC45DCE4A87A218CFDD475497B6D0BA950C286ADC
3224	1956363	B1DF307894643E0D3404FACFB6DFBA8604D4B6F6D91B0000C4925E1C5FA8745F
3225	1956367	B1CDDB8CE34196CF6EC101BA55934C28C33A7D0C8762CD9F5DCB0586BBE6917F
3226	1956403	56917BF474E00AAFFC588E24BA5DC5A86EE0438476C0CDAA4F60BA75838E5E43
3227	1956543	DF9A44C73288F667A125DC4C3C5C726070248D26122F3574C68734AA345C5521
3228	1956547	B91B6B7CF5CBD0414A6398B13EA47A021F52D6B30A667BD4E4CB5AFC33C637EA
3229	1965694	B9788DA56D7C8C4957899217DF81C0A30D13851A7EAE6A034CDA6AB1EF91C382
3230	1966067	B850F8829333451FD75537EE2939A21DDE34AF559FAA4FC27DBF0F7838B9ABF9
3231	1971904	C80545E85B5FA3FFF7B08357AEBD9A07BA46C28DF57A3695FE5DFA57EE16A8BC
3232	1973108	FF624DACEDCCE7B2FDB38F094760DC5C19E442CB4A8F6872F392BFADEECC4B58
3233	1975570	5813CF3E9FC10965A184D726EEDDC6C2A37BA7AE66CA59DF4A41D611679D49C6
3234	1975894	5A74AB9E18703CF5F72B6323E5BE2751F896F987558F195D3F8527A5377B447B
3235	1975907	F4D75CD83C192AAAC99553D4D25AB96FCB6E23FB634771AA43936D647854155E
3236	1975959	C687773BA2B66FE62CF9E1D460013B73B4E5D52635E2CFCD98AF164539FE2340
3237	1976182	BD701D57B63BCBADAA0D93BCE1573D01ECC0446375B47F8B37178776883560AB
3238	1976183	4D751899A2A7174F34FF76EE0A2E53E555C89FE37A6B073C5483732D5E943C35
3239	1986890	2BE66E74C25958CA9071D6FAC2B8C83EDA89F13956C1E9876D9811961875945C
3240	1987553	C5C74D275F4BC0FB9CFCEEFA0196C2D44AFF543307ACBF0A779A9C05D3F5BF74
3241	1987662	566C097B209B02C71A331465AEDA7FD4810A8DB7613BDDEC6AE4FB0CDC692EAA
3242	1987663	A84785869200B19D645405C17B796DE2D42B5DB1CA64CC7797417386EDD8C40E
3243	1987762	B643D20BCBB63C677AC5BCC0E15D68F9DFCCA5C67D10B1611D5327BB9D5127D1
3244	1987763	AED498CFC932C38B8384A36B5FB640338034CDB8B8B6FAA9684A908B634E4EEE
3245	1988362	08BA77E1C9A49DCA6B25389E4C71E1E6FA4335E1A44A4678706947837675CF43
3246	1988371	DB28606F636E2F5BC4CF2B14DEA74B024928359988B14BC2A455B6FFFC69F0D4
3247	1988373	1DFAF80904225C2C1538414A852633EE95A618F3FE95790887ABB6702AA20DE8
3248	1988632	489C6345838895826123C373C0C70828B437A331FB9DFA6B89298E408A816478
3249	1988633	40A5621B06A3D387AAB824208ADB3693E91FA75F8199690941D2068888DE3617
3250	1988733	F26F03EB4A313B558F8907D1AFA8ED846F71DC928F8924F516B65E612EA9371B
3251	1988752	3E91642082ED678BF97FF8DE02EF5DFB99FFDFB3A96B1A03BDFBF79AF6F5756A
3252	1988753	2AD02A3A5736DB019135A5AE8F24DDA1F562E16E6B33359F382FDF9B4A7A3994
3253	1988842	6D963FF35A33EC494A4E0EF9AF7FB169A40A94C6034555491D1352BC4C319910
3254	1988853	F019DF8C7EAD62CC0518B1E5E18328A35DF80CD53D03BB4D4C5192FBCB503468
3255	1989171	44586556C1E3C9144444290CB0AE975851395BBC0B617B153136B89BE919E432
3256	1989472	96BDF169CBE03AFA3FB9BECBB155F59068669CE3AA595ABF3422E968A74A3048
3257	1989906	3C09A90015096F6648F7587A4E1597063230E6007CD438284341C4C823CA0D1C
3258	1990022	201321E03161D8CDE7ABD5DB78434B6B65CF2A8EFB09FD842F4A36D714C4A20C
3259	1990046	DD35E5705C9D56C7B2A4F0F1275958E45EF895DC0B9B4339811C412D3ABB7E27
3260	1990048	04EBBDE27ECCE10912F39F0DEF12236A17DB5FC84380D7A10DC1C9B5F020976D
3261	1990079	5FA5B1CB8D5EAE060E60440084CF71B89D83FDD97FC315D0EA657A94919E7AF7
3262	1990093	398524DDCD205675CFC755FE141F22BCAD86896520B537A12A2FEBE132EE05A7
3263	1990239	1BEBF62A7C9E5E382052EFA3179C94AAB19749EDCA85928DD317546C7CD7422B
3264	1990247	13500A2F9C4A6BC5C7C3292CBBF25047FAF0272727B1FE15FC46EF5FEF9CFC24
3265	1990319	07762EE35306DC59C2F25BE952D0098304C6F59CC7F373CD683CA76147DCC766
3266	1990515	8E29EEACC1954691B060775779A033238B8E2AA2FF04DCE038D78F07309CADBC
3267	1990533	E4F79672359CDF9609EAA76752E75E4C3C0BC535FC0D2DD8E2EC742EB34E1F40
3268	1990569	F88081C0278B9DAC505163E773471D8D880BB30FAB1571C9FF8707CD1271757C
3269	1990581	9938F1B4E544CF961C7CB9F9328D754F4B49892A3BBE9347578F9BAB337563D9
3270	1990597	CE7656CCA780EFE4627BA10DCB9832FF209D34F58B2AA46C8926F50F2711418B
3271	1990657	047EE7C66D46B2A900DC462AFAFBE288DCDF5D0ADD441EB8CC15179A916ED2A9
3272	1990695	9978AB1A335AB9CA4D238BDBB83417B8321016F74E438DC1E87BD56340B42ADC
3273	1990723	A784C3989A8D028C7A3825CA1B738004683FF8BE99A4CAD3800BBF99E718C526
3274	1990724	17DBA1F1A1BC84BC2186989B4F0151BAD635322BB2B4B4A12128C8ED0F2E24CE
3275	1990829	8E80D939F80D30EC1FAFDC0FEDF0E3297D1931145BC6BE32709469A1129DF1AD
3276	1991032	03D1F560FABAF9FFB2702D64B663D4EE8CF752CB12A5D3A11041522B5AAA0748
3277	1991190	77102EBAC3520760F0BFAF3D32F2E160F1F0F301ECEFE8E5A1D5B37A36485D16
3278	1991238	5804673F123BA5B89C99C270E911C6D1E184845EB31A905EE1718E26A5B0E4C4
3279	1991679	2B255A2DAC90B99DC7ACF33A5F11498107CD71ECDB6CB587AB58A85A7A4B0CE8
3280	1991739	D85EA4FC6CE497DB83855B6E87980B13343AF8329991015CAFD757F5DCDB8ECA
3281	1991831	EE7D705EACA743CEE338EF21E5CE8283AFEAC1C2824893658C797CB15B8DC0EC
3282	1991863	D77FB7E756F6CE78DFCB4A8135A1C7DC0C9373BF02F619DE01904CEC32E8F22F
3283	1992232	37193C86B04CE5E63BE8DD19A8B8711BD31FB15352D6060C2ADADD5A86C2CC0A
3284	1993021	4FA9BE32230EFCECF22407A39DB98BC26B73F5D4B42FE20D0EC19D84A3EC5ADB
3285	1995379	19740CB943AD080035A9956F690DC438B3275B85E917F7228A3DDCCCA7408DED
3286	1995895	6888FA0CBD11C959D923CA61F9856F9A7FEB61D1BC2EC4FE789320F97A7FA104
3287	1996882	2580DEC2F55CEBB11B42E7519BDB1D9DADB150D8A69053B877B1970635BF6B61
3288	1996912	5B4FB8B3957E17AE3D85A81FC8FBFDF282918C0430F12154F327E7DE9EDB3008
3289	1996992	04AC0C932CC1F3E4AC1E98F165301800EA72DEFCCA248046C99932BC8876ED65
3290	1996993	25DD9B9B46B379D19FC0622E5962A4BA77BAD7E2C870EAE0E6E9B01EEC13A587
3291	1997473	BE52A22A8EF7258D2A18950BEAD8E1F6573A14D9172D3E9623967E948EFA8A9C
3292	1997492	81E3D12F1C59725F4D078FF0EB4D8666AA7E8549B38DC6D31CEE91050F3298E8
3293	1997633	72C32BEDF63E9C7FE6E2AFDBDBA710CCDE11FE7B42F3391212854FA806E53C6D
3294	1997733	500A5430C8EC511408E82598E9E2CC55AC48A3603E4D5225A761065E7BE83156
3295	1997972	4C27C324E1A00EE83F101241E247230D739243F5602C3A54249CC53317F8540C
3296	1998063	1F3AD019B3C4DE145257913E71B5D1110E81C2F95BB0B30AB3CAD07F0D6F63B7
3297	1998083	22E03417F9DDCA84D9EFC2B5A500038F72E0F728AA6D0815D4E4B51300448E7D
3298	1998112	DFCB4E1A926F812ECD694FEFA86B9E17C573E3D23080A5F82DC79A7B1E99885F
3299	1998113	BCD62FA9F9850F123931974C8103B64DE21949129DF4C7C95A831AFDFDCBF506
3300	1998203	52555C2F33D630987DB25C0DEB476D85C761C44502321DD7BABC8AD52C4030EA
3301	1998233	CF995F72E28FD7D8826B64A7B81212F8DE1AACA161A822D507F6C772A970A28D
3302	1998371	A2B391A28664E5DA4623AD87EE3FE38EC930067A522DB5251E795BEC87E942F0
3303	1998403	988A3017F675424DB26FC215B721A3A003E5F705B3E512C01F615BA9BBF23113
3304	1998463	3D9F1B3CB09A422E039DCE4E7B370A724624ED4FC8D39AFFCCD76AADE39F1C7E
3305	1999167	A0A5C8F8DA80541F8A1D3520F65764DB00BE6B5672A58B17C94218ADADE1E1FE
3306	1999290	D300B077F80896888110E8DDB8E3F28FBD3DB148568F195BD385A0CF7443801D
3307	1999291	C73768B79E7EBB4623296DC321E026386E963BA35AE0F5E3465B65C8A0C499A7
3308	1999395	B15D455A57D7A83A069703DA366077D8B21C18C1855BC89922B81E87DD5CFFF5
3309	1999501	6AFA6F5A4C0307805666DCF9C73FDCED15A27A53C4D1F13125DCAC4DDED7788F
3310	1999575	EAB32F744AC7A73A83C036EB372E8BA9CEAFFDCA9A78BDF600C9BBE083E83B0E
3311	1999583	C24E2D26E518CB2C086D2AB01F4480E20CD7B78F0D1B9CFD927D102A95FCE6E8
3312	1999595	66599A9BF1FE37E36CCC0214815EF81256E0CB6408BF4EF30B9D2DC6D370FC36
3313	1999599	6F6DB3A260B331ECC426F874B242FCEEEB26F2CC12A4F1B26F9E9B0F4F275E77
3314	1999679	6C0D1EBB6ADCCD0D97278375CDD8EB7E000339FE514AD611CC571B4447E7A4D0
3315	1999703	712167CD278B1B1597B18A9265A6C5D21813FA1054EA5E78CE499B9C9706647E
3316	1999707	958DCBF854D83A2924A74F37472A62C88EAB840C2E3D02AA84A6B09CA797F860
3317	1999727	749475C943DBD11A8FE7B6872CA5A14B73C3E7A9C21D1905DF0A8896AC960133
3318	1999729	D166D7B02A2F6187BCCE4AB47DB468FCEE67B392ABE9584695F40211956B9017
3319	1999865	35B3D038674F11C79ACF23271B764F3FFFD9700F35119120AD48419761C4901C
3320	1999891	A35B20D22FCFB43C8DFEA10A80451C0ED2B9E44D6BC1DF1FE92C172CFB718DA0
3321	1999903	1F974AACAAE5982652022B5F7ED1EC911238357F5802960A7A50612601BC9985
3322	1999951	A8FD3EF9864519E03176653E15086FF0CE75DB24DE3663B9B3F808D1A33DDB07
3323	1999953	92A70A784267F27F6C37941370ABC0BB5122C0ED06837A5D4A91E77F012A062D
3324	2000043	0C50EF28E7488EA45F91CFAF4C3A4D5A0C0DE0F76B8B84FEAAD89C5A26B95077
3325	2000047	74516694B8E8724D3F12F73BDE896D06503B3218CE7E6A799F36B665C8871A7E
3326	2000084	58F3B9369692984249B47CAD6EBB7BB0FAE9A6DEBFF1054571DCAD00E5980A94
3327	2000091	81A7220C3582745C0703A183BE1AB980243A275F9F4C8E7A289A8C7F59DFA708
3328	2000187	D38C32BB4E35A68BE927BFEE281E6CD562B6B596D7030555728882C025045BEE
3329	2000189	6EE61FB95BF3FD8DEB11DFEC195157D367F506E9E49A73ADD81D936CD6E20CCD
3330	2000197	8B123A1A6A6BAE2C8B3BBCC2430AC4966FA5604686709D74E43B448662734618
3331	2000283	BB8DB93F6C628EA301E76701C79E073BA6A55DB148B5BC0B3CB06BE3DCA60EE7
3332	2000295	A68003487AC3868EF30A8CBF143E12F3FDCD5F2E4B9CD759DAF9FB0F2777C1EF
3333	2000306	667B4EFA5CAF4A801AE65AF08ABDB163898E4F45A78E589B906357E3E73A3824
3334	2000308	31532AB3C93D70B331518FD2F5B6D21E721DC69940B3CAA20DA9B8CCBBB91FC9
3335	2000375	D280E6ACBD4F9695889355F052884BFE26AFDF9FC16D9024156D7DFFF938C8BB
3336	2000379	EE9CB5EFABDDCDCE10EF73F57CB0C591697AA43A065CD3AFD9B9F5C74AFE8DFD
3337	2000392	F95DF40397A2B001DA3E6DC27AC41715EC8ED5A32500CB73EA3BB08E67545FC9
3338	2000455	45A9DE257A9BBFED10278FD2E02ED7A0C9A277ED78CD4823D3870E9A750CAD65
3339	2000460	12920AAC71BD6C1F9D2F881474D3B7B0EE707BE96AEAF2C9F0DFEE7161891AE3
3340	2000718	C9E743450875D64172AB22DCA87C56631843A3D8A7EAC40C4A24D8D680A4B635
3341	2000738	814A52612D6028CF2E73E4F75530FE2A1B8BB815ADDA46D0DE0D0650CED92148
3342	2000750	528F41406E327B052898AB9983BD6A643C541C59B101CB7B90C8A43A3A647EF9
3343	2000887	7E900C19E84688AC898D99389F1477570D0848ED386645A3DC21F6A68FC9E45E
3344	2000891	1225CBAC351EC5AE6F236512FF66DAD223B943325CF494B823043E87A47F9BFB
3345	2001091	C56736AB7CDBEAB25ADFF597368CC3440FD7F433D48A6C98881C8012BA87EEC0
3346	2001119	8B3AD2CD56F9529033121A7EEF5A027C2C6F46DD9FE180CE1982C4BA0455355F
3347	2001187	E040DEE809AC0E830B0AE81DB3C3061BF77E9CD31F0E158028A817E48D4B0597
3348	2001199	568067B8E8B3B0F83097DB6EC6F1BDA855840A5AEFA4BDBE3240B6D1E23201C5
3349	2001215	16814D61D407E59F1E38AA7A46F577838A5FBBFBBCB1591E3EF564F9C5B86D14
3350	2007544	368FB80F25497E0F116016C78DE703E7CCDF23C461EE66DCDE3A5DBC465482DA
3351	2017748	76AEBA06DB44B9812067CEC780BBADFAA74C5F3D2B92BA81456619B0C8F59F9F
3352	2020535	2327CE53CB5020A692719D47BF9B3718291795AF106B40B5094A439B2F09B2EB
3353	2020587	612EC97A14AAD88C0C223BE2FD07E2902017E639355E2EF7FAD84B40AE9A4ED4
3354	2020599	2F6BFF93D7247E424911201D1E3903526CFEA6D9CDD62B796E5907118492881D
3355	2020883	7D9D73C3B214952D522B44F8BB2A4F7479899B396C521477C0F72CA1A8E52617
3356	2021338	6EAB1176FD9589A01612036FF3D46D4CAEC23072783C36D42D18DC28FBBEC22C
3357	2021418	523AEA75D59A81F01557C902A5CC916CD715F2DE99B8A8D10EA31D78201EEEED
3358	2021534	7660A06210AAD2F70CF5DA4F5E3CC4874A7F635F72B6DE4036556947DF0FD701
3359	2021583	037C4E45A63FA0F099CAA1342964AF1A886F658EFDE162BD00777528E445FAFE
3360	2036962	C18F460457ADB58501EDF1D62134AE9308FECC7B82BDF8FCA38ABB413394DB86
3361	2041799	A99AB280D354E7DF2731258CB3DD39FCD929F1F67EBA1F4EFDF433F2E602775C
3362	2047148	2CF0528E4B4D3356DC6E521AF85292402032EBB3138EC3A8F513AAFC983673C2
3363	2047728	D9BBA0F9F629FF58D9BCDAD60EC22FCD99CE2D5DB06BF066FDB685E8726A3244
3364	2051215	1D5B215244F5E17ADFFE2B98904AA3623D80D574A2B4E282883DE8FD1216DC30
3365	2051939	379E6A3004A302E4A01A6AACB3F03EE668A11C5652902D14EEEC981B2C4FBAD9
3366	2052226	7F5DE0C49EC724C5E3A4A62A0DE9E245C26B49D80384A5E5F6BFE5F7E8930F19
3367	2078233	1FB74347E2820277116302C7E9978CE1C628A3C5D95675F01B6E0BBAD7D99493
3368	2078263	10332351DFB22947C247C68F25144DC8595CEE653C228F62A9AFB8A0CA2F3BE9
3369	2078353	C84820BEB711A922BDA0912A105DA0D2DFD35CFC080E4B3176F3B3D2C86D4C79
3370	2078382	2CFB99EE7B8FBE301080FB3F2FDEE281E949AF226CBE72A0E84600BD7E02D421
3371	2078383	18173192817DABC5137504F73868550F62E1303DF07D3E8FFCB616F5638E2383
3372	2078472	5FA8E8FC432179CB2E799571BDF0584A6EEAC8C5432610E3A73FB27A0A8E48EB
3373	2078473	2D0CD3D3C9858AE83C5BC1D4A32BC5CA5BBF35F378846AB6696F8C7CC2E924D2
3374	2078503	6155AB03E4BD9A33DBC378253D80CF9878DAC1B53D7A23A1728294EBCEC2A357
3375	2078821	159F265FA572E7EE577B63FA6DB1982A51EF1AE38C4D1CF0402E202FA7E0C26D
3376	2078823	EA98F7D63D4737E3B6BB8EF2E183090ECD96460E33F11393865AC3907AEE0D92
3377	2078872	C09C96D2712D8C6C10E9868CE75F427D8DE65E781B8B0523C3B528A001F8B657
3378	2078943	9868DFE1B8271421A0D214BBFBD6B8CC09BD7970F2BD6A9531CB31DD3CB3A4E6
3379	2079093	7EF9BA292E895D16417D77F478CB577276B346C025ACEFE2FED685AE792752BF
3380	2079113	40E3894C2BD4F3968F74143F3CD279707D5979FB5033A2C5630353A6860535C2
3381	2079442	756137B0FF09D665F1D663CC5C5DF56F0DD592B6274C2B617630E78563AB9645
3382	2079453	79520B4205C6237AD86C458056A7E806E78D1A61B105377A6C1FDA3B68B9A890
3383	2079573	1BCEC9D3DB43A23EAF92C0A64BE6E325BB6DF168BBB51B433392A038E45DC42B
3384	2079592	D0C007B48C02DF9473A4DF6B2E3916382CA22D2FBC3BABA75A6DECD926997F2F
3385	2079733	B243ECEEB3E09DB9AC9489A5345B0DBD7B92263EA004E0EDB96D3E770B68938D
3386	2079823	E99ED59C4B4391C10EEF9F30F4A2265D68AC1093A749F47131A6E94EFC1933F3
3387	2079893	735FB35DFDEBEAA98934F58908F5D1F96336F8586D03909ABC69E6E18B189558
3388	2080083	B9607A09AD6866E475D3ED757ACC6EE39971E4A14F8BF5A2E3E3C48796C6A513
3389	2080121	EF5C5493087F77E33898E8497D1A484323AC35EF6C1553A9B6FB45B5E3B0821B
3390	2080123	059EE593C0C7F647018CE9C67A5866BEED137A57358C48057428F393A9095A41
3391	2080192	6172A56A93E19E1714A9930AEEA019567B217DC5F20E01B679D5E8693A8F03BF
3392	2080546	267FD04398CCF951FC12530104EDE2F61EFF692F925A226CFCF42769F591A574
3393	2080622	403F0B911CFEAF0C699C96B71DC3682E48B9C634468CD11C0811CDB9F5EC66FE
3394	2080638	142760069C78A9B49820577544517B9E5856803645F3A9FB2D230D48C40223E6
3395	2080647	C282A1EF8AC0BF3DEA8814A7DE3BD63ECC2B5C67756667CEF6847D58399F9905
3396	2080651	5E5C4DFEB2EAF185D639B07117D4344E856E8E200581A5A534FCD6B8250480A8
3397	2080755	E6EB1E9F497CF68EE3565239EC8BB3ADB031A124DD154E8FCA3B1DA01EA64696
3398	2080801	9D015AC42B57BE3DB2832D859951DFECDFC52A61214B78D8AA2BE8A989B3E2FB
3399	2080823	F73201FF376BC6A8A09E3CCA616E87D42C8E98D9585E164F0A6F98CCE27E5220
3400	2080943	914D3C38157AB42A11D16993CD17E9656E661557844CE8BC5B07015D049C853E
3401	2080967	EFC5B68BD1A17B64A0670CAB1ACE76833C509E47AC075D8E4A264E10802529DA
3402	2081043	7CA23F1126FE6F6D27161A114ECDB4937662ECB59B26F47CB68EF47B80E7837B
3403	2081063	16EF8794D00ADC1CFE7CC4D1862AB5EDBD3529C7716174F46854C2EC0093F205
3404	2081087	B1071A1AFFFCC30CB672A20F5B742B4D28E9E9DBBFB0F3A9D399DCBAC6233AC3
3405	2081111	31C4F7E9EB6D5160B2604CD6AEE98C73119D8289ECACB805DAD057857B693C1F
3406	2081237	A31BC3946098312599D0FFB60EE783851ABE9B84E844946C6CC7A353020F1C72
3407	2081265	748B0DCA832F9188E932E6CCC7EA68B3434BDED4662413B7B27F8954109965BB
3408	2081273	86037C461A0C51DC0D6D8BD2EE185405A09E52D1C716B1F398B841D4DD2161FA
3409	2081287	408A153590A0A535F95F98DED4490E77C6C57E4D15978FDA266C393E9E3A341E
3410	2081385	41652D5DB6BAE7A64EB6704B707EC440378D80F8B83D7CB36FE3FEE7070A2D47
3411	2081389	149E75E265FC1669C32C0B0E0CF715322B45FCB8BA49723F0CDA6C9911A003A9
3412	2081393	34D4C2D3AD63E8F46A8EA458D44B1170B9E5198DF741E9549F6D91704C47AFFD
3413	2081451	F15277E607B0B759FB136AAFEDE8EAFF78819AFEDD428FDB45A44CFBD9DE9C14
3414	2081480	DA7D1A3F85F82E688ED1F4B7F155226F027A4EF29891939464776C8338F9D3DF
3415	2081500	7CA4BAF65D4B11591A1C09CC476AACD508D0A80627081FC0FE450DD4CBDFCEB2
3416	2081547	80E8268578CBFF12968362F3F621219F38315D06D1EFF1E405C16D6281DD93A4
3417	2081549	83CAA4C8FAE546A921387E453CA7FC8F633BE942D9AF5C319A4A50F2024A172F
3418	2081735	B6B0F736B65FDB0C5BC7E14361569036DE1C1052A1BE5D0466813A75E745D01A
3419	2081751	FB5F50C62DCEE261A367E07AFAA520FC81D116158A791C5B071D48FD00DC4814
3420	2081820	3E9216C8A5C337443F5D8574F5589079F2614C49645F9E93BC72DB9D257BEF2D
3421	2081911	47066C3AF2B6D58C79E62013D802F34A6A82A9FE2759A345D8A0F2DAB5FCD1D3
3422	2081931	48F610A760EC76439D8056AC756D1D88C65AB32562182A601D03908D457DC0D1
3423	2082098	B6F729793448C0067ED47CAAD9185DD280B1E596378719608EFF980A37E9BAEA
3424	2082110	0044C3858D5EAE2B307CA9E66A3B463547E2CF9E39E347F1D009670F46C581C9
3425	2082123	D00DEAC9FA6369BB5DD8354D84D5148CC22DEAF758D90666E0AFEF5B1872F595
3426	2082130	726D6005D7E5E53EDB5530D3C3C468E7B5566D42B312F2AEEE2313EE3A8B2C1F
3427	2082283	83C1640A9CA86EBEEE39807770EC8894CBFBA56F9A14B8F651DF452877921D8D
3428	2082343	5084A6D6866DEE96F5C03960D3EDCFF3DD0BAF9A2CD83A57839AA48D3394C3A7
3429	2082367	B798372767C80169A1CEE2749A71A4D05805079DA3EC95AC06ACF3C86CC6D738
3430	2082459	E73E8FA71C5123B29FBB6290A3C1B333151AADB4FDBA6E0EBF9D5451B9A0E477
3431	2082479	D74983EA0A90156E15E5F13EA3441581CD9EA93E8A6ED38F4928D4AD3D7D1DA6
3432	2082483	8C64C148694895FAA36574BA650FDEAB2CA6185582F36EC2293FE17A6333E881
3433	2082502	E8C4302D15BB4C6656D8BEF31259ECB0BD39A891F8187333F112B3020946702D
3434	2082511	AA69B2040391E13369BEAACC4D483694342EA44681F5A7E3ED64765F52ABC20E
3435	2082551	278D6D49B53F9A2F7349BF2823E16703C9296D811F59C3446976B20EC179944D
3436	2082555	BAAE883EB778EBC6D7FA7CF984D880C8F2C7A0AACAC049275A0A1E92B3BCBBEA
3437	2083073	84D58A2C02B987963C4E448E4A4A7AC37C6A5F2DA0D8B906D4CBD743CC47272C
3438	2083152	08CB6954FDB94663EADDE6E3ACC3C4FDEC884897C16286ABF6DCF901229ECC79
3439	2083553	2541CB3AB83CCC8E1072F5218ED4402A35ABAE372F05E9C2BF99A0431F5BC9E6
3440	2083743	EB9A229D3F080FCB53A25FC14C452060EFD542A730626195FD7CEAA128FCFAE7
3441	2084152	CB0AE1B54DE06E3A7BA45048456DE733F8AA3B58DE3BF4686453172CD1EC0FFC
3442	2085627	E1D4FEA0DAA634F44C885FB604A2ECFC6EA924626C5F5D67E959BF9931FD876B
3443	2086047	9E7BF145AC226FD74DBB105208B3D6D98004334E85586210C073B0EB63484EC1
3444	2086057	61F47986D9A3E51ED165AC420688C2604E6FA5E79EBA42D34142B9FD235F0CED
3445	2086160	6C2562F5206F7D88DC48FD1FA3DB7C0D8781CC76842977BB42584FEBDEF2F14B
3446	2086331	86DC5C6DF59F42336BFF451FD094598DAD369AA275B85B98A389EEA3AA2C381B
3447	2087593	02295C1CC89C198F56F81C97CEAB0DFD77EF5FBEA847CA4CAE638C0E1115C4F7
3448	2087602	6D88177CDB86752C8164F2742649F5743351DB33F2A7FC4C0F0A3EB4DE68FC0E
3449	2087623	76A2B304524FE2C79B91DD98110153FAE1AFBAE492D6FE07874C06804C64960E
3450	2087632	DC733ED6B7865E63FD58ECA0539F8F4C924193E82DD80FA2513BEB7B1F9EF6BA
3451	2087743	B01116BA55B69897C1E98ABEBA0F34761562C4A0F82B32DCA61D671BFC1D6786
3452	2087833	6118D2B0C19D6FA4011EC5E4B410DD16FCE19E7E6E1A45120CFAFDEE2B1CFEE9
3453	2088213	D878E3A54CCFEE82B4EF9DDF96C09F7D18BA030847CAAD9F20FB4D5C832CF8FE
3454	2088301	9D7A6D9902C6AAC84476DC286BD075CF650F1C100757935122D008EF144E3538
3455	2088323	550A973CB189800605CE02145321DF46A19FCBC44B71458E14A31953628F4581
3456	2088353	25FE8EE0BD325C5305CE57DB846FCC53BE7F63EF2F830605766510BC45C082E2
3457	2088421	7E7FAAC4C234A73F813E89A87D2A896A8421E3780805F0A9AFB33BE25A4F1876
3458	2088423	FEEAE0D6D8F2254CD6A273CED765F19E6F560352C68D9B4900C47646DD35DB54
3459	2088443	9753C835A229440B797D73BA4A1E4A2F3E5324E95C4051CCF2348F35DF033F0E
3460	2088453	1F3B90EEA41DC78F36477C34BA57788F6531C759E86953181A3710EBB2ACEA06
3461	2088473	FDF6280488CDDC07B13B7E7CA3FF3F4D3502B6170E16C13CFA4342AFBEBC0589
3462	2088713	1F6E5233F5B15B7621B51ADE47864E035FB9E4A32C376FA99B790494782D0860
3463	2088781	11E65095DA62E6E71AB2D0C8F205BF7BD2A0F2D71DED7233D3BE35B6CF1575BD
3464	2088783	FCBB586378D025DF378E47936083304099644D884B6B1193A5964BE2772A657A
3465	2088803	5CF3D04A231B820AE821B02879A5D07E3321E1D1485954E111652B6223E0B275
3466	2088813	E5E45DA243C8CED1162B7FA70CBFDFE01B8F8C25C15997483FA8AC7CB8514140
3467	2088832	D3F16994A07B7F4B15981D359EDEF9C0F79B2E385690881022006627110654DA
3468	2088833	BA89D24EA24D33A12F6A886DC736C5388DCD3A98A1291E60F59EAE877171E91D
3469	2088901	90066AF5ABAE7BABC474498FBB8906C18B7B1C23A23680EAA71A0A722CCA28E0
3470	2088903	A137BE01CAFFFCFCF3AD5285923F31E78E16375526D9C391B4C5E1808FAFAA2A
3471	2088922	D53D8CDE2E9652FDA1F8A3505822D3C1C7F44F09C216422085A050CF19691AAE
3472	2088923	77267BA1CE705D79C33BC4E6EC3AAC4B069EC10D9B007A65415B4464966E0575
3473	2088931	BA3118D0E12DD29C48B3BC7E34959BE0AC171E2E98180A3D7D6D6FC439623237
3474	2088933	925E1B0C59F9C4BFC8FFE073529F05DE072B1CAE4C9C448B6695AB210FAB52E5
3475	2088952	586C6D1453C4ADDA8C218D0CC915298C83376F3ACCEC3295E5DAB6ECACC2506C
3476	2088953	036A30B941E0125E20D868CD91526D29AA985CC268322C1055C3F75F42837B30
3477	2089091	9FED18189B325484B13D5B837FD1FA570F7A11505BA8A42412C29C6C8C6C19E2
3478	2089093	8D91BEDFF776B96ED52B5FA8ADF006E0989175FF986D1746855787E980D2F287
3479	2089133	D3D72CE7602564085928D163ABF24B0720E389B7B0A63CC59B059E2AA827C3B0
3480	2089303	77480028C4BA5BD4AAF287D80570988946561E1EC83BA16973ED9DCABEC567DD
3481	2089443	0AC3DCECE46167D3397BD5E277DD9F0F5FA64FCB7089CE95ADC6FE260EBF3100
3482	2089483	7459D79E061143CF26A8BAEE9A1DBF246E7DC06246B90C5DDB12B5FA99E90317
3483	2089542	DB9FD3719473850CB170DE770101000267C8D69461F00374C5B4D7C6D8006D70
3484	2089552	88DD06340FB6884DDC75D381FA635D342D1FCD25B088BC8947B705D20675B58C
3485	2089898	A682241E52DDF6F8B62F46FD27B241E06D34ACB4EA9FB7BD1BF371BF16DFB007
3486	2089907	9794DA660FCED0360D9F645C7204686D50E4E357016B744522658CF8D2107BAD
3487	2089911	BD2B3323FF4E77886241047554437CE8F91D3521A39B8996B2B989B7D36D0B64
3488	2089987	64F3D4F0522E84E55085A02F93CD0F90E6BA5E6D78E9209A05D2C353F979E35A
3489	2090104	D7F173CF75BFFD89E6E8D523B5CB89380623D2B050B1084E17C6474BB192B1AD
3490	2090126	592C24CF0A4322496BA5E7F041311AD3D7A22822E343625CCA057C14E5F39CFE
3491	2090159	8A19FB8FCE090DE0EA7BF07AC2007DE31EBF7CDAFA1238E38F28970EC6DAE1DA
3492	2090161	3348D2E87F83527B90DF018690073F83431D06CA5C22156997CE73642CA3A7CC
3493	2090171	F475175E3AF138D8E43FD8246AD0D873CE4A6761FA621F4476064A728C474E2E
3494	2090173	07475882CCD85C5CD3166B7DE187EEB4ABE0093F2181A69DF093C9462ED05FCD
3495	2090183	45D0B8ADDAA8B0F2623F696C0131623F01A0D5C14B105420869A4C96EEDB8D74
3496	2090207	B70C4A86B70B81AE17142D0B9E238C22ACED94ECA9E6486082F501C8248A9737
3497	2090221	AE8B9C4985C321FA1B76BDF9DF04CB12A5B2D8370B1DA946BCEDE21C43BBB4DC
3498	2090283	69368F348A5299DBD7A98CF73D945AB73187689F31C68C4CA38AEE5BFE7F9E93
3499	2090295	8885DB99477DE4706CC19FD3082C006239460E380DE6BE41E457282693ADF11B
3500	2090303	E9DAA0EC1E45A07CFFDDF0049D02F9D850CA60F6684A1604AF8594B08BA37783
3501	2090319	6261DAB02C621977972D7BB737DF38CE7DE8D0D02E6A2CDCC6529C90CB6D7CE8
3502	2090399	67AEA210E9B3729BE180E41DD3C786D9A7537ABB9EE6FCB3548E17C062642BBF
3503	2090403	3B2DC899E2720BB54527038DE5FCD8E6AE777920400EE9D28CF16C6859FDFB76
3504	2090411	F312B90CD72678B02E145E7A5090C3BDA5D0C75382DD68022E39DA182C806AB5
3505	2090415	82B96CA5C3D505E284DC152C13BC6F98A4A802A41E9A878B77E907441ABE5A79
3506	2090435	4C935429349033F44D8D5AA4C7581F4DD934F68716EE3C1780595748FEE7FF33
3507	2090449	F71FCD8C70A1793A079CC576A2D3E082E73F5EBE5960F8182D60D2B9021D17B5
3508	2090471	567695347FAF052E983A92319DBB990D498D28F1AF9707ED796BA38EB140FBC2
3509	2090585	D6578E2E74AB609D2F0D6115634088E5D7FA391E1DB028E27E29E849F69785BD
3510	2090625	C06B5839253DD6B7F95CCE1AB35522ABD25FD8E9F6B3E3D8F354DDE5DE16A7CA
3511	2090647	AC79530AF041E77CC33115AF8A1D1C92487D5E49C6390CD415E249516A5A16B4
3512	2090673	A6FF20A9F19EACD50A847AE0B6EB66CE9E6309949C5D5E435A8D0F51C3D8D6B7
3513	2090681	ACE963AA3FEFCB1A920B1C61E80A02D201DDD56687303A13BE1CBFD639FC51A5
3514	2090745	CE070AA50EBE28BC5B4E38A7D0B55A32786225B9ADD4C99D00CDF588FA2244F4
3515	2090753	BD76701D362B174E6A09FF25B58B08165D13EA7860FF5EDE5F3C4D87E32D361F
3516	2090763	C9A4984A13AA66AB4E4FF2519CD1FEEF5CAD47AC592501611727D2C7A5F85F40
3517	2090775	19C7F726C91558D05113EEBDA31C346F412C26AB9E1146BD5112B974C187CFDD
3518	2090803	A8853368746DADEF2CC93D5C4ACEFF3DCFB81B8AAFE994C36DC9C57A8DA1E471
3519	2090829	25CF2D7301034738CC89D44B2B2F28D8B0F4286F29F97737B29E83B0E1D1FE51
3520	2090830	1234D0A4AE6227D1EBC906CB3B8110FD7775A039CF7951E4296BBD1559854314
3521	2090853	0689E2ED7304CC6D2CBF748DDED3C46B5D8AADF2132F66A74B432A5F26793D7E
3522	2090860	09AB3A7377350A85101DE6FA24FA42581BE0DFF19680F1C3DBD564D5941051C0
3523	2090907	1FA3D7F2B5B23AF51A4051325C7838B357D1B0A93F7EF12F30CC654B5BB78B3F
3524	2090929	E3ABF1D9EC740B2A16CDC35CB045E052CF3748F86E288B50884F812DC7105D56
3525	2090999	CD9D6C39165AA5EE3583A41A4DB9A2529F6F371FDCE36952001B0F47201B19CC
3526	2091003	E0FEE576C47804AB6CAEF1663377DAEE57A17D27397F5026CCF73CE86ABC5CE3
3527	2091015	5A5B8FF0A60B222FF396023AB2A341F1702A8C5725610E2F31A06FEEADBFEE16
3528	2091026	1A7D6BB2CF8D0793CF5FE6ED827543F8AB5081DB9B793E67F14B12F1A527254D
3529	2091028	3F3728B70868ABD2C83BEA6D0D75F05275194A3B8932DE1B3AE5BE4C6A41B77B
3530	2091100	E63AFB45A7A3A5544FE107AEFC076737A0580EF750774D152C0138A0FA2A66B1
3531	2091103	11EDC9843AC36D38F5231A47F036FB7A2A3B8933457847329CB5629097F68FE7
3532	2091112	0533EB8B9C643BE5F7A5BC813512BBDB9988D52362C2E71BAD4C800C2D658644
3533	2091124	CC12AF28311690DDC2B3B13D43B3C944AFD36946B3F905FDF7E25917E8E70AD2
3534	2091172	2F6B64045C921631024ECBDA70420BE7D45CA74C1441C28C2EB48E6359A164B0
3535	2091179	C190A44C9A4BBFFFEC1E8AFBDBD6AA1F144E2987F753251384E44B3D62470BA9
3536	2091188	F178A82EEFFF2F188F0CAEFC0EFE94FC456CBC5ADA5624E0D35D3BC5406EFA2C
3537	2091319	B02ACCA4588C02220E7729BA16CA9984840693FD85F96562A1E0C58A928B11A2
3538	2091619	84FA8408796C75C6211D86E21558C2E3EF64D24747A2B26EF4FE8E835E5C9A78
3539	2091639	1DB6BDD0F9179D2E0B1E92F73E21218522345F10DBA45BD133026259A362078A
3540	2091767	028F3C3CAED8B4A77F745A779D9364AB2FE3C0B7F0D57CA426191E394F92B79F
3541	2091778	FA75FEC82613E2147BEFBA7E57AD493BFA67E255D51941A4B95644B55169F391
3542	2091779	5BFA1B2C54E48E26CE283164C792F6DEC2B7D29439D5F1BA493C5A8F00D99703
3543	2091819	82C8ECF9484E75A62FB2CE48039E3CDDD4F08BC0C22A120AC6BC799DD4C77EF7
3544	2091903	F18ADD832176FCD6125BFD32AC6BF945220456A6A97E2571CD43BE82C32CA383
3545	2102147	CAE072E273EF06D2C8AB36707EED102764E4E063C6FC1CA088E26D03F3D8A6D0
3546	2112058	82610E3327AD24AC6CFC8E28E65A94106D5109AD6BAEA4211940C610EDAE7F3B
3547	2112107	921D35C50669CBFBEB2FD514475AA975F8A3F7D4F4A8BB0A92FE86A379D80D1E
3548	2112138	22071DE9CA7D9F1CF5A11351959605FCCBC175CE1123D3120407158D7796B659
3549	2112178	AD6729184E0CDC7BDE3A5E3D3EF7D5AFD1AA31BF283A70BF3B3F87F48518ACC5
3550	2112254	B6345A9F701690FCB78D0C02405FF76B8BEF83718FC02E7AF49C520304F766B4
3551	2112346	AFF25CB2A5D20E4322640717055999F0913E811177FF6CCF5C1A45CA0709D606
3552	2139268	59C5CA9BF9ECA860843EE3BDFEAA1A2A0B805BD228CD2C31297D865590EAE823
3553	2139674	B0852A7510C2EB464520F68E4434F1887D520C2531DB43132EA1089E9E217994
3554	2142195	52126653362D82435E82378C8F2BD7D091096A62C05DABCBE9D28E3EF4FA8111
3555	2142707	B89031A0976796185FD77633D133F88CFF252A969323CB5A82DC56EFC5513315
3556	2142862	FF5EC9A2BC4C1CAAF9178D396B6F063CF1A3565AE20312816552CF332D9F6CF9
3557	2142922	D33D40CC493D9BAF6B6E95DAE678A1B9A42A0968F170BF99A61C47E9DA626CBF
3558	2172936	FC55EFFE6D0772F2F381C8F2BC2D28CB6CE93E40CF1EA50CCFE998C1BFFDC708
3559	2174962	F0379CB59D0646407F91CBD8DC8BDF6A3CC3FAA1FE7273CC6F6AC2666FFB67E6
3560	2177402	8652BA9D82CDDD2F4508B328B4F142128875599BA41FA4C93EA23E6DFA35F3CA
3561	2183964	31284A027526E1626725BC2F818EEF46F5341C60EFB7C27AFB6B46063E836151
3562	2184244	B8A98CEF9C6EEE66F7D3554816FBC93E07F3092A59329E382752BEE629659350
3563	2185372	AD041C5CB19F42FA167E70E36E19AB0D6A9803B1AFD6A52D9869FD66A257B912
3564	2187999	400818D37EF6E83C5E555A30508EA91C9ACA9E8C2157FF8F4BA891A22A9BA0B4
3565	2188022	20D4D30E095486C065CF574505DEE494F5D745D246E6AAC9F40BBE4B124A3AF6
3566	2188230	896027F2A4564B5542D9A382DD5B988EB8A2D1ED9F598C8A2FC80F2BA3494C20
3567	2188263	EDAF14FC63C2046EECDD6E63BB9431AA8017900992EF8BC0A5311B5B318F06F1
3568	2188891	CDC683A20601CFE46E7679390C66C4BDF83129184FD3641B7E17186AEDC7FEA4
3569	2188899	5C5AFE4F2173C5D9977D1184E83CBD16AB1EC224372506EF6F980127CDE64B82
3570	2188943	3843645A75F932EEBC3985EE1131F199B8073EA788850FCF0C49F0ED5A4B7487
3571	2188950	F82BF695ECF05A2C43C9B9839D47DB4DB4E22F99E462CACA73C5DC73479A353F
3572	2189019	077D23EA66E4D19FA30043F9972CC4E1666FCDAA6D60D9A029470140EF1D2379
3573	2233637	09E07A45050940A77BF12901BA063D769A6230D907C694CC790C4A755758DDAD
3574	2249332	F802F780C280A5C97F6D2892304404D2A8E9836948A7913EC94D28FCB7B5B83F
3575	2255053	08774E9CA62F8B6E130F04D0091F97C1A3C3F39B0A826A049AE983B10D8DEB1D
3576	2255073	4E39B723E8A4483899CBC35AC8153141ED98051CFE722F0DFDB574A25B7C2653
3577	2255074	D2491A2AB8EA6345DA8D83E3564970E8F610BAE3DBE4C9966F8B194579D72269
3578	2255090	EBBD991A3A5157C578A060E6B841044D5B83239F62074EBBACD6557529576C22
3579	2255126	3ABB0DE22EDB63531B457FF275467E8DB419C23C6E3BDD91549730DC59C7251B
3580	2255209	27A0DB0A9D218C00DE1F302011885FCC98471419692EFC8408A286222A5F3C7B
3581	2255212	1177738E9AB9674B34D36BCF58D7C79EA6DCCB3979958299518922DA1F65F82A
3582	2255216	E41B0F1FFD04B40763AB8BDAFDAE51272389F68C976FCAE72E33CF482E2D981C
3583	2255217	ED79572E8E7A8541CC31095446DC1BB9B084A40908F2FE2C6A44464FB9DAEC22
3584	2259844	297661A7F654C9D2E9386183CFDFA7EAB9B3E4DA27648A206873562D1A7265DE
3585	2260852	F81C228F3B06CD4C7E8B9DDC5EEF71ED254B2C42DDCB0E4BD71B5E88C8573F1E
3586	2279968	CA4286D09615D0EA294B8DA14711E5714D6679C3309640A5EFDBB67BCACEA9E9
3587	2285657	3F0F1435DDCE22A3BAD2D9AD91DD268FFB3686574858E1AE4DF4CA48C9DC67A6
3588	2285667	B9616F484651A3C44417BABE257C2F87EB66C8FF5FC2DE7B0EA7EB4DA4064255
3589	2285772	EC29AC079278854B0C4FAB5DC824D8F17A0A8C66B5444C6E9861D07907AC1A2E
3590	2290710	8E074C30839E1BB3184684FB2B860CC56D91E7AB228C8818FCE06ADAA93C7B03
3591	2291540	1EAA1508D52A11324869D6399EA217ADB99182B744FBAD67B652CBC4B1E7B327
3592	2321557	E562FFD0A3423CAAB10DEE92A0C57EA9820F4AF60DB01F9841ADBEF6FCDBFC38
3593	2321656	79165194861EAA5CE69160BCAA2812F4F40F5812F41EBD5CE48FA69EBEF9C4FA
3594	2321657	EBF3DF6C70E873A4D921E7B3DA54051FB21CB1C2A9D7E0929EB31763B4343C7A
3595	2330612	7647DD18A90F2A935108EFCB91A51A03494CCC87D2094525E8A40668806954E6
3596	2331727	9C42FC2DD176CE76E1CAD955E89191A088FF8545DD672255703FA9D490B31589
3597	2331767	336A54B7AD80A91091BECA39662BE85015D87F07E431ED41B82F09EFFC5964C5
3598	2331807	840DADB8EE7F390BEB52757C6F6AFA4D0F11F0C08477F1558A07BC8D2774CE8E
3599	2331856	C8E075715062B457905C984851E66969C117CC3B12CCFDBB8669AC05EA70ED00
3600	2331897	F04DC32E7A71D8386D054371DFDA368C163AE3E823C3F08E315D61F118D7DF5B
3601	2336522	D4B3A51C06C4199E10579C6B197164A2E37E084EDB107C8428C68EB78EB08D57
3602	2337076	FC1146979EC4E709F7EBEAA36E13CE6E63F505BAD83D5A12D8239B45FED97BC8
3603	2341946	66E155A9E173F67E584F7FF93CD3E80E2EB75C5EDDC4C6DE54325900611E9E41
3604	2383087	43AAEA02444E0763F3CFA479CA543E52115BE1A68AAD00551FC2E7832BF88302
3605	2383107	B0EEC722010F819C7245F70663ADD511D2475B0C1FDD121F56749DB8EBAC0250
3606	2389026	A3E60A921D2A9563017DD5AD8FE450B2E774FD38BF623756255AF07FC27886EC
3607	2393287	C8973E1D7C80D294DCF2EA078FA0D7F54FA9B8C5313FA709E533762DCED8E888
3608	2393313	1B183ED4366BB7C722AEBE8696D90A8EDCA65671DF504803B03442EFCE937745
3609	2393314	A57F0FC7F20A33FFC0B762344CD2E7ED0B7E451F3971B1771677679E4BB6F551
3610	2393327	835ECBBF203F37B9553D263B261DBFA8255283EE492E4446ADE31F67F2D54458
3611	2393330	BBD660FE146ACCDA469A3A3ED5F21EBA12495A24CE7B898C0D2EB5B133DDDA0F
3612	2393331	5E135BA79212187928230050D859D174AE1728423D6536D4589F48114CA35053
3613	2393332	B21F5E35E850E890DED3AD0ADCC2AD64598695430F2ECBF2D96CC11BDE95AB55
3614	2393375	AF34CF998A958C3FA9CB63B528D3EADE098C00733FB1382F93271A62E793B3DA
3615	2393376	3A8926B41F0E70EFA4DD963CB0CD56DD95564FE11EC784A4CE29BCD07157B50D
3616	2393416	128117CF74AD5C6B60A1F792FCE15F2413940A5FA94D894BCB1B1811E4B158E9
3617	2393417	2E3FE813453655729609BE2D31709AEC8374B4A75252DDE636A2484FAA1961CA
3618	2393456	9C5F6EB2674B81191FA2D0DB830F0D23553C905586931F8818627A0D93352AB1
3619	2393457	D376D480B576B8BB0207E1F31B3AD9A3DB1E89FA156D4AFF46E1963DAC73DBB2
3620	2398148	304147E086695573689626728E193ED990AD7CA7F72FEAC93EEB6A6091EAD4F8
3621	2398636	26630727238BDC58C55A09FDF8F03B8A02405D1C0C89CB81D1C1B36F7156F411
3622	2428777	BA74CFBA986D3201A6B4436B176977E4D371E522AC9D4FA4E1C03E70FE070F9D
3623	2462855	AD913E533BEB0F4F06D03346FD9ACDC502CC37CEFB30972209E36A81580CFCA7
3624	2463649	47D4419A391536C3D6DE417092CD486213FBE4D8A5352E33BBCA241EFEB53A23
3625	2479014	5E0A281B62F2EF9596681A86B9A399E4605262CBEF581BDE49C44EA87BC5B0FA
3626	2484373	B6956067F7986D77F597D12201CB7042E18D4C68D8B584770BF4A1DBDA03A14F
3627	2484396	8A5B8E32F335D36301BEC4DB904BF5E7CB3864E19BFFF2E5A88BB99552DAB3A5
3628	2484447	CFD3078F3DF683128456F2D5E373B4410087A0AA843383FEE4CFB18F9D6921DB
3629	2484491	CC3FA22A151C4E676DF8C4206D94E807AF8CC13F886B78986A5F033678D7A46E
3630	2490262	13A233C07D78ABE1D2A790AA3A0AC20B9C8FC7F85A37CCF2ADECC39E9EF0C8DB
3631	2509584	64C6A37FD1A88F0C3C45D23E1419356A3DE10129F2C02FD2DFC5DDC4674712E4
3632	2514973	47C6B02B6E45FAD7A82D17DBDE6E115E924040EFE52466FA28A6F20DBE56F864
3633	2514993	25AD6C521F6FC6EE424B049EA94382662835683747FF20744105F8D82BBA9617
3634	2514994	62A00136C94A2842A2F7363DC5B4F9DAA0E65778C813ED04A4376F77A1E28541
3635	2515010	FBD07260C54E731A674402573CF37F580D64620532E915905E6AFF85AC610506
3636	2515011	17B7589BE36BA17B1AC69B4E2ADDC39D3DE09A7772E9B7224AD0AB001A56B99C
3637	2515051	2705C1EF320111DFC61B9E1AB9D98D6D07B35A3F6049A3FAA1CD489B6E297A50
3638	2515055	615A810E7F24847F887B8E1C41E1A441BDFC5E5595E146736EFC7D74ED7B121A
3639	2515091	C342705483948B5E8FE007D79B90A28C7FE33BCF1E3909B1EF4EFE8B8D072E73
3640	2515092	C7F0CAF668A5E74598E3FCAF2CC203074B28B95FBFA88F9CA916EBA0F9A5FD0F
3641	2515133	2FF82EDBBF05B0F878E02328C1645DF729FA961A6F29DA935BE00A20D35EF4DC
3642	2518608	4DE7385ADBD79FF446ABD83BE0FB18B3FF7FC7F1F7A2CBAA1C48A68D1098FF61
3643	2520864	AE739544EE2EE1DA2DF7D9C8D8B1BC87CFF4FBB246DF441564C7B2EBAB9BE90E
3644	2550973	750C7E33BF8B32F0A06A354AACE42C843F224EE529EFE710FFDC6F2CB0D2E7F6
3645	2561046	40B1CD78F7912BE0BFA2F4A763B1B6553AC8AD719687D860942BBA09244A5F30
3646	2561050	267F2ED57B6F12003A1795C891532669260BA0D9D3E54E95F1F237E34232549C
3647	2561051	DC9674A2C8E241A4AC20571144200540B9A5B5F5C3AD45B0EE86E94C969991F8
3648	2561090	CA5BD9EAB6B754FFABFC67BED77E2BFE636EA7CB47E86ABE5F4492834F1D444E
3649	2566790	74E22467027E5F117896389F06CF16E3291BACE1653BC3DA2DBCBC808000307D
3650	2616056	98E922E36BB78DCB124CE5D5EA933FBDEB30F2F3606746D51C433EE898D2F253
3651	2617466	8A9641082580ACB0AE0B48F94A4EA85D8D466A8A73EDD155D3A2E6F8F4849DF7
3652	2622613	AE6523D1CAF79DC111E729A3742F31199FD8393E8A54F327A8CC0F1BD4665445
3653	2622626	13A471436F2688B0A006F45414D368AC97CC08685A6758877D5714A7BE7D6B34
3654	2622631	02DD142C483BAA7A090F57A1ADA8701B6408A89C63F56CE441B579348A35E68C
3655	2622632	FB64D24A1C63F1DAC46E4C774A5463FAF8F492E663A7A9C07C365AF3B8F54B53
3656	2622651	610CBCBF45D591B69025A72DC828F1C4F16F00FBA1990839D1FD04FAE6828ACE
3657	2622686	F21EF0F6FAA938620192ADF6D7B83DA6CA90F74CE0AF10F8DB0EB13DA16950A6
3658	2622690	555F85A5C7D11DC0CCAE29D9DAECF465D99D7485FDFB1D50A46BE9D98E3B09DD
3659	2622691	CFCB6761B98D8B081DC71A17C6647E6D1071D70B6B05B70DCF7E0FD27AE8BE5C
3660	2622732	6F460E3E50D98C3C65B7868ABFEEBEFC4A6E9439D09064CD680863941FA377A7
3661	2622776	D5380B0E4D2A122D3D3712AB7A2368E0CA9FCE20D6EC84CECBEF3CCADED23FDF
3662	2628460	E2CD56AC654A2914016B216376B4CDE95FA7FC1023019558D1FD96808C1B8F4C
3663	2699670	E130C95576034DCE6446E3F5E08370C3D86545793AFC68652D600588172D0F9F
3664	2699692	0EDBC400204AE4AC33E7052192FACAC84CC329300DB7225AB15CA197D4E2DC41
3665	2699730	EB4462F68293C634049A2724401DD125AFB8C6A18F9B112EA397540CFC8C4DA9
3666	2699751	8B1FB16E5C47E7A5ED3DC26EA1A4746B9C100154CF33EFF5ACEF2CC20B26FEEC
3667	2699813	EA3E896C2685C70B17BECE693BF3CDCAD72317C2A89D04D81939C06D2A94276E
3668	2699815	5BC1F065AE144A82F8D4BB62D878F1B0A2DAF5DFA173D94F1B7742E0ACAA07FF
3669	2699875	F6EBC31D71F524AE5D805D1C86D4FB47599D74BA0585ACE6966371FF572A33F2
3670	2736421	9CA9D4292AC3E1E635ECFE4040904BDD525AFEE1B7C14AD07EDFE17F723C1E78
3671	2781519	B8B1ED744232C68920A64FAC7B5D09992BFD7188565AA765A66ECBF8A2C8B455
3672	2795054	C36188589E7775F651A9158065E14654844BE0FCB39492C7CC20568F89861C7F
3673	2796014	4AB24ECFAC569EF49F6CC94EC541B119A154C30DB23896409D7064384EBABC67
3674	2796015	A5171445A39E9138156B88DCB759010FCA298B643AE581522664C47D176D6800
3675	2796131	D263397C81291FAD37DD405239FEBA1AA8A075666B6BC0A6DC59AF14C6FB7F92
3676	2806251	C4699963782839A8522F65641E435A678A74F6E196EE1C68401C5FF33329C4A0
3677	2806252	7197EDE43719A107F36642F90F8575C60FC82854F8118D153BF04C72F3CFDAA6
3678	2806287	7863CB2D1ECB4E994DD10A4E405AF1A3258CC37B3315F94B52E31D369E4B60A8
3679	2806290	EE3C78FE5FAAE0981C151F1AB1C108A0AFF017927A21D740339B3EFE2C317CA0
3680	2806329	6994A19B3DDD46944DC39022CF745A17BF3C42112297C8F37E67E05A6BA39444
3681	2806331	5717917FF31C0BC71B51B2DA2450AAFD4A67B42397669A045D1DA8162C78E010
3682	2826651	26C9A9CC08B12D87D7941F8FAD8FEAF40DA857ED42836CADE09099E080C0ABE6
3683	2826652	8E8112D76911A1C6F2FB283D27C4B45502926B81613F403057EF8FD5DADF1E9A
3684	2836813	31D162521B722BEDC036DC8A4854DA384E4B17FBF4A8D432A8E6CC66758B30AE
3685	2836833	F876872EDA3545B70220220E1C3B11A90851D226603073884EA383D68DED0E2E
3686	2836892	15E6231B4EE77920317C4C500D38559DC0303BA84F24C9FBDC0CBC53545D008D
3687	2836931	4CBC1F9413B674A90493545CC4BAFF41CF447EB84F55AF47B01148D7E7F8118D
3688	2836932	98B8F321ED48F30C60F58963A22C93BF8D23328C21B674BD23311C1C3464B81A
3689	2882890	D017FECB4EBA9AC15A7CF366DE38DA149029374A7FA1F09A7A026ADAFA726CA2
3690	2882892	64CBE1ECD51953136A5105036FCAB636343059281585F83908822C461E448EAA
3691	2882907	C9A4A6E04F2509F6E4DA775725390816B50F200AD059B8511037B28560420A57
3692	2882912	D21B0BB25A87C0FF043C29B1D66A888858784A6D360E236354575CFF95BDF69F
3693	2882967	4D8E502DDE68B04EF56AA27F4515245952208DC46EC9CF86D8081D5C373F6586
3694	2882970	159ED6E5C95BC478C1F117B0DD198C5A6C55B90B6E9DE40D18E3FA0E0B746854
3695	2882971	BAD133C1CD25664A7A7DF108FD3CD6FB84B72302ECAE9C316ECE0418AA9BB421
3696	2882972	3B84808F8A61444EF33A10B6029DE08105E2E2898A777BF9B1EE98645A396810
3697	2883017	83EAC153441C3313365121F83692ECF43BA960FE1313B55FF05928F0728258F1
3698	2904349	9606E7CB50B6775309E11FDD547126D196105D2123EDF03665E6B6AFDA05AA7C
3699	2934295	003DFDCCC282F80A23730DCEA6ED387B08F66E9DC8836F5511120F02AF015865
3700	2934336	411CD99AF3AB77038F0AED99925BA7C848C2C515678235EFFD62BF4CB87401C2
3701	2944452	8DA85B0600C8A4ED9B1AD115EA6BA6055AC1671E3E9DB93B43B047018C68EB0D
3702	2944454	42EC35B23D91EE2059576FD3D7B8DC7CE72F8F610914708AC141A475F8E28C6B
3703	2944466	0880FAA987F12FBA95FFF76378462F96ADF37176F5120903828F8096ECAA0EFD
3704	2944467	60997A003302BDC9312A4DE36B254221C264E6BC13F35E73D99FD7FB65DC9055
3705	2944571	F355D526DA8BD71FC67E3ADD2AB7F4FA1A97E52247BA1C3F0DDF31F1595706AE
3706	2958296	1ECF548D8548679ECBF05EB7BAEB3DA46AB215DC623344FAE153E141E307BB2B
3707	3021493	EAA976F801BDEB1440C0FF51DB4AF2561487D84BCAA6F1DD286C597E89740F61
3708	3021496	BC39A3432F866C1C11464D1137D63CB982277B3456919C974E2BA1ADE803675D
3709	3021533	14CB9E5A2419C3A570E25588C0E8C48D0769F467475095BF0F7B0A562DA46A19
3710	3021549	10B273EC89CE14BF81BB61A4ED444E4DB6F4542088AF69A44289C18FD4C69C19
3711	3021551	3EC4411D4F0A4C61FD63EDBB334A15C399313681CE3553DA5A6C378DD501D9AA
3712	3021567	552A08B7F4B370C88231DE3D961821261C4F37797A7A0ADE55A98D89E349718F
3713	3021585	13B2CDACA920BEBBAC948089C76F2643ECD992F249BFAB5242C9A5315D6512EF
3714	3021607	BD6955B1460F6DD2DC7E05B76BF6E16E03E28F9B0A66042D25624EDAAF195F95
3715	3021609	9E7C35FEF562DE19FEA326B43290FE483F131AF3816BEAB9F792D398C4D69DB3
3716	3021656	ADA0C58AB381FE231E6C70EEAAD7CD564446DB0D64056D7E7369DE998A3EEAA7
3717	3021657	CA99720584C82BE0FF0385A39D2B2FB3D8273028EC549D62D27D01DCAF45C073
3718	3021677	D09939C0988FC19B65920A15BAAA8E4266824DF872FAA4FD41E08E4B72109E25
3719	3021709	AEA7EED1EE2F36385EF074DC28A89B6FE1A836D6C06276A5B9063F2C5A83622C
3720	3021716	3756154B94D0F9894C46AD5D12930F7E8E0F7CA74F8D30796B5FEF3FC4C2D6FA
3721	3021717	D63F8BB9ED172F0985A58D6F305008E87BB65742B43D757993A59C8EF1179DF5
3722	3103991	2B7168D4519B7B9EF872011B900C56D854ECE12B5081D44ACC0A7706A9C18C2E
3723	3114006	F212CC6C782E2CD269CB29728A194D56E2295CEDADB496E7AB2A28169E1834E1
3724	3114026	3F57C1D00BDB004542DF94606E1B14648F423424552065213833E8AFC3A80FAF
3725	3114076	A12E45ADC9053AF6C4B610B2C437170039E22D54C0283C63840298A4ABDDBC82
3726	3114091	D6D50B20E7C62A5ED6BC05C5A2780F632DC4ECE994908013C79DA5017618D5F0
3727	3114107	50A1871F36A23F4EE7C71450F54F7AF52EC4BF9A3546CFCBE663734CACD4E662
3728	3114114	1457BD15250FCEB2FCD66D1B969F021758D4CF0DDDBFDA5DEF81E1C6F5CFB06D
3729	3114154	6042B9EED429535391E3FDC355ACF1FDB1D7168BC568FC2A71898909148B4820
3730	3114191	DAE4893ED79B958CF001ECB06102EE2961561BBF444371B4CCA65DF92EE0A715
3731	3114216	7D8458707863E7355CBB013C89397B2E1850F5D3019887CA7124075FAE3DC4A5
3732	3114225	4739519E3489F45CD9F068D0132E9EE4D5083F8FC5458F339E90D8985E49F339
3733	3114231	7ABDB84C7A0C30B1C61D93AE39DAC39747F206FBE377AB39C803710A58CC254C
3734	3114235	969E6664E4BF9FD0F266705D8630CA0C89172B4B3DC1FA7197B038A9E8DA9F9C
3735	3150945	B4A26967B27BFA9E59C64354C3FD1A4106B1EC9470097F36154FAAAFBE7068FF
3736	3211505	2F01082DD079251D24DAD2BD44214BD738F9962A672E1E6295F0F534A6813B11
3737	3211506	A613A463E87349E6A63E54F71991152004652128F0C5DDC2D0D6A4A23DF93641
3738	3211512	AB1A28D580742B4EF5EE1F379F8BC99C44EBCCC1F97539F96B90428B29FA9E7E
3739	3211513	81FC0676B55CF3F2D821EDA2139FC05D3990BC56CCD00B2041CC1418E9235892
3740	3211806	75F3110321B7351741D49DA5EBB3D1E3F6B49446E1A5957F3FBF4A8DC484722A
3741	3211812	4DFBC4A19DE1B167D652AB2DE6AA20A284487B4E6220FBEAE119961B332695D8
3742	3212398	B624CDCA27D467E3C28E1D15439CECD0FCA36FF77AC502F7A851E04B041151CD
3743	3212406	D7F4DD1A534C5DE1B417D26951167FA4C2D2C66B3B44BF9FBCFCF9A2304887C7
3744	3212699	1BC5CCA830E0D442FD6B4ECF29427A6744C44639914A506CA19256F68DF280DD
3745	3212706	B43F72F824B89EBC94D5D44504BB7387154C77DD1EFF7B1545FE35C15F31BA79
3746	3213005	3E752DE6886C73771AB8C429E16238C21E06023934C017DE2F927F85C7A92DA4
3747	3213305	58B06C07F9558272F529118F130D6621F52613E41DE58EDFE319BF2883930F16
3748	3213312	652C9AFE40A66A229302E98EABE0CFE6E86E0B30DCAD1C2DA995CCA560698722
3749	3213605	BDDF71EFD4CCF906B1B701E55A167C1EFC53D86B9E041BE3B80825CE9AE74605
3750	3213612	F38EB983E300D2E2919E5C9FD0974A397C6A9960A2115AF76328475D8BB4517D
3751	3213905	3F7EECB86295F12CB1E2AFA7161A80B4C5B75D13632ACA801F3778A99834A1FD
3752	3213913	1F6C328FE27498760C0613D28470AE21909685FE72DE601A45AE56C2516159CB
3753	3214199	52A6B85ED6FE9D5B9C97125BB044E85E997FF29544BEF0158F6C85EE01830965
3754	3214205	C7CCE3AB30CF51E1CEF1CCD660138C23067374617F6FCB17ADABB7CADCA562F4
3755	3214505	07E529F4D5C9C4D96B4FAF3F827C3E06F57D02C85C32D97DB5FF0AFDCFEFE2E8
3756	3214506	1249632836AF691099B6F6CBE4BB336B7FE13A55FBA9474F20921F14BBE70551
3757	3215885	00A3AB8CFE05DBC50CF3907D2A8090F8E42A27B5F4D862FC82C819ACF67D2511
3758	3215892	AD9F87DB23E7B0B89E1A737401FCB4581E23BB35C1D4D145D344CCC4D4D7484C
3759	3215929	B97D513301F68573BA3219C1024A277225917FC410C735AA1140FB852F8D8874
3760	3215947	ADB7444E27BD15158BD3AF0B49C1BED25DB299469ACFDA903EB2FBBCE2D91548
3761	3215948	1E8CF4D9D6585CC9DBE5F105A792477ADE65AA89C6D9C18A98D6B4EF9BB1F0DD
3762	3216043	795FCCD8108297E8C652E46527E231C23B0B9C6D6247E60A2A39CDFBEDD1921B
3763	3216044	85D2923A5D843D4CB8257D69FDC72A4773266F8AD2EC5A72E2384FC2F56F50F5
3764	3216045	84B95A72491FC25468D2619864D8B130FBDC25455E31E86EED3CD0691F1919A4
3765	3216046	53A16CF62CABE5C36FD66A39B33C54ECA47AA1CABB85C622536417B5BEF64515
3766	3216047	C4DDC2ECA36DDA0EE99C38227FE28D2D4D5B3B68E154C96C223FFDB66A874FA1
3767	3216053	4D08943A6E27D891B09106E3CF6182A1FAC36978804A7F08B2586DBCB3CC7D57
3768	3216054	CBA4169DC4EA2C7B766FF7BB6AEFEFEA89F5C49780E57244D14FFF1AE58F5EF8
3769	3216055	36792852CF76E4AF23F9903EE793D521C964AA34B8DDDECBF7EF9369453F1375
3770	3216056	BD013CB3105EC3953362EA8659320AA5E23616C8CC84A01A708A74F1F24928F2
3771	3216057	DE90E52F96DC9CCB53FC80B7A0C1DB02FAC6FE43CCE3368E230BD3C47DF2A8A4
3772	3216064	CB0CCB11F38D0FAE807DF07C74A53827E6140D4227ECEB87A2E9C2A9D3130EF3
3773	3216088	326B25CC879DE13277C7640D0825FF738E7AF9ABBAF10BC3AD74B9AAD903D57D
3774	3216096	3ADD54D51416AB6740208D764EC2D0CE62A483B62BC9080D480EBED4A08DFD89
3775	3216098	53A3D200CC3E706F08811F614633CD144678632EDA3D52640A05377CBC81428B
3776	3216225	A804B45ABFE246A76BCCBFD9E01DE8F647AFEAD983E78A78296C4DCB68F4CBB3
3777	3216353	E3D29C0258D55FBDDD148A5D3C5263B07863D630E8957E4BED9817624E634CB1
3778	3216355	796C5945D3CC5510308D3ECD294B168FEB9A643EF48986C02B1156338B64BB33
3779	3216357	A9E9F271A30570D2F15BE26738A5F57AFBBA92D3B0856BB3AC85EEBBD8630927
3780	3216372	005C3325AE5F7290BD8150ACBE79BADD2EFED44A45FF5FF1891F70AC2F020AE1
3781	3216390	25AC8D5A040CBCD542C9439DCE24D494E994B897920B2BDE3D44731634FDCBD3
3782	3216485	3F22BCA270EE48F26316D9ED571846DE2F02C890CDBA367D4B826EA41E9C7F44
3783	3216500	ECCEACA3C7B988DB22C50F14CCD692B50419020F80941DE0C3B3F97355EF3E0E
3784	3216510	FF3306F9766BC0662E6F0B98F3567079A54B9DB652DCF8105431A09611CD0976
3785	3216516	951CBC2E57413B71C08AAFD43A0F0F4817EC3AFBA42CD9622D6E525181F9D83A
3786	3216525	723F8BEB2B03FBC5E177D38EC3F5E629DE011EB83C6F3D6241CC52746BFEBBD8
3787	3216529	685E154980D2EA2BE3A8E011B448915932E191B336839A7BF3D12A6B602F30D0
3788	3216544	80FA47E669E1F254B715EE55DFF02DEE9BD2CA90F051E6A2266223F89A141D48
3789	3216548	4667BF99127D516E3472DD769273C58232188456AF8DACC4BD39E924C34683CF
3790	3216568	20B3B4E042FDA86BE505F5794DA1189B876078E1E209AA75416E30A3AE2CFC27
3791	3216643	2C67FA087FCBEB1148BF91D9E1E664D96B90C99B6F297EC884F47440AC7502BF
3792	3216644	24B0C05A1C3C89152D6598D5670AB8613D34B907EE221E42ECDE460A7EC6898B
3793	3216645	BBF04D9A27FA38E8901D62E56B40C0526F733E48B4EE42E8DED4D9B5EA483E14
3794	3216646	E9D74810FF7CD99D153018B6DD0EF936A9499D74C9AEF6AA138A47CDF0775EBF
3795	3216647	92288EEA9A25161DA6DDB31F84C0EF49EFECE5E28CF56F8186FA655127900960
3796	3216653	8C641639C518DE4B23ECC2180E6EDC11A714517FF5D0B25D28419747F0DC66F4
3797	3216654	7DBE6C9D68517EF5EFBE8885DBCF954D240E988C2E8A9EFBC684A5968961EF6E
3798	3216655	57C3AB40785CBEAA13537B377702056F95FF560000A0467F70680F97E0F57C21
3799	3216656	42420D41A5A91A429B1DE8390CA4D95FFAA84C303D539FD273DD3236087F0A85
3800	3216657	EB57FF746BDDF6A78DA0E450CD83B7E42E093D4F047777B06846394B11B0E9EC
3801	3216664	61627233FB00F6D184F03E4AE64629B41B73F4FEFF941E1770C4D0EB001B6F3C
3802	3216666	22C60C12D4F3E8F09C654312F5788AEA9DFFACD65EB4C11DF08DCEB991860C02
3803	3216672	46D3FE45050229B513EB625F4CA813DE22004F16856488D2CAF71C7BBD84E2A7
3804	3216674	F1E37471F8289BE9E676A965D1F464CEC6F647667526E3265599F7AEDF6FA50C
3805	3216690	FE40BD67C2DAE44A6168C99B997E2E182DC34757FDC7FAA487B28EDCFE499B19
3806	3216696	662C40BC171C62931BE8FFFD812B9A6735BBE2A3DE6CD5A277BF45E4C1444776
3807	3216698	0BA6649D21E22FE191235106AA93536610F2524BCB47DEE0957C601BE3DA50BB
3808	3216800	47F1B4A04FA44D50678155E5F4C3D11667D8FFA9B9D34C21599F25997D059428
3809	3216810	02363C4D9253EFBAA108CD0EFA2F463E1D4CCF346C89458FDC8D2998292687FD
3810	3216816	6FEB48DE80D19135B12EE5908C68CBE591AB939DFEF3EBD5A50A07192CB2CEC5
3811	3216844	530CC15C6BB705B7EF77508A7F1ECA844676F63D9D74674ABB7E7A28543F452B
3812	3216868	65294CF0D640DB04DF542409804B115ADD8DDBF56A9AC6450D51605E3D07FF7B
3813	3216897	27609D8F66C1B0216591584611987C4FF11A580D395DAF541AEA5DA98FD49262
3814	3216943	B5C7E9FC11A62444F9537FAC92278FD0618E5F0D4649B5BFC1BF5FB79875FFB6
3815	3216944	3BEC84FA9B7907E833747109A88489BE396254A7D850CDBBD14AA294FA983033
3816	3216945	AFA18D4B52070573721AD168ECA76B1AB3C5C2ACE15FB08C16D2EF6477E900F2
3817	3216946	6D06AE2E8C97AE5A0D363F3A084157F266292C51A85EE523B2995B5C947B5A84
3818	3216947	E475B5090AACEEB61CFD396DEF757CAB07F578FBBB853A9CF788079937F13696
3819	3216953	468FCAAD36AAA5ABAE68797D3C9C887D53EEC659099CB03CAE1918EDAAFC2161
3820	3216954	7FF3F526D49EA6F11A4E5793C6FA72D8F74D0581DA9F9734EE533BFA2B747402
3821	3216955	E0410C15DF336BAEFEF09CA3EA448895E18DF7F8EE3A489B8FF2A326BB3B0991
3822	3216956	B0360DE5F7DA7A54FFDB86FD32BCE72B3819527B5A047CD845203B78A6E160D6
3823	3216957	DAD8E8B2E64E042580AD066679DDDA64AB1654DFAFB42AD29CA8067517046F43
3824	3216966	7023C4B381524EDE29ECECE9830098519FFE203302AD02DF305E9B70BAC7B5FA
3825	3216974	61BE59EC8E647C08DDC5A1891196802F22B7366CBE845BBEE8AFB63863944823
3826	3216988	A1AEC592912B491A76B3F5AB527C2B10F2B4CF93159B60A9CD5FEECCFD8A2D25
3827	3216996	2110942862491612A13B8AA76B89137A9E1A7F82173830F17463434741D7811D
3828	3216998	3B15883D44D44F05B927FC8D9E6D0DA68C4F60BB9EF50CC9694C92EF80680D86
3829	3217243	F845B66DCD90A24A969F3E0B4D954EF1096299F199D539AEC7ECC1E09F1AE4F0
3830	3217244	3E81D3457D6E162EEA210D3FF0002B17FA8E38CA47273B934EC836CC3FB91176
3831	3217254	7D44BDB16E2750E51E9633A674C3193BD80D3DDAC5E6DB8347E2D64F4DA9D017
3832	3217255	33997B603CCADEDFE127C86565B63D05C58D6C19EBE6C9A069E7DB0B6B9C1883
3833	3217256	36353985A7F2A897B080555FD1FBBA2C0E7A2E65D6A428E185A8ADBA2B8466CF
3834	3217257	18F99D11B2CEB0DF6B3BC3DB932DD2226F9B566B9E277B2AB2B7A68C1CD857B1
3835	3217410	61C45896910E85DBA4B8EECDEFDFB3CC127E96B4AD4C72307C9B05D5975DA4FD
3836	3217425	7FAA6654607800E7F10D22F975610ABFFC899A7CEAD17360DD349EDE3D8703E1
3837	3217435	7DB34FC249AF7F62E4D8D524EB5A69E7CEAA54849D049CB1A2B6D3967F57B76C
3838	3217441	2BDDE21895AFE4FC8EE452C47F2D4B02167AF2F141E1D05C8441AC102F665860
3839	3217448	5E5D125282030A33B64B9706275178E05CAC71796A337A2F77DE5F3F77457193
3840	3217472	B92619BE6329219D77BD3863D31FBC1D63E74A68C88CDF8DC95FD09DD5BE0862
3841	3217496	F62D5754B3963DA885D5884E086BDD16AF212C3CDC0AE7A2D62586D1267E7EF2
3842	3217497	62C06207B3DBD8E8AE4A979905471E6D217E2F3500B749D3779261E6AC66CA71
3843	3217543	074FD2318C9446D6E99654A0854273180FECAC813DD21EF330EE518EF3363287
3844	3217544	7D3D5FD532CFA60EBFDA11F2E890B535C7A5B316849118050073721718A2C961
3845	3217545	6A31434EA4CDE701357D0028E5A93A28BD440EA62D2F1D2718BA5D939CD27B25
3846	3217546	E15681FF09BDE5360700BE95877D72479C2A5DD83D76C63B6FBE92F933F4B97A
3847	3217547	3AD987ED3B933656C6DA79B5968A39BACBDC20D694440C965101F949C5AA9646
3848	3217553	A71E82ABB2354E4A7B42BE11B37D7EF9DBFD73D0F4B74C6BF5D7EF1A7C32E809
3849	3217554	410B3AF7409897DAFE530303D7688889F9DE0075810B04DFC3551877289227E4
3850	3217555	75639A8C12C75A9466E31D58D249978CEBF5F00C33591728FEBFCD9E1E70C774
3851	3217557	F5937AEEA9541D71D4A2288404CDC1234CED6536D774E49059A96359876161A6
3852	3217564	06E0DC40F3C9177DBEAFF76061D3A5E6F564882630B65EB89AB3303C926B2F7B
3853	3217566	063095CE768609FC53B51494F4011B9A72536B5F0D43FCF0C37152138CA5DD12
3854	3217572	227F56A2D9B1DDB8F3537D4ABBD14362916C01CEB6A021B79E3F83722C2E1518
3855	3217590	7F8430E2CDAC081E588F35D9AF5490107475AD56554E1C70CD9DA49F7385433F
3856	3217596	8227D63A1DF0B0CA8B1BD7C92BC813353F8F3AE08023DEFBA7F3614D89DDB167
3857	3217692	5D977F8ABE79E390E8749C4E10B3B9F2382EA4EE45C8BDF2D11795F5EC446D5A
3858	3217744	E4AD5C31FCD8996269E92632CB5194D2584CFBF0B407D3AC642F8171B62BF41F
3859	3217843	27C1491352CEB4EB34D5EFD5DAF9638DDFEB614944EE4619FD92EB8FF92E58F9
3860	3217844	7BE745FA76764E2F28657508DEDF96BEA644C429FC4120D9E484D23380A62898
3861	3217845	EAB263730DE099EB2FF352DAF14D889977D677E771B112E69AEC71164C9913ED
3862	3217846	E322084C824B172189812DF4D857197886A0A09C44DD181C0FB4AB4CACD17EBA
3863	3217847	2669A608A0F1C9B1D8CFAE00311A528F83F7729F93356AFC5711A4D25FD89513
3864	3217853	1314C7D76C8E36A17494F279C684CD8B5C75C1A1BF6976F3EEF727DDE74F479E
3865	3217854	C8F7C3CF9036EE6EE8486C4F90FBCEF539C63B32C50F243708F7310C784EFFD8
3866	3217855	4C1270B35A1D2F1C342CBCDF61199891870C857014DCE2FB75849FF5CF8C63EB
3867	3217856	6D491C1DB98F1827752DE8A3B90C193A37B88A1F1E0BB513E2B67B78217A291E
3868	3217857	9F5852B699A7CB3A2A4E9A9FF0CE7ECD2462AA1CEA7FE43DB3815571FBAE21FC
3869	3217864	571697007148A184146E08F7B32372175A657026117FEE98F141E5DADCFCB9FF
3870	3217872	B10522D3F283695F0F54C16E2F68E61E39C91F87ED6D86E0CCE8639D33CD42C4
3871	3217896	8E9BB979927FC7B6C262F9E2245374B2B23BA5245D8962759ECD55725EE9B617
3872	3218010	F329422805B1C3EAAE0819AF8C39CBE48874AB75D62B74214221D421A05D1DC0
3873	3218144	944FF55737A18FD2EF514E9D74E9C2C58252DE29CC6D69534F6BF445F875F091
3874	3218145	0296C4E169383EA9D737B681D2047FFE4AC90787B753B278A92C1992B853459E
3875	3218157	2232B13A94A94A5E2694AEA8080B88AEFA68F1D4DC9C7BE5BC9223A4940C377E
3876	3218292	D286A3DCD75F9734593F107EA5E77209ADC412B9D35D9F20246F863BE32E3773
3877	3218310	585567BDF8F5CC42630E537F0D1825594865438CAAC795341ADB7EC95BAA68B5
3878	3218341	2D099A138F8F206AFD26DFF16E833E6841A2FAC955BB4808CED25BB1D1E64C64
3879	3218348	3784175B24248D64E73020A8B53651E8A7BA9E54573D4AFDCC051BB546A32C2A
3880	3218443	057F90FC6C9E7E6B79629FEDFD126A35D41482E967282C14D1396A47580A1673
3881	3218444	43FE6A9CB44E48F93B19E8EA849A1AC0A72398A389D173AF0C8820D31C732783
3882	3218446	9E74D7DE290A27EC04230B4D63176F901B1FB96F2AE37672D05846AC041F3EBD
3883	3218447	77CDED36A9987AA2B703AA624D780933080830458E7023B3430E9CD7D84E1831
3884	3218453	28450753270ADFA8FE865988A7D1377EE9FDC4A8F867C3BD07FACEDBD05909A0
3885	3218454	D2E835DC48225F5597ED8B461BF2115AE9A5746A49A7024E9CD038111920EC05
3886	3218455	7C1439BAAA9F4B1815A4A4CA1BB653279E64ABB2F5EFFDA343A8DDC246C032C9
3887	3218456	E693A8CF16ABA14FF7ED564642BCBB48B0FAFA3584DDC7A6257907DD7757BAB2
3888	3218457	9942B9BCCD75159A3D5B9A261C3FA06B5DACCDC03E5F76804F3D0F6B43253F78
3889	3218472	9B67577B4DF93FABE6F596B2BEDA1B1A3DE63DE4658D1D346E75603C46F9B637
3890	3218474	4967C3032906AC412DAAC6097DF710A63C389248E8E4A27CD863A48E1C5F4B8F
3891	3218488	14F4048CDB168B1862FEA979FE3A3B48FDB921AFCB00A7C5630AD8912BD69423
3892	3218496	6631EF2207B635E5B4A019766FC8E150FB8BACD90BF760E617939A4DD5D047ED
3893	3218498	419D761BEEA1D6EEA4A76440D6AEE419FC6300B0B71B28E20689D203D5737757
3894	3219423	70F0E8288983239668884C8BEFC5D1E7FBBDF6FF20E205C5294B7DBDE29670A9
3895	3219690	2B79E84CD98C2ABD264ECA1B915AC3042626E57394293EA16C8332AEDB4EB33B
3896	3219696	D7323D20E39244C8BBE8141E55DC74FD76D583FD7EDCB1EC2BBBEC613D239465
3897	3219735	F064077BB38EDF5AAC07F5FC0BE872937D79EEF026473DA949FA12A6E5121D81
3898	3219752	A00005F61715E011DE99631D343104AFB03539FC430199D15A2A183ACCAB2C2C
3899	3219823	9952E793B6D501D3C3AB4464FA8CC32B98695A077A1AFDC57CD77AC725DFDA6A
3900	3219824	049770DEA136546CBE53F672AAD5F10E896A64B02D43D88DCFE2E05CB4F62179
3901	3219825	70A1053B32471786B142A68EB5F6A5DD52E357F3E9D0E5B54ACA9C81C54147C1
3902	3219826	6C46CDC4107240ABCA42465B9305A913141A9025918E5895AC01B4637BCDBC09
3903	3219827	83EAFF1225444862D1D78269B47D42D8CEF039CE3787604FD6E7CEC74D758DA8
3904	3219833	86F1D6EAEE7D6453087D2878C93151513400F5B11EFF9A3AEF8BBD8DD6575376
3905	3219834	721887C570760988180EE156D87778702E423C4100847B486D0698E7D34A03E1
3906	3219835	B0B4BB0FE774BE60BB7DF45DCD53F9263B9D7D1689B63916AB3329F955EECA13
3907	3219836	02948BD89996424B224E96620EEAB0BA6624D44F2FB63E23706CAC23BC1D3E32
3908	3219837	E21A80870B1BB72435095DC173913513D253773A367D41CA7810546C7E137E2D
3909	3219844	D1FFDF10BD7A96D7BE3820EF07296BBF50F58217316E918B7181DD5F55A45685
3910	3219846	9A7C17C72BD7D7D0DBDFFBF9F5F55FD2970DC7E4C54804FA4F67A528C62901A9
3911	3219852	BC18F3E4BC7E6E01411E55FAD7FE3D72C8027DB07C41013A6E0A96373377A840
3912	3219854	7A7EEF98F8A3A457715B7C314F44AB0FA266C91D29460AA6DF1B2D8AA34966DC
3913	3219868	143980AC8F88324550927B9A75B06B7D4B997B6926142BD1303F32A22F61CDE2
3914	3219870	0ABED1DCBC469CE0A2F198FB6C20069B73A39CEC93D10511CACD377709E53FE0
3915	3219876	24BCEB304D3734FD3FE0D32251C8763CF600F7295B60AC7B62EEC5F10DCF58A9
3916	3219965	01B378299C47E8BBD3537C30913FAF8F9FDC75449F45DAB8E296BC8E4E55F6DB
3917	3219990	26EE77B5C4987A66A2B697035759F300BF73EFE377E20A6291FA376F8936192C
3918	3220123	718C620E232A7A176776FF0A8D34B85449B8719BCD94A78D7783F1C09DCA7E20
3919	3220125	9D806324802A00083675785BAC02E60D45392AF281C5096E1AB983045F048797
3920	3220126	FF6EEC753E223018276E43A5A9C07423E7F3DDB2332B057A0D9C07DAFB926588
3921	3220127	6468BE7906E912B99A81648DD0F5986B596BE6A28F6AA98133B57C08E5667E52
3922	3220135	D221F9539E675F8D502D61292A2EE860FBC57DFAFC42612C96FA45D7EA9825CE
3923	3220168	3BA302FFA2EEC99DB8CE61B9E646D4DF4B728C7624C9CDFB3FA57ED6055FECB4
3924	3220170	C8F9DD893C95FCDCE6F2D9C7955A16FB014E5C5EA13F94884FCC5721C6ED7EC4
3925	3220265	69A5A631E035209250306204910ED06ABCDD76617669CA707E182B51ED9F79A7
3926	3220280	062A2AA9AEFBF939C1273F0D4F2F27AB347654F3457019C3E23841C2018314AD
3927	3220290	14F2A57EF57690FCA4086DEAEB774AFFA7CF97F8EB6C728CF2806730511539AE
3928	3220305	6A101A330EF3123145E91DA1D03CA118E14DF01C47AF8D56BCB9915B67CBD67C
3929	3220327	5A1AB8BEEEE0315B4EC808C4DB4E9FEA3DBC21085B53FC0204B5B46FB486932A
3930	3220328	21D56408DEA019CE1C2C2C7D954A08AEC38C95BFA3AD9B244748DDCE5F45DD09
3931	3220348	D17641AACFF0822CF7546B41966A4926422CE2F7251377B93A771C9A62D6DF7C
3932	3220351	E1FDEF6725324C8F3F93491269F5B094E6962AF1C7330E08D2D628FBEAE40EB6
3933	3220372	8F90153B95F074A5DEA1EE38A8AF22733251F7865473411DE5579A1733EB4EAB
3934	3220423	19A1757E564206B43C673587D5DB24C690F3BD004BFDB48D59AFFA588AD227B4
3935	3220424	7A08645985E46D927C30D4C372FBDC46D8405CEDDAC042DBAD0A42CC0A69A45F
3936	3220425	801D2F7C60E579303CDA3444BB4C03694D68755343658AC52F5E231A818D3434
3937	3220426	AC8E12C3BB73785EDFDDCD1EC20A31A8236062DE3F8022010E710AF7FE27AA6A
3938	3220427	1381A30FE3B31A5E343EAF21C29BB57C06C0C55FD1E12A9FEFECD3642F25524D
3939	3220433	B53B76ED9618CAB5D92A8AD377940603BFD650D98CC8B20C06EE890EA2FBEA52
3940	3220434	8E507F5765EB9B84B6CA300223D6E1223308EF6EF86CBB5A70B4163CB9BD10CA
3941	3220435	B679B075D3FAF9B3970B38E8E8530602309518C5F8EF9034756CF02AA7EE2AEC
3942	3220436	31E6759D47BE026F32C2233469A565DB490E33B50BCB79DF43F3C0EFC1DD15C5
3943	3220437	9CEFA657DBE518531D93704EA3C081FA347E9ABAFFABA313BB1D044AC462133B
3944	3220444	DEC2C01A772CA2AFBB4C447379879714795E93398BF96502AC0EBD859C37532C
3945	3220452	5928E4B26C82291FCAE9E69956FAEC6E167F36A2C744B0888A64130CACF43741
3946	3220468	E1DC64C3450CFFA6FDEB809707DA3BD0BF232FBEC363E8CD81258369E7E4F8A0
3947	3220476	1FEAD2608A63F5FC89FB13427D99AB03ADC51EF6BD9A6A7897013D060AACEE5C
3948	3220478	DC1475DF894E7524178E99BB004C2817AB7635157BE06CC7CB8AB0CB14F2AB12
3949	3220590	033270B173C6C6CE855D97AC46C4075FB1D96A87E429AC5A9DC18C5F8E3F8140
3950	3220596	871741F8C93F836CBD17A927CEE94C01CC4B79BF1F882B1A3EF99BD6B6007FC1
3951	3220648	A45E8C7AEBE2C442C07319C1FC5F5D0A5E2A73AA87A0A6F4972502E91F3A969A
3952	3220673	CA6C6210870F70D1D29D0352305C4E071BCE55072FE9E5AD5DF8E1D2D4869619
3953	3220723	443DD542080E21137FB5DD8DD6311259A51F441101DDEAFA901C12C53DA95852
3954	3220724	3E3829B1C3E76A56C4E2F390ACF12EFAC7B1FFDDADDA557BEF0FFD035068D25A
3955	3220725	263E1AED3B97B09B59559D37DF0350214B17B0572FE5A291D5E35F750A0B6B0D
3956	3220726	9FBF48DAD55807EF62B7732DAEB71102B3C1B3B57120C2879D8F18F174BFC2E7
3957	3220727	650A0516C8041B01E5089FB0F7A87C60620EBA0667D19A34B52B60B5CD549DAB
3958	3220733	D954357B2839ED9A7FACD784D912684CA4212083589115672B9C835389F123E2
3959	3220734	79FFFD3BB1008EE3915E78930595D62DF46293EA65F315044AC86A4A40FE14CC
3960	3220735	FFE395B710E43E16FB31391C6E2FF4DABB8AA5B0336DA9AFFAE5A4769533D507
3961	3220736	364E94B7ED9F04BF7A739A0FE55C50FD0D2F6ADF103430BDA4E9601F15EFC4FA
3962	3220737	EBF25A730FD3C944304BEA7724C9584D193AD645110E586F7B1F5D4D4F4747F3
3963	3220744	0053CBA2CBCCA2F918FBB3F64F5C21D8F5353DE5B0E76F8F88BA24A062D0CCCC
3964	3220752	CFE31332683EEC1931986F350FDA350ED97A1C329AE904CDA08F4A48FB192E56
3965	3221023	0BB9454C989A6A1AB2305DFD02CC397A95077A40CC0A05656221E0BC1BE6C733
3966	3221024	BBD4AD9934FC519E431F8F06C219674884FF310A5D60B53269C6B26D8DB77841
3967	3221025	F9F4C0A0870FF8B0FC41EEA3E5B70CC510CB16FB7BD7EAA15E2A1CF7096FC9B4
3968	3221026	B31F15DC8A420F24F373FB58D0F934AA2F998A0383B97218C40E18420CD84C43
3969	3221027	998899C3A3CD54F3F1415F15FBEBB6FB87CD1E012587005EAC4CFD33B8DCF740
3970	3221068	B4C4984AD4D9A06FBF33F36BE3D796E9728B9A8F6F0EFA27FEE9412A426DBDBC
3971	3221165	411A8B7C9942047EEDD44D3744E2524D2FECD7A8D09C9905B370D818244CE4D4
3972	3221181	FB0D7B064BB1DD68D04783DD5AAAD4C7A81C5F6217FBB62AD6BB6650ADAD1885
3973	3221196	96D1BA0255A5814962374FD38E8D61C8F0ACB36BB448D523C4E97E8F3C19F9CE
3974	3221228	322B41DCF7189526E672FDDF391954A75A02F13C33B1AA29B1458FA3A76C092F
3975	3221248	38B96656D531ABBF0F01CE3D310B4B74E1FBB25A137EE05B465AB3B91EDD13A7
3976	3221276	40AF8D4AF809B5FDE8E249C7AC3E925553A197C1E1DAB10096B095AF74CFAF83
3977	3221323	51C056001C63C08B6E63276C046A7157A6D40B6A2D132EDCC341089C72A36B81
3978	3221324	AC5E2625EE4E87017EB757830CB3041B3B6BA50997E84D187E996142EF8B6766
3979	3221325	24D8B98AF9A53F83DDA44FC6B582701B467FB3E2E630F9DECAC3D3E3EFED571F
3980	3221326	F5D674B3F67C9085BD5B85C2D7F368F290877F780BBD1F45E8A0B03810993D98
3981	3221327	CAA69C721F096B6B13611E0B188564976809F84108F9A1ADFF51AF18EB7876EB
3982	3221333	0C15223A64A8677E22BEC5036DAE37E68E025EBA128F2D8E6014DED6BD012C78
3983	3221334	3784D99D4C166D121AE966CAFAC6922F6909BE6577AC6228EE18EA922615AF44
3984	3221335	11DB07887C10C055A4D211131D88CB2BDD4C68461280F70A365FEF0614F5E601
3985	3221336	FE119867EADA3C7252C350E060CB831FF7FB1DADC96DA0CF342F9F3F9A259C4F
3986	3221337	CCCBC1A62BB742FA6E05639EDF2B5589CB325B2A5B214B1E8E5068E60871B321
3987	3221344	3FADEDCACEF64C2B9EF82CB13F7B73388B5B0AA9680701283A816B0873AE2AE8
3988	3221346	DFA392959B6173B2291B9282C660D8B6186B42777E7E00A06CCE28035A5C0CA1
3989	3221352	8965E61B42F1DD3EF5846599A30B8B68F8E8977FFB6B250E702760F465B47593
3990	3221354	F127DEC0D23FF6285540A246B8624CDC53469D9D489855964D72FC08C8500C27
3991	3221358	9D2212EC049392FFCBBA99618E7033F7774F885DF3C4C1D96C8A1752C7F798CB
3992	3221368	2134043774DFD7A68C161C0EBE11A84683D3F9FC57BB255B18B4F61892981735
3993	3221376	659B448AB68CE7A8B79779EF0F830D45361EA5DEBB3553D877B2B74B4217F83A
3994	3221378	03B271F1DF4A7ABA89F7550E8B35B0BD8E788FE5469EB547FD2AADA96F92350A
3995	3221382	6548A62FC84B6E1BB16F43ECC4732B97A8561990F188F29CAA7F1E90E0FB064C
3996	3221902	610E711D0805DD8D0B1F91F5A034E1E93225AE6D7E920FA940B9D56801F87B4E
3997	3222262	C73A0A86289C89364E06DB75596BF1069A7023AFA62CBC16E550CEECD0B44533
3998	3222570	D412F8A1E465A64F08DE847AEE55F4244FE82B3E5B0D01B0B516417E10E20624
3999	3222576	03D5D5939E9260C6FCC23DCE15355C3701D6BFBDDD2A16A89C533EFCFCB0DC8B
4000	3222585	3B97E90A59C94EDC19E680C292758E4D0C90139C6A4E2E52EBACB54B437A221B
4001	3222608	7DAF061E8B8259807911BA4A995B6E5E27A785FFD64E9CFE415BE9CAA2DF6AFB
4002	3222632	72D7EDDCBBF87AF2AB9840544D4F6FDA8D28B47A6F27103A504601F05C24742B
4003	3222656	1C7164E67DE62322882F2FBEE8900DBCFFA1A1E2931431C64797ADAB5952F3D9
4004	3222703	8AD5A5C9D380D23BB0F5232C4A0E7134A5C553AE48BD1886D703EB002FBBF0A6
4005	3222704	48BC528EAB3B2F0DB7B62DAF76E2EF678017012E07B64E4EAC5B5960969D3F3C
4006	3222705	83D76B20877AB001EC89817F4FF58D0A24F4644BFCCBB0B4246F55CC80F92838
4007	3222706	BB69E2ED50B16D6DC848A93A9AA349C63A9731CB8963DCD2CEB41EBC23AF8400
4008	3222707	46340D0C2EB63295FEE957C303D844EA3BC396B9C176FDBF8A49C4D94EDA873D
4009	3222713	2DE015FBEC2603DD2B87821834209345E259F45F81D46C485D74EC9ACD3F7497
4010	3222714	6C22E97E3502B905B784585E287BBEBCF9C2D7BD89C0BB2497019FD4A71D20C2
4011	3222715	12E0072FB442437EF182EDB39A77090BFF1351E67B6BBD8D7057F1A560787CC8
4012	3222716	A4ACE448A54F951F759D2F787093D7A3420BE05DF347DB4324723283B533BAAE
4013	3222717	7ADFC842AA4DE532269C3C7417BFE5638E5E7D11284DF8BBDB1DECB24E355BA6
4014	3222724	343487A2D8559C2AB066749EC1BC2AE857D5D9BE9F62B167CD9D2B64341D7B14
4015	3222732	046EBA35C267C27EBF77A7BAE516534E732DDF4F8C700AE60C7DF9FB33668BA3
4016	3222734	ED12D3D420022C6CDDF44B8FA1931D3BA059B8F4ECDAFB07774CA50479429871
4017	3222750	768101E9B713BFC32153D73782E2D2795D363F16F86BE3EBA52C7570B50E706D
4018	3223003	3F2BF2B032A3835E480C1DB768B4530B4D4A2875315FEF8BB4B043C2ADCFB3D2
4019	3223005	E53B73C99E8BD8256080FCEF94C4EFC53F58D26E55D4230FC4179C2F4FD30370
4020	3223006	B9465763C7897F267A3A418D258515D78678CB15ECB62F13BBD5EC1E23758330
4021	3223007	DFC459DC61C6237E3DC53A2682A64D7C84EA04BA70BA4833608BD2238744F91C
4022	3223013	5F44CB1D0E0FAB34DD0FED4FC98DA71C8649B52435966F563C17B73FFBBDAE0B
4023	3223015	14201442DD83A842BF5F9C60385AF5F89D8B1D7663E2D3554A0CA5A70FA0AAA5
4024	3223032	8BA378301BEE1A17223ED40D82E34E6791E875DCC8F9240469AD45D6D0E16DE8
4025	3223034	6E42653DDA5B143806F6C8FCD1D812358B02C36CB92BE45965C0D824142349EA
4026	3223160	E545416DA6CBE991B27267E6327AE6D7DC44DCBC99AC32AB0667A1BC2EED9462
4027	3223161	24F3C3D6370D69C018901A2BD927EB63726B8AABC29FD26E20F798ADB7CE3075
4028	3223170	35BA3362CFE750FEA507F14944D7EF16A03F6243C21F5CBF2CA4424560B21E74
4029	3223189	3556AB2EC4681958C0C437888ECABEF8FBF8237D82215A08A053E19566952C60
4030	3223256	31AF39A6E5FACA43DE4E441A645BFB7AA669B9745BE9A3966FACC3862E360668
4031	3223303	091E3E75531719E38C5ED4FF7A5ADF24EEA8AE619B6A7D40CFF39D13D070FA61
4032	3223304	913A42BFD750DE91CDC7EA97F1C51D9A514788A7538534411F8941A781EA70B0
4033	3223305	6844E2C75523BE4437E11FF0D44A43055A47CF5BBE970C0FDCB0222D1BE560F9
4034	3223306	3124C0295D79F6DF7E78DA3B7E98B44ECE889F013439F214656EC5CFD08842F7
4035	3223307	081574F76B049BB85AA672C8CA6D0519798618E3BA7B9A6B1BFC9FDB926D860A
4036	3223313	F0A2ECAAB340E6AF731E759F892C7198BDAE22375C7ED0D4AF4367078FCA16DE
4037	3223314	EBB44C42C1BE736F4D21801E62D7B83A58E8AB52D86BE2B4CD58C17CFF13A0A1
4038	3223315	88B8838F22D5C104FDD7B92C07957EBEB5ABC40E6ED36918D3585F885284530B
4039	3223316	DF3475B977F405356B32C292C44865D8FE0C2FBED31629E99C9F5D478CCD635D
4040	3223317	5C78DF5AD42637090EFD07801E7CE4C164BACA609A62553961B773CCC2211088
4041	3223324	9CCA465FC597BF662E8782F1F0CA3B58ECEEA98C094FA853539C2A94D37622F0
4042	3223326	A98D2827D9B3BDE9888DFAC090FFC8DB55D29AEC3A3C2DC34712DFD37D64DCF7
4043	3223332	34D17204420D5489B0D0A57B93F9726EB12914403D887AE1EB041C29D0F3BF44
4044	3223334	ABF5D9C47BA8C10F34FCA64E9B1C278864109F7CD7ADE07EAD748E13BF17FC84
4045	3223350	20E193EDE761414BFAF9BCF34730ED312BFFC8CD5880FEB6752BFFD9B55EEA1D
4046	3223356	202DB6424725C1068C0F33C6A1AD07A5646B72433FB5A999FFCBB89839F10A9B
4047	3225035	F3360E9C871B5DC7198B09F63FEA3A8E6CA4675D91317D6019ECDD92E9176B3A
4048	3226152	8FB6565504C67C545B4232C14388943B9C6D785B923DD45CE3529E64DF498769
4049	3226176	3022B733CEE87859A5058A436763A615E8148A198FEF5C02023A19DD10F5B8A6
4050	3226185	B45C91FC0B8EFB7A9631066BCDE333385296773F794A4E1F7D2D279B32CBF799
4051	3226189	822D6719CA7DE804DEE64649696D05D8BF0A20C7FEE99CB7B6E1705FFADF9919
4052	3226204	DFF11344E31AB6B9F8BD0DF53A445A288F8770CDBDC4EEBCAEAD548102631612
4053	3226208	F1523AF417B10E1A190532B83AC8614A7D1BC0FD8E90061A42A0F7BD3EB4C842
4054	3226303	35BD27BF8E7BC50DF3CBE28D510920A32CDB8341269BCD75DD860FC30922886F
4055	3226304	D21009CCB2416434E04ED842616489CD5CF67F3EA07F500E11868A318E4CD482
4056	3226305	9D0C0079AC750149E6A72DC6FAF86F9DA93898FEE26B99F7F0876B0328161C8C
4057	3226306	95A65F2D749A1DB20680231D90B524B93624118B13D4F651E82191D587E2EDE1
4058	3226307	6A92A1BCF1552F85F070A14E2539E77B5ECE7FACB8B074D8399EBFA481D328A1
4059	3226313	1BF5073A479377E341DCE4D862A27B43FC534DCB77A09731A22E3D916B7B0DDA
4060	3226314	E29CC5F87FD6DD34B31B578E243C6FF687E2839E277F9947CC316A33F2EB8800
4061	3226315	331D40AEF2A3E7C8F523EF8E46150FDF6E0D0A8B8AB5DF29802F3510B3F00E9A
4062	3226316	BFFBD66300A60DF320D56A20063E7ABBE831C92649F6F4FAF61B012D1668406D
4063	3226317	99A6BFAFBC19A4338A7384209F171164C4D26CC5CB0DA5B16449E0BD7B18DEFC
4064	3226326	7E418D6DC05EE1C71077514338705074E2E34D65D1A6F1FAC11526BC60727721
4065	3226334	A538CA0BB11B0040F19D41260B588DC040A761BA65FF1BA2ED62A42E5978AB3D
4066	3226348	4C1AC80D116238DDFF0DCD573D1679FD4EB0F8CE289015E709FD5A932782B5F6
4067	3226356	BDD54F1A2085BB9C97EEC439D9064290752B618EB1D0CEE079E8BFEDADBCBBA4
4068	3226358	16580C716FECBF59DE4CABB9C40E1ADE427A30C79D04E1912A4AABE6463FDD4A
4069	3226445	1E89FAB0CFD0A0A58E683F47F46E9F1CB7AC940B52AD6013EE667FB38E0D53B8
4070	3226452	659F3E122CFE74183A7DE91CD919989F88FABE841A268488C5333CBE6D913E8B
4071	3226476	2C92D4650D4C602F53B167DEA8AB56E4BEE9230FF132BAD11F6E1F356366AAC3
4072	3226604	1892CED3785A25BAE707C7CC76F4437C2C0B7A3F6D8847C77C10017C7483AFD2
4073	3226613	91E8009C44574DDB3FE2F52631E7DFE4792425D64DA09DAB11F8E9042834EACF
4074	3226615	488DD57C3EB6F45674FB6A56B301D93FBDE1C6922DE428C3DA47566F6D9CC8B3
4075	3226616	85EBD72262CE5F28D8B3D810919DD968072734F4DE878DAC6A1681389F72635D
4076	3226658	8C27AC5D1C2DC1EDCB311291052AB4D45B52886B4EFF6C23EEABD30B89976B08
4077	3226752	1989F1F508F1EC6B35FECDD0C7748701C1FE714828B07FB725083E3807068847
4078	3226770	4D5AA64B0F14002C2BB8188D73FDB2AB58D1854A7C3C3A0B2D7A23873BF21AFD
4079	3226776	218C604823BE683029C9563C42511A90B0C85CAD964F7D31DE05FC1BE927C3B6
4080	3226801	9029C593C39AB6871E3E3E61292A78E5180E3610112F7BB5F4ED20D327A5A106
4081	3226804	C0C9D407F877E34BC8433665FBA772D924490436C1D4092CFC30906C7F942A13
4082	3226820	0370F8A16A49E35DBF7259E3B291698706A24685510C5C54F1DD7357D7FA963D
4083	3226832	239E1DA3C440C7571C3EC38B17707FA2C5E836C229FD5851DCFF118DF59BC534
4084	3226853	6F85BDB911782189B0FCEB69494939AF8C3E0AB6CB5A5B420A880D553F5F8B7D
4085	3226903	081A92AE6343E89322A19A42CA33891E9162D3E733ACECFCD02901D2CF0825F8
4086	3226904	05F630A6D1A035DDF5D72F729500BD24FBBF82B05C4A3A72E463E2651448F8F6
4087	3226905	E73A282F9EB882BC5E6DD63E902F72DF45EF08F3CFBFD1D9154FA6C45056AA26
4088	3226906	46A9F16279F8027D4FBA048F2C85C21E6078C487A648FDA44D09C7ED377BB89B
4089	3226907	DD5ADD9472A98628F7CAF9F5E8D56D3B20D9CB5A434B4A84180E9C21D044FBF2
4090	3226913	D0900836DF703040EFA6D4AD1D5848CC44892A65D134C465C7C6C5B3E3837824
4091	3226914	69AEF50DF1EBE84CA875564E2C2364FF324B10125CD6AF4D8D10EB8AC086DAF2
4092	3226915	3E0F853D696FFECAEB2998414C10C0C2CF9B8B4E784554EF6CD220C7B50EC6C8
4093	3226916	E0924515E7520E2086EB81A8719195E5AABBBD8A7811F2E96E30CB95CDD8EC97
4094	3226917	76BA87D977DA8C51DB4EC86B1ECFFB37816E1D6F7B82BA410558C0A729021E77
4095	3226924	774DEC20933FE74A1264AC578CC0FFB0AAA7DBE64C4A89B0E9EAD413C3D1959A
4096	3226948	2FC72E3890E4D014E75298AD482F613F9590EA7BE094220EFD32E8E6B365F213
4097	3226950	7D7DC3ABC74918F50A8DB62CEF3B0FC2FCB2CDB88DC92BA687C9C9FA3BBEB1BE
4098	3226958	B21517F7F74883F395E0F3F39D9C49F2C35A84AFB96E330EEAC2B450D89E76E1
4099	3227052	C2D2F63D26EF763CEF8D197311C8C52D10C14ACED90227753756CF31E4924846
4100	3227070	18AA29D3E3B476937A7210F115E7D61A96E59844760A58908600E81AC6428CAA
4101	3227203	ED246DA5BA20CCBBF12E9D476AEEF26807935F59B7569D47005E31E114CDD2AD
4102	3227204	F3758306FA91AF657EE724C90E6D78B8D6F94904FA2E3C7BB902C8069401BFEA
4103	3227205	42834FBE48A6EC83C5BAFACE01E9C5464B135715FFE5B1FB0A24E4272332AA7B
4104	3227206	778A26E7D062764441BF002D3A446DEFFB9D11CDE4688618D4CC43CE5A13D8A5
4105	3227207	E36D440A163D10C682D72670D50DC4AF87DFD1CA36736BD084CDE4965661E734
4106	3227213	C5A4885DC5111343970657A4366EBC900996A61FD6B82CDD5BF80EC70A883BE5
4107	3227214	0AA88ED1E3BD0F730940CBA0E3D908B398E27A6E2E87D50A1F69C342E2803BC1
4108	3227215	8127B7716B9B848144460257797E301EC419DADAED1B7BF8136097689D296E8A
4109	3227216	70FD60763D7F73892E990B413D92BB4BB5578770A41A8A75CC17C656BA337524
4110	3227217	D4CEE1E57E399D13ACCFFDAC90CFC815457C3A3773A5BC19E1D777FC58981D90
4111	3227232	C5FED7C4E856A5E70401ADA080D4369D09CADA618DA9CCAE3E26E1DAA0DEC797
4112	3227238	3A9665671FE92C4413536479C35A16ED16363357A26E9603CC9766EEDE9D7BE5
4113	3227248	43DFCCBC9AE0564A94ADFE677CC526CDF7FBF0375C89CCE44A80613183FAC7FA
4114	3227256	299F1CB40A992A6D45C33E21ED211A64EBADCA2ADC34D095CA2A865F2E796398
4115	3227360	59C7BC4A3B86EC78055B8A213C1B52BFB01E2540C0A86F98BC5A282A1407ECBD
4116	3227370	C281D62A4944A264661CBDEDA3D9AA8DD98C00C0593A6606E96E89CA6132750D
4117	3227376	B8B94100A23605C4C4BC4C294C37000D32802CE4CE28744C0C7779754D29FD57
4118	3227504	85912839D3640D4D3A144A75AB172888B16CFF676E7FA74BCC6C653ECD1BC461
4119	3227513	284AF912998FEDFB2DC90861ED833D851ED1332DF989D6B84DD2CBB6F096874C
4120	3227514	F612B03AE8108E785C9B0A7DEF170E71ECE64AE27CD4EEAE4A09293589A26E79
4121	3227515	568DD203AA6E0897654932F5416364990A38ECB77801482B8BDCB6E87202602E
4122	3227516	8E5D3D36FD7BA8D276ACF8553C25A1332044AE51FC438ABE9C9130D8D97A43DC
4123	3227517	1266EB34F352A9D4217268010990AC85E4ED35099025A710B30BFF8CD22CC48D
4124	3227524	5B084266D019500F57BBF6BBB8388B0D4DB2A9197D33FF221CAD50E9EE608884
4125	3227548	22013C214C4A7A0EF21FFD10ED5591AD1CE41BDEABD275F1E261FB22D59BC004
4126	3227652	ED5D18472FE96B941547FC033A5436A7D190ED17A3AFCF96D6ECB2C8AADFF38F
4127	3227661	CD12AAEE4E1346B5668D9684EC605F6C8D63F39C9ED2BC2D0381B51998E07756
4128	3227670	B601FB53089A1047C22C4B750137C7FCDAAED5364382DC8975732F846301E346
4129	3227676	D13FC6D799A5309C3267926778F010860A8720DCC5A2D3B955B7C4AEAFEABF27
4130	3227684	88F167EAFE95F651F88B798096E52499AB9898DCCE885067C054691EE0A8ED15
4131	3227685	9465F1A46D025F5C01BC79D4CEE3F7575416B139DCC54F00845471034EDD9FB9
4132	3227704	941D1BC7E50D0E04B9D850DC87B31E4880BE59F6DBD9B25433E52893E4934FA3
4133	3227708	FDCA2CE8B2D57A95C0613F63284F361FA9A64424070BDD61FC56C601131FFBC3
4134	3227715	2D2F8BED0EA1B0AE919AD3B0AACD73C9CF6FAC6DB3769946C1EE4C5BC0AB6CFB
4135	3227728	CD379D6A71785C9C2668BF9EDBD940727CD18463441717D116B07780C5B42B55
4136	3227732	54F6648EFE79223F4BFF86D9619D850FD0879FAC94AF3A2F8FBD512E4146B06D
4137	3227803	4D2A78554946E70F538D9415F8461072279C864B61F5F119553C50E370D21DB8
4138	3227804	4CCE8E2B748A4FE75D5F76E23E648249B9E9E6DA388A8808D64F50C432E309B5
4139	3227805	5FA7C2084544FC5CC9A6C2E29F891014414454D39DCC38412679B189D9F53BA2
4140	3227806	74E2D2F1D7D0BE8242148734585E7619460548882C2C848D8B6C93AA8040A390
4141	3227807	F53FE5B48268858CECB6397031715A89436120A388B45A1DAB36B75590F43CED
4142	3227813	43DC0D0E3B02D61376F0B48C292C339C39B8D81530A6E10F731EBA5FE55A5BC1
4143	3227814	6597C31B38394E962CF3A7F274E519C0F932B5DB46CA72482D3881DE2075B8DF
4144	3227815	5E7B7FE5815E067397A019A83EA954DD92F39A586AFF006A332D83420634D5B9
4145	3227816	029E2A8B8950FC3CE3BDBE1B28448F028ED853EFE9EF83FBF89FA7BF3475D842
4146	3227817	CB339C5A7875E928069B9BF6B072DAC21C9238BCE3FA9DC6D4F50F237C8EC2E4
4147	3227824	466DF58EA6F8D1F1122DE9FE15EBA3FDE3FE1B720C20030145F70793C4DC5FB5
4148	3227826	D48AF776117BAD61B51B3BEB0B29AFA787BDBAF8A0B0691AD19FC66F32081D51
4149	3227832	C7CCC4100B7D400DDD39996175297264BA3E59FECF7727269A16B16383E8AF15
4150	3227834	FC613EA032D16A4B0250A69AED0F0893E4ECA484CA9AD5A42BA1A7EDFD9F832A
4151	3227848	D4E62C4397D344D8440A3B6E28AEF94DAF95CE72408E549BCA45881F553047B6
4152	3227850	B2392CAA90F4B43F07F473DCF9128F2A28EC46B1F35CFC4DAC363025BC9C0626
4153	3227856	F4E10FA6D23D44E2F9EB90AFDA9FA5AFAAA05F143890C69C81DF935AB90450A6
4154	3227970	EA65C9F8A2DD28D982002277B76511F8A58FA9BB2F36AB8246232188BE752BD9
4155	3227976	7766387A85A525E8FDD9E083254582F48DC0ECA1388748856B37BE6220904AF9
4156	3228004	56A17CAB137005419A855D62A9B63A0B5DC4F964A9ED9B0BE1BB0F713034DFF0
4157	3228008	F634585C1DE22837AA260A2FB5C442E48F643F6B3A0F484B25B396E49DC5A3A7
4158	3228032	0B85E10EAB474066560D905A02CD27D46FE19FB103D35956BD54F847CA4EFEAC
4159	3228103	3C3CA9400142396113A552FA90745A958939E5CCA612093368D5DDE5F7C0CA01
4160	3228104	FD6ABEA6C7F752DCD582287F3280DC2B00AD9201EFF3C9464F0532B725C71248
4161	3228105	E905F96EEB072338DFE0F517DB1C67817A289C10FD793B4BCDE368371092F8A5
4162	3228106	01827064DA75762FD27C43AACB009E71DAAA64236832D5B58335B00A7A86825F
4163	3228107	BDD6E1A13C3023FC40C223D25500A2A88F458387B003233A725050F710592C75
4164	3228113	542762149EAA5CBBDFEE79AD7854E8DCF48CCA1DFE5486F3F37675507B1DA979
4165	3228114	3FAA8D4C37B688549A18B937A4574134156A88FD8B902B583DA2FA1BA9912143
4166	3228115	1A73A747928465A0E5FBB4D69F19E3133DEBDF710D221535D5BE4B66FA5D68F3
4167	3228116	A04CABE4AB78B88EEAD2DAE8CE32CC5ECBD3DC93FAF51FCF959D9665A6AFF360
4168	3228117	B09B7D5AC9C40A239C0168843C8021F74F58265B9491A719998229B7883F4BA8
4169	3228134	3D10A061E0CFBEAC10132B4E9E8DA0B9BBE3E1A1C3A1F2038B8FC97A7FBF6271
4170	3228148	C0498FF65FF8A8D7AC81E926F5D1F7DB74A58D691C185EA21F6C3F22343C5D8C
4171	3228156	905C2F779A49726392BFF689E8CC0D13B5EB795D919B635DE7BB86EC00C24367
4172	3228158	D19A73CA560F073FB2F28C36BAB9158CDDCCB273A5432F091AB70A32387A183E
4173	3228245	DB2DFB4F651495221910B9DA8E3D33743305DD6AE4E1B2FFD181778B9236E29C
4174	3228406	18DDEFC4950F223F410AAD982789DBF7326D5AFD081BFE6043E906E5EB1D3E1E
4175	3228545	A5B678A195C82BCE04C69926592C0E976C5E77C54FC0B298DEB9E6BB8B16B086
4176	3228552	819608A116D95653B44ED7C6BEE13DBAD246C42196AAA66F72E6C985D5050F0C
4177	3228560	E8770FD2F9D2C51AFD4EAEF2A9AF837AC5E6032922EBA0D92C211924CA64A762
4178	3228561	AFC9C90801E4733FABEFA12C878019D1003CB1AF753F710099FCF27B029880D3
4179	3228570	DA409B67CD40AAC74BBFD7887A8E2016008A22CB328D9ECCFD8A527FD86D1E57
4180	3228576	46730BEAEB5F0C4C3AC29F4E3712AB4217ADC5684269541C9D9AF5D2502AA03B
4181	3228584	A11B4ECDACFC4FF13F7501859566FF965097FFE114AED3BC36695DC6917C3A2C
4182	3228608	828517992ECA02111865608358EBE846D988B3E00D19616D3B5711F9257DE4AF
4183	3228628	557AE99AB3910A9ECD1EDC44A6759F23DF39AB95E9BF573154C75AF32611DFFA
4184	3228703	AA92D8BAC3AF5F2386988610F6D27F9EE9BB04FD9DD28E526EFC7A590ECBBEDC
4185	3228704	DF5344F8796C0289F9C4FECA30CB693F75C689B286F7685D4786904D07522429
4186	3228705	AD8360A768D10510FFFE2F69AB6BC27349379C948C7753AC93512ED8A58482C6
4187	3228706	23817F155916C0B2FA5B0CB5A136061A846A5FD333686482E82FCFE82FE3245C
4188	3228707	E9014C4D4093A965DE165F9307FB418CF3C2A48F8D8AFD23B16E79C1EC3C2553
4189	3228713	78EA40B462CB964F45C884E9ACCDD9B0A97D6F3F18C25C8BEC7597C193D5C7FD
4190	3228714	BC802E292C9A9F898E769F50084C1F12A8771ABDAC15231EC2FB7B777D253DE7
4191	3228715	0E0E0C9464C4E24FCBBF24E465C1ECD4356AA7A5B12CAA62A50A8E89E956A5BA
4192	3228716	0CF550CAC97434471420A30B0A1ABF479703CBA24010FFCE2BDB6E7E1514BB68
4193	3228717	DB66136F926AAC4CBD931E63313A1C946ABE2BB76A4DCF644FEB5A56AEEEA27D
4194	3228726	562210F4A71ED99A762EF788C99D7595227594CD0E66146CF8F14DC735724D65
4195	3228732	D1EDFBD9A3E2D54C476E0234285A48E47065E3954631BFE476FEC9E34B09291F
4196	3228734	E20F74A01465C9AC86C437276B7DB726894C5F3E6A23B42D1FCDC3DC8FDD2845
4197	3228750	7819A8164146AEDFB0533CC65E51EF453CD5FBEAAD0A4CDBE9571F30DB1D56BC
4198	3228756	88D8FB524758A02C71BE091D2292A45470871A479CE5D4CC528E707A2FC09027
4199	3228758	8E43CC002BB5CF8874295225931C2ED9C278555BEB5A26FBE8EDD2E2047A8B6E
4200	3229932	BC83D469D4F0FB36F3F455529E7CADB9B17A20E686935F55F3C100AFABAF13AF
4201	3229988	71B66DEC880399E423AE854CB9AEE323F2FF57E40EE41F67318D470C99460668
4202	3230000	4FA6D36E941C79EE8640214FFF58E751429300C33FE3F1349145F6A5DD2B5208
4203	3230008	A3BD454C76C90ACEDE210D761AD0BE046E76ECA850D65281761362372B2BB9EA
4204	3230083	CE9B838360C6A17E9599F05EFCA9FCE64172D70EC10DA586D768AB45EB47920E
4205	3230084	5A4A32B2AA1FFBE6D26D38BBAC286066EA008625E3D4A5A262CFE6C81E087D6B
4206	3230085	7017003AE069D1D78EBAA9354AB86C633FA4BD1A35F12ECCF63E88B6ACB68B69
4207	3230086	3A5705358195753921C81871494D0312DA750EFC2B4EA59EA7209019F3EC866E
4208	3230087	D8BDE581634AFA5D73561AB9155FD592066EF6FF2183BDD184187D9E4725EA9E
4209	3230093	0495F57755CDEE827717E5D25869979E231A09C2D30E2C838E1AA7D00408F0B4
4210	3230094	461E1FEFF62DBB596A7D61D5FA8C80F52C9A8A6AD79021332836013657157893
4211	3230095	CC5596A984DDCDE51E4ACEEE52D38D5BC0A968A30410CAD0A7E3691705A66567
4212	3230096	DF6E8C7FCE71B0B7ABC0F4DBEADDF93289DC192A9E1488A640CA7F90CA950119
4213	3230097	B730F0EEFC46EF634E802BD2DD1CBAB5AC22646849C9697CBABD7F1A32ED5C50
4214	3230104	55BAA61EFBD818E559DD0C9AA1D3373D318BA59AFC52FDDAD0C2EDBB0DAB2530
4215	3230112	0F2E1F68AE37992D8F4373C5E92AF77B3DF0BAA5EC04B91627C367E350C8070B
4216	3230128	AB7944350E195F17C55CB12E185FE978EF5D578D3EF2EE7F4C56BC9797BA30CF
4217	3230130	92E32985BAD799712168374AA31751D3E707BB47E89FFEE067DBBA9EFF131B82
4218	3230136	66A14B28548EA3D638BC217957230E25CDC4DBE6F7F49CAD1CAD410D4DA66B28
4219	3230138	222E8C2C8930993709D93C8472D4FF183DF5C971C33E08DE39277404ACE2D321
4220	3230240	41581308D6C9E77B1F7535F7A0A6FC36C465C4EDBB1615E70A3FC7B68A9E8C89
4221	3230250	444B58E07E472A7F6A9627D7A37E1427481C70EDE1A4B9319BE4320A0228DACD
4222	3230385	1F8C97987E30A034BD4426311DB97E7772F8C367B56AD9CD7AE5BC26B92DE15B
4223	3230387	0C2438AE164CF880225E7CFBCDD88438FE085B454BC81735CAF5E56F95F62DBE
4224	3230395	42CA8C8E7C2C86EE9E12118C45E3BA54716A3558CB72547750D0F00F1815D61A
4225	3230404	12912B73DED75AA74A932CBEF83712B1F3B6C43B81CE964A33B021C825DD4219
4226	3230428	78E97DFC56247B98B8520E338D00715FE5778C9B60C29F4FD01DCDC243FB7E1B
4227	3230430	3C9D87DB7BC95AE207F57EEB8EFABF76D61E6D537C977435847A502EF25216CC
4228	3230525	2E8A90951B79898B415027940FCA38BF4F29F360AE9DED9267CEA7287A770F67
4229	3230532	F66DA48C18C272D60FC49958A5131483E9F8485D08DFD155BA98DC83564AFF12
4230	3230540	48FB6E4319A384043BEA4720008A4DD67869EF94302FBA2D3A779E10FF2286F0
4231	3230541	CA38F4130501F3C036BEEA1DF7314DF35CD4F51EF5CA4E1EF2F255F49D0A8969
4232	3230550	5C4729D87A61D15DB37C3AC965EC7E1D46F6D9571FF29C9F221B540879CCEBD3
4233	3230556	529CFE2948AEA2B61589A9852E7C138D533DE8D9366F3F91CEE70D31DD457739
4234	3230564	5CAD1DCE00E60D02BE632647CECB35E54D9663D42C034E3ED105AB8B455148CE
4235	3230565	1AD1DCAF4F9E2190FD1AE2957331EB693C634B096E685BA0427A517E666D737E
4236	3230569	84D03C0CFB331EC7AF27B44ADD91B96449507F7E5A038FFF123A83D0D8CA63C1
4237	3230581	33BC1F86366CB2371B4B426E7AC211C906C86D13FCF695AC1C60A2984F3DE0E7
4238	3230584	6AD30379AA276388808975ACB833A974198221A631E8D0A85E8D67AD5F2760EA
4239	3230588	2CCCE73AC805EAF41732F43042741B2FFC4CF8EA0D5AFAC153D86F31E4359E5C
4240	3230612	94FBCCAD066890628880F34A189FE9E9EC8204E629019B4AF1CF2CBB304DBB2E
4241	3230636	D9B64FD3E9992738F076336118A68C3F7B0CBB51BF7D45E4630AD9D0D5E058D7
4242	3230683	D670D0FD01C6C2E2C3992D83282066544430AE66AE641A1513A32F5E1E8F3CE8
4243	3230684	44857FA609592E062E4B727C67D747B2E7E071D8AED6FFF24857557471C84F59
4244	3230685	A7E3F5E3D42DF0E83BB0C673FDA693F593706137EDB20DF45B1BEF47EF5A22B1
4245	3230686	7B9AE2B29B5D90AB2D6FB5F1A04BD65139369847311A8F508439D3D85F3761AF
4246	3230687	39455F24B50BE5DECA742778D1726EEABEAFCB2BAA9E93194A747D0CF2C874CF
4247	3230693	211B0A15CEB6C5958CD4DD04034AB5894EC0F0BAEB0D3684FF8A9785E86303E9
4248	3230694	ADD993C017511B3EFE0F49493242A9A2BC380629A8AEEDB406F65869D21A80B4
4249	3230695	B053FB58518455EA07999E21FDAC923E93B2764B90BFAE93BB3E64611570EE4C
4250	3230696	EE23D364ADF8F4E10AB5E3BDCC0F04C8DB59EB3CD7E38F48034CB1A6A62E0635
4251	3230697	5E1F72F5476BE6896265B42986A142220832D793D4BCB0B69F0054790B066868
4252	3230704	CF86D1833E805197E6E3DBAC681F12848967FB4D512A5779D1727045F56FF398
4253	3230706	7FAA814E0379A1B4CC7F3A396E879746F104A0ECBF37F5DF1CDF8A66307748AD
4254	3230712	28FBCB59CD29810230D0860BF31EA84DE5C3F652BE6F6ECE1EDCA9A67EDAB12F
4255	3230714	9D93A7D8FF4E984B535A28DB80933B4D604041E9A6667926B1EC3BAD197EE3E4
4256	3230736	BB6065CF831F721D6B3461B8DD4B6F3FBAC9BADE13107571B987BB4AEE10316C
4257	3230832	48A4E96261BEFD960F393FB1AF62E7380C09B710498B4A9C4CF32FB29B6A71C2
4258	3230850	D2593BBF7FAA7871F8F511B8467C4E4618781F28BAED2CDC8299A8FED61420CF
4259	3230856	B7B38E98E6D190CB41EC7F4E30B95E9261144CF23E62AD2779D3AE450389E7C7
4260	3230864	6839235754AAC885CE97AF51C548062BDC1F98E7C1792FCF887B81455EFC7A8F
4261	3230865	B79E037CC4727B46612D7163BD0298B94BB784F9773EC78658D6FC9E5E462DF1
4262	3230884	9F7ACF15F33335AF61248AE197FF87322C1A12CAF87CF010147A35B77427C5A6
4263	3230888	6E75A751325469F24B617ABA3B668DB35DFD1B881764FA772A64FD3A4B392348
4264	3230933	8D627740A79D8EC4B3BB3536A6394AD8E89B9658AA25F80B9CBAFBEC017116BC
4265	3230983	BD657B32E4F0A72AF2A98EE33E5193ABCEB1BF834E0943605105E47D217E0317
4266	3230984	78ECD453644E123353EE0B464C9D7E1B21ABDF061646D21B59AF1C5A82D7622A
4267	3230985	9AE2E49D1DA8302CF8847C6F1E6E629089148D8D5892ECAEB58DDD8618B22AF5
4268	3230986	B83FAEA9D98B806551E5AC88E8C7FE4DBD6319C3ADF70AAD9977D65F3A7A4963
4269	3230987	76477ACBA0D6B894D9C89766DA90B0CF0DCAE57164AF8423EEC529C1FA382EDD
4270	3230993	1DD1C4A4FA834769925961485EF9A9C66FD881EDE38528415C2AC4B3FB77537E
4271	3230994	8DEABBCB0CFC4D2B97BB6E71B93CF101E470D892EF4B9BE216D561BA90FDA0DE
4272	3230995	A2D4701B538947A8901F0783240831A76B95965FBCE21349C8AA73809C12AB09
4273	3230996	907A46277E231A6E2F046C00620D4CE6A35E252DA7F4B9694FE0057167515ECC
4274	3230997	B7D30874A4E93A46AFF4FA4EAC1D401697E746BC1DC672DEF7ECB5A2177D12C9
4275	3231004	E85781852A4D4DD9D9EE252073B20889D8CDBDC5FF4AF4EE873B298FC85CC705
4276	3231012	6F9187E72C4AEE26AE172670F46FA3C28ED53B7F5B8F0EC7E6247F440F1B342A
4277	3231014	F7902C6180EE88194A43198F594B4CBE318AF5F4BB0590949037AE83247C81FE
4278	3231028	AB8F44E47E0C345EDB169CD0E61C8C5F372645CC46F661921345D912D8BB5224
4279	3231030	8BC1C84B3E3816F1BC7C06DEC0D74E12E31B4DED7DD05C71BD27C6E940264DD6
4280	3231036	2933FA0EA99C1B341005F4D08783649827A97C873589FEF8A408A24A034E8888
4281	3231038	949D5D0C80467CEE7A39B913F5493A92417D1AD7E71679C57A148C23A46C8863
4282	3231125	9090AE3D2AE5DE57EB0C4B1F237A61E04BE4F2554BE248B23FF36DDCE46274B5
4283	3231141	69D547EB16343A0905648DD90B89A7CA54A3206E4B062C026A2B409A962E3430
4284	3231164	C3454678A59681FCD6669F03456BF150A856E9701E45971E2CEBC5B249C5A608
4285	3231283	DF933660ED10C892DE81A289562A2E613F1B9A341C60B7F6082A4F34EDE201E8
4286	3231284	EEF923D603A26CDC9C38F6244C0647DC8F8C05380D0D3C49A0A7FBF6D58A0810
4287	3231286	F7C802A88A76A056C2512601E715BC93418CE878C83EDBB53130C5E82C9E901C
4288	3231287	D02F81D0B2C6CBC8A1AEDDA279AFD03BC86369A1EC56123DCD989D59D3E04031
4289	3231304	7B74DF8A2D1614EDB971BCE0734BCF56F5774CEB196B31D26D1387F8B0C31CBA
4290	3231425	F4EE66DA0E58D7459C106C9EEFE257EB6047B44A4EE7A3FA34C1BE6130BAB41E
4291	3231432	6A991738F32A88345A5C5A6E8A9C95E3600E43F4CC08580867BB401FE38F4F07
4292	3231456	02ACAB3E22FF58CFEAA4EA3CFDA919EBA2C68E662A5BED8AB57157EFFD62D3CE
4293	3231464	C62F45D002E92AF1E53B39C5AA8A3320353EE7F6C9185DB168C8126AC1DA570F
4294	3231475	394870371FDDB6483F0EC5E96B090276A7477DCD0C8694FFCFBD845F25C4AE89
4295	3231488	A8D16EDA756EB686AE5617F1497F1ECF235CEEF6ADB269C1701CC9C106590ABA
4296	3231505	0BEB4284E842F82BA212D032AD6A7CFCC52E76648C5BE1C9137A52C4D0EC3421
4297	3231583	7DAC5EB9D139D18A4FD64DA125E2D1D23FFE6F5C9DEE3185208EEC0B5E85B300
4298	3231584	AF1284544B7A4FF27C0FF688748F190770374AA95DF1DC3CB131AA407F4B735D
4299	3231585	42820A120B7FBA6222AD09863A03E8FA3C94B3DDE0A9E8729B840BD45DA93D63
4300	3231586	D3124AE0468DE488193330B5BD26917617D93E437092BF17EA880B25F7C49295
4301	3231587	007EA67667853580C69D9BD7CA81E050273C3DE15A134D11754F75BE0F425658
4302	3231593	EF97075ECC62AE03669762AA8F249B67607569FD023EF9BEC7E4FA50B7D115A2
4303	3231594	8B5AC7EB03C2888B1BAD5782D2141A3FC88D41777FC3A2DA5F322A0A4AE97EE7
4304	3231595	219D1AD6874715ECB4A3BBB6DDA3FFBFE41D03AB1B95D8E02391E2FB033BE31C
4305	3231596	4416F77C43B82DFDE1EF37826C8D7524C739DE62577032341A31934FC873BAD5
4306	3231597	8C96705306C4C5EB8C13097473EB12988EA1C27FC620101487FE4A9C011AA163
4307	3231604	004575C3D55D9C44031E63F54831F4C3EF254577E8D4D0FE3F424ABDB6E89657
4308	3231606	CF72B2246858AED2941E238F91152711B59B01F9B99F3505031FD00CF0313E66
4309	3231612	C2B21BDE0233E4C40CBC85402F58B63DB7B8AC210376D7CA3DC62B52B68064BA
4310	3232162	97E45F6667A31BCB02BF37F6B91B93B54FBCB0620279C665ED80CE31D643E764
4311	3232812	DDEC5F31DDBC20B6A8C756C9727BF5C282FB4F54A3D30366D2ACCA5F4742726B
4312	3232844	FDE5AF1D49FFB426B0656C6D31D8F11C453B23FB87889DD01B8422B2DE41F23B
4313	3232855	1D31F05C8B4611EBB1ADDB64B44B2CFD8FA600F4A7F7DD32BCF75E1199F8ACB3
4314	3232963	C860358F8C728616E49BD8AF230968B53BF812600612097653647858E9F54AFF
4315	3232964	F4FA5EF550E7A56C403984E50F3E44E4DA57CE3F2AD05A1909E91F8530B6F310
4316	3232965	B73C370443C266961B8D143AA0A96FB79B2895E7929B0C1B34879D4E16F6EB0B
4317	3232966	9516D871579D5446103362D9F2456C8F3411F6FF6BCEA311414AB9B68A055E6A
4318	3232967	FC161754A3A689F21C3773FE0F411C80440697D3C0070AEC3DE6FA5B89AE8373
4319	3232973	89FBC1FA9009D99E01D3AAB96A18CD8F546EBE3C6BCF97C74C6CBD48B25EBE63
4320	3232974	846801F0775C87D3FA5AF7948B10BCF8F4A536B0A330585C857CD31AA406AF8D
4321	3232975	6908D7C0ADFAF594C3F214C318CB74ECD6FD0D08BBF0BCEF84451BFE374B4B2E
4322	3232984	3B3FB29AB6C909A24E5F18A87436B5C18A0D6421548396196024BBA0AF09860C
4323	3232986	6EA4DA06CAF06D691177786ABA09FD9ECFD433789E1A9C14F766BDFCE20FC179
4324	3232992	639A64EEFBE186953980F4058DCC0BF293B60AB68120999D8FAA75D09842DEAB
4325	3232994	A860867B5F1D10DAB5E161E7B5CA303BD1E343A0B8208F1EC3514A1DA472F901
4326	3233000	9B349E166A8408549E14F5E94FDA155EB9B74FAB8E224DCA74A6F18C8C5B412B
4327	3233018	0DDAA7F4FACBD1D1A66146A8688567E9BC102236AFCAD47888845038142ABF62
4328	3233121	4624D9C47B74279ECB011BEAEB15752B79C27451D3A9EA8D6329C5E367E90587
4329	3233265	1BCE1B41F4D5C0DF6729EFC22E8465348DDC6A6046C9742392CBBBA12FA52E34
4330	3233266	90A7711986EE73C46B2B45F3152F39C412FBBF4DC363724259B5BB21F51144C3
4331	3233284	6687E43680479B33FD965FB17FFEA05AACA1BDE3B43BB93D9885D65F54B5F849
4332	3233316	B4198554C82CC211B92C47A41DAB21A6B993B3E2B2E0C5AFE17E7BD248B5FA9D
4333	3233430	C2E282DE4216B271ECEB3AB09FC2585346861354D3D90175588A9C87BC5A2063
4334	3233444	69F742A15BE16300CF5CF1EA61E58BC3943FAF783BE28A5CC047D42E611E5DD0
4335	3233445	68A6EF16174716731FC355CDA0773BEF942741FEA1890F854DC7FEB3FC4BC264
4336	3233492	9813C84C485922F1E2D4CDCF5E31FA11995EA21DC51074ACC165026E1F2FD2DB
4337	3233563	38CD878D2C8BF107FCB0FA988F9A626DFDAB58D9E467D524454FF694EA186831
4338	3233564	2C5974E45438C374E99D132BC0B09FE6499A8C21B01C119F681E65C9B350CCF3
4339	3233565	A03ACC98896D18612ED6CFDE5D63D63DCD85296982E9C1E6E974390BC924E650
4340	3233566	B98390CBAF2AEAA5BA7F49DA6450B2D56C26C8B44782E8512B4FA1DADBDAB362
4341	3233567	C3C5A5587A94D1F873AE6B1D9712503F2C7F0ECDC2ECE3D6BBA9EBD80400B11C
4342	3233573	2A569A0FE7D97B2D917344311F68468E6D937B85C4FD1983C558F566D594CCCC
4343	3233574	D05C3FE1DC5FF0FD2695BF0D67CDF5D980E125A3E60F5568ED702ED9F49A20AE
4344	3233575	138E76BC1D731E3DA93A7724CA59ED0874C54B4243E515BE16BCD0BBABCD4238
4345	3233576	D1DF9675E25580B7E3DD65BF7A3A87C898A5DC800BC6259D4768D625F1340C4C
4346	3233577	B68FD3CE128E133EFD325A50C991C096C21CB490870A596C7AF36F5B761C8920
4347	3233586	EA0EBF75902B1E11ED871431A2DD6E2D5D7379DA39321F755DCFFEDC4707A07E
4348	3233592	C396700936B0076E2CC431F41F703FD1F1877885A19A015EAA3DC0E61F364044
4349	3233594	FD224CBD6DE7973D66D0A5CE0B1EF6A1CFD95F50673EA7B501EBC8B4F0575BA8
4350	3233608	896C594FB2543ADBE5345239DFED12B8B919F3EB22855506430F37A5D69B10F0
4351	3233616	072A572911E808BB8AD03EDF06B2D3B766BFC8FD3BDB48C8A8521BBAE4876B84
4352	3233618	6AE6781371931B335E68CFDF05F962879A90B1288438B18E2DF9DB1E4BA4016E
4353	3234500	E7EACFE9A6053438FF7E519F75DA788F67D80C7BB00BF46B0D2A65493B3EFDAB
4354	3234572	608D474B2CE9AF55416CF87D42C81E4069B837187785ED3C5F2F2C25A5243CA1
4355	3236404	10826060FB4A137E15C2A16DA41D7657CDD04F2B3F713BC9E1848085793BB74B
4356	3236424	A7248DDFCFC3E58E26375413BA7F45353712273490AE52207BA5F719C91F4EA3
4357	3236448	5DA0E0AAED9EED873EF62BE3E9841E97B64D09A56229F0B594989371CAE883BF
4358	3236450	3AE79199269B2D89462DDC92FDFEC07E1F3F4BAA34DBD6E04FE47958B4133AEE
4359	3236492	D56D69E15BE00946D91BB8E6B2926E6337B906ED74736F70AEF4A27FC42CA9D7
4360	3236499	DA41142820E49F26AF9F427F42B2C914F814E454C76DF52E5F78CE0FC021E307
4361	3236512	488255C6EE041EB713033215F0AD0A9F7ABA227CA2BD9DE4299E6AC7AB0ADF7A
4362	3236514	D939F65A60844BF76382C27DFB8E40ED9C5899FAAAC4CC819F378162C0936210
4363	3236580	7DA6207433E0C957319D10538EAF92F4413791460BFD1BF1EA04FB5DCF3C3FFB
4364	3236585	91E72B579C915EDA3DA60A2659AE7DB5E27775FFC427D803C665D97610D82040
4365	3236588	877DA7149FE18EC0F5CF5A214E60BE2F69E1887FC4F660F2380B00F06E47DD5E
4366	3236609	47CA46F6F77D0FFDECA83F872232BD4ED88021ABD54E5C185E66BB2A0A116F1D
4367	3236611	EA92C6EB832152D6EFB47D8E0F200D02D459F8BDF5BAB6E72C7B2A225FD5D097
4368	3236612	1855841FF6B53CB902FB1A927AA93EA9BBECB1608CBD9849714B12B7E6EE5B96
4369	3236633	18C0A8D1A741579367758213E90299B00771B47AC64C061CA94CD255C449C9D7
4370	3236635	8DE54D7D1E4C4A2F3E04D6DC65BEF11CA6EA7776622E1802886BB1CB7B14E77B
4371	3236636	384142C3FFF464A939A23603B90857CEBF2FFEA86364CDBE4785DAF42132FEBC
4372	3236887	D47A93F2BBD2CCE6356D91CD914A57C541B4315CB3C7DFF840CB7A8ED1EFEACF
4373	3237004	8BED7FD5CD7939102F8C16A277DA2D336EDF09811D19A93ABE37CC1B92B5E889
4374	3237048	FE95E65C69DFC09BAD7CC3AE4788F0700A3EB20036B7295DC5D574845D86CAAA
4375	3237050	BCF346F3114D7B077AD1F7DD0BA6BB7C0178FDFD1B45642667FA1CE1B67F1A86
4376	3237107	2528220604677A08A0FF75DF1A3B2E02CD37EB35B4784CDBDA92563A9A704762
4377	3237112	38B8B0612DD06234E127464EB377FA177737A44AACECAA5B84B44C0E1D0BB4FC
4378	3237116	00FEF49DE66BF5F61F615B9C96B4A73F60A97807DFE9F2463CE9D7FED31FB3CE
4379	3237187	292C9ED00628160D3CA2302006BE2857EFC87A3DC11B32802CAFFF39731498C9
4380	3237188	03538D4B474E44D62CA10861194772BBE5913AA58D1E826D2D71A06704AA9E41
4381	3237209	45C7BDCE60EAC0CC81884AB2152FD56493CFC3582127EF126D17665CBFA3DB7F
4382	3237211	F268199BB64706B563347CD284774BA3CD0B7E3018B2B3353D5D96A3FC60C610
4383	3237212	F31C4A41BE9766D245F6DBFA9AE12B4681CDA3D2615E3019F65AF2B8D09A86DB
4384	3237233	95F1EA7302AA073557BD73F6DFCA1EA67520F058977C7276900EBE746384C9BA
4385	3237235	37DE1D0E5A3B3AAC7E92A3268388E963E8B8F8A08BDBA13B1122E969001F49BD
4386	3237236	314E0357B4D7B636780D7DCD3DA7C320E5B873B664E70B8756D6D2F32A2F894E
4387	3237304	5580288C8040F2BBC5143E61382B84167A1AA891AC94B052CD24EC80ACB0893A
4388	3237324	E2B00EE27038E0A83B38AC9CF6F90A0CF22FA6DFE97043A820ABA8CAABA13F83
4389	3237328	860D5ED555A9158277C24C2D2E91C6235DDCD80B84444A54B8A41881BEE2D9F7
4390	3237350	F74E3C5003B6E4D015637B9F3283199A2EEF3756125D651185269EA0340D0012
4391	3237390	C36AD31B7E92B0323FC05040F95EF3FD15A570C649D24EE1398E323E9DC5EFC5
4392	3237392	48CCEAF4D3816A884B1BF9FA58CD77FAAF8DDB837C7E42985C97BE1B89D69EF7
4393	3237485	33A0D3AE6A76C7A9F6583909F483D3532E34F45A0C2F2940705064F64AC43A65
4394	3237488	4B893C56AB7EE8083EDB5D334E34596E80B086B79E6A0F1D5114CA2E5899B5AE
4395	3237509	508CF4079E6FBF196D460C17DE32F3D55E91C6FA69DBB29AEA5DCA1A6C3C2563
4396	3237512	F39CCFCCE5059C24E31C8D325DA881E407046B5CA953504CF6B9CAB77AC86103
4397	3237533	FEA4E4713ED08FC1D2D0CE32CD7F90D2D90CE54B626B0BF14069BC6B39B85A85
4398	3237535	ECC66BA4707F0DCA6FBF1A8C8EA0F09270EAAAAE297839A5C4F33270CC3AC9C3
4399	3237536	6B62CD8A511B35AB873480072D383516859BDD001A29B2BF62AEE78C78E6B7FD
4400	3237900	28F055AA680B53DC2CDC29E358F995495EE707A8A5231D00F63C0B9CC598A5FE
4401	3237904	8D2F105590CF8CF0AC7E8D4BEF0D8AD31F5C50894E0CF4C620179FD1E39CC8F4
4402	3237918	83CE6426F5E927289C67224798061AB42659F8F3CE24A15677D51675269B14C4
4403	3237924	6AA80469AA1A479FB3968886EB1C03FD03AFF36D6C76AE6A303A6FFD3956E438
4404	3237948	53907A5FA92ECB3D08EA3F707C920C45543485AF64CCC5F72C6E806D51CA4E05
4405	3237975	EBB5E08B8B06A1DE849829E629DA408E7E3F6DCFFDE5A7376BE9CCC10E27F3AB
4406	3238016	EB0F778E4E0FC09382C83CF12CA629356E61FEE82BCFA94CE63967C4C7628B80
4407	3238080	920E48724CF95AA2D3E39F985358C747C3FB7129693E23E6DC44EB4925330E6B
4408	3238087	45220CC5D50B4EA5D9968DE62A0760CFB6AD5514425A3F3DC2AD055E3CF44126
4409	3238109	4AF9354C8293C290695E765C2E0AF09ACDD1D43B9575E50B104DBBFC8C80048F
4410	3238111	BC4E9B1F59B33731C05EB468BA8604104C35E7D36239E740FABB95CB320B8739
4411	3238128	C46C26434AB9B2181D2E21EE19AD3236E600A25CFD868D73DDF5B82ABDE54834
4412	3238133	6449FA05C42231D41A7162C4FCD469B727B6A5D2FB2B87110FF853F82B97B14E
4413	3238135	55BB8E147B4FEF0C394207E6BF255B47F5C7E0DB9C7E7A31A54F04A869A2E149
4414	3238136	CD70159D7562967BC8374AE6B86C1D89D75A40F6391D9C5F73360B92A986EBC6
4415	3238921	5C2268930282B36D29B540F6D0F7695BA3D4095189426042DF8055BFF9C4971D
4416	3239304	E5773F21FEF903279DB47497F4B56BB5DFD50DCD1F86CEFF14339A6915C08A49
4417	3239308	F2011CC44DAB024ED7FFE33C87138893D8A90F2BBB0BF0C29895ABD496F89EF8
4418	3239328	72977F475D7D3D67F1A72A0DF14548962BE78D5DABEC2796A611404DF26F1B5C
4419	3239465	C0CE2210F757DCAE101BDED443E7A2F4CC72E80A71BECB845F0E028295FF1A2C
4420	3239468	0282BE7EFA8905465CD1DBAAA69465D5A55CC2A3D9A5CACDDC29AD4140185127
4421	3239491	E82D38A5C8FF1D74EAA4C26331B1F1E26FF7DC58DF53817EA1CE4791703CB0D2
4422	3239492	02E77EE9EA7A3BB77686F983E179FDF5A9DEE2F03AB1874F455F88DBA223D36A
4423	3239513	EBD9091C5E846D381E137B42FEB92AEFE479AD61FA06C82274457B8F841766A5
4424	3239516	37EF0AFC9236745A56DACD041F1B5079739046DBA8C6035CD4FC5BC4DFAF88F4
4425	3239904	8F6CF137702DB8E46D0076A441A4006A6F89F0C8B0914DF1A7F8A4EB0716D126
4426	3239928	278BC36D5D9FEEDC0BDF03E4D459ACE4B82294F660577AA3BFC9536B94AC19B9
4427	3239930	8D2A7DE13B4B5F22ED644BC91F2E2B54D2E06890A8CC3AF351E85628A17BD5A5
4428	3239987	28691396B518840A782A9935ACB93F61E556AF83AAFE08F51E8E86483BEC0C5A
4429	3239992	65D16BE5C0D0C9F139B51BA53BDFC454F5797911E6D02E650FB260FBF31000EC
4430	3239994	F750A2E3A835183CBB48F5255EE056698758226B1C05DB975A73128E04263704
4431	3239996	542204C2602B74A499D98A75144C3D14E08A48A6890A5E9F997AB2134B8D4D8A
4432	3240060	8F7D68355D455CD26CE5C5359FF5B5F5A0A1967842B06CD694C58B69FBB6C216
4433	3240084	E54FFACDBFFBC457A4C4E036AB177485222C4AA7C30F275D88E923AB2E6413AF
4434	3240092	BA066974F1781CD8BBEEE2236B7F2891B41BBECEA119491387C28C751E12ADF5
4435	3240108	3852B007B1D881020CAD355884A3666570249CE09202D8F9E602D2D5BFB1DB32
4436	3240113	D75AF9DA9737199CF558A583CF3AE165C0BA08E80B02F47212116086073A0056
4437	3240115	E3B5A37F54BA2D2B27AFBA1B81FB183E12CC1039239CFF1C32BF9A470B11ADAD
4438	3240116	872D2EEFF3B7B1859CE7A74EE57F2E62E090A81111ED1444DD0819D4C425BDF4
4439	3240579	D8C33806FCEFB0D5171C9B7282D0818AE298CCC02D8FDFC1376CE6915F4567D6
4440	3242904	D357E633AF54D51A860A4C2387D2E983E72EE2D39C9DC1D33D584D39E323ED77
4441	3242928	1F93B8D02846E2F2EA0AEFDC3D7A02939C4866076A49B292C2739FDED963017C
4442	3242984	A9D8F3E8EF8BB58817E80E54A2095DB677103C5D57035EE918921D72A967F94F
4443	3243065	43AF884C67D28E23F6428A9F220463EBBAC8415D675CB28E697643C1C5BCB1A0
4444	3243067	8CC700623CB0F0F11F3D48C5AF3BF545ADB4DF7F13B7B03D84BAAA3954B4E72C
4445	3243068	CBB46013C2091FC4C0CB3B0E4CE52C26E1603B6D022F507D947251BC7DC52DC9
4446	3243092	B61E4574743B440D8E80A29E3CC6272BBBB0133A79E8AFACC7ADF80E832C4DC7
4447	3243113	6A1D82CD78590D0C3B526F854E934934D043BCFA9D7EC2788FD93CEDC93C697C
4448	3243115	A454605DFC2826E9010F0AAD965EEB72B8C81ACF994D3FCFCB94B092D214A759
4449	3243116	CDEDDD7DADE516F61F69E2148164A74C4E380C91FF7EFB14DEE1C4F5CC9BCC99
4450	3243184	2105DF81DD264CCDFA762F15FFC6EA7EA009B48D033AAFC8CC1694779D6E2B8B
4451	3243389	48758B14446B8AB41F09289A5EA5BDA9B47924E736846928AE1312D624EC9EC7
4452	3243391	D1CFB2DD0EDFF2998F693AEBBA8BF2AE8532FE94A396C38481F8917C7A43033B
4453	3243480	804937F958A073C1132D35528D811960F40F2C40268724E22ADC228588777F09
4454	3243500	C202735435D3B12189A06F6EA257F534B1167FD84391D86E1ACCC3230D9475AD
4455	3243504	8A2DECAF20D0889037F79C86BBA46756E1A521ADA24A500DDE08822AA5CFF270
4456	3243508	E6202A70E49FB0CC67F5112B8402AAC5912F5081B99746DB3AD950ADA7415240
4457	3243528	EAF48A1164C12EEADA5C6FDEDD919F66F5202ACC41D73A039EFBF9D4D4E7E650
4458	3243568	5F289FAFD7FADADF2FCDDA1443BA158EBB65FEFAB531386BC9B89CB4210B8C8C
4459	3243584	B7D75E52AA06ADC000458CDF1E9722BDBFE18D5FD889765987AAE7450A0390B9
4460	3243592	D5F065735CAE9C7C12097394B04A3A1DB98B0508117B6A7824DB15A4A0F9146B
4461	3243594	B580357AD1416E9B39BFE6DB07AAEEE135B2058D2CFA61025CB14AEF5F5C0706
4462	3243660	FA7DCA6B4E5A4B8486F38E3BDE805899893218C74BED58132C3E1F7FFE5CCCAE
4463	3243665	AA31D320173E44A448EE58F5E0297BDB9EBA3A0534862F095609DD62E402A8D1
4464	3243667	EEEB8C7FCAFD658EE5FAD62D11928477616B375594BB8E902317C1C7A3F2C982
4465	3243668	7BF2FDD04CD718B006FA1DB5325E2CC6D5B008E043F97405A7D1F087C82DE28C
4466	3243684	E7D207DBCCE5751D81448C2BBCAC7F6311C605D453DCB674B79938E595E1274C
4467	3243689	3DBD99D2488E9572050B4FE2CF0F5288D45D0C9A3FD16A3236CB7F504D9C11B6
4468	3243691	BA72FDD4B7BF156E2340B99701EED489E8BDF7820E19538DF692473AB3DC2CD1
4469	3243708	59695C6239CC65E941FD81D1A70CB871CA518EE3631A719CE01EBAEA76BCFA6B
4470	3243716	FB8F5FB51062C680791E2735EE880A12CE3AB48E026E5819C308A9419AA3D148
4471	3244265	503DCACB703FC325155CBDA1C60E3131E013B1786664ECCC29253BB088E54E28
4472	3245736	D7C19B6FF9F07942E16FCA2573A69AA7D7CDA652C3D041CF823F5B78CD7C589D
4473	3248645	E67195FA5055D70331171744CBEA8E62F464C6F922415A9D91C1C567D4C5173B
4474	3248670	782CD11A57CC5C85736F7B728580BFD7B7147D6DCF6989684D898BB80DA3913D
4475	3248684	07B7F5D383FC28040644BD5B60DF1C6B5A3A5E470A56560B1A632557CD3E6F87
4476	3248689	F41E30C2D9C1C6834EF8F3D4047F961B6739A14E76683A256DB49A487D5BF0C5
4477	3248753	B6CEBD655FE9C119B70D24B38006828B8E05A00E998072F22AA4B76FECDB3460
4478	3248757	5B5374D055971239391E13666CFDE3BDF86FFA2801E274BF12715DAC246587D1
4479	3248803	D7A4B70D3E6C3A3B0414D6292A4B28359332105A394A437CA3ED5745409A87D8
4480	3248804	95C795F5D2CC7E0F78BA37247B3C20A57130282FEF44E7BFC1FE9429B949627E
4481	3248805	EADA035D6DC809F2CD4128013453F2E32836E6328BD4D4464390323CCD64CC47
4482	3248806	57AE110C4ABA821F9B6FC2C43A4454826B56124EFA9BB611A237E0F4255C7011
4483	3248807	634BE930A57CCD079F189AB850EAD061FAE84ABDB5A4BB541EB92FC6A372637A
4484	3248813	9AA1E8D6A348BD7727633F8CAB2D38475E0F3135EB55BA5E7D363600B1F62B84
4485	3248814	B5188032715EAA8CBCE778C63B2ABEE9EEEB18E506AEFBE14D635C92282DB986
4486	3248815	458F5CE2D97019413C093C109A09BFBA061EEF7EE0A7054C4A2EE7EC548412DE
4487	3248816	C35C198A7D25127D4E1BE2322F1246A1392153DAC2F3121A2CCACAB5C1050C75
4488	3248817	543ED8878EFEFF5C5CA4E0BB3D123DF651311175D2C0A0A24C9FA494EA03F4E0
4489	3248834	29E63F6AA32F87662D9C119DA98AFA464BAFBF032D97B3B3811016BF5E7C9762
4490	3248848	0C42FCD489D68B6337C237B4D835C63E415A28E09CA9E43393B3A72A1749E0F8
4491	3248856	F34701AD03173CECF3DC92EB7CD9254E3C818F7C80613C2564DF3DDC3D5288F6
4492	3248858	33DC3793682160559C84247816414B667012326418FB2510949F6CD1E5B66D02
4493	3248970	320823CA9CB89838613733BBDA4D44D17BA73439EE1C1BEF6014AD3545F58BCC
4494	3248984	F90AC30F2CC5F2FF4C92A9CF17938774E3409708027305AFD4FA3569B4953A0E
4495	3249032	E4B0ED57D85BF1368E9652E23F1A19A104E181796EC744B7620B696D7116D1BC
4496	3249056	8215A0C8F1D1342F3B527129C89F464A60671C18AC21A3D8FDA79AA18CDB2A81
4497	3249104	0B3223B61BA5E22ABCDB94CD2EFF7BDCA73BDE09EDF914CA8E296C021A4BFEA5
4498	3249105	121D0101947FEF765E7E9867A4D0C6F90F6998FAEE38AD09039E5E4810BDF362
4499	3249106	5E1E364475372A5582A2AEF9B9DF8897DD4D0797B14411C721D98BCBEBF8BD7D
4500	3249107	1A65698DFB3AED37D36576B19DBFCDA990D2D778AC340A35C15BB0610B0CE7CE
4501	3249114	533B7E01CC2AC6BA854F7B87F2D61968D01F1976EF5C072EDCE689548F649920
4502	3249115	1C00136CE443CF32702D1DF75D0F000850159B5B5D9C31928F8F736D9DCAABB3
4503	3249116	27866C9B04343B30778813BD667E172CBD64CF92B5E57332C7D22DFE8AB82F4C
4504	3249117	94A9DA116EFC24A5D662203AB458E37A91BF38DE7AD3270BD6612C35297706E8
4505	3249158	EB62BD429AC080C3B7A48B3EC7A5AFC97F11134147406B9831D9B4965F9344AC
4506	3249276	9A39C74E55563C119D4377AFCB99694468950898BE9525FC18AE6CB171743A16
4507	3249285	8C8EED209CD79E13AF78D9BD5C040E01237D7908E066F7E1AF561481F6B563E6
4508	3249289	655D378697B05F7AB6908B3E38241E53C524DC3EDA75303386318A61E033ADD4
4509	3249308	098FAC48406BC3E73203F8AA0969B00BFA2A3420805B375DC977180D10E78484
4510	3249325	FD2901E309474C52BC06C63FEFE12603F9AE36B2ADB794AAAE3A7FE82DF090E9
4511	3249328	179A9C0CFD97530C61691DF7F9A470B73F445A0C85B7525E19554127945A82C7
4512	3249332	A82E147837819F24744AA440433E84FD9D90D592430F4EE8A4D2735BA6DA8768
4513	3249356	17044105E0BEE6FDE7CC766C2C17F8BDC16B1EB29DF88CBB893B643DE1E48E66
4514	3249403	3C8F9BD845F00CD15FC2725C354F0D0546E5FCF750FC48C5BD228D7165B00B77
4515	3249404	0D60B7B2371B375440EA7A436B2EDA8143DA151C462327ADB29D1090C3500134
4516	3249405	2C6FE70DBB6C5107D26E1E56B8B6A6CD0656F66A6E04D9AF50E1359F94C77664
4517	3249406	F8CCBAAAF248F2B72B73E2B5431EC2EDFA89B593F9E57624E7E6251B1B30E4D6
4518	3249407	19B49EBCD02D3A9034D3D5D1B8B970C85797FEA1445FDB852E87A770F79531F8
4519	3249413	C74B0B6794990C28BD06361A00A619454BE2F45DC765BC6908B3B5EE086150B3
4520	3249414	166B5B1F2FD06ABA4B22DF4CC1A4A04D53391C89E801A4A48F745C5039E84AD2
4521	3249415	02496E7018BF1DE404D697D53EB47D710ECDE90BB486BDB48B59F4A5DBC47BD8
4522	3249416	4D43A4E1D5AD22F34386A9EF216BE8E763AA139CE9B00D8DC02F95E78131EAF5
4523	3249417	B46E7FA1474E3DA7C2E352CDA0E2DB56C62EBEEC1676009A67C29E3A0895CBC2
4524	3249424	649E392E7F8EDE435BE5AF4BBDBCAC83954EB23CA07C3C2D99E7DF7743D081AF
4525	3249426	789F8665B51DDC073F0BC4738C919A9D34BBDDF9A046A2E14650D5260377ABC0
4526	3249450	D467B208610D30E3732C819D5D21FB717A929DCA00AC5D4E77C53B4609726A47
4527	3249456	07E1DF8F529805D7021B6252B1EC022E4CCAF4D9679A52098C4023169A804FF2
4528	3249458	9655C89EF459BBDCBD9EBCC0187B103BFD86BD405C7FF9AF7A99F2069ED891A6
4529	3249552	51DF9E50313CA3D2F8720E20F24DF6C705B2B1ED9B321E1A0359E415CE2A428C
4530	3249653	EF696F7D7FE57EDD84DC8C62252E53614CF10D8B241A25F10B0F08C5D468BF6F
4531	3249703	43E227AEDFF9FD6ECBB2D502D2E21DAB015AD9CD1234E2C2ADB3080643D1383A
4532	3249704	74BC7655B8269B6EBE90EBDD30929725BB124E11BF79B5408A0EC9EE7F0792AF
4533	3249705	1F08265501DA43FB2DFEAEAADEEC909ECB041790B950096371491E9F01198EF3
4534	3249706	F831FAABB94CECAFC6E0AEF091A7260B2F5C8E56360AF91C47EC543DFFBD23B3
4535	3249707	0016D6EBBF5205B2944A22A48E6AE0BFEDC22EAB27EBB779A207C8067684C0C9
4536	3249713	96AB5A93F5C8F9DB143B1F863E11D7822C7411EF6C9D7B449C8ADE08DFE32E4B
4537	3249714	CB8BF00FBBC533D825EF25BCA3489779FC959913F6C7CC01D768F14EEE312662
4538	3249715	66A0E97CA54F4A4B9011D487D09621BF38FC0F8FC612FE1BD037E7CEF549FC44
4539	3249716	BAC96F9FC2EE3BB4E50E8ED3BA4B34F33E2B2ABDC4B5D9E11A21EB0F56B46AED
4540	3249717	A2627F75E0037902F34540051CCD3A3A099A3DA8CC2046AF66A1E30F5715F376
4541	3249724	9BCDBF86292365DFEC80349B2A702581E3183DD695E8705B3A6A251C8D1177D2
4542	3249726	A93FAF28289092BEE52752467D726A5D893338C3474A1BD118054F63F4936F08
4543	3249732	5E4FBF9CC6013B2BA26076970856ABCFCE6593172BA3BD390660099FEB79148A
4544	3249748	8A1A3CD1AD5774713D99C2608B8107375B4495D42877B7740F62A0844427544E
4545	3249750	A8DB6C51147C6345BF8CBAE5C57C7911C8DBD35BF54EB6792E7FA00F146AB46C
4546	3249756	B5525D941FF8F69EC5C2C966D64FEC4FFC0B6084F583323DF0E099B5AB4D17FD
4547	3249845	1046C443EDD96B711D401F56F9E693AB741FC1F483208609BA9279D0035C6ED4
4548	3250013	DD207B64D1F1847F9F0D66F962B78BD6F3FB6D95AEFE7ACC3808BEDAC8714A10
4549	3250014	C3EB39BBE7464C04AB208F0DA07442C4EAEAE6DE34D501EA2497ED6A4898E7C8
4550	3250152	5F0A67C66CC009345FF25664C420486B9BF6E551314F55780BC4E1A43AB669FA
4551	3250161	0C5B542A516A280252629109B4AB91CFAB499C631C4EEE82EBCE87FA6D32F588
4552	3250184	D6C231B6D93B1C911A31D7F5A88A0259B31B7F11501832E9ED60AF6A8590E6D9
4553	3250204	ACF2416DD02A12D14C35843252BAD7BC8EC3F19A7B1F093665E3E2E5AFB06219
4554	3250208	900B09F22ABD9030E98859BFF80B7BBDE93A36F900529E47929A168BF831E341
4555	3250231	FA7C148831CEF0A06FBF4AB5791C336AA5E5EB02F51A0B5C46ADA574D3EE1C95
4556	3250232	7E122D1EC5775ED72FA675019F72E6D91813B01AFEBFAD62FC5D10900896D963
4557	3250303	802C7DDCBEAD8B6BD9C1B7D003FB269728F2D159326BEEA6D773AD97E60CD3C8
4558	3250304	FF72E34D0D9E532022417D84B38F444C4023B5EE3E7B6B700859D12FE24AB66E
4559	3250305	45B0D2B9DB4BB9C9CD9F146F3DEF30A63E125CEF97D2A5FFA0734E3C4BA666E9
4560	3250306	BF08138CE24FA82CF753A14DA654000666DAF6DF1496B5C9B278C1D19D10CA0A
4561	3250307	F166A4DB89BC749A385ABE72E4504A3596E72EA479A1122EA097B0602AAD96C3
4562	3250313	FE62B876EB1707F01F45FF941C50DCD5F7957779073E3CA4DD2DEE35D4C61E16
4563	3250314	E9E57AF4380AEE92D3645646E56A0D748E1AC0275C34D0A56C867A76F84A9644
4564	3250315	9C76A6AB77C45C88EE988818149FF875F81A0441B014D16236F3000ABB0BD3E3
4565	3250316	4E1711EDD492C6B133631DF9482D3ECE32958FD8A20E7E6A19814F67FA52ED77
4566	3250317	4BAEE0F597476EB120AF87D181A9541980019625D42130F1AD9A9560A9ED9A9F
4567	3250324	D613BD7B46ECD2557B0F7A6361BC439F8956FEC277A1BDEF762AD7039946963A
4568	3250326	3077073A7C93B2B783CA929191F065C9825F3F49F84B0D383202C1A5B567106B
4569	3250332	49E3971D17488DC7B285CA92F06E4208D9D8A2D0A8DA2B76372A587994B26EDB
4570	3250334	3CF5909C36FFDF49B036268AC88314F61D922FCF398473FB58E00226AEE6547D
4571	3250348	B9AF3B5B6116B7D3B1C421FA4214D9AA77A3D415C6C80EA050FC217DB8101E8C
4572	3250460	E9151C717698D9B41EFE14CD723E8584734B709F845CC38C99FF97441D91685A
4573	3250504	DCAB415845CB62470E060E55DCCB13683CFFC8DBE4CC3D7AAB25016A7646709D
4574	3250508	BEABF42F99902DCAF3CF7B776B2C6A48C7AC8C03AD05DD5BB58BBB144EF9660C
4575	3250532	FA273F38932CD3C992CAF3699AD63129EF9F4A1BCC734CBEF17340D0F2552F1B
4576	3250553	4A5ED3EEB6E805537ADDD3FF237EC86E41E742571FAF02352276A76E68A0D915
4577	3250603	30F2E51CDB7C955AD19B1796BC3849496460C52CB91259E2189C0BFF12722C6B
4578	3250604	530290BC0F481F0CBD130E472509078E68D9620101C47B40EB5A2AED5C10F509
4579	3250605	0062F900A82AE926F41356BDD34618EDF77460A28030160122A15A8C3134CD5E
4580	3250606	0DE933068444A61DA2C84545FD08BB8576757E5E46D8A89712C376AEE1FC2210
4581	3250607	D5EA23D69CD292435793439BEA13289C3F2BB8A4AA085B551563F5FE2C8EF491
4582	3250613	7BA0427266B238E01B2643377C7F2DF75029E1A2FC98C060B0C655A5B801FA50
4583	3250614	EEACCAEF4C77011867A8296B104079B892F9CAAB1D03C2F8192CEF618C7BF301
4584	3250615	8D5EB4B3ABFD5B3877195188C4C385BFD60CE9B601D41FEB3FC0D0F6336ACF59
4585	3250616	EA65DE1E90F3483B1AB7BD34176F7152D7209920D69E73FEAAEBF8260B3DDBDC
4586	3250617	71450942E8AB558C009888C7877A9929CBB4005A2CA907AA9E2848404E3B6D38
4587	3250624	CB41FACBAF10223F9873C08D2747555D04BBCAA2E0B57233E0642A397A5646FB
4588	3250626	77E8303A1205887FF14AAF8076FA01FC9346205E3A9815B1450CDA2C900C7753
4589	3250634	C578708149BDECE556D9644F59E2076962A5082258525A64B2B56A7E2B4F6A87
4590	3250648	5195234EF6BBEA8ACEBAF3E10909FFB48E5F3BFAF256EA2DBF3430AADC9A7C0A
4591	3250650	56F536DE40B4FECAB01CCA671BE2E31FA7818AB356087B666AD88BA7C9A00BF8
4592	3250903	6CF746E63F03B3415214F2CF01A4EF7521922A69F2DA396D4ED9E99798E89C26
4593	3250906	60E6880B6FB07287B5A9AE0AEC46F4E7B40A8FC345AC19CC669281C69E683280
4594	3250916	26AC5F9EC53DA95CF2E9079C6067CDE162B843DA9692CB44D89257AB611A4B8D
4595	3250926	035F8F4600146D06D2C35CD6EAD1BBE94DBB7D5ADA73268C6A0AACF1CDC011FD
4596	3250934	49A0B8F8C8AAB32616B1BEF0672D71BE448DA448D9A1E5725B39396FF33C379E
4597	3251061	9020DB77E50F8DBEE9CA52DC4620D303221216287E2105258BFB7D4809013ECD
4598	3251070	FF24B9D1493E510021C0BF54465D79008CF779FC60163A78982C4DC60EC78F42
4599	3251084	25CC01694DE6551072213F0D8C0983750B4D36473E26FFD55ECB3ED40A78823B
4600	3251104	10E3B6F6535F93005DF26A29A1828CF73A5AB594E452C52FB639A46B1AC6C75C
4601	3251108	206D366CC14951B06F73854891D888E9B97BD68DBA44EBBFFC73B7259FF5B857
4602	3251132	A8C099DC1CFC26DCB939A2FE5A68AC1C5955F33F205BD2054F0B073373076A1F
4603	3251156	B0C3456FCCFA32DD53F8DAEE7BFC230D163D496D300489719A617F23032D00B1
4604	3251203	C18EEB0DFC30DCD19DDC15AB054EF385F771D01DE8BA480AC64C8529E0F8886A
4605	3251204	020C158CD779713AD0B35C4B32B42A1238F429A607622B2714241BCEC7371E69
4606	3251205	68CF24405DFBC6ECE1F83BF7255F8D8B361638B2AE54B5D7FA1B776756DB7487
4607	3251206	7831CCBDDB155F1ACF78C4D05E9FCFCC1209C6BA72438DE18D5318BBD1E38A44
4608	3251207	7F2709F37D108CE7ABFE29CCD25CDEB902BB45E53DD21FB4462F899C4F226130
4609	3251213	1FC3A03F2FD6DCA4377B7746CF225F6E0D46F0C840D3D125A5070380CBC849C4
4610	3251214	029C83B7C16FCEEC30FEB861F9C9A9FD99AFBD213A1BF74485A6186639FD61AD
4611	3251215	BE4CEACCE0962B17A1B02DBEDBB8E5A15FAEA683429C5823112CC4C4356816FC
4612	3251216	68F44D1AE24DFD52FD52E647A6AD323434CB814E2ED27F8CBFDAD4F64C4FB3C0
4613	3251217	0D64BA2DA72CE6785FA4B875D20DA6396D46FB851A90DFA39247705985C53B88
4614	3251248	8B31D189920C559B64E6E621D8515CA3B26FA70824884F0EC9F0703F755A9525
4615	3251256	A91B092E8325C653CE8971D0AC52F21F197A9E4402422640038444D91BE560B0
4616	3251258	C8DB07CE39A760C8EF391F27556A3105C9ACEF0F06F506093DC0EF4C33500131
4617	3252425	7194E865165F63238D3FCE847BCAEEA4B2366467A7D7E44AA576FA4198D91FBE
4618	3252432	17F10F6DA4B3D3B16302345CB5E926858F69F6C41A1B0B15DAF3CA6DB465F7CE
4619	3252456	E048D307187E5E54387C82CC5AC5F7272470581652F6DA19666CC40EBBAE782F
4620	3252464	09297A06045D16D1CC20269FCF0E4FF54810D30986C6B24D6B357A450F5CA588
4621	3252495	F673C9BE25274CFC255BBAC9A188BC15FE21943191C4163D8C3FDC835000795B
4622	3252508	EE7F757B3E454573E92F2DEEF2E8369C76334240DE00A7477B3F61E3D604B8CB
4623	3252583	AAD27DC91406203ADF01ECB46042F4116F0EA33DF13FF285121855CF434FCBE9
4624	3252584	0E9AC411B072BC390A55F6D603B3CF428821EDA032683961C8DBE8B49D23936C
4625	3252585	ED5C142ABF530EAAC0E5C6434C8E4F6AE86B32EB5CE79CEE0541F9669FAB3FED
4626	3252586	09E36894626019F64D61064D384692E872C438AD7C2DF1DF3122C5CC87E025BF
4627	3252587	2DB59E55EFE205D04DCD2FD4203CBF4E9CEF5ED6BA71EACCCC4C2A227C911AC1
4628	3252593	AEACE7D885AEC39780CE5885C4739BC4A233ECFE3F3180EFB6498CD3F547207F
4629	3252594	8174CD9BAF9E3FE4C2C952EE6D46A10FA8BA11BFBFD69D3D877C065218162B3E
4630	3252595	C37783DBF4298D7936CC5806D1C79F912DE3F9DE976CD9EB7F5E1B7208B18EC9
4631	3252596	3BD3532D950C1A537B63F0AC6516E1EE98450C8A16B773A9ED1BFF8C9F4AF5A0
4632	3252597	7A77BB4165875D1B17BFD42D42835627923C290273F8A586E89F15C9C4D5E255
4633	3252604	A9EF3D94EF0C48B177ABA02AB8D1717D1C13CFBF80169F4D1DB12AF4CF460F69
4634	3252612	FD43C84095C6126D9FC80DB52B270062303841A0F6915892FF453F6155569205
4635	3252628	F757E718411BCB90D24282027417DA1DEDA9BFCE1DAD15D2A6EB92A47A062824
4636	3252630	89E0652EF47D5B8039081FF1D77373A245BE05B2844074B40AD71A66D89E6B58
4637	3252636	FA41CC6A4523C95E344209AFFE3A0BA22C9446E88E1A125E567BFC4A46149A6A
4638	3252740	973AA3CA6EC114F0903B80F256A56DFAAC57B7A7521530A4CC48545CFCB3B602
4639	3252884	C2D43DA70A84044B5118F16A23875535201CED644C81E21E3617A84B3D50C76E
4640	3252885	D065AAFFDD6C197F88A11E68F8EB39892FA91CC96AC12B2F17C1C1A6867BF8B1
4641	3252893	0AE7FFC7D466CCEB51FFD4C890655FB16591262B9D01466E64970BEE0106C335
4642	3252894	71B43BAED8CDC697B61D24487BA8A39713988136718B094DD6FB60FC762A13A6
4643	3252895	E16F907029FDCB31A38767CD5E861E8314067F049DA3CB9856572E3B3832024B
4644	3253041	5CCA84EB0934D7301274E90ECCB48C64227077FC190124C672660F93DE0B9ECD
4645	3253050	ED5F25F99FACBA7AD6F517CEEEED39673B8F33AFC67FF696F7E213D3A46177F8
4646	3253056	5F3458A1E9EFC453AEF44B5738437C29C1EDB00C21844564C30CE154FB2FF885
4647	3253064	160751BBB01582BAD2E11797E2E4DD5BF2D9ACDCB42E031E4F502423E46048A1
4648	3253084	8623AACF324F7F8DA43B9703F139620C669F7E5D38AAE8F84F4911899337F460
4649	3253088	3D84829DF957EDECAF010371AF9963E1A28BA06E2E1823DD3C446A6DB009AE0B
4650	3253111	7CF07E572BDB9854A908BABA57E4416E4BEE02E9E085D72892D4DE5A9D06D77D
4651	3253132	6680674CDCCC6EB3CD39F893CB2E79A6B9EE18CC7B52370E0880410F5F78F315
4652	3253183	4EDBDA5CC3A046F589FB121758D696821359838F87D75A9C02E4837B24511EC2
4653	3253184	D89426E92BB80D988589BE8D85F95C5E585EB46D22B4AAB6A91C55A9FA2FECAF
4654	3253185	F2B8355F76C008D0B2B4FC6F485F2F8B935DD300EDF58A07CD708AFA40032710
4655	3253186	AD6704B61CE1CEA9FEB14A5D87FD975724AA2CE617DF512F74A9CC478CBB6C8E
4656	3253187	CFDC322EC2686098DF761D9552ED55EDFBE41833B3C4DA533A25891E54B1A979
4657	3253193	FE43E11B8C5D2F037713E37A97D4F504F13EDC3F3D1217056BE960E2FCC4510F
4658	3253194	BD764EB5AE0585A95154D99FDC531634B27C4DD885A5383848B04ABB832191C4
4659	3253195	C6062FBC0213A60846B527AC6EB15D50B79288941BDE7493E8D1768078899D84
4660	3253196	9ADBAA135B411CBD74AD8F475AA53D5DA04F6362DC330533EE1411F3626CE9B3
4661	3253197	E5EC92A97CFC1CDFB6B813A14CD14F5A2CA0261B36142DDFBF5F277597229915
4662	3253204	243192506E3BAB020B462E9C691DC8386982C5D39F24EB9C09292021DB6D1F65
4663	3253206	CDFCE8F47ED8B89F1A27C54321E84AC3C8E5A71294263F7B827251D54D7DD253
4664	3253212	3F2B237ADB1DDC6C3E28DA6374668AAB22815616ABEBB0ADDEB645C1A66A4FEA
4665	3253228	0F76E99AA6DA3950483642731BDC288714F1C7A5B37CEBD83548C32DAAB35663
4666	3253325	44822DE46D84A32D7C694EA97B68DD149CD86F092ED027467D2F9C21CD01FC75
4667	3253341	D5C4AC8D48D4020E19E7EB9B16A5B619AA6305BDE637CF60B8B661E1B731EE35
4668	3253384	BDF5C8D0455957B66E13F5C304BF39AF30CE0EE55C15935ED5565E69CE2A9C4E
4669	3253388	67BB53F55751B43B03D0CABF8C2FA3CCF0FB7810BD9DD6376E05F6AAC7904626
4670	3253412	9A6BFEF2D2BDCE2DB97053F611298F5CD82140D43B10CDFC6B2B9E86EECA8CDA
4671	3253433	8461AD0700B1818C6ED0282BEE0E70EF45DD431CF79B0E1A2A737BCC346EFF14
4672	3253483	A7F74F546F39F8FC5566250F84FDA347819F4E2047EA9AD9C7EB4710D63C38C2
4673	3253484	3F28611ED2EF116CDE7332CD238BCF6698B01F28EC8C1C0B997303BF1E6EE2A3
4674	3253485	9BF43042A4A0310B6BBC39B589913A0169D06B5F9D219593CA04D6B41B634E70
4675	3253486	EB1A8AD0DBAF0E438139ABEA6BF76540588EE4E5F1C43EC9604DF165CC593BDF
4676	3253487	B7B8A3A05BD8A3CFF1C32DDDE57AFE2CCCDB90256AA065F3271F308B9827DF2C
4677	3253493	3819F33E7C62D6700EAD8FE7F67FC4AD19397E2CA7C147758A3CDD4AF57049D3
4678	3253494	437D90493CF813A725CB15737E3EADBEAEE9F7C29E51372B77A4E243AC875BDD
4679	3253495	B00F270A43F61F5E59E559ADDFA96EACBAABD17FB9E9E2333042597E2DEDB1AE
4680	3253496	3ABCEE99A44A18A39AC0538AABB00046AEE2CEA77A0B7B58DCAD8BE88A520AC6
4681	3253497	8E3B52426A8A18705E00CB04208277C50CA6B0B8EAADE78DBFB22A251127EA3E
4682	3253504	132D01DB4BD2A06F0924DC5C7BA4A1F69C2DD2C784C47C683A5EDADAF4E94185
4683	3253506	4C21FDB2EC7CCA1AD795A63D3E84486B4F3A94BFB84B67703ABCCA28DCD39C69
4684	3253512	277701F349531176A10BC0D8949DE8D9B9318F0777224A724958509040C966E2
4685	3253514	760814A1D1C764BA9895A8ECBBADC2ED0CFE9A1016A4591EA7CCB96DFBE27FF4
4686	3253536	2E795AE9C64D08F38E3297F0B447586C9F38FD460B58DDA68CAFACF394840F4B
4687	3253538	C7FF121F4FADFDFA3CF55D2CB091BAC71A8DF7575F3E4E1ED6287296602713EB
4688	3253625	24FC50067596D0A58B193D21DEF56453ED3EC7FA4C676246B23BE54CF1CEB3B4
4689	3253632	2F674D86919C8C961F2A13F4C1DCF2D1D64A53F9A13583FBCCABFE5B2A19D8EA
4690	3253783	817D600B8D1E7B104FF5B5F8298C02EF30DB2340942DCC96E2E167459F9B2554
4691	3253784	D38471B4B25934D7032B1AE880C583F597909FEFF665BEF9EA0B6DBFB2F57BB8
4692	3253785	58DD593200097E01E22819B1E3C8A5A41B0B98E4CC271374E4EFF856C3EFA071
4693	3253793	B03EDBBFB39168A1854A60DE3CDB7B3019E1F9E3C7484D97C5161F84C3EE009F
4694	3253796	A884BABD10F23E865E1A51B91AB0D0AAE558DFCEA04AB38DC07891C572A129E0
4695	3253804	E9FD5EA9CCEA50B581DEA8092A1D751F8EB81E99A78B81C3164AAE9E094E9B1C
4696	3253814	54882EA0DBD73B175D3E899A9457D7CAA88EA6EE75E4BAE01DB2DB54851E8A8E
4697	3253932	3E3F1C95267C4F8068FBBD08FE886B06302B4E98CE8582D1C0DD0CAFE7CEA2ED
4698	3253964	A426D82C3C26593F6A920E6995B62195F18AF907B966306B51BC340951E39DD3
4699	3253984	076E8E95B49FD27DEAC09CF944480799963E559D7E9AC0ABFC48BE41228979B2
4700	3253988	84D3AE6F26CF9A4B956F5AA7C08FB7B80A9107AE4D327F51156DC1954E21C324
4701	3254011	EDE79E29341D2672D83AFC4F235CF04F2282E105742D449A8CDEFD7B557A0AC0
4702	3254012	0FA63A51B41555CC9045BE3296DB14AF7EDF395071B30FD767E532836FB6F014
4703	3254037	DDC8E4CAA84F94687C542542BC3C1C07D68A7BB599E8E4C453C09F05A3FC1C1C
4704	3254083	5BDA85F3D2FA1E4EBA75223FB802191A97159C4785F0B1D738E8CE6FA3B28E69
4705	3254084	A42E807FED278C24CFCF14BBCD082687D6000257597397A6ED6E26682CF5D43A
4706	3254085	4F0C3A0DDA2B0CA875851A1EA604E1CABEB19E51B2B6E121C8209A0FE9A8248B
4707	3254086	D78002740E707F762697A020780EE6E2AB56F81A7BFBC20BF6C78D911F9310D2
4708	3254087	5551BAC21A4098340F9107C1D45D06A71E3175EA5D61FB0A35E7F8A7AECEEF68
4709	3254093	DF1D217929774D9384D95C7C26E01912299B97ED78C3473A31F4B31E1A9E726B
4710	3254094	4FDFA4F9D7E2C71406952C0E7553F27B83E5864C1B1DA20C3748510501E8F6E0
4711	3254095	A8A9836D2BC1D480944FD63A2E011FA3820C6678E78328935F4DEF7C6EFC03A5
4712	3254096	8AF09DF5A6A8BA1B408B9ECB015130955F4E93750091F767D4CD249DCB082E88
4713	3254097	80F131BAF1E5DA1A1D09451A894E71DA653629023B126DCE0DBBCA35275C06D5
4714	3254104	B4F76D382334B041E5E299CAC098953811D757BCCCE5EE27DBE150B1A8222718
4715	3254106	1853EF149A0FEA56FB16F0ED245303779CD738962F3CB08932EF55B02F8B855D
4716	3254112	71130C6757C0D2DD8D5DF30EC95BD8E28858702F37815C7C5133507CFA68A740
4717	3254114	3597E84E5A5F528993B06613FFE8220D9F6491BB6A94E2F3DFAB721CB123B707
4718	3254128	CD4AD1DEF2D86EA7A835C6BA1B8247D76AE7012AD4AAFB42655D49AB72B0A9ED
4719	3254136	491FD00970D443D4857B20ACC463EF29A04528153475C52BB29C0F37411992C2
4720	3254138	BB9B8E657A4E14B0588D33BCE4CAF3B6997C8511AD126ACA282B23B4B4475F35
4721	3254623	C5D68F94D7BB10A00FC3C0B78FD2F5707847C5982568674C539F49EDE07E14AD
4722	3255064	7482EC79CA3731C1727D4C065B0C75622D907A0358ECD27F7453AF06336AD60C
4723	3255305	BB66D9A7DB89D08F488EA381B3F4F170A77A7431726187CA3D47F37F55017764
4724	3255330	B92930B459436F42ED46295A382E43F121CBF93E13F4C7ABB6A880EDCF392EAD
4725	3255336	A493A2292EFC6095F8A7FA5047D2AD85B34EA30A79EEC62F1299970AB4715F97
4726	3255463	EE9290702BA70777B076F641A6970198F174D58744D23685775FFCEE70C544B4
4727	3255464	172D8FCFD8445DBA78355AABEED96A2D8D5BFCF899940A80B8DB25B9765BF243
4728	3255465	75737B475FFCB12EDD1C71CF2FD7F100F0A281E05734E2F2CFF2430D5768FC81
4729	3255466	D8DED428D657589EB2552C7A2D22F4883B94D9CE7A0174FE75272246FA3A3B79
4730	3255467	E7BA41EE35BFEEE7A787624634CE17E8450CCFEECF9CAD6C0A7B07821F35EDDE
4731	3255473	47646908C3F8D6B980BA99D5808E050469BAD89B55E5C5F85C155D1AB5973638
4732	3255474	55E15B8EE66F527520A97768DD12EC8AF3E02FB30FC0E74AA1ACC66E5A491864
4733	3255475	5F801CE64548273D57D0CE0A5D408CFEB7CBC8E3577E2D989B5E6A1BB1500376
4734	3255476	36063266F0DFAFD6F9E76A6B2EBACE65FC4E33475476E7F2CE117704C4463A1F
4735	3255484	4B8C1718234EDDCF7340671E173CBAE8008B65B3802EF9019F624A95FD51AA62
4736	3255486	537CDD60ADD8018BD90572591B447A73E85BACC2414A8282F6CF040FABF788C8
4737	3255492	7E9035078012E26E0FF9CE44584E13C414D47575BDE1148F2C768BE1EAC77C64
4738	3255494	EEA7D3CE72B97949DB4EFE47B7DB584869809C6F335A67E2BDC0407AE55C33DF
4739	3255516	E5837B48FE6A54AA124ADF3F2F82C1F6BE3C6971D49DEB8608622ED400BDFCAE
4740	3255518	0B50F11C59E6EB580D853E49F86E2A64EE0A06AE64283A50A7959D6A70283641
4741	3255612	F1C1D973FA87A030DC36BC41EEEED8B85B54F1C65EF5E279F3BCD2E8D72D9010
4742	3255818	43475BA7E4BD093687C6E26E6B2B351FA4EDE5E0C0F5172CA5122CBCB7020D65
4743	3255905	9315AB198C0624743FFD1491790FCBB044BFB6AEE9AB06822E061771EF6D789E
4744	3255912	AAE8BE102D885ED9390483B40C7707EB6D636D50910AE8562E6A1E4C0FE02FDD
4745	3255920	207E4673B27EB3EC1DD555953BEAA92AD0C51A70559FBD98E624F6CCACA6216F
4746	3255936	692AE2FCFFBC929D260658F1900BED2B4725C4C284FDCA5FEEE3A9ABA7D861F9
4747	3255988	131B62355866157123BB6F2E8807D5640C2F788B2FD7F9B4056B5933FD2F4653
4748	3256016	BD1F417C6C37F2CB2B0F3F594B7B05D744E7B6AB1BD5BC82875727B47A72C4F3
4749	3256063	268765BD30B281C8C8E402DB9F61CE73414838791F75526F13893C928DB95AE0
4750	3256064	92AC008A426195153B82FEB0E69B0FC34D6E5021ADD35F21899A620A84539B31
4751	3256065	7BB42665548B85D70E9938BA88F215D44490C4F7E4C0AEA54915A60C7389DD8C
4752	3256066	68FDF02943C7B0303DD40112041AB740E299AAC15116030EC5534CA543CD2D2B
4753	3256067	F184D73928FB716CFB2D6F28B167C1EFB3AB1ED6C45BFBFB802D285DDF0F596F
4754	3256073	D46191F19D3AD2741FE53ED412258EF7F525E36633B46F66DDC3821CFD386FB1
4755	3256074	68DAB46D1B78A2E6C9C434B2097D46E18DC56C6C83F3225486B127B0E469CD6C
4756	3256075	F0D6A4F52E7D2038D1B142397C9EFBDFCD732865268DEB9F6DB86D32BD3F9A94
4757	3256076	D57D6ED87A3468D64A6787D83ADE177B3BF7DF9435DBB3C2A88C3A1E56A4F92C
4758	3256077	0594A0399D016BC30294B83BCA088EFB18EF44DF092BE634DC1347FAABC6D186
4759	3256084	E6370CD06C9E82B9FA70E3CECA7FE2A338991DB79807391FE98DA17A56311884
4760	3256086	E760FB215F4C099EF7684ABEEF4A4BBE0C4DF0F8A0F79EFFDC7503B18882451F
4761	3256094	5D74FFE5E2C14DD3CE384F8C6A57AD65C3E3B1E0D4CC996A023103D4DD712727
4762	3256108	5D09A1C75BBB4E5866467789D52194D5704BA29C858239CE72DAA0FE9704C2E9
4763	3256962	015494EE210EE5C581592A5A050E34CEB15A87AB777FE8AA6FAC1E46254AD229
4764	3258900	00A9034C6D0020DFCAEF8E89D6FEC5AFC2CA9B46977466E23F05E1C6BFFC461F
4765	3258928	82191C597AADE63B69305C916E8283E2EF9A8EB9B5AA7B4D05E18ACECF5A097C
4766	3258950	52285FC7A806EA311EBBA648CB1CF952FF0421A039D6BB62B9CE1DCBA33D2FC7
4767	3258990	E38AB7590210C249F7353D0BEEE3FA4D24575E2B8DE2F9720E780531F495A8AD
4768	3258992	E509A25E0ECB81BDC682364B42BB08C7601376453228FB5932A7CE86C640E22E
4769	3258999	D872349EE25D59F5FD61078BFE432ABA92D5E31DE6045A3979A5ED3D6A2F56D5
4770	3259004	447FD9418404E0AF89342BD75387F61A445D700B64D94A8190DE70CDCBA1ED8E
4771	3259007	CF401A609E7F73DFC392FFCDD0B3963B7B85B9B6D2B949DD7464DF05F68C2E90
4772	3259014	99061552D592CFAAECF8657FD7E132D2C596B4F0B32B1D897DE5E7C5F83E407F
4773	3259085	D07085C34FD5BD2AEB6E7AF274BC213AB77AB43413C0C355CD7626AE26239143
4774	3259087	BCE98372433107B60B735B35A55FACBC73E8B616FCA55EC1142382E319553481
4775	3259088	72B71D4CE924D7154A3E75392C5C28C7B5A704CD72E90BE47A27536433EE019A
4776	3259104	702FF1B73304493DCF16F7E3498F9DF2056A793B344EC2E45731F8FE2EDACDB5
4777	3259111	613725DB6D63EE8539B942E0F1C6155009E69C8A133FB14F92AB47E001F474A5
4778	3259118	266CD6E3A187B1889D00B932A55215C64600A203D72BB45E0677C1F77E929FC9
4779	3259128	3E3A4BDB7495646ECB12CE8710DA7C89C469DE84B393051DCD7810B4178AD86E
4780	3259133	177EA54CD471EC1CCE898772209C1CAA1E1774BAB11CD8FDED4463D3F07D2297
4781	3259135	D1E9E18C2D602DFABF24B2DD11CBFD2A683310E82B3B59DC91E9B9143C1E7D54
4782	3259250	B4819BB99F573103F59552BFE1F0309C2DC1908AA12B6585B88CEE6DD4068F6D
4783	3259387	67E90B810B6132C2F0CD65178F3C9D0D395D2B35545F2A59E8A5E82189C44D5B
4784	3259428	791646F4A3C682C8A87C33219C808C589D31D1383D9F0349CEC6840B336DB508
4785	3259500	85D740F63E0ADAA366AC555145EC74E4C8E6422B724E0B37C2DDD6D45430E51B
4786	3259504	8D68F5080895FFCD1D5E3A174A6B8A4FBEAC7B60D43B55FBECCEE99E05F9974F
4787	3259544	B7893128DB3CFFC33F87D655ADDF72955A4824474B4BE560B03276FB3B2AB07C
4788	3259612	00FFA15523D508A061B6004793DF1DBB624D0A9F244FAD8836152CF37334D2A8
4789	3259616	DF8B89FC3BC8303AB7381667BED6C61C0A8009989892A92DF3D4C93BD60691DF
4790	3259680	C4F8A031C47F0DCD8E5AD71E8AFC1BFA7EB5AE10CED7F32546411CB819B5B760
4791	3259685	9E3203AEEFDD26CEC324E73F934B810CB0FF02E5190D1E47B19DFBE8D7E22800
4792	3259709	941E66CD604C856E317CB38575C9CEA7319292B806D28153F213249EA15C0E49
4793	3259711	5E4E74B49E5C7BA3CD1DAEF345EE437BF54F98A86A4EDAA666E555545CFBA1C9
4794	3259800	B1C80B0407745ADC10342113661A3A04670CBCF71CFE22350C940EF3681A61D3
4795	3259824	341CFC0680202DA85C354559E124E983ED04A63901A4644F7F60736DE6128B6F
4796	3259828	871F834E51F4CD20C6E8C991FC05F33C75C73B6BAA1C840A895B9B46F45986DA
4797	3259907	93A37B05C7802DE783122F7BEEC0D457730B3882757178B15358AA3DF9036F80
4798	3259912	AF9D8257219FDEBED4DB3E13D4CDB68988B2803AC5C9E375448321C717D8722D
4799	3259914	9AB341943264DA89F3832885E1400290DFDF5CB3C6AFDD2CB6BE89B7E6A0DC73
4800	3259916	EFD7B7B7B294E466C1AAE49D5D15EF0AD94D9E6624B13CE7CBDF426BA5AEEAE6
4801	3259985	DC0DC01CD1C0F848A61C4FBB6F8F3D35AE4046EFDD076908F65A9987ABFE90AC
4802	3259988	4491EB7E5B04649027D9F8B95DCDA30AD740143EA58C46297A7A5E45E97E7728
4803	3260004	C64CC809ED5B3B17E8C858767A5559A79EBBFDADEA0BC93A88109BF37B20A771
4804	3260011	6B0D3380EABBEF122CFF7555DCA8474B4A1EC477C3135895B60CCA7443D2A161
4805	3260012	4B9AB37EDB20640E6EC5E40F74277A8382E8E4D97E2F0D8F6F58B5812596F0CD
4806	3260028	ADAEB097D16DA425C1CDC9D0B33769A5AB9B9986242C476F4D47A9B368442625
4807	3260033	1F12F1ED0DB7F2998D2643DB4AED266BD8823DF0C71FD534094DDD0D7814FDD7
4808	3260035	EF239E0ECBFF07ACAD4D101DD324E8E5EF0A38C3C6E82ADA6C0FFC7B66778A1A
4809	3260036	9C48AE15FCE8A7CE692AA8417AED1447C19A663ECC1B79B650CA170924A0FF44
4810	3260104	395D2EE306B90775599E288918FEA9A7B2E5CA2B2DD84C2579AEE19A7DA5D395
4811	3260148	E23662CD87F60FDD439FAF11E453FAEA1C0A6C87D85FED83B0DED3E20725F6E4
4812	3260183	EE9648659D320AA6DB6B62581F3937E1EFFA2723210FF3177DA6AAFD9307EF97
4813	3260188	9E6D62D6168E405282A1D644D828D197596212C4B4CA6744124C152D3BAB2FB9
4814	3260400	AD39F56F61E5B2A81AC213D14A20264E923571AD704382B3DF3015B11C382AB9
4815	3260404	5825078F7407063E32E94D227B71DD5DC5AF43394BB6E5673428BB1F7192B39D
4816	3260437	F2346F33B59894524D17B26BEA3E45BE10B9F3C3D2D85727C645E133D81BE597
4817	3260448	E5E8E7729BE1503B0A188168FECFFEBF99331C5143DCFC6F6F83ABC0D8185E34
4818	3260504	68FEFA3077EE5198DC483222BFA0E01DA37CCF21D855BB82F5507A99A297DDB4
4819	3260512	7B73A648CEE5E498BC1A79B703F641DE452CF75115B2CCC1C4A5571E435D12F2
4820	3260580	CFD142C073CEB370995503E9CBB91A514FDC81C4B7F7CF0CA61775540588B376
4821	3260587	B18B57ACEEAFA66A0CAA5FABD0919463E5B9EE0C86ACC4D78E86346513BFDC04
4822	3260604	C5B38C5F67AD29C797392568E5DFAF786E23E5402B6670993D2F3F932F90BDD3
4823	3260633	3A75A9386BDEDE40EEE9BCC4AA4C8BF2D32F033272AB62C4E1F40AC2F24101CB
4824	3260635	D50FBB40C4E0560D6BEC7ABF2FF34F140D81E86C472CDF618EFEB4D2CA327FA2
4825	3261780	2BB2C0491667D2E61E5C6E27AC3F510B8AA4AA7C77B82742AB8B86865AAF6324
4826	3261784	8F9750BFAB17BA99C45320C4BE40DFDDDBFABF8A69E611E65EFCCB98843DD1AC
4827	3261830	466492C8744C9CDD43C21EE3CAB15D99F21181C97DB0CDF25512F25B05CEDD37
4828	3261841	735C88EEEC3EEF1C37CB22473611DC9FA6EBE41706F38962BFF7507FDD9865DB
4829	3261872	A1830FE5B1B51226F43A34C8BB427484539DC5DA6784A66E255C8113F5088AEA
4830	3261884	446D6DF6D9BA859D44627F0C312AF2E998CF56DD804190FF429FD73CD18761B5
4831	3261967	016685CD6AEFBA1C2DEDEE6C83DAA7A1396BB95A5A2D4EF39B69D3AD0C47051F
4832	3261984	5140F1C0E140C24C1AA9A53D58907BE34756B651DE16593E76683C1D395E56CF
4833	3261989	EA40DB49F67ADA019BC2A185DBF3C5C27E4A2AAA9B77985151A32CC38FF66395
4834	3261992	FAB0A4F1F16FA5A82D45CB29EC977DD947B29C88EE0253CAFB038C5215BB6ACE
4835	3262008	3E62C5D6CD20C8A2290CAFAF4C6F5828C94FC260D40CC0DE781C9FE8A532ED11
4836	3262013	94A401FD31A9D4615820F01D283A91AD374F6637BB27E3E9E8F542EC9871F57A
4837	3262016	33528BAE644B556890B0BCC45EEAC3AC6A212FB1A6F1A42DDD890228214E7392
4838	3262316	19534E7D0AF2FD35F5E4687647DA7BF264356EF5EBD44FD01A9660266680F301
4839	3262384	1AA960EBB03F412A98E6CEBCAECC8B6538AAEA38F2AC4A47A66379E4E04AA6EF
4840	3262428	F0FDD5359478F575361BBB6A4000C8F89BCCBA188BAC55FC2676940EE2A9EF16
4841	3262487	EF0A2BF0F1C995174A85A67C3EA622F07AE0ADB593E92F45A0CF2635F34AF946
4842	3262496	CF97EDCE1A4C4F1A272E2BDAF2FE1C5E0C8E304B5F7F26DCADC1FC0E71FB5F2E
4843	3262560	3055306B49660FAE559122C363B14D5A597F44E62836137352837FBC3B36E80A
4844	3262565	CE539175FF88241CD6EE8FB9E3FE83EF9EA13B20292DD055A97AA9A3FEF8EEB8
4845	3262568	CB23CE84A3CA649F37DFBE74B04537AD208E078AB8BD3901B652EA94C268643D
4846	3262584	93FD4FD9FC42257E5A364BBAD691E3D8244D3B5C5B4B84EB1EA32B929EDD5A03
4847	3262591	9E86DF5510D90706FC13AF7ED8282E2AC9F73DF11E91A597306FC6C19860A110
4848	3262592	06FFC437818397B353CD40419890F1016A217FAA0123BE6EB5CFBD3B557DE8C2
4849	3262615	FFEA2EF6975F4C12A5050E5736CACE3CFE5A2590DDDA6D379F49D831A3493800
4850	3263165	4B936B0BC279046D324F02CD761F1E8C625E0D36CBB021B87E9A6AF25BBD061A
4851	3265380	D41AC519907BA92F239CAB923ABC866DD300B367F9E8CE61BB519C4315AC44BF
4852	3265404	DF6BBC81D5F97FEB128E1603F02817A2CDA60594109D0F34E1DD293110C566BA
4853	3265479	C74E58B08DEF5907B0BCCD3288F8660ED1C59312C6778A4060A93AC7622852FC
4854	3265494	298431F29C817A30480A18C446ED1EF14AD2D8B0550B0090A5B4BFDD3872F86C
4855	3265560	9129FDCD7ED3B118BD30FE61AF2344C30F4C0A278CF7B42B8706B8F1526E6FFB
4856	3265567	8C889B68213B4FFA046B0FCB4FCDC7727ACAD1863EDB1D75692A5482C7005E36
4857	3265568	AD140B5246F7CCF1C0C8A6FB907DA1DCDBBBEF9195BB4A0A75E5AB412CBFD4BC
4858	3265584	153D580A373B23E8DE88E11586C06B6EDE264DC3AE6733AA79D15BE0F4C606A3
4859	3265589	EC423DF5A0555602352905973308F19AF40B758EAC95920A76359CAA38C920B9
4860	3265591	A69DE2F55E50A2BE154347344564AF87004A3CDA08269808F6CA32F075F9B70E
4861	3265608	F3BEB94ECE66976A729AFA928E41F653960E3C9EF9282D4D7312D95383C2644B
4862	3265613	494D1E7B756A9FB69153944E3E6115F863976D629D4984DFD6D9C5CF4144F46D
4863	3265615	938BFD37C2D3158A29D7ED1F4E94560CC3DF5ED56819FCB3D1D45BA001A45B6D
4864	3265616	E927CD94236BC52CBE76123F35A69129A124ACDCA2766019A031D9B9495BF7C7
4865	3265860	6891D4B87B4C43BB88448E3D198B85FD1A48C90E093DFCD9D93B53634A92F9F2
4866	3265984	1B329A67E7EC355867FB65D576415B78BA3B6E30FA50F7FC4468239B6A3BAA4A
4867	3266008	86B5DE1C2182B6D9F5BFCAE2D31D8BEDBF4471A46EDF5316FD757592FBA71134
4868	3266028	1FD916CF9F469379DE0C5892B87F85192FAE8D3C432A30F09B82C7FD534E2EEE
4869	3266030	D68F88AB3E69789E8EFEE8EE6A8E0D59A36EC2D6B58AF4A6B7A7841F6E0B14D0
4870	3266063	07E8E171F6B77DC6CFE9118F3CE468CAD3017E7DBB9DA61878070F4295768196
4871	3266068	CED714EA9A393053D3DC0A4739D8498ECBDC0E0152B560F98551987A63B36066
4872	3266079	823CEEBEF5920FCE0180442F97B0A7CDA971915E3B22395EAE2402546FFE2537
4873	3266087	1B1A34897DAECB9DC8FFAC83D190F4C84ACFFEA9F2A3F885357EE695DF4AB8EB
4874	3266092	7739252F38F0663D3276811B30345BCA2DD06B59E6FA56D71101CE7BC275AF04
4875	3266094	739BB6DE2E7F7B690F4AB515A066DB2C33555794982C01A5391CC94BB79FCF71
4876	3266165	5DB674E899ED9D97F7213580DDFEFC9A54C0FB81849FF07DD7D3F55B6CA72FDA
4877	3266167	0E23D8540767AE7DD48F9297B4538E05ECDE86FF5A2508B18BABCC1C029BBE77
4878	3266189	C2D0E302DACB1F56D917DE7284B308590694857B30902A14D91F40E1322AD879
4879	3266191	CAB4E42952F69FAF73AEF709FF22701248A3E67FC681DD6FAF3A0598D335EE6B
4880	3266192	75B1E7FDC778E8478AD7E53008E9BDCBF66127972E61436D945F268505A8319F
4881	3266208	CEABE98F2B5C6AB454C34080E6A77E458D3DAC0326241C102139B3EADBF997ED
4882	3266213	5936919871AFEEB41BCF05A11FCCECADA054ABFF01A3D469B3FA85E1DE181751
4883	3266215	3F577C580F4125EF356D0BED8E4D1E6A93AEDC555A19B92976BB442242F37B9D
4884	3267114	5B759B7BF4B154262A8D89F269F400E9AEA98812F25B37B8798F65F384FA573E
4885	3271144	42A092068AA389985BF3E3F79C28FECF69A951925F15E9719F64A75775573FB9
4886	3271164	5EAEC287E12A140A2632A82B3AC6774B2F7613FCD93F7B6B337B0A32285FC067
4887	3271168	4C6D632B9FC1DF22018BD6438B9B5CC45EFE054D6E4C4C491A10C6A9E54B617A
4888	3271188	F4F21BC9F360A3B03439C6FF121EBEC0CE213202687EF27A0C08C16454E1D894
4889	3271256	DE452BB4D17355C122C4C578C73A8FAB9B256F594E75684EB1CAC36A6BFB8148
4890	3271325	62B04B3561E0AA123CD6A5950C8DECE3427B54E942F16FDD2E5C80F7E8D2388F
4891	3271328	784E0707B862FF91779DEA2E4573562BF06A3754F34C350FD0EE397BD57148E7
4892	3271349	2263143F41430A6F611329E4E33D0A0BE324EED809B4D78E972B90CF06A24A81
4893	3271351	DECEF7F4A21EDF03FC59B5E4DA4CF50AB0FCD678582941DD2F4C79F4494B26B3
4894	3271373	9604C527E78FA658E4F588035AAD56ABA5510CC15AF9A36E62E35FA540E7F848
4895	3271376	74657C170B5EAF49E6106ADA5649F826C8E42506683AE9EFC7B2B3FEBEA74A90
4896	3271651	888CE210328F4F261C72DCBBABB3C7FC656344713CCCE1F50BC4E1B1E5C8137A
4897	3271740	0D20E977CC063D695379FC68329F1B143D7D32C0C04F776B915F1E40699B9E46
4898	3271744	BCF247700D8978E4BA866AC79E527DEB8067BB87BA9BEA0D8F548267E30B5168
4899	3271788	CC7FEC23336E1D5B077F5642CE012B0E1FA2D22F0632F6A3F81DE66F5E195444
4900	3271844	DAD70B2C3CAA598DB1AB81B1678CEFE9997600F952E302275DFC5C9E29E42126
4901	3271847	86F41E6A7A94D13BBF0B9B905FBAA29511670FBEEC04FA9163F10E3327ACAE47
4902	3271944	6E9BE2982D467237425D89052D0B0A707C8D777E7EE1462B1221691118D6F466
4903	3271951	460BB264FF3FF7486EE4EA927DFF1D20F3EDBC7661F235BC8784223EDA005E08
4904	3271952	E4FF84025A2DF50584ED5361BD0995B627DF24BDA5F2FC0979938113B9CEEECB
4905	3271973	0CD690328B978DAF66E1AF57837ADBE2360A7C4DF33D43A3ED9013DC085D3D69
4906	3271975	A1CE9FABDE57C38935251AABA8C7EEFD3CE4812D3419D0D214CC0CA8A12D77F2
4907	3271976	477985EA03CE4052949C977EC2403E145047A4703590FE8D2A103508D72320AA
4908	3272040	D8D222114F92FFAD20213D739D1A8932B5D585D4F4103C8533E11EB4A33B2A6C
4909	3272064	FC9718ECA098D4801BB48CC5D585AFBDFFA03B9E1CBC03662217F30F96C454BE
4910	3272068	DCF3BA0A5A45194A320EE7AF9FC8E856F54B24207DD45C28CF58E63B4ADB59CA
4911	3272088	8F69BA422C4A3243D3350E3EB4B2C6E26944ABF33BCDB5E35FBE9439EB32C22B
4912	3272130	827A0B7101D75578A9D4AA71426A2E94731972494904BB4E50A4D3D08E6CC5F7
4913	3272154	B8AA40B31BADD0462DE2C347F244B8CDC2236C0EC4EEA808C73AE1034F82CD72
4914	3272220	BFDD2733FF634DAC5E2EED1BA33578C80D64260BAAA6D8D53D99C9350C256FE8
4915	3272228	B69B0045C38448EDFA75CF5FF17D6A46B0CD8544CAFE27118E9640264486B16C
4916	3272244	66F72B89229902A78F5DAA5EDF38211A150DC0F959F1C4278C613A4D80A190D1
4917	3272251	345BBEEEB0C129472688B309F30513575C72EFAB4590F764B293D85281FAB16C
4918	3272252	46761C94BBB5B7FB0E98DA65C122A67E2BED901CD276BEBA014AD5A73275283D
4919	3272268	14C52BD61DB43F8F7EC7304E4C2266A97D354B8A815AC15E3097062718FFCA5E
4920	3272273	BC58DD7F0BF10F39BCFC42EC7D69F62BFA6FF6526CD8A90EB6DA50E50BFFAFAC
4921	3272275	B41CC35C16779E4E22FD31BF0002A21E3F229AF46EA9B2939A00F642BE4464AE
4922	3272276	38FFDAFE8DD219D439A5DED3DAF3F154A513E5A03F95BBC843E20F22D610BDE3
4923	3272340	C7EBC37F088C17469F778ECF3B68C0B6A1E16F499E4D36ACDC1FAA30A9D49402
4924	3272388	55738E28A7AF65B67B5A2AB8539B23AD13FA1F08AF4228D4652369F3DA6A38ED
4925	3272444	023D709EE5218C701952E81ED7D1C5D988F81ADD17EBE13BCC1308E7D3AA9F58
4926	3272552	898CE3A9B5EC4215565642832AD49A1F26A8B63514545682CB82CE0554917130
4927	3272573	617B90AD8EFE7A2E10E2F99E7B6DD0D989CD4564DA8FEEA079FC7E56D23F1B12
4928	3272640	94B83B0E0496AF3287FF8AABBAFF0DEB96221B569C9C270998CDE4C8913C5CC6
4929	3272690	925971B10BD4F684727089355658B7964A615E403E981D6F162A2638A2218B91
4930	3272732	C6AB258F91042EA84E11F4FA0B0B1F7038EFDCE05CCDEB2CF8D7565D4B82CDFB
4931	3272739	4A02C36E954586C150954676FA6EB9BFB8977CCA1A5879119D7C868689974A1D
4932	3272744	6661116168605F8E3FD267CE09C70E3653EA2A5FA25C2E56BE12E17E52FE5389
4933	3272747	A052B72644294CC68064BA73F355CA1AD768FD3C54D5857CD45D7860D755357F
4934	3272752	FBFAB9DDC0F87294071DE3D886159AA75CC3B9B6A31FC0C0A3B1F5B023CAAA1D
4935	3272820	449F7686DACCE23EBDF1F6FEBDC43965C09FED976C8F588214BE3B50BC3D5FF1
4936	3272825	A4B068FF6B638F3765AB9AC59ED833799B46428A313925AA0B798E181C38BE99
4937	3272827	71FDDE301AC07E2C52EA6AF343843AD881DE9D2348E3281C15FBE1E066F4FB70
4938	3272828	61AEBE1D4D66352C5286C8E37275FB6E9DFE52BE2B3484E1EA4ED8AE6C703CF4
4939	3272844	ACC2768A88A3AD4850BF63874FD7C8117CE30CD62BA8C06CF05CD6AA8FEAEC8E
4940	3272852	8D557CF5FA1C3ADA7E0147AC6F09D13D0E50C5BF9D08187C4983E21713608BDA
4941	3272868	549470F8A46BD9E6FA83DA750EEE74DAAB104B1647766BEE13FD0F095AB5E698
4942	3272875	E1C4EFA4D08C24877BBBFC0A36EFA455A88F0617F09D103CB9110A5151CFFD61
4943	3272876	0E7321511C8885B4E0905DEC0D1E49D77D58AF762B6757616C45694E32F07BD3
4944	3274020	A885E891100E3B54602387F2FF9F0A2F9CE4BA2951AFB140774BA8E0C322DD6E
4945	3274048	9EC6C442497B9C07F4270D2B451CB2DABD0E94CA61B3C22F8D019D6CACC19C25
4946	3274070	A7BC8011A6B6C628407882660B7C4D4AF75DF92E8A98869D3CC25A69B253BD54
4947	3274205	B77A17AD0346AFE15947AAB276EC27ED25EC16692584BAB0FE590B50EC193363
4948	3274207	53F96145E2158C054074BD105FA218521D89C0B7C640F9CCFF90FBA435B3C02C
4949	3274208	EB561FF56C92D3BAE040793C78DB05A47E5BE2A8971D231E79D7EDDD6AB28656
4950	3274224	99DAF876D1A788C7F8B402146F2F362A813345B6B53EAECA34D0386374C918A9
4951	3274229	E0CCCD6F46C212472FB4F4ACD7903524261FB908EF22DEC40551747561D6394E
4952	3274232	90F06070F7C67F1FFD4E21806F49CEE2AC7FC7C2C602E9299CD4AF5245CF774E
4953	3274248	FCD58D24BC26016ECA4F22D57889591E827E547E1EEA8A08D6AE351BCF530C35
4954	3274620	8AC9912FF6208AE1B1CFFC8C92F78C7CC304D9FB78F517372A25FC35016F9A44
4955	3274648	C5702C6E31BD61AA936AB984F2A2A6055688236B59E6505D3530D4E77639B704
4956	3274719	3E196F6A2697D7D07840C2B7C42504E5318364993605987365DAF187DF297FB0
4957	3274724	448B34B74634A170807AFAC482EC64CF05D3FA44F65A5B12339845719D010EEB
4958	3274727	4E0922EB976DC90EA0DDFB049C5A1FB9650A865BA6E2172DB7B3DAF3EFC1F54E
4959	3274734	492DD2954B2F56337A7CB3FF1D86A53A519E748DF2B94FABED8B4CFCAACB9FAA
4960	3274805	99A6A2710B9310540A762A85D334873D39B30E5DD381FCD75897785CC94A57EB
4961	3274829	BAA6C95C3BD7A92E297A30D15A247F861A64AC9854A1FA520C456166E017FE72
4962	3274831	332CD5B428CBAB786BFC026AB4BDAC8C27D4D96628F3034421EB24AF27739BF3
4963	3274856	10025D59E5F2F1973CC561A8A3FFCF7D7E1DF260944465CA691B8E52612134A2
4964	3275765	3C79257E988EB0655626B704A38C045F837F6F61B6EEBA70BE6C4DBFE37E4327
4965	3277644	29251416F016EC14D9CF8D82DCE0A669F23B822184D05BEA1D218A1AF52D7923
4966	3277648	A008182CF4BC90472411373A4507428A2329ABDF2D96FD3CFE645E4C66A2656D
4967	3277670	A08B8FF38F09F3D7DBA195635E58602B8C75B1059F7A76DACFD8C7ACBB661D37
4968	3277695	6FB1C7672EA0C06506A095248AABED73FD35062F1DC1900CCB9057C76EFE43FD
4969	3277712	541D5A552A8ABF71E733E9B8CA31C7DA3441D07F45965BEFEAACD5783B732346
4970	3277719	659DDD52047661F9063D4AA31BE7D2CA4DF626689A26ED73D6F683A798188837
4971	3277734	526DD7AF41285277B4102EEC5F0D3814CBDDC15AA7404A48E3775AD5B8CA3AA7
4972	3277800	50F181543907D61BF38FCA323FEC0F00F8C0F1494636CC9CD1F2D3DD41170444
4973	3277805	4DBDB34140283AB652D290D6369F7017F84D9AC31E1D521716D3B4C564E37792
4974	3277807	BD8DD143636A1EEDA696D9D610E493044CECC4D9CC1DEDA30AB324D55D939F7C
4975	3277824	0D3EAA61A573F68A407D5F8CE01122B08DAB065399A105E730776F2575C2FB07
4976	3277829	967F83A77D284111CC79F46F3B664F5F8A14F44D46B6BE51338755F3854C805D
4977	3277832	6EE8C37419C3A3AA5D4B6AE284FEA14E73A150B6B15D361846A513F887523E2A
4978	3277848	1D9C7704CA80403F72DFCCFACAE296F3DFF4CB7AA8DA68C431C9949BEED4BF32
4979	3277853	15F8B1CE8E9111E12011FBAFC44E84C41072CD8AF33E4674445F3DED32164F4E
4980	3277856	640F1040BB0B360E10FC4465EB86B22458C9A1171E771A14212872F0F2B87592
4981	3278036	9B8531ED023DA4479FD5897A0449F50A2AB610FA58176C43B22E97E648AA8C35
4982	3278105	2D5E9E5885C1B1C54EF092D0460FD62341716B7F9C5F4BFBA5340D0B3A6CAEBC
4983	3278220	C4B125611B7BF1F437719D71C1A6F280AF1FEDDB45C03E1D4C6EFB496ABE664E
4984	3278244	19529F812EBCB3E612739FE8EF530C28CCD8A5D6212102A712E30323AF6F85B6
4985	3278248	A7D4ABB06C6FC0E03755218E5EF53BD8D4606127C73FA7492EAE4477E6DE0389
4986	3278270	70975605A834F2C03A061C76A9BC82E204B937DDB1D070C49BEA5A01E20FB40F
4987	3278319	BDE50600A105D506A0351E03AFD5DBD1670755F6985559845A18808ADD6EB350
4988	3278327	58A4D84C9594D9F0B67ED24100B8B4B62B6CE07DFAE9756CC4E6C5FBA562677D
4989	3278334	FD2EA68226A2B083DF768E85120FFF1CC859F7AD4D2DC853FC8B7B0090A02296
4990	3278336	CBA54F34858BD0FF0061C0F1482D5E97B0C761E5264C436C725FC0B979219A2C
4991	3278405	1BD849D0A8E4C5CE750AFCCAB78664FC92F4B89B6A76800B5343B81C9ACF1584
4992	3278407	41F57B18E496B2D563198F7920E4FC8462E0C76BB5AD4FD9B28501FB40396DB4
4993	3278408	E0C72E6CFD1413BE849E69D1EC5BC08D54115F43EA9B1E867B198BD3A0BD596E
4994	3278424	3A5CCB86849192BEFF8D1E67044BA33FB37F81DC1501B3776F6AF9539085CC3E
4995	3278429	7EEA1E9C43C62742112F434963ED68DF66268283B803B1CC958F6D4E4B71A64E
4996	3278431	36C2E8A13423BE18A85F6A2564F2F15C39F9EDC842630B7630544F7C1BE23FF5
4997	3278448	2D0E4870B285D85E863269A50B9532140AD197BD10A5CAD6F7A75D313F77FA1F
4998	3278453	C54F2268934C823D91D39D7250C5C343A067A834672F575D4C43EEAEBC4947BB
4999	3278456	66B698308B3DBD7E2DF39A7C372203478DBC8C8725A849D120BB8E612237F0CB
5000	3280116	627EA28F6B4C9CD89B8B90A7822138658B07E34A8F47CDD562138056B054FBB0
5001	3283595	93D7B20B860CF8C6DF4ED5873E361B055253E76BA443A7BDA7458B43DD968CB2
5002	3283654	17DA1439B25DAB2A74DE9DC40A54D8F9D5CA1F0513A143D013DE52879D83DB68
5003	3283655	298BC63DF048F6BDB0EB6375753704B61F79DC1F277D292E7308B9C0F84257EF
5004	3283657	26075918B9DBC087E00305C7ED7121D903445A8D13438F330A3CB5E704BBE1C4
5005	3283658	DA4AAE3B1EC0C6A2C51F5806F603CA298344F4400E7F6CF4264513F1AFEAF81E
5006	3283659	C9F4D97F366964F46D22DA77F9B3455CC1FCDBD3662639448E9292B4AB8E5217
5007	3283660	D75110BC5EC44201B9CDCE2840F4BFB694F0320A7F6A7BDE2969ECEF9CAA1B6C
5008	3283662	A87CD3205BE6C7FFC6118ACF51753F08971EFB12AB570BE82133A19ACCB51ECE
5009	3283665	5B90788CA88EA372EF44B5F8A00CB8D9B9146F96E293AC07CC72A030402ABFD9
5010	3283666	AC0BEEE9E64DCCC4923F16E1D79930C298F427F0B36376FE56DA5ABE1C850CB5
5011	3283667	A933A031AEA7E28F602C1337BB0581CC6A2F0CE59D098BD1968348BF641E7B9E
5012	3283668	285A78A629EAFF82200D71D58B51AE51EAD22F52EB02CB34FA68CDB5F3346ED5
5013	3283669	40F068DFB4BB84AF06A769646FD14B99CE1908C77C9B406E72A2583F603BDC04
5014	3283670	B383536DD1F24D42E7E6523C2AEDF9779C04189EB7E7859C9B99B1B019C2EB49
5015	3283671	92403603DA590220C5941540E4CA37220D8738D6227DA7024AD6E6C7B302CCD7
5016	3283672	82C4FFBA2D6BF320C6909B4112F08A200B23631B39B593482FC4BD03BA292068
5017	3283673	B73F8C0F78D0F2C925DE763BC3E8CA070B336BF917CD18578DC5F46B363224FD
5018	3283674	6FF63EF76602F85E661FB89FBE11B0D7ACB7332C096A4D23B03BF11E4B876D1B
5019	3283675	614A10C89BA8B4EB0C97D1DE6B8CDE677B53500E892E36A9CF851B47849453FA
5020	3283676	0A63A204DD3ADD08094B6B049FBE96407927B16FBB6EBDD99F93A733CE374D73
5021	3283677	BFEA6AC4F87BBAEE24755326791A1549558CE72441FF3BEE30DB5CD72CEED11C
5022	3283961	30816EC9F0E0F97935C60E911F67A34B90E549A3F11A241EB3D0EEFCA0B179C6
5023	3283969	AB4280AABF65611627671F5A78FF90AF57E100C47BC4EC66F884E1EC4DAE7F8E
5024	3284254	F84D7F0CE86E07D908805F0B46B2C9109EBED6985203709BFFF78D4445456F23
5025	3284255	B67DD84E61CF9490750873EBD713BFDD8D0983539F6C9F6113327E7CB4C104C1
5026	3284256	626AA4E46A1C227CEC420E31D2CC06A4E89C414B7CD88304F0C34F5F2BDD0CCE
5027	3284257	4A1D9FBB13B5594751F62DD73B6CE8E92EC2ED8639CF10E25E28F82393F03660
5028	3284259	F39E79A4F47DCEC3AED2034E45242D9B2E9FA6E9E171EDD57EDAFCA733523B6B
5029	3284260	99D34B2122F17B4E35A88E4BA98982C73A08CACECA6E13053FFCE24FCB966878
5030	3284261	5A6DD8C78BB71666767F9885263B87E919D33C3E52D7B179544606237D570737
5031	3284262	1E79A2ED775B4BFC961F37D1FAD2AEB08AEC6487657DE2DAEB514AF95B90995E
5032	3284263	69C0A3A2CE56D0099EECC981ED0DC3F6A267AA76675C0675813F51455B8F3FB8
5033	3284264	BA133E01BFF3CF595DE481718B52E06748349EE1E8E853D6066EE26F8F974C28
5034	3284265	95222D512FCD158B70C056D75BBECBF101D2AFC3ED95BC50DB1E4C2E1A41597F
5035	3284266	CE85EEED7FF7A953F341E6636DE39C8749F918DA77BA6F0F4C81E0C2006038B3
5036	3284267	FA3FE82236A4518A42F971BE0B998674BAFDBB580E2D93D999F0DB1CC5005E62
5037	3284268	CB9D92A0294043C192DE8FED0CCCD1748792B9FEEFEC8E067D0C4FCDBAE1D060
5038	3284269	DC798974FF80792510A35369F6D69AF104BBC2B6100B93F85F4AD980EF9857EB
5039	3284270	ADEDAD9B7F4B9EEA7CC9BA9FAF1BAB483B6C243CCAA89F053AFBA51F251F2363
5040	3284271	D6639D99764A74A4E4B7664ADAFDDA71176E9E52D3AC4D8ADE92BEB1AEE85E06
5041	3284272	84E36EA3C3D68CCEE316EF836D4BB0B3F4F2037FD6045947B45FB8AB887EB726
5042	3284274	0033B67F1659AEE0F336A50FD3FAFFFF8D04C1BA45B0C9975E6AFB3C922373AF
5043	3284275	6C83BF4F71DE3C6078C3750555A1D4079DDD2798B930DC03B3198247EFC016F2
5044	3291849	13B8F3C3A038B6F6A4713F7A41170A6E283AF53B616778191A283D98845A04DA
5045	3291921	28810F38EABBBD3A4D11967AD2334C2E1825F214530D8122F894C8BCD48C83BB
5046	3291943	FCD4A8B51F7A738DC189172E724D9B6A0F7D05B0B17CFF75CB8C2775AF4329C4
5047	3291945	B7471F6BD56326002A0D79155F9CADD9F94CC7155AF70C31AFD07AD88E5629A3
5048	3292067	9A50D7A504C5EFD86FD2B838FEB058A6B8AC7B224DDDC0CDF81C3DE2C16B3A8E
5049	3292070	C7BCFE29FE0158574E2797313D7E9C144089F0B122F2825BB31C1CD10134E5FD
5050	3292071	8272F583EECEC0E8FDEDE3E4D0551EA651CA455935ED45799C98F30D29B669E1
5051	3292079	ED75FA489BE185260B455998B93F99E5AEA7877A5F2A4392C5285ABFDB35F562
5052	3292081	270D2E36766B3EBB4151B5721B26E5F4E49CD2564ECD5B217EBCD0074C06902A
5053	3292084	53A3B808C25D864E8B9642F0DEA0F59D259B8884BC089F5AD6302EE1D0C4759C
5054	3292087	46CB91A0A2DB08E59D1226DEE03EF5A7BC6CD373666B14F84BAF2E438EDEB395
5055	3292090	72E514A41C7B1BC59FE09F5447F0517EA7C6108BB6598A99F77CD777559EDAEF
5056	3292091	70E0FB56B79FAC71905717A546BB1F83C9066EBD018ED33126B1116E168E9D7B
5057	3292095	C560CFE42EAE15C36FB31A88335BDFA360A80CAE964673AFF3CC47D33B2C6F86
5058	3292096	67B7A03DB03626DE361B4F6FE3709FE014B2D0E308AB429E8ED5576BE0F6A9CE
5059	3292101	1BAF951D99ABCCEAE6F1C276EB13B17A1678DBB6591791FE91B502135E629EEF
5060	3292103	C3653029682BCE67CC5E7DBD0A78711F9791D9F4036319F9152D27EA81C5A120
5061	3292105	252E85C9DF01D3D0E05DC0A187BD05984D1B9ACAFF09259F3EF487038AA63206
5062	3292108	3312753C53E626B94D6CC44B71608EFDB68198455DA704A8A7AAF16DA9EF69F8
5063	3292112	DD2550E375D0B04E97D512DE37A76B7B81FA5129EC81D75DC255583AF906E5D2
5064	3292114	0A59882684F77FB92F8BF9F9AB9841BE2BFD876B1DFB06F4A7BB291383C34093
5065	3292115	8F21ECFD62A334B3E51FB8F5E1A03CAC930C23F2C8472A7AA2858EA68BB3E223
5066	3292118	C3DBF67C775EFF4756DABFCA06FE65E85550810151CB75826467EFA670185EB6
5067	3292127	2A443CA6A2DAFA0F7A32ACF3CA71F7A5D0887A9DB5EABF3AE028B39DE41BFFD1
5068	3292129	8652E3071C8CF195026505853C763034288F2A7D41C9BD20DDBEC98AC6853D1B
5069	3292131	F24EC7A727040B0562D140798965F776E18643E8E6CAE12A0F90442342DA5737
5070	3292132	82359A4A5F228EBFD6E238FDE8C63DC224487EC9D9EA8C22E765F1B923409E2F
5071	3292133	785539F61FC88DC85490C278B3B37FA68D7AEA2010E3ADAEE211486F0C5B2C67
5072	3292137	7A293D5B031D456F74D188D245CDE8F9F5806DD52FBF0836D112D4EC4DB7AABA
5073	3292213	F5C6F7A6BEB95818BCCDA9BE29AB4E491B22920EC378E0BCF695C8EE718BCEB9
5074	3292384	4B1E61ED2E4D91F3C9D189C0DD2E29C70707D3A14031A9F8D02FF2309EE13AD5
5075	3292405	AA9210DBCC6C255EDB5007C46251785A2A33573EA4F472229A696A5299D794D2
5076	3292419	DAD69E460B22614CF0BDF899877AEAE977608B288A8A9C2ACEBCE0498F7428E7
5077	3292481	9D5490C023550AA646A23F3DC4B7F93BCB1A6FCDD3C61608563937FBA1B3C910
5078	3292493	BF62AB089E6D33DAA5B3511089FE121ED0CE2FC0C291847ECCB7E3BACBD235B7
5079	3292496	82243334B51368559DF16483DD234A50EA00F22BBCAB8DA523379829E232A58A
5080	3292513	19DC886D4C6582566A7426A370F9B4AF6938B6B2718B7E46BC217B7C1C76A17B
5081	3292667	CD2780DE15449DC052C3826E4037AAD37434E8F8B233465BBC43EC02B454E3D6
5082	3292679	737CD5EF90C97AA066F556E0D2EF23A6D811777DC3A0D399308894D1DE67D3F4
5083	3292683	B890DD3CCEAD704D69A24BF4F727C7C1454AE818F1D0C705DD2840582600325A
5084	3292684	3816ACE28E6095AAF6EB7B75F5B729BFC323E5DC8C71DB74BDEC088303644685
5085	3292691	4238207F2EDFDAC51818A9F04A9239E343DE11652A80B4987E0A0F730D77BD68
5086	3292694	F448442B52E75C6E0F1CB0152C526B82988377F747001EB006A918BC5414C531
5087	3292703	4059CA29A8A5069EBEE8E38F473D74CA151FD3BD6A50C3FCDD734A73E6873CA2
5088	3292705	B2C609B676FCDD357992FECC3AD1F629EA5C2C922EC085C38351DC09925103FA
5089	3292711	19DFFB48E98F405187CCDA3A51646CC0ED88E9DE4481F0E0CF5A45F30C04D32E
5090	3292712	038204457399762908A67E84A44B514C6363482B1EA68FAEDF15F72A291BEE2C
5091	3292713	30ED916ADAB207112A2F170F6D5D44A438F0B12B25781770CF3D83390131CD4E
5092	3292733	47BAC3B71C6B20A1E8B5380F799F12CD4AB5D8C4DF7D45D252D8B54534E82D0A
5093	3292796	93BA5818E3212DA98A454DB0C1CAFE237EAE8B0DA2E5C08083D9E9A52E890A6B
5094	3292813	86A49434D3113075A3DA6E7443E9195B91753630EC701F4DA0928B438AF4AAC3
5095	3292821	A00A33B6645C11E2AA08A98A92DBD7549F74F7A35304CC287CE9EAA7636255DE
5096	3292837	2976D64E58EE87F543230240FF06389A834E28F0D6533B9C9149BDD0600CF390
5097	3292967	56FEEB5A5921DAEA296F84E8AE2577B82733F3635203E830AC1FD1E8B2A62DC9
5098	3292971	9C88584C8F4FE303920F508B0FEAD7BB3A66E61FEB36102E0173DDEFDA9C4D38
5099	3292985	F22E1E23DE634E916DA28D8847088BE4EA750DDBFDAF97B6233C727BD2CE5DA6
5100	3292990	FD3D89ECB3559884BF2DB175C4A7DAED124D928B53BDE9299A6CBC3AA43528F4
5101	3293003	14B4A9BB91614EA162D0265E2D1BF779A708D83C5D6ABE516708124C5DBBB2C9
5102	3293005	654C2D1249CF5329B58CE75B4165E02EDED3DA571C458600A82FFD863CF29FC1
5103	3293014	68679E30CF6A9AFE860B3B79F9B1C40165AD564B17A636549751B22DE639EBED
5104	3293029	0D8C25F1F73C194E989FCD5371C21F713100FC508343A76404D42630448F52CE
5105	3293035	81B12D66152164D8E62C4832C50026F00ACCD4FC642A2D73F94E9A40D8715D44
5106	3293145	FBC2593A6C4F54A4BBC4D12B34187EF06FB9E809E21C05D9F88694C83D75FA72
5107	3293417	9D179C3913EA956F4E8EE7AAFE770692A32F81FD5C766E18864D45804EAF6D17
5108	3293419	83ED32AC8B14D36CF9F08EBF32B41149B5BC3D738345751F9943C5BA6D7C2B2A
5109	3293437	E97A84462C432EE62674F34DB552A1DF2C77BEAFA6DD19F6886CB715CC83FF03
5110	3293566	7916EDAF846AF0194164032B3E31A727D5231FE578C18E470F18DBC9741772F6
5111	3293570	144E0BEA1674416041C21364C58759721E0C212728814F1FA9264C10DA7CDAF8
5112	3293571	7B85F7D6FCE46BE148625AAC2778F7A4749B5A13D4368D798D8591F8E16BCD9E
5113	3293581	E1BE8B342B7878EEB85EE8D22D526FD386E3FA66D06246C252E4195802D68E85
5114	3293585	40B906273727643F0C61377105CA5723E4E848141471C7F388AEF01FB18B70A9
5115	3293589	D94729812CBABF1A8AEF45DC7C0C03D19326676A3E9AE006DA585522D83F24B1
5116	3293590	473C050AE717424606CDBEE9F8292AE23333EEC70AC9B14EBB09DA519BE8FA2C
5117	3293595	042FCAA9784FE0A49DA30D769C165E707BED5558EED445B02979318373AB430A
5118	3293603	030BB3DE07E9372CB4F95D11B2AA2C022E02AF4574B4E6933554DBF26BDD9565
5119	3293605	60DD7953C29466EEF968CCD22BBF25923A2BE67D08A2DEDF111A9623AAFE8C81
5120	3293608	381EADCC80C4BC1DB152B48A3D6DC30493A691DD7ADEC287E66833BD9EB12C35
5121	3293611	FAA471017F830426C1CC6554D906F8E6650A4D174AABB561F1E6728E0AA1A0C5
5122	3293612	675E914831A422BC9CD11E2D53695D5059D3181D30D9853477FB97B9AA824ED7
5123	3293613	888F451092198B4B0689C8E798FE54F34D3749FD31060FE0D3E6524BDE8CFDCE
5124	3293614	BBE0A276124ACB8C7DD386C6157FE91646ED3A60F03DEF778B58428811070FAC
5125	3293618	88BBD5B7FF78ED5FFCEA69FEA1AA37B61606694C0347798B912D51504C92CC8D
5126	3293629	5AE109BFD501AD7E5417E4B2C1FB007E44056BD40231A42186DBBB567A53767F
5127	3293637	1CF6F7AB0F8E759D7CC47FEA3ECB97195007B7D3BF3E6019BAB59D6B9561E71C
5128	3293693	33E21B137609F31CFD82D68F0945AF3C0C7AF8DDFAB52A67BC3F32DBC66B4554
5129	3293719	7E839C913B5A969A1F50C340943840CDFCA596275D8C4D088D5CC410D6851864
5130	3293855	276B009BA0CF809B7337364AFBE3B08C67DDEA3AB9CE6FE9AF804D12324EC170
5131	3293870	742F777EAF17715879825129E856051B34C19BDF87DC054546B5FDD8BCE61987
5132	3293871	FAC77AD34B894E6E2F869DC0702C364DFBA957C96E68044E99ED80294AE0EEC5
5133	3293881	64AB57E21F42646684820E3B6156D727DD13F1560729DB0F4663A05DD85A9474
5134	3293887	C9ACDDFBFCE24D2AD3336F57863D22E208691E35F5A40EA134E22E2C4F9EE5A1
5135	3293903	503C3513569C3F5B053797214A423DB5F967D7484BDF971E02A3A3F58D8B8D7C
5136	3293905	374C66068D9908F2143B94C19ADE656A8EBCDDF0D0BC14DD2754CD793F831600
5137	3293909	70156CFC628E2C797CACBBF835B8AA0C68889C37766A36F236235D3F05C216CE
5138	3293911	F2DF62A978E3FEA87249873E79F1056E652B3C3AA8FB43916087287FC2EA6126
5139	3293913	14088FEB58620243CD3A2385E338A2AC562ECC2C145B8E5A6C687922E15CC598
5140	3293914	C10BC1FF5A7F31ACA584132FB5AAB9A7F95F11937E859D1AB24037FD3B9D1A03
5141	3293931	C3F322E456B1F21E09E7136BFF1755618F45AAABABCA27F95B8031F39FE691CE
5142	3293933	0DA11F77BE7CB747D399C1F68FE950EB774A8C7CAC3E1F6E34D372F7B89A289E
5143	3293935	2E50340F28D8D6D81A8FEE1FBD194F064DB77095E3BFF870E21F86B3D9551420
5144	3294185	7F90E44D89329AD30C2B6DC0429B97C28FA38F95AF5722DA4FD1721A0117EA7E
5145	3294188	F7D3CA271BBB2FE92C581393FC648BB1D164F06C35929CE5ACFF23A450E42208
5146	3294194	E17CD014FE9D4995557A57E0E3C8627BF9973BC3614D8CD1EAB46894D9E19D88
5147	3294212	7F6946C06A6826B7A193B0EE222B6103A927D09014A3CA41B0A6C7DA84FA7166
5148	3294275	621A5E710EBBBCC1B7A8A8E8EEA07C68A9BA3FF73D7F23313722EB89E0DEEC81
5149	3294466	31C00A13477F20762E9CC33A62D66FBADB389EC92DFD84A9B4C1006594A7B6E2
5150	3294467	E2C818834CAE7C90A435D375D85408F275729ED78C1AF5273B1295C5D168D43C
5151	3294470	CED845A10212C27FBA160D9C40CEC9D391C7876A1AF820F92C95A81F3C6D8078
5152	3294471	AD285C1B30C99FDFDC1281AFDF7BC3D50F0A2B9F449C849803DA65074DA95E3E
5153	3294479	0969C92CF717E07B7E52E7803FC1FE33B1F4B402BA22BA78793668C0956AB327
5154	3294483	F30182E06CB83F7E543BEFA03D366B1C6DD64B71E77815B0950564CDE36A4CB4
5155	3294489	BE90F7A5E784FA91E6C1BF5438645E6EDB6A9D5FD218771EBB0E60C187B6CBF3
5156	3294490	70BF0CE0211DCE9D75C70E11D9DC010F1B26C3C5A78732BA36B22326D87052A9
5157	3294491	98616B528A50A19755A23EEF13D60AC5E4751D77AF09F37C24B5F92565A4FDA4
5158	3294495	2003C26BD5D4F384ADE47ED4025AA83984261BC7F484941CC06334CEFBB1E515
5159	3294503	8CB77C4F26D7D6D7D9CC31EF30424C0DB072320B8F6C5C44F5264B70B70D42F2
5160	3294505	4FDBD91A88473501E644E81A3FAF727750B1ECE555165E96B745AC877E4AF266
5161	3294507	ACF20096A1023E00FDF80297DADBC556783B43ECF28C4F7D8668CE9D0066F5FE
5162	3294508	BBB6A8B35AE5AEA47DAE6E5B6D33DC26A4953C0F7A9304E0A9D8D569887929B7
5163	3294511	EB40754F7064E7B32D623C566D6A9E0EAA20AAD90A398F3D001C27832E3A1AB4
5164	3294514	293F699D906734C3141895FFB9BF1C0A0E22DA47A864A462955ABAD68651C3EF
5165	3294515	EBE39CCC87575A593CFFBC24655998A7337B25B043B6BA1E0686DF8130E66D18
5166	3294518	DC2DCF0DDE4F648915982D4ADFCB65A8DBDBA52B85EEBDA330D377C8F1C9B850
5167	3294519	FE842FC2ECD06199F728030E6542D0D9C3844C2BF54973F63A8DBC1F41FCD9FF
5168	3294527	EF7875B1F8F40CE88F7479578EA923FD3AB35C51176A462CC9C5556B9218DC97
5169	3294529	BA2282EAFC51DF8A2265D2EBE1723926F38B52A5BF5A42B37965C33161D36E32
5170	3294531	B61F07F05B4B7B432B175067DD4513519360279AB40AADB13C50D308DA0FA312
5171	3294532	11653560D6B7B4786A6C5FBC7284EF25F0AE5DC0DDBAC4A5AE26F8E4C1287139
5172	3294533	E3F1B054FC25FB5D4218D402B9FFFDEA0377AE407C043B18FE9242AB38FAD3AC
5173	3295673	EB9DB84F8FDF4C63DB7CF71FAD1CBD0EFCF758B259C1C0E52EF501305B8AAE4D
5174	3295677	3A44C3FEF2BD293E275A0643F23573FC9F53452672BBB822A9FB1DCB29CA5470
5175	3295693	D8747A2C07724A8D2247F3EEF7622C4090E5641D032B1B0FC7572FDAFCCA60AD
5176	3295717	83C54A6593F0539AED1D77F4276C13FC7D366EDF02D64D41EFF029B14083E6CA
5177	3295721	5D0E86C03B5144A9C996E383C139276587EC3F1B3C284447C04834B15EE52C28
5178	3295723	935F2A68E00DA00E4714A642733F7F9FDB8D8A413F5E1F9C8754C816336C2B1C
5179	3295851	3529DD04DD9429061772D8074D0D2A95A5AEC2AEBAD60DC4201F90644AC3C8E3
5180	3295859	2B8A44684340896E1126F8F943A37B166C2507D5BDD8134E0D017B5AF5971B94
5181	3295865	2FCD5773C1529CEC82A4473C7F22E25D14565E505B25FE4ADE7592B1A5290532
5182	3295867	B30EF0A1FB568AA05519A12D8A2BCD79C9084D32114BA043C9B1B8BFE4D36E1B
5183	3295868	FA3F82B74F5D45B586FAEEC6D51C5C7C996B233DE34F939918C16BD7CAAF3C6B
5184	3295869	B0536759BD3966A5520BFC0704AA06E5C64B780F092094DCF97CC623752172F3
5185	3295874	94434B1319280BE2B75CE6179EB168A17C62B0D298E8C1643DA642E02EB3A321
5186	3295879	EB74D6ADE5C818CE19C56CB20DF40E1E08A677574BA18CD2D6C40FD2FE15B5F9
5187	3295885	D64B55BF4A9E183C971BC99814156D745630F710775A73020F916E6BC38AF24F
5188	3295887	99463FDAD0AE221F7D4B357F3259350CCDA6B2EA5B380B4B1529B210E04DFBF8
5189	3295889	D3E5438C20561BAB4EB4FA1C34A918EC4B274FEEA1FC8E086BD045CD845AE2FD
5190	3295894	63C77FB7DE0679337C17E70BBCAAE5DCF6A852BF35CD0774B142CCEA5CAFFEA3
5191	3295899	EF9919055CF952F16D2BFBDABC19077D22E6E64CCC629B445F975C5E34D00D15
5192	3295907	2D49EF7DAAADAF56C63241FF10CB837617B76452B40C7C8EAC62353C170C4E7B
5193	3295912	9D2BFFB5EB70D3275138C00BD0529BACA7E10C567B9F688945E2CD65CDCE3BF9
5194	3295915	78DAF07655E859DB9DDB0930E369C5B6325A653B0CE8B3024E2442FA63966646
5195	3295973	F63D200D689510039F94821B40E57B3A08555E5A7521CBB272EA763C817BC6F5
5196	3295993	3D5509FDFF4935F88595D9EFA1FC49772227B286FE5E9BB2DA63354FF18CEFD5
5197	3296171	375525A5931877C7D79D9D9A5C9C5A0E63AF43C472415A532525F0397B93424E
5198	3296195	E03128D560A7E0F37AE065F08E413CEAF670FE4C45432C4AB0BDC4E2ECEE4E40
5199	3296199	4F53E752433661CF8345B7C0B8E8944826E34E5413A05E1373A9E71AF14635B6
5200	3296211	30ED375D86ED42E993071D45B588027D2427F761BD850CD49F563882D7147874
5201	3296213	3DEF726219F3A37D14BF639DA9A4B1E5BC9F20AB202C1790E5648A5174B6E0C1
5202	3296216	43EBBCEE3552914678B0BC3032BE59F4FED68FE163DE731C6BD957CA3F451411
5203	3296217	4A6E2E678934BC170C03BA8FECD00E1124BE0761DE03DE49D4B4C6DAFBB908E9
5204	3296273	D123AE825517F6C042B6397E45FAC8CDB393F0C4FED99639B49744E354D2BE62
5205	3296277	D9D8C09CE03CC9FF50D033D0C60C8B629B1C0548DBABC0AB2ACF982423C9F803
5206	3296297	B0D215A8545AAA2394702B7F6A8DAA4005C9453F14B6ABDF07FBA6B97E135180
5207	3296299	FB880D5FB8D278295F8596430217D5699BA535CA55568BCC0164B55577E62AAE
5208	3296301	2C031E16B33CCF2291805A1C56DADCD19B839F697D1C4EA76CE102F518737A8D
5209	3296321	C75D60DCD516646D95F427E6A8C8500B7E6ABC3C7C6533F171CF2E526297646E
5210	3296325	64024F3690FE336492D37961EAB1549B90CBC2E36DF69FAC84438BF2A4A93081
5211	3296447	86F1FBD77461E380C6804B44305CAA6816200314D6D3D91B511BA4A05CA29E9A
5212	3296450	835D30D55C70E9BD9DB77F38F5762E5C3107CC9FD7970A1C5E570A40B21A8664
5213	3296465	CAA8B333A89FC342D364884472FE605927F5A307426631D447E510CF8FB33A0A
5214	3296467	63B359320C07DB618C77EEF2319D29F4D6632D7D0479DDE3EE5EDAA431D5078E
5215	3296468	921B043B78ECF50D5CCED85243CD88EB2918CC21E58EEF69CC47A1EF0FC65B08
5216	3296470	8E80FFDFE26E98B1BFB7F52155148BD05B099C30D5E4AA73377688328BD3EC3B
5217	3296471	2375BF9B0C70D9773347B3519041147824D83A73D407FD295B7E71AFDA181AFF
5218	3296474	56FA0F20C38A36DED1EB3A0D98DBC2909968FCEDAE07898D50877300520ACB04
5219	3296475	B36CA64FF01094348D07A4B3D207FE4798CA17BD1222200CC508E18A29C76AC4
5220	3296483	5321B147D0541307A6ADA9A5B04FCD3B5F928FAE9E989242C6D0D108E64F681E
5221	3296485	E20424061558542B71139A8EAEEB3A27E3874A4EB702839E71056D6EF3BD6C10
5222	3296487	1B8BEE654FFB0622D45EDEB7FF7F9947B8D208093672F2510A73F282CC40A626
5223	3296488	368A25105DC659E54C6F23A2114A720D817E602924B811A04FFFFFF9C61FBA6B
5224	3296489	1E2BA07B13F799A3DFAE388697EF63D45439A6A59B2AF3865647BAA77BCF2942
5225	3296493	21B74EFF4BE6C9050735FA7C50634C988C42923D784B6991876374966A190B25
5226	3296494	15DF3E80B9189EC1B66FEEC7958E41F9C14EA47EB35A687F676C7DC9E87EF750
5227	3296498	8F32E41EB53CFB5D11F48484B3E05B050E4E6CE08944A03D2CF8FA5CEDFD4210
5228	3296507	4EE9F7A8F103BC2713689169A28B6948E03B56A4AC26D78F00B7F31915AA3F8C
5229	3296511	4AEAB9A9E14638C17481CBDC5E17DB0DD9B3F9A8BFCCCE932BA421FA465ED467
5230	3296512	750D0D05B545DEB266F6AE41F2137700E4362AF847004B85DE2F08FCD1A1D339
5231	3296515	0C3A90CBC07F7B79328EEB37851A0F42BE8A1507C96D74EF1F654E97CC96BD1A
5232	3296573	A6C664CCFF7BE6D8A2008B00A767697921C48756AA04E1D36DE92AA2CAF7DA75
5233	3296576	940FD7B8E55F7287CFCDB84291D3A62BF902372A9255141D866625DC600BB092
5234	3296621	B32C2E75362B8B6B4780D169C50BB1FBAA13043E18958F44460EEC5B0B332586
5235	3296623	3B7B08B5E528580C0D99F9213FA629965E0A9C7E0F63A7BCD7B9470CD13FB97F
5236	3296625	952E0D2B65113500C6F2343596BEAA4E800B71A366C66038031074D8901C735D
5237	3296746	443B5ED1647D9DD17AD4DF4BA086E5B539FF6292151973DB8325CC52FA90736D
5238	3296750	B3DDB7EBB83BED03C5FFD556EDE81ACABB815F8D845CB9554D1020C19875DFD6
5239	3296751	1C92927CB8137D019130F670A88F9A456097A24662B6201A3FD9B42DC2588671
5240	3296761	EB450DEC4D40D7DF6C7F602DE07E5F1BE80A7593981F8CEEF387C1C5B2CA09CC
5241	3296764	86764DD9C6EBCA0DD4BC00B5478D82D671C3E00414B90DD81874B894C641251F
5242	3296767	D184BF4D61C034931CF25AC2218803B367FCE81D161E4AD347FF818B8DF8B65B
5243	3296768	474DA662AFABFC19942EF17E7CCF4F94E4B0156DB30BF54635A41D22F63AECA0
5244	3296769	CE70BD30F11AD758FCAA843D1F08FC1180AB23139221D813472C122C90A7BBF3
5245	3296771	4B993577F3CF2B177FCE9AF4C7B3E74D12348292C03749BB96E9E16D3E2EDB99
5246	3296774	935A8532E7B35A6CF3350489D3D0B5B0061AB41CBB797CA0A8CC4AD8ABF95C55
5247	3296783	E0F3E9B7420EF30F8858710C925CB4FD12AD9989FDAE8B3E8CDEA761934AF9D4
5248	3296785	55E16CCC7004E0A75C68F450DF5CFCCD0A1C49513DBF44155FD2931EA4D27302
5249	3296787	081825645A1167965791B05052636AD88AFA9F11E2FE4F713A57E329C3946390
5250	3296795	91C3AF501E0178548E2E6DFEF08F95F775B97E55F56E9038879DEF7E0C540416
5251	3296798	F65DB2728CE21436E2C4F5BC565BA6C7CB279793B99C1B9AC22F04D9C8C473E4
5252	3296799	F32FDF30FE1F9942DCB61C4C4606929CA45098D1B629043D49D0108A400D43B7
5253	3296807	48A7ED5BCF787E4D7E834DD717ADEBA7C00E8C21618F1D97681595AE7E2D2A27
5254	3296809	216015EE60F20B508860D561F014F85C09B8EEB97510ECB58F8AC7B06F74CAEA
5255	3296813	2977E70C7F8C48F716722F61EE922DC6C474B70B8A453019D89701B508EE4268
5256	3296815	BC72F981695124EE5C75894B887FCB936AFBB8238DB3D6CB4B3F6D33D0B9484C
5257	3296816	D3ECE33A6840AF5A36F406CFAF8553EF35DEE8DC38D981A8428C524210DD26E3
5258	3297068	94B922D5C878CA08AD390754C0B9B27F8DF81D451DFED762FB9F9FD1D60447B2
5259	3297083	1BAC6D4118FF448315024D5D64A097BD2D232E242EF6C5283EAC22ACA5961F3E
5260	3297091	76C0959D5D70835FCF571908D81112696A969403C59F82F2A02EE0BB36C6A060
5261	3297098	7BC63BD26D4B1161B979A0F0242C324D2818AD1B189E3B0CB15E3F210EFA5993
5262	3297137	F48F54A8BB7C766055DBF977B3EF25EBC9C8814A0ED4D621D54B8A1DC1085D96
5263	3297173	55924D8DB78369F37ACC6C079DD62D841E0D3C0AC74202A2F012AC4B9CE1C7EC
5264	3297176	BE6536A24EACA0984094F1A1FAE637C134366410BA3D0AC2ACBD9F9EAE23C2AC
5265	3297197	07365C1E634EB1C2E69BDFCD30AB37B0024A4F9A030071A1C9635843F1EE5FD3
5266	3297201	13769B71AA05DDC793014CAAC569601E266A2FF2FCF490800264A69B4F8788AD
5267	3297221	4C7AE2574FAC733C1DD8C3D269BB5553C5844F8F076968B5F89FE3D0EF3F4B1C
5268	3297223	82613DA1FC3ABB4ADFFF0C0FECE99BB98527F3BE111F60EAE4DC41A8C01807D4
5269	3297331	44A6DCA985C6CC93CAFE574AF316B54DBF8287154873C351061A9E69F642DBE5
5270	3297350	57BCC15BC40500C6179126C281AC26DC4D979E2CD809A05A7CA06532B885333C
5271	3297351	D8B960F7AD3795F5D26BE1CE98817CF0EB78CA802C12035CE98B36D7069A157C
5272	3297359	36E7500106E3D6841F82DBD745C2C3486D10FBC6350530792C9705BEC601621B
5273	3297361	83C4670F226829FFFF5190CBB1A83E4BB585774DD5412CBD59959D96DCA71E6C
5274	3297363	D316303EDC7642B47A1153CED4871C41136E2891AE15A66B970EB7F131565686
5275	3297364	94A4EA8673CB067E57DBC4AC664F21B6EB8D0CA441FB6B45555E360BD85EB0F0
5276	3297365	C3D1FCD77F19458917B4B86903C4A1C32FEC8720E6183CF6F011DEEEECB730F0
5277	3297367	D5EDE3F99D3A17FA0CF00CD327E660C66D4423EC7097A44C8FF44D307FA853C3
5278	3297368	7BE5B18A823831E259E31CA65D08FD5DACFBBA339D01A16A1A0E2C7CECD31455
5279	3297369	436FE3D11A02C4C45850BFBE949FE40102AA72C81A191C257E4658C04E9C7F1A
5280	3297370	B40978E8C7249FAB3912A7D964DD5818DE0D2C151D8BF7A753DEA5BFD33BAAB0
5281	3297374	1F15E1E670DA8FEF0EB25FE3736F5BEF10E1002C3C9442EFC38FB5A4006EAA1B
5282	3297375	4056B7439AE5FA79C377F58845607A4B616EE5BDD11066AE961DB116A01EDE1E
5283	3297383	44168B231B63A3BB676A09288DD07738B4F3452E9D3A7BA2DA92FED1F5766E0E
5284	3297385	C9FE7897FB5247BC36ADF781F25E018406758B9FFFB330E5F3F1DB32552E5E6C
5285	3297387	751105BE772328B36C398EA3887086F420BE79E5AE06928CF52EAEA17C8A01E1
5286	3297388	1D4C5B11CABBA6017715527780546EA20C1C69E0438BD53111C41BCCF1FD7EA2
5287	3297389	F3064E234F2657CEC25B7E7D309645B2D5CDB7DEC79F8A447EC4A232D02E51FA
5288	3297391	F178DB143485FBA20EA6ED8EFFE56C1B1FBBE4EAB76A15F000853FFA24A5B7B9
5289	3297392	4714088B313E0639D481C0D08E596E58177E1F4FA47DEE9BB1FD704FEB712199
5290	3297393	3F3D6A9A434D6F539098EDF76EFA74678729B1403F31B983464869D440A2FA98
5291	3297394	477E05CF40649BBB5BEA69B0F3EBF0ACB682163D0637E7E13E7B26A7479880FA
5292	3297395	71B3E5965B58FF2656991818390F89F976C5C3EE2C49A07C385FD4C3B0204BF4
5293	3297398	6155BD611D292FEAD4A3EA6CC11310D5825F15770FCA8BB87BB5FBEA6CBD41B8
5294	3297399	A796254EB28A67EC8BC1C89BA6CFC0F421CD5A9237D515E2FB135BF1ED3C5267
5295	3297407	6D44202F3C7E6E5F5AD654CD879A57B0C15CD1FAD6408DB60D0EAC87631DFF47
5296	3297409	FC93308ED3F073AE407B5632207C5BF46490D5A81A63E2245379E79EE59EEB74
5297	3297411	DC5E504CB6CCCBD3C594A07208C79C073EE1666E9DD4AC76C7DDB9D290C435C3
5298	3297412	3753D8CA5C748451866B254A083E3C64864D12E00E4C2969D013885352169A60
5299	3297415	9F1564A9139AE0322157EDBE74E1B66D269F68070B72E9F0EF82A198A41DE0BD
5300	3297416	E444C0C1E32D4F7D0856A68048736E4C3241EC97565A4E47DA94D5401CE4CBF1
5301	3298577	6CFABD74F55663D7E51907BF98B58FAFFCDE7BF51395EF3941130D76FCD79597
5302	3298581	12ECC9E3029E92D688A106B9655485DACBC172042097FA13B7336271560DC16D
5303	3298691	3353C2132FDD292B94BCC894C3F685790F326536BB17C233260AF24E846DAA56
5304	3298726	4F17C8826860F640633BC61BE811BBA48626C55D9894FB58D3E5D924B77593FA
5305	3298730	D933E65D920AB4F1E4B3CCEEAB84A09F53D59D11985B9DB2579E3EC2D58C2FC5
5306	3298731	F8198257AD26D30D7E82C285350B0C3D66C1FFF16C01FEEBD7959AA9D3FEB428
5307	3298739	D6B6B00546C24E3DFB63D6272E2BD0C746B4D4B3CB44D374A76B97EFD5B7E89D
5308	3298741	0A3CAC8FF8D27622621C401A9111FC6077D68687F4EFFFADDA41544468E27F60
5309	3298743	5AC67B7889E38CD202D1C933A92FDDB072817F67C90D2F45EB9264AD1D1E265F
5310	3298745	48C7159328496C4CD7A0E3D055F58B42948D76A281B5BA683CD6995863906E57
5311	3298748	8E5FE5D5DDD418FB21DB11D42C5FE123CD389FD7F8116100F8F4101FCC2F9B5D
5312	3298749	C303C57A48CE4B2E809E248730DEFF7B40C5405C888605446B414C2DF84E4729
5313	3298750	6AF47B1BD30E17B330F7AAFBBCE4F69E56FFA5A044F77426697909BDBA939E6B
5314	3298751	4D5BF5D373C6697A77A2743C85F84DF6D7D0C1362ED194153D098508E87025FE
5315	3298754	07754EEEE987B079964CD9EAA012C99A1F7294C3D3BAEAD91F20B42D0ACB5604
5316	3298755	B260AF73D6FA360C8C8B982034EE7E033A1C1C83A682E42A6F32EDF3EC0F2576
5317	3298768	CA2E744C90806D543DB962C499E5F458B460EE40CDE1CD9207D15EA26B6B2742
5318	3298769	C8BEAF5B4B614A26D2EF3B1F429B1B4609381534F97E41491E61E93FE8D81156
5319	3298773	4D97BAD7D416575D63E71448909CC72B22FBBCB502F9C3383CB1806E4E333BE7
5320	3298774	1F014C0718A53E85FA2DE2BB810898124166EF15EC417100FADC8D172E1FC6E0
5321	3298775	61A45A836772CF9AF0305F45AEF064C75342C30E1D8FA3F226F5EABDF8DF74F7
5322	3298778	8109C64622A13B323A2D4BA64071B610B831223F2B21ECC162B07B08F8088862
5323	3298785	958375CC9B56BE2402F6539FB7E4791BC4940F01318E1A427AD83456F21C19FE
5324	3298789	D1B6734D84EADFE364B1B533C91B2B3C19F8469F07F8613A1CA40101CAB8EA6E
5325	3298792	07B9C083CDCEDB9B47AF215B4EB99D00805F0FA4AD3F04B63AEEE1784F2E4B18
5326	3298793	EE81DC7FD2ACB51C705DF41FACAA1B3482890CA1FB3D129D7AE846444B192F40
5327	3298797	23EBF2EB7EB45C3A831771D6771CA96562A42447657ECF85B7073EDD63153EBC
5328	3298879	E9568EA1E5625D35FA1533251BE3E79E5189B07BFDAF127C2444337A59FFEE9F
5329	3299045	C2AC36D2F74804CE6DFBFBE21F8D6587A75D6EC4BC74C0EE4F9E147C6B50D93B
5330	3299050	B85AA23929661A74530FEE9C17DEE8B0A7EFBFD50131F464FBF79F682F1636C3
5331	3299055	264BE189E25E213CE30EF959F2802CF947028420350CE9EE3B6F01C7CE961597
5332	3299068	43D730B715132A3815C7CC892F65C4C46BBB8C435B81764819402B773A017C3E
5333	3299151	D983779CD6FAA5AE88AFFB124CAF0B03DF0E6FC1DF5B39C953F625D2FAFB6F40
5334	3299156	3BAA17407462F06464A00C32C03AC834CA2052D5FE29F064504AB0BA070BF85F
5335	3299179	7C4EA827CC5BBE8F73E1B9D9E269619E4EEF4D79FAB27AA3A664286727A5393E
5336	3299181	A3C24E211D7D230A65BC79F855B01F10056376CF1EF0A43BE74EA1519DE23013
5337	3299203	1FFC4EB41C23EC77392A1D41BBE615EBD984D1FF52A171D1A71DCBAF26A129A9
5338	3299331	AC5E012EDD35452A2F5151C80F2410412F6A893D6055DBD6325148F8A472A114
5339	3299350	AF2251DB4FEEA8E9C3047842D8E14320DAAD499775D5BC185F62BC414F9AB3A3
5340	3299351	1B482A3B8D6DCEBE315DBE855FC6919F601192695A316B26AA7ED256373B8DEA
5341	3299354	01E038B585DDB228C41EDA19A8DFDA23316B5DF98E44CF69330E865CA45EFDF2
5342	3299355	552C451B87EA8EB31EDE8651BECD4F912B650449D7343B7E2C12E3DCE45A3515
5343	3299363	D041BDF0A743D8F5A6DC32B950AC4EA64974249A1C2D050D92CE7570BCBBEAD3
5344	3299368	A5ACB5969F8B38C70997E4692EC5872C5C4E5966E37FA2AACE765B20D7383719
5345	3299369	6B8CFEB5A16B3F9417A82C3B2D5A13DA29870AFEBC851664EE355732B994EC52
5346	3299371	61B3B5979E2AFEB5B28C3B5A4CBBA01DC5C7D5953BF1BC0879750550ADC0F94A
5347	3299373	2563AEFF5B61C24843EE065AA16B4FB341D0769A60563AAB426C6AB5C2E1FC24
5348	3299375	140B5D4089737CC1EDEBC683E115F14206D8697B72C34B3548C8ED9D0164E992
5349	3299379	07B83593A32CC58A49D7889C9E4B7E0156E274D8F6AE57FD98A9AB51AAE22681
5350	3299387	FD3041D3E75EB1C6150C33358E5BD9C48E041C2E613FCF6B2A9D704B72244118
5351	3299396	0209B820AAF6D859A33C325A2EACB5C5E147E0965AE863CF9DDFFB3BFB852B1B
5352	3302138	2A4539AFFC02B13568C4F66E08AE1B8148FCB43B4B5F4C34DF8F44D3CA5A2B9B
5353	3302184	2D05B7ACE1A66ACE9E220CCA4CDCF009CA1B8FBAB96FE4A521B591E913E37AED
5354	3302186	AC1B01716CA4911094C5C5590605610EBD775F1440C2F0F5C7E9CAC1E8C3D9AA
5355	3302219	B52FFF3272040E4B89DA6BC2274D9BB05E5CA57DD4157E02286AECDC650BAFF8
5356	3302223	53B5B8CFF643EBAD48391CD7DB7F6476DE665F2F7082C4FA5F971BDEFA858DC9
5357	3302240	F1652A3DF5CDDB767A311032F8B73CEEFC077756BE805E13FFE348B20C958EF1
5358	3302241	6639B7E01697E2D55D0683911069EDE51DDDECE880DA14B2490CD09D447A7035
5359	3302251	1F455C3A5A2D0503FD95A578C329DD525A78C17FAB48B9ADB2DE2B2B2E11B47E
5360	3302252	A4432ED9691BCE981DB84777E8A3AF1B465C289EF82FA1C853B2AB277DAC8A41
5361	3302260	71E65D71E63E745AD99FED0C6573F55F7943D364D41892FBB7C8824C876CD3BC
5362	3302261	3FB714C87B12795B3FF253C4CFB5631A6C2E1CF1EBE2BED9E4C3113D3A4BFF0E
5363	3302262	9BB1DD9C92C18123CA4D5838C778BE4E3942C00D0373734182652AD1ADAEF10E
5364	3302402	6DEA31326D38695FF635DEBD4807CE9D23F2410FF7DAD7B73A03DAFEDE6B587A
5365	3302481	0248A7674B43DA36DFFE9275BFB8018FB59D33E0C3B14CC621678146C57AB746
5366	3302502	2FDFACAABE550E265F01AF2CD9835FF402BCF41DDCCAABA8A69028459D3567A6
5367	3302531	02AF4A92118E2F124E139EF1463C51F13F6A13B79A6788677B53A4C049BF2C15
5368	3302541	E00A824731D0733F6466FC1F52CFFB11C3D0F8C5BC6F7CC6B47E336B9B4D5CB5
5369	3302702	D1D74155EF2B5337268BE834A2EBCB732EF12225F084183CA00BF4CF63B54F2A
5370	3302714	DECF350E9E326D16A58D17F157A3F61255CB109C34174CB486CD2807D759173D
5371	3302759	60C8533466E6DC9D645FF3FD93D5F787CBECA545389DC2C342D593A7BB70F618
5372	3302789	0F7874541FC0FB0AA0EEBC847E561E55568D08903FA9A768B527714BC67BBBAB
5373	3302803	5D3F8F5522EA4C1DFBE38147C1A8A2D87E7394A16DFFB35C100D7698ED899FA0
5374	3302818	A2A8F999CD55381324D8873C1576A0D7994D29FA69CC4DE7D1DD0858ACD11BCA
5375	3302820	1CE4BE6E83046CBCF3D753C361416F2B4DE9B6FED0EC9E2C957D0207FD6ACD4C
5376	3302822	7BFF2F47FA668E09EC6471B762EE92B9199D464BA1281C3515CC6213041E85A3
5377	3302823	A487EA4A0E0DB58AF7C7092BAD925907D47CBB8535E7DF973EE9039F96AEDA95
5378	3302824	A923F9680B529E26551B73DFDA73E942AD9904803529F2C27D1CC6822C9904CA
5379	3302831	AA58FA88C3B215E7DC9C3EEAF4F6BB6B272BDFF28279EBA4ECC734D610104D7A
5380	3302832	DD889CEEF3D0544D190235EB31059A3FE27A5C439FEA831D5C9095EEF7ADDE5D
5381	3302839	502EBC7417DE5C1AE7C288BC4F2ADEBDB0CC79429A74D25C199DF2AC6A1F8162
5382	3302840	6A5F52A29AA49AC646950D1AF5B908F19E59DF21E56A8F50FECA9F09109A5395
5383	3302841	D688D493CEA2EECC0C0784ED27208EFF905D51C94D197F83A4CDE8C1582B9E63
5384	3302850	3562E3C1D2FA9AEF04AAC337D0B907C033370C3C9143E6CD8F013B35D3D05ED3
5385	3302851	9B879938DFB16D20B2A0C5D4F2CCA24C065CCA5B5067D0F75AF076CCB1D4EFF1
5386	3302852	544FEE0D2A73AB5794A66E7E961AC8A3B1B9C24E41D9A4E204CA46C81DEAFA47
5387	3302858	56CA9EBCFCDD657F00808D333E4BD9D47F38A7F74C845B9BA3723B7D1F2E1E3F
5388	3302859	FAE8FFA3D9550B85B14F2F5B1751A716041694E3058E197DE746748258DAAD70
5389	3302860	E8EAA8BDA88F47C5B1E2693C60E3DAE94C6373B2F9C3201D3A8DF1A144FBEF8A
5390	3302861	F5375301BEF616628D455F50C6769FC0E0B5B7A018B947E0C8BB78D10278D8DD
5391	3302862	87DEC3B28B92E4BF69FFDA61E3E1C2F5CA6EE11DF66D09D6FA320DA11AC39198
5392	3303009	D79D181510DB8FC915E6BF419DCD7B4C76C3EF4AD624FC6B42D90DD841194EBB
5393	3303042	75B1D35CFA6CD9AEBBFEBF600DD67DF47754B3BA7F80366199E8C234EABAE84E
5394	3303070	48489CC4FD845377BCAD9407688B9E6236EBAA0A596824D41D1A9EE601A682C3
5395	3303071	F916D78DEB4156A0721DE11A5EAD5698E3EB144B2F0665F07BDDFCDF699FE6EA
5396	3303073	D969A6870CEE9DCD8C96C3EA994F6E9771D0D8D2E61D90B56E9A6913429BB411
5397	3303074	E991C10C927AA91648EB826016248EC5FBC2484C3162EEC3C389089945AC9590
5398	3303086	5B8A0202D8086531E919EB3F389BBD2B197E7CEA1FF7825DBC2D2092FD3F5C29
5399	3303095	2AD57211C58916B9DC8B1A8CE274559D62A308C875E4B19849D9A28559D58588
5400	3303106	5463F95A382C732760FF7EC2449F22352E774D126EE4A42F5F0EB686F5E81B95
5401	3303118	EA1C16F813ED2E0D8E543124DB3CA5B566F077B03BB332BF65C5283DA2E0473F
5402	3303124	06DACAD81B880D9EE0897490C40BD0711CCFD74F3D237CF17611683CC0002048
5403	3303129	AECAF1731E3A83285E0A0274BA80948E71538CFF5DFBD090D61C752E4FBB4C10
5404	3303130	E225855BE7F7242C8F9D29467A8FE9B81D90ED463D416DFCAAFC3A7035EBDEDF
5405	3303131	80CF252F02BB341EEA53880B940B4D2044BAD5C921CFB8CB82F8D760BCAD9E26
5406	3303140	4C8C250E239D0F30334756BD1465628128B999E54FA622D578D2E30ECA88ABEC
5407	3303141	50723485CA5DAC355BC8AE02F126119F61993E2783406D13B94E16AC3ECC8C25
5408	3303149	FCDEB4E4FEB0618EEDB75D7FBD1690CC50007671ACB45528615A2D7DE33BB9AF
5409	3303150	3AEA3E16B986FE0CA810B4F921AF31ACDCD196864B48EA3A434CB516E5857C01
5410	3303158	3D0F43F3FF3AC86F3FB38850472AFA7AAD3D143D20BF1C49CF1A9DF1CFBFF4DA
5411	3303161	EA4D43689F2ACCD98AF4FF460AA9C32FC7B46947AE453484F995CB6F290AC620
5412	3303162	36C350FFE86B2D130EE85EB5680E32713461ADF571D6EAB138ACF9983ED8A43C
5413	3303431	DA1A1BD4727C722763A83CC9353F2B98660757C2678982793123215C2E4EC1F3
5414	3303452	45CCB55DE9A1FE7EFDBA9F85829AD492D295D3B273B21E30A4ED4082098415B7
5415	3303673	475EE3026E9F71F655405C9B1AA42DBD7EFBFF263409A63E290D1BE2BAD6E327
5416	3303676	F74D71CC4D5ED7D52B64D4D44CA5B0B481D7CAEC40765713457BF93C3B3598BD
5417	3303684	6E9B3BC0996E83A9000925F5D47BED6D94320F16E80E2AADE42A1CA16C428C33
5418	3303700	95F0EA7E6E03AE653F15EFED5A6978C3697B30BBD8971679DBF08B0EB3D1E776
5419	3303710	7F25F2B62DCB6AD4B3CFE31515F133FFA792CFCC4728073C6718F0B9EF28EC44
5420	3303718	6C178E138E504A60F6E8B9EC0DAEFA81DF97AB61A24423D364EF01A471F434C4
5421	3303720	1B3B565C326EF9D6501EE7C7042FDBDF78AD9E2E5E37A718EEFD27E72E507A86
5422	3303722	59C3E6CC0ACF0F89DA3842CFD655FEF2307FBEDA3AB3098D102A692A6EE19F5D
5423	3303724	04686DC6CB88475F61BB1937E30FD248BE587E21B87F577C6D5198F284204AEB
5424	3303727	5C71DC639DDED448960C177D9EE05CF990F9627B392EDB02F9EBC3DCF091BC4B
5425	3303730	C8EA32FD5C79CA5B1B4498D7528BDF4041A5CBE5D5DDBFDB0DA36078ECBD5FC5
5426	3303732	B143F50BD3C5C28B372C5612E494F043EFFB51B945ABD52AF6447EAD1211AFBA
5427	3303739	EB20EF2BDEB4AA9FE1D7E1765EDC1B74A424A492157799CE6D3A6EAF08FE9938
5428	3303740	D568F87AEE04FDDBFC1E2E839F5E2A1B9034721B0A9108ED23474E167E7C35CB
5429	3303741	636C90674A2E4F24AA252BEC25FECE0D139F2685E9E9234880ECEEEE5B3E1DF1
5430	3303759	8B4E81883B52BFDE63E26CAE285009A0ADA7B9DEC1A61F8C085FEFE1260F6B20
5431	3303760	0CAEC5087E7D30E31D1F36E2E82A622CFE66C958FC9B7DDF69FD8F5A02ECEA58
5432	3303761	192437A843B84405918ADB0E9F471063D1275B741098A9AB1B079DB1B1FCBE71
5433	3303762	77F943742B890EC199B1AD06133BA19943E6C9A11968D3FE64CB2A11004BD5F1
5434	3303941	3EEB91AE7BE3CF079E58F535DE5AC8AF85B952FA5A06EDB7D9354E99FA2A2EA7
5435	3304983	98E1999D0CFAF83B8B0CBAC43B00DAACEBA03B7CC69138200A2E9EE1F4298AE2
5436	3304986	03A6F42139CC2236D957E3635B258FBF2E7885E7E9B7A6BEA7AAB35404F4A32C
5437	3305018	340EDA96B6B8E6EB5CA2B51B8068338A018763EFF7919AB4D438E1AA054B9D77
5438	3305050	B8285203314DA332D0A0559939802E87DBADA03BC6E8833EC3A1D50A0D6F2313
5439	3305058	CECECF56E97EC081825D6E4682E8B4709DE85ED060C87C6B2EE24C258BFAE704
5440	3305067	1D28A29E2A47271E8D3CF4279F01F5CDD97982D47F91ADAC528235D0B944C04D
5441	3305074	A52254D9478AAC0BE7DB12BB2F44D9AA02810EFF10B82F398BCE29943DFA5D37
5442	3305086	B48DFF6800A844BAA9DEA5A943BB787B3F5053F53F02212CCC27A9DCC3DA8EED
5443	3305098	B9DE54FFFAB38E391EA6B2F15E391BF9BFB58D4C7BCD36B9E89D09AD478A8FD7
5444	3305099	79F2CBBE7FBFB77C00668AF07B3ADBF9AAAAFB92782CF8F4996B9DE43FEC98F6
5445	3305100	B72B283AD70079D5B05D8B4D9EC49D171535A13671343E4AD91339212C788DC7
5446	3305102	496DE605DDC1EDA39D04DABA7C4442CDCD03A42578044D2A793B97E965A17AFC
5447	3305103	CA32422BA6099D1A70C0A35029FA74831DE9588C4D28A173D756EA4F80AE3D15
5448	3305104	F3322B0F0FFB0B87D366582646EF8B31DBC64962930FBBB9816D6627B92081C8
5449	3305105	09DB95916F8490650C6F089EA8EB415304FBD4CCAA405CDB8723B3696B5658A5
5450	3305106	760A5ABDFBA68B0EABF21493D8FD762F17109DB34979687E13168735275ABFD8
5451	3305107	9BE4AC7C88EDF5D12B0215E797ADBFB41975B74839971B32687BA67AC381BC67
5452	3305111	DA7CBA463D6FE0BD3C9A12181B7EB8CF6DF3D491AD6B1D7E94D9EE859E91B338
5453	3305120	0679BE3396EA9B4439429AE31894D0CF9B6FE2DC578F15EF42B2F023ECAFB638
5454	3305129	9A483CC897C0FECA13D1EC48BA6A1317404399F0571DE15C0B0B674A683B8F1A
5455	3305141	E24816C529D00D0AB59381829AF0BB4F1C9B0486FD405F973720B017DFA8BE80
5456	3305411	CAC1125D64D62635EE6D3811DC9CCD591257D264E35D66158209AA069A38C37A
5457	3305429	B5A713E4456637FC3018B70D772F14BF60A9325BDD317473C224A44CDE036854
5458	3305430	58CB25FF817502350D2A9B96662B906FE01159B6039A7A1F518EE60DC6089246
5459	3305581	52ADCE93CA5E6BF2D036F242791E0941352C231A3063B99E46B49706DA511383
5460	3305622	0A7499DFC297E4769DA9ED720845C6BF0856849F2BCDC04351578B3028DBE933
5461	3305638	A8A6930D591D0D98A7879437E182490C72D7AD55F37D1876D6919D2E60DA712F
5462	3305667	0D9E4B6336D0251683162DE667F2EC1786C558BAB8A9E056FC61EADD20AAC378
5463	3305698	CD94EC00A59BA33BF71BE712CAF521D0CF72C2483A5E2EA09C0EC3A2A6E2FE61
5464	3305703	2C25874C4F0D2334EBB49FB09B780F3FD9D9338CC5E1D4148B162DF2CCFE498B
5465	3305711	7EA178CE7DBC1C4C48160FAC5016C29DB7C42E401723A8EACCEE0B301DFDD614
5466	3305728	99A173F48967AF0988E29B6EB1DA0B4935A0374E86F10BC382BA7BD1E37A11D6
5467	3305731	D91490B355278C34880E0479E090163F8ABFB62918563149698A649715934E06
5468	3305732	E4232F0C345276974F61BB5BE1A1A9A8887B3689CFF29E4940622F3AE9049DB6
5469	3305741	3ABAE7EF4F8785280EB9F55F3A235ECE011F92F0829E4F9A69DC051B9037D9D8
5470	3305742	ABDD80014DC28E5A4FAE95737DC3B72EEB751B06A1D8D5B6CD00247CEC6222A9
5471	3306641	39625181AA34A9061D3410CB56264DE79C635CB5550052C142F7B76A04162F98
5472	3308589	2785397A0B81BD7EFE3358C7FA8B7B91412F19685B408558BDF9E67C9C27B709
5473	3308618	B3976C49D17CAD97CA1A6BD88CDE019763A93C8F1DED09C92E73DBBA410D8BF9
5474	3308646	3340373033A0F97FC963A36B2865E4949791CB82A4BC7F64F5A6925BDCBDCA71
5475	3308651	5A78630022DD4937511DF653C60E28C2BFF4B1D075DE96C6665545BF7EEC4A8D
5476	3308675	4156A5E96F6496050CDF44AF1237DBED57881C946D88F121507C8262036FB04A
5477	3308698	48BCB9A153A716A9164E997581D3C80176B7E9A88029620DEDDEAC6030CC9B3E
5478	3308699	9E017E7D29B396C5D211388233CCD062962686BA84E3AF2D27D272611D580EB7
5479	3308700	A813F042C1C99A1AB8D6EA260CC7B1887D55EC035C04A59AE597A1FF4C4BE750
5480	3308701	1E2997886FA56192C722E5851364FED5331B2CD683F61B8FB1BB76C0C353B534
5481	3308703	D14ACD0593AFC57659CE22DD42189462579D9C71380ABA838B2CAB2EC2D6563A
5482	3308704	F9D59C29AD8C79CDFEAB7A964D07BC4E21D762BA90958F70ADD8DEEE9E87F6B7
5483	3308709	D64D9B873284F36B3132DD4C6631A7B9FA8F8A92D4F1D2EEE167E0D3D1D89844
5484	3308710	708FDEC3E1802E3048ADBD032C83CCD7D2006488113BD2F224C568FCE09D27B5
5485	3308711	96A1D422F2A17CE84C55366685547A5F46A7BF2191A4695999E0167D189EC4C0
5486	3308712	2DFDF1EAC02AAABDCBB16D38D6D32186C7AA3B47B112E31362F29BACE4E0E8BD
5487	3308720	759D92A7F472E6D44E680257C30A329F2EB1B8750D3E9AF95CB381AEEEF283C1
5488	3308722	83BAD47A7CF37859A4D267E6719B267C125481B966BE41493536396348C2D0CF
5489	3308729	BF0D3007425D00EC9A5C7D581E46679C01C6CDCB130CA819F1F57F8FAA976620
5490	3308731	193C87718C848B68AE350C876F9A6C9718EDF9BE3676D5E9639E332B4F77B008
5491	3308738	8F20F169254565242EFDEA122567347809671CD73B53CC925253838E3DB2855C
5492	3308742	969C50874F82171F7E6021B0B87239830DEB38B8B88D65BD0FD0D40A28FE7BDB
5493	3308813	0099A6A9A413C33C74B84CE88CC69CABE0BABD45DB1580C4153D8DDB8D3B93AA
5494	3308856	36A53F584DE43D76F2D3C6A1DCC180A9A119A76D257E45164E95843B13EF4073
5495	3308998	427733542D8DF8FE599DB627448F09AECE6731921003ED2097B686C87A6B2EFF
5496	3308999	7A51AC59E1D155FB42CF719DF39ABFC0C6A597EF175522712A9CB119B51D7802
5497	3309001	B4F5B4E7BD516151452053781F73F423290194AB0A80DEF5173E6897DC79083F
5498	3309206	3817CEC8FF97087C0FC380ADD690B22A4E090AC1D0AB0D1584CB048653DD88C8
5499	3309218	0369965AF6DD3F185C69D9CCDBAD9DDD2945289FD7DD81DA08B5860AA2C85F09
5500	3309222	FD87C598B735AA8305DE276A93E92ACB2E6629212D52C6568A1C5824C9CB2A6C
5501	3309239	5D79BDD26E8E9557924B452EA1A2F8B3D0493219A2B52C7BABEE84C13BAFEB83
5502	3309259	D4B845486C879FAB7935CAB67AC38D76174FA554345D4E98592E0C4A6E743BA4
5503	3309262	8B574623B34E44DD55874DB72B04CAF2CDEA979070BBF82018239643FD31D934
5504	3309264	F42741D5C7C3F418E76F0D5DB9101B398BF6970D71527B98F576603EFACCCD6F
5505	3309267	BB2CDF44FEDF29A9771A4940AE46598485DE5125ED6DA55B80357AD73EF80A88
5506	3309274	C13C0172FD0F7DA9BBA1B92A06C251D7A03816997212DC798D8568B784BF5040
5507	3309295	8E7FB3C6BDFEAF5DB3BE4D75ACF2DD51F740F300CE4ECDF8D9C5F10AF4C95935
5508	3309298	7D50DD51E721D569D15228C31197CD6F3635833B70A0F9587FD3ED079E8FD469
5509	3309302	660D6D6E45B93CC10DBFC6EC243890F519DAA89CD5E29BBC0AB87058C96E7E02
5510	3309303	270F65958EA6B4ADC230F0DEDB27A9F0FA736A27DEBD431E22CA69C8189D0394
5511	3309304	FD020769C996AD0A4BA3953F9D58934808B69E9CD4F4C56E2BCC02B13132E124
5512	3309309	E1DBFD4D1B62CA6BC01E0D93979565509F642EA5E744032856FDA85FDDF36787
5513	3309310	23C334F8120862A32B6EDCBD9AC3AA75F0000886F5079EE25BF90323A8DA919F
5514	3309318	A73E4AE5731AB546E16C88BC99CB7EE72BCF00EEA3379BBD87629AB74DE98507
5515	3309319	95C2D82D32682BF3C00150BF206A85A936FFD07866BB1743F22711B60A0B3C0F
5516	3309320	EF8C3CCA8B03334FD8D7261C4FC96C0ACADC2093DB5D550866E0EA23632F9499
5517	3309321	B75CFB9AD2105034941F7A3B15AECB9DFD97A1F0998A297EFF156F6DE0C98870
5518	3309322	B6FF36047B628F2CCC40F3F834EB849D835EAE686EDC3134A870A757066D9E5B
5519	3309329	92354BE475D734EAFC07633A9F0CE9804602BE48523F49C8F930C8907D976D20
5520	3309331	D35099D671C70BA8A8C59AB7F9772197B0400C336BF0CD4FDECA0510C9F23849
5521	3309338	7104C69E26B428568936EF1CA41DACF21637316257C715A45D3D9D4A594AE091
5522	3309339	4C793032773C5E6BF031B13E629989B2B3A7D68B03DA2671460EC663686CC78C
5523	3309341	1B6D9462622313E4107952DC763678C35CDC3E5517C59DF92577F26E3F79F978
5524	3314348	C884BF634825A2F4BB6DB8AF00EDA2D428ECA361AC0ED66EE7A5850AF929EFCB
5525	3314366	C0F70A7388E8E25AB6CAD4EDCFF2B1375E083B738616CAE682377C962BDD0559
5526	3314382	1714A70AF25C526E8CCDC09ACD8102DD61FC4F85E443B5469FB66C0A5E8A7BCB
5527	3314413	69AB73354149162C29332663F4ED91FD32E18BBF3ABBCFF89EF98AEB81D6DCC0
5528	3314437	833B04D0E8CD623F01EC8698B2CFF65C10F7A7DD634A362C68B193E47BF42CE4
5529	3314459	40D3B33026F33D0D3E8AB01F350088B1C0B00A4D24BA6941DA049C0DFCAB87A1
5530	3314461	17CFD362F9B36BDAC4F9A9BC98B661ACF7D6FCA517AC17DABC288DEABCB6A6BC
5531	3314462	61AEBEBD11345D9692F002537D5B66746E77EDEB48130D40DD41B413F89FBA84
5532	3314463	C13D6F0AC48DB0BD762431E1E0779D1AEABC31912D76E870DB01F1B8ACEE2E4C
5533	3314464	448D0D5D4A2184DB7BF0335E6A4FF84052D4B2C5B0C15D47413F8E68190D1B2E
5534	3314466	29B1D7906FA6935C11A6A24491C998D338AFC15B72831228623F9D732EC3EAA7
5535	3314467	2B77E72A9953B0100A67148A60E89B392039F191934EB8FBA3AEA933253C0ED0
5536	3314470	83CAEE6F26747A0C948C703F77744F04C46933232A817EBFC3CD688111FF3A26
5537	3314471	F65C2030FA6FFC2EFC729DEEFEE6AA5215DDF62AD72EB407664145EA5E7E759A
5538	3314480	49D461D81517ED08DB3974AF158014517A7F1B9247946E3C38D5B2CCBF65DE78
5539	3314481	AE31E7AC61E2D4479DD30924BD2C223ABAB7E150CCE11AC573D30E162016403A
5540	3314491	2954F5084EC817A87CD6C66DE5BEFCC8E8A322063129C95CAB3DE63CC3BEF272
5541	3314492	13B1AD12A897F53C7E6A1E288FC6E6AECDDA4779874BBF0F134809CD275F5655
5542	3314501	13A2E9BA88F8AA4B36AC4C8427B8D8104639AA337895EA808994F13618DCFAEA
5543	3314557	4F7A3D023035D81FAFA74AE41462245CE30DB2F0EA13A95AB8DFA640FA9915A4
5544	3314581	C092EE81B0B58E6EDD2C9A162DE2B5EB067B03CF450B6690E1C36F1866858CEE
5545	3314791	4B602BB236369CF4AD63C0560215A252AB13015604969BAFDF74C055287C05E6
5546	3314792	EE25142114AC1C0359DD6729A19997C5FC1D6FA7854D01204D4075A74F8C4A83
5547	3314943	AC3AF5A63D562C5F061E2EB3ED05E6C58786FF546CDEE5852BDC136F86B528EF
5548	3314948	AB1F5A081B31F8068D0F1655BE788F77A2AFFB7482D6C4462BE355BFB7B4DEDF
5549	3314949	352D8CEC252A436AF201FD33548DDA8BC25525998E4E99F85D8BBEB6D56D03E1
5550	3314978	C7CD46D9CBB57946B2330800E5A082326FC4E23AF25772873BE0B9360CEF7212
5551	3314982	64AB1D7D3C6F8218CB69164E7EDAE9F09507C119B25B38A981F65BA829937C74
5552	3314998	C51ACA5A2CA7830739C4D6AA33CD884CAD8F0AD3B906636B77E976F23AEF6D75
5553	3314999	A645DFD5834396AB0C894A3A534028EB240677917ADA0C9A39ACCAA01626AB04
5554	3315002	821CA3C3D2FE5D03642107244D348DDFEF80F1EEF477A0CB46CCDD17972876A2
5555	3315016	05AA2CDC73AE4AD0E19D93E2030B45AD59D525569AF0869A3664891ADD6508C6
5556	3315024	BFECFAA1B441793FB20831E01DB42594BA0BEA1DE7D6A6EBB7328DAC9A7A2C77
5557	3315050	EBB6DFB1E5A870B373B4C96E0F74DD6DB825997812EA25D84591C0EEA98DD187
5558	3315058	D253B0AD5D3A4415E3190FA8083D19D013BA3AB735E6EAE72D92B708FA190E28
5559	3315059	AB29780BECBA42CCDCECFC8331F123F3BDCEE984C2730C0768E5747D87EA93F0
5560	3315060	1B3A8CC31ADF3DE299A9A4291443C5073FEEB9807A281FF28CB0811A6F079D46
5561	3315061	949AE064E907580499F0F199F97112F99B3361357D3BD4D4E963383C196C4D64
5562	3315062	8507F0C214267B652D5BB31C561695CDF8AD24D2077A6D36289E9A1DB142C394
5563	3315063	310F3FA9F637F1EFC2B6846E9FF442FD9C1345EACFE52C2F69F9065225AF78ED
5564	3315064	46FB470A8EF18D6D0864447DD839262B741D0987FCA17ADC9910E028B8EA5B8D
5565	3315065	FE9DC299AECC09A481156964A4A361ADCC9B8F4DABECA539F4C28280745FF1C5
5566	3315066	E1428B04552B0C01D3B1EDA97790070F23177B047C30FB95803244FB4E3BA6C4
5567	3315067	D7AD732C09EDCD04F9AF8E789759C49F67BBE0A4FA3ED7C99FCE6C44E5028366
5568	3315068	AE8C489D3AA1C5718974CE1AE8591CCC9CA67D1E99F66B99143927D7AD97543E
5569	3315069	A239F20B258F2BB4460E691301E93FE2DD256F284A6DC00F74498BFE5E0BBFEB
5570	3315070	6AFA48D365B32AF4FC769D93412865E04881CEFC3879BE5EFF9A431CE052F05D
5571	3315072	9448ED1AAD1DDDC8E9A35819D5DA4116CF177F9A2FDE6EFF1587458E393916A7
5572	3315078	F2F90EA31000787A2DD9043FBFD516B0C956FF745A4A2AC9EF1EBF70C6E9909D
5573	3315079	68CF4ED4B5B31D8E325BF12F2F699D8765FAC211C7796911B7C99555B9684262
5574	3315080	0E2EB9861A7CDECAC92D2A0DBC77BFBCE9565824C364DF5946518C23F5DF2A18
5575	3315081	B247C9044505FD111B43C9BD5F40D72A415223758ADCBA5B27C1889D6854F23B
5576	3315091	34F8809941A8E36FAFD89289417B67DC6BC5ACE4173218D9232ED6646ABEDB92
5577	3315098	22F067BBB17AD88C3D0E6EB7D63EDD738645DDBD7EE62C0FBFF344FA903AAA79
5578	3315101	8E7925BDD6F6C20AC7150506D489CE99061762A8D12AEDE6534398008FA2CF71
5579	3315267	69553779D3A164092D0AC9187A8E617A82CF5A50DCFC245ABD512703CADE9690
5580	3315306	FB625B3502C0878E790130056929B408BA04A77C7BDCB43644C648875C5AE389
5581	3315327	3B39530311BDD34154D8E908E8C83A6A7CBB7A5C386A2CAB8B8317A4E9D11E2E
5582	3315358	4DD6C97C7EDCA94E5F7565BE2BE7F9AD8C025577D07E7F56532B1D75990CAC81
5583	3315363	20F586527AC725EE727F1563731E3CD1E4075A0075CAFF360EAC0F1AD15EAAD0
5584	3315370	F9EA5F0E86AA65049185495C7CB4855222FDF91DDA2EFF24E4D0A38F56F0889B
5585	3315371	1FF0A954D8ADD8D26C8A87A9D908CFF9B236B4E2BCA15A6F163ABFCE080066AC
5586	3315372	6904188BFA0B59FF1DB9E0788E9345B8DAA40B92CD62C76B67EBC25E2E9ABD0A
5587	3315391	5279CCADE3C9CEBEAF9571439D93DBECFFBC92AB1EAECDC9007A9AB2CA902F0A
5588	3315398	EFA054551ED209A203E48E31AB7015F5F2EE1038CB6583E4B3C2A3FCA96F906F
5589	3315401	1E2EA0788F53A76B9A7B703F85FF7E1903A30FF53825485EA134D5BAFBF7CDDF
5590	3315402	53D45A7FA5B90636D743C8A1B8868319B8805FD9E49D300E3DC3702527F52C5F
5591	3315637	2B6EA1F64B2389B5A8A54AA0E5DC3CB7097C87BB7029A022827071E6A7BF439E
5592	3315690	A9EC19EFB055F986A326860C3003DD0893FD5110F866E84CD968D6D3F7E5410F
5593	3315913	755CD8CE8DA15598D7CBA4185E55982D586351C08EF2780E004FD66B17520023
5594	3315934	544E08D75F8722C848E90C2ED04CEA4BD4EA72E0E6997314B703A489C0B0A3BC
5595	3315935	BBD440D6587147A6F383AC873A543C2296E7B02B10D3FBAB995F56EBDD78C25B
5596	3315937	DA9B6C1C4D666F75ED5FE637E2965767062A5F4F76EDE9201F6D21A8641267AA
5597	3315942	039E1D58E652EDFDF7FD203CBE71BFFBE9935FFA19EE0515750BA2A773D7C391
5598	3315958	7D55A085DD089E4F528C6700E237A583924B3E736A83BAA0E206ECC52B4368A9
5599	3315961	3D51E8D0E410C66F50DC2507FF21A539F9D5A7EE5EF942B4790E8E3EC54E775F
5600	3315962	FCD86D75FF4D50CD1D4642BC6A99206B7D6475EE02C1129E2016D8B3C38172F0
5601	3315964	EBDE103FDBB7B1BBB73646774D23DBF9115D3FB7C5D24BF032E39C17695186E0
5602	3315966	6946C4DF1C0F9461ACECDEC6A21BCD7977E034C70A323189443333312FB3EE5E
5603	3315972	5A9A69BF623EFF28C50886C9D7D6440DDF23CEFFC1C938762381BC6E1AD0F1F1
5604	3315979	F25A683ACC3D0D713DF2C1061A3F288076F0499194BBECCDD79D68161FC36EB0
5605	3315980	1661753181D654278EB6F4D923F5C4858079D7DBCA0325F580A3478B648D8301
5606	3315992	3588B781ED3F093FB234B7E93CF8E7B38745A3A01648F75B504BD513D036079B
5607	3315998	C8C281445CFD97E6ECCC3AEFADCFCCDFBD3B0C230AE0B5D69706E03231F01176
5608	3315999	93BD07EA44954DBE92FC7A643D1B3997B6CA0CDDFF82E8BDCBC298E8397650F3
5609	3316000	C2290CB95646E68C4FC90C589EAFA721A847A684FC091EA2BAB1CBEF3A76DE1D
5610	3316001	70743681C41D013738EF1C95DC79C300C14F129D8A57E79350FB8CEA3538BA49
5611	3316002	2883FAEE9CF32A8F5FB2326778907C3065056862EDCBC235A13EB9C3B4CE3223
5612	3317221	F7BCAE2674DE1A9C7C8D42DB906304A7C9EE7FCFA9EA309D0C9089C00389DF25
5613	3317222	245D5A5F32DB24781BCA489D8A2D1C8860386D11C1522F3B415B866AE3B49A17
5614	3317229	A8C14F03BBF5ED20705789D31131024108EBEAFDB7AA210B063A8F6765C2F0D1
5615	3317258	1ACA37658A7AFA2A639DCE7316747573D221DF3B1194C5DC92EE5179B239122A
5616	3317269	3F6E64C3CAB1924D5F3F3923E7A75C9072F293EB71D3FE04ACA57BFFE76B2FDD
5617	3317282	05C129FD4DBAD6BB13149ADC315AF5B719192E7DAD4413641F34CA135B8D7980
5618	3317286	E8023EEBFBAFE5D9B8A8144318C0CAEF60ABE3B995EC9172290DF41F0BB72AE2
5619	3317299	50942B371AD152AF9F7839E58DE7A47E08C0E61C3F4964C6AF8B649D33736D4D
5620	3317317	DC959E1A149B0EB4E8A448FFEE4CD3A3E578A3BB96D61487471B61AFB8000248
5621	3317338	E7C0CC3E3EE60513B001FF4CA45F28CB46DCF4DB181F9C323F8968CE4C1D7A64
5622	3317339	0A9A4510F29043B4D8DBC338F1D6F6FF8D8C6EB4275C6A56E178ADF4C6A78563
5623	3317340	C3CDB7D30AC05AACDB5F17CF5777777CC44FDE1CE5EAC11EAA38C57C032CCD41
5624	3317342	4B96D0335C987FF73E20D31576E01280562FB6E4FDF43506F47CC268450D2F8E
5625	3317344	FCD8EB4CAED088B0398FEBFFDAF04147CBBAB711703ABAADA1CD69609A5EBE4C
5626	3317346	1C12707EDD8AC9490534C9F53F05559E2E4C3650FA9A50670B0B76606268E091
5627	3317347	AE4BF21080E5AF793F6D4E6463D4DBA7EDA4258CDB4E3148426E04092792B065
5628	3317348	0FD52BC55DA48BEDC2E2CDDA5F9961787E3AA7CCC6F03D106CE89DFABE98BEA6
5629	3317352	F5961D48EA66E46DCD76B3274266F4378C3C2506ADF99CC1CA99ADA6E50CFAD4
5630	3317359	A29793DD173CA199B32B8C790A199F4707863BF9696114983FE9104C8BFBB801
5631	3317361	48E7D889E805688554E994807F5324C1BBB2C51147F4DA5CA231F624E411B32C
5632	3317362	C35DDE5C3B72B7F562E39032EE3804C67047DA01071EFA034083218E75146D41
5633	3317370	7FEFDE93893B1D978A6FA79B8DA35A86A3C574DC05106516DC452DE9DAA1F30A
5634	3317371	E946362504CF967BD4B8576275F9CE309DA57D3F095F88BFA3C06AE8398942F9
5635	3317372	981A1A2C0CF70F7FF56A03369A31C68AEF556642F6D999AC0AD05BB4049D5E2C
5636	3317382	A78F3BFC5E08A93C9C8854FCDEF2C91BDEAC3C5CF9938727224C684F6D9BD437
5637	3317529	63B27A4293AF3D52C9C96F432A132122A39423352793B24E0968C7DB8D467953
5638	3317643	F29B5C063A34675131D27F95EBDB7B116F797DBF1518042BFB5F18807855D0E5
5639	3317644	527C1CDB877055585FE20413D26D1F94E1C413F0EDF3DAB79C24B62607310ED0
5640	3317822	16B61A9FC3886BAC34BE2AB89968C90F05390F6D20F2B636450A02430D902984
5641	3317827	CF8B69FD84A97E908384A7A01FA4C3E237F463A6DC0AEABDAD8FF5E1411A28B5
5642	3317853	4937D1CBE817D37CC2EAE95447C79B9BD92387FCE58B10485A0CC321D51623CD
5643	3317878	144BC59CB86031D7B64F138DE6E39773DAC8DD346070018EC768DABCF242A769
5644	3317879	71D94C064083366A79A7DED2AC722A8FE2A319C449E535743729C8FD6AF4252F
5645	3317882	1F6124A5854DFF6FBDEFC93FFB083B8B47CA380B4686F63A64EF9BCC94906DA4
5646	3317899	9D295BEA811ACDC8C0FA979BD51C84D31299255A269A9C812597B5149348A865
5647	3317938	8EE5EFC7D7F75108DC0296A4EC41AABA39E11806FE3D9DA31F4DF2ED7CFEBABA
5648	3317941	846A0D93DE7D4334847AC4E411EDEA769BB848E02CFE80423B0CD4E2AC64928A
5649	3317942	FC754C018A1B69DC8BF185168C556E4DB939895562A7EE5CD2151F0EC43323F7
5650	3317943	97248133A72F405C120883387ABE2EC157C1D79417A2EAEF3EC96DBDE964737E
5651	3317946	5685F66B74F2331D7E3C3797632782917A3F67C4176DC52DFB760045D174E24F
5652	3317950	F4C958C2D0EDF4C3D0A86C000FB9B7AA9A53AFDAA63773DC26F81F11424B5E43
5653	3317959	A6D974219FCEF7159F30D0F2ED3CFD840302F8340F693F712F35C75EFE6C25C5
5654	3317971	09ED92CA04A72A6B7D4079BD97F9C39656C42F9313D11B20C50E4DE2651761CE
5655	3317972	ACE2D4D2786DF713F741C73418F7DD86BDBCCE4FD98426436CAA6E270E859D3E
5656	3317980	078428CDEEA29E3AEBC12520C327F541505A4E0F735C81DDC9EFC8A0866095E6
5657	3317981	0E6DCDB530E69E864C3BA7B9ED20A76557F0BEE1113EB2ADA0888C2D619597DE
5658	3317982	602D3319947C6B8B2673DCEC5955453D2F0560F2AB26C5B0707A07628EB26C42
5659	3318067	5A609B9F59C193350FCAE7EB7445E44B56E3E4396DE8094057938FFB1A46F4F9
5660	3318521	038A0385353B41E7E5220361FB51E61699168E5D76E0689000209417E67796D0
5661	3319630	CF12CE778A0B4E96642F4E06A283E3F93C130946320328B282083EF4098AAAB5
5662	3320869	CE544AFA691B377471B1DCA066934237D01FCDF6096D5259A38FDC41151B4B5E
5663	3320875	7B9E9EC783B2A2F4E7C9D957B66D86633BAE7E4F3B162485BE002DE8D993C9D2
5664	3320890	185F98EDE19DD680DECA51A66B6474B0246A1BB638AB5D87EFF738931A283B53
5665	3320907	F53366DBED379124833567F9446D4B72D09B5684CED3B30862F3C05CC5F7F196
5666	3320921	42DCEA112D1589D3C6A1608ECE5F882356BB47A781C1319A5F155D095719B970
5667	3320926	E75E05E7B18E51351B9173F8284B24EED76E3EAD162DF6CBF01F80B50C21DE36
5668	3320939	64E3E4DE535E564A42A829373608934C3BDCB70B913CDE2FF06A5E56BF5F73F1
5669	3320943	CBF5E7AEB21AC5E0D284537FBC4EB5E67F7C1A08D61FE643E6B436F78808CFBB
5670	3320944	1816C2C736B3F0B3E0C1F19CF1F7EEFA21BEE28F833B75A6DBA3E82FD2610498
5671	3320946	5D6BC8FF2DC01D53C9B02531A7C78002E89878482F630934E5AD28B02620E670
5672	3320947	0D755FA96C5F45C2577963D18AAF31BE0348E03EFA7E402492C916D4798BC767
5673	3320950	B23B081C99A77799C66C4E8485A61392FE2B31CE7D21F839205C3606C0CA5A03
5674	3320951	539CC09EFE36E6A88D4768B509822C5E75C1AACC1BC0406601B2B48D441E95AC
5675	3320952	DE9B96CA4D0B82E2605363CE2CFCC16EFA385C2DA90209E99CF883FF11C5825B
5676	3320960	223CB9973B56B4F319561680570927B1518ECA1A54E2211E63FD2427D93270F7
5677	3320961	74A3E2217EA7CDAEBAC4C3AC89197E5DFE816EE49CD7D02E038C766E4BA8D952
5678	3320962	86DC580D72726526662B3476DF461DF35C6800166620863B3C6FC6273D36C441
5679	3320968	6AF13EDCD2108853E81EBE88FFDFC016AFEB97B192AB1C5BC4E1228BB75120C0
5680	3320970	CA294A793D335775E3AE2DD7872CB0F531F5CC9C2D9449BA2208A8E93CCC43B7
5681	3320971	73D724F1257A32C08CD9682B17B86318DF177C4548C4BF5056976DCF19BE15D2
5682	3320972	85BBF2FC505E62992E7A7788B48BB3AA2B03CB53FD844014B5222D950F28E84B
5683	3320981	09DBF70FA5F565D4800374420FBDE0888452F55DBB44881801968CFC17161672
5684	3320982	90978DA6CEFF6E16263C587F9AEC5E4AD270A75B4E8FFBA888776AAEA20661EB
5685	3321011	16C73967C5574C970E3DDCCEFF74F7F062848C85B6B8E8DCE8D8BE78EDD328E9
5686	3321013	DAF948F7040FB0C68DDF646F590C354EE43C13E11BF599DCC3956BB02913944B
5687	3321123	9BC538CC3234E361D74877250711F36764526AD15B9E8874B5F9EE425512315C
5688	3321228	3E385BB802B5652339B2323426C8F84791AB1EE7FE52FA6DFEE59C655AA32161
5689	3321245	0DC0CC9ABF0E7941D5186AB5FAC2ABDBD8A472A27D19BB5E93FCE3A81520FECA
5690	3321421	79602B30CFFDE2BEB2A29E68C836AECE0F92A03A974B3C6DF119BDD6BC19C6F1
5691	3321422	6A4F3CC043424497344FB426051B8C6C10B4B3FD17919954FDF7E8D139092E9D
5692	3321467	54BA167F0874A72575B3B19885C512EE10807239FA74E834646E266D86119400
5693	3321473	CB4BCE6923F1DD5026DE9142ECEC92230882E9F135F1F75F95F4299090983549
5694	3321479	1B5E06D2747F643EAE1A3799439DCD8F64C79CD922F3DE48A624699688D4F937
5695	3321497	2B1A2B5D15A9F778CEEA598A09D23E2C7208A5A3A23F12388B01CD80AF520EA8
5696	3321518	16C7A0C528F488FCFA3D1285C492FB00210FBBBD1C2B9D2D247463DE382F1767
5697	3321521	9D3B978963E3F1DB3663CB8E54509F6B8CA274F4C863E0565A01D9F1C8BEA4D9
5698	3321537	56A77EDA3B053F97BA6D6AF43F84546C9314E4C6AF02D7161250E829F13405F6
5699	3321538	B4433B553FFD85C2F709D2A58D1B850CE6DD701B7945C5F0FA5E97700F6BF11A
5700	3321539	8DC841738CF0B06562C54CF942ACD7453EC8B7656F02537AFE3F3C3448D062CC
5701	3321544	4A9434D1A1B2642EB73D4FF91E7A88E901857E984F98DD0E4062AFDDABD2A63F
5702	3321546	9782172FF17A12928519BF5822B88076D4B2E94677C67DE78FED56DCB92608A8
5703	3321549	EA28F30506876BFD0038FF90961FC5C26038DA97B2A0C8DD9916383AF89F9A27
5704	3321550	E1A0415950DAD311707AC3C6E418FAFA05440836A2C8357FA2B2BD722923F8FF
5705	3321551	AB6A5DE80FF905D28FC4CB987F05DEB68FECD8CBD87DF1FECD18F8E298E5743F
5706	3321552	CF8EB8EA78D36AE72C79F4132E57B009ABB087B749E070D6ADFE18AD526DF66A
5707	3321561	9FDB098BB0F34ECAF0BCBCA4F1478322BD8219EC244145F0DE3ECDB50201E687
5708	3321568	98F7041DEB7125D0AEA2807ED19BF71BC50EA630F3FC6643400FEFC605448E75
5709	3321569	7A2647878F61D41AEC5FDFA379CD4C0A191DDC1B6B7E8E17184973587ECA3586
5710	3321570	8DA1195E3FDEDE0C9F2DE9A5D5126CD0D02CF741F8551290ACCCD0D80313EFC8
5711	3321571	F6F47CC8539540B83F2F214482406E203AEE8492AB11D3514456E2FB07832C6C
5712	3321572	8403E9C8DE3237919AC92984AAD50B7675609DB142C844D995C390728D23B88D
5713	3321578	18A18269201C1E9B4F1C3CEF7B92EC238BCF5DAA8C6D9A80DCAA939974CECA5D
5714	3321579	4DB93F558AF154FE5C7EBF182EAECB5D3F1465B64283E911DCC7E0746F2451A0
5715	3321580	43A62418A66185B9E41AB2357E927F1C1A61B794CF2603BD19B7F3480C7B14F2
5716	3321582	ABEF3F982D53D7EF08D9B1E6F58C73BABB61A1461885DF25457DA4CDAE3EFF39
5717	3322510	780050646C832A06615DFF602E27ACAEC4EEDA254D7C9D417BC9CB4DC1A06C7B
5718	3324803	53E122D79B60F268AD73A069774C3A379370949CACF78C860074A60E50FB5FCA
5719	3324851	CEB389FAE29536CA53EA99354C77DA4DFB6A71592AE3C5EB451B94CED9F033E6
5720	3326617	91637E142DA0BA4F9C31352CB3B666A07B380DFBC23F8E4D95EA33A0D1F2841A
5721	3326661	9CD0206A2062A33883790051C3721CCA41467A7AEC6F12DF5C4EE044FBC2E3EC
5722	3326669	0C31E408052F6AB587A19447456D2BE33C3AC89490CE50B128B66E330C80F3A2
5723	3326671	3A3D4BC538DBD484FB7F14A467D02CDBD689E55FB0BE6F67E6256C4FE90C6C56
5724	3326698	850DB5F7ED3296215BD1F8E40F8A70C6D921F3F0E42224D71B72E3CBC18239C4
5725	3326699	EE53714FA11B9EB624D9D6695A5315CBCB9CDED63E6B1827D8B8F19AA50B8524
5726	3326702	0A9EE7FCDCEF9A65CBBC938B426F17F24D3F042FC49EBE5D593BDD912882160E
5727	3326705	AAD4A0F0EF6D6D9A9B8468FBC42CEB9D2AC8F0CEE07CC39B108A303A9157417B
5728	3326706	A444D0FC34AC27F0290465BEE84979C14DBD5508598526B488C27EA89B466FEB
5729	3326708	CEDA66A718BFED6A0F47DF746DA859DEF345A21F3A1CC7768AEEE17ACCF6230D
5730	3326710	17D863F39B4435261E01C6E5B52C40F7EC24F2E389CA7E7243BB5734E132C3B7
5731	3326712	B3FC00E7EF533736D75172DC6454B94162F1612AC66F199CD5F583C49E705B9C
5732	3326715	1639EA5A2E2B43AF118CE028BFD7029DF18CFED3C44932D1C60CD75F4B8296E6
5733	3326716	2FEABB7DB707AC52265ECFE318ACF85A49A6075379E53FE32BC4DCD485719FF7
5734	3326718	802FC6BBC0AE06BFB73E496F0A08CF7176A4DB45BD3AB0AAB4E4C88FECF0794C
5735	3326719	F490483B0A2E787539C68ADAB1A3F6E62D7D23E7373ACD0961D8BC178CA4807D
5736	3326723	84EBA690C19BD635F310B0CAF79CE6BB5F11BF7DD41A171A41891D00C251DFC3
5737	3326724	2106DA63DC80EAB0564DFCD851074C9A87F98B047115A2878F63E7F6217F94D3
5738	3326729	D3E2D372CFA92ACB509714518B3B0805E653F7E7A5F3029280EE60E821CD04FA
5739	3326734	EFA88A91C7BCB856FCCBE2D484FEA57FFAE9F306E0019B15F5DB079D0B73768E
5740	3326736	45A37B55222EC90DA02E07C4A0A528654E57AAF87749A421ACDEAC0C51F11B97
5741	3326739	E92D6C908BA9D76F2CB3A7D74E7C72AA039444D912D4980F66B3337FDBFE3E88
5742	3326741	F8BE780CFF939DB4232B9B117C39CB3F553F75065D5BDEBE9A358EBF31E84E6A
5743	3326743	03BC8E3B90B67D786891CAD11E2F3085184AC94C7FC5F7A458C9A4A45B496129
5744	3326745	6BEE5016DF71173310D0AAA59C49D78EC6E7D5D7F6AF7C7B6908F5D51C692267
5745	3326755	83A2ED13E7FCFA4240A1B1CD1E0BAC297934DE058529F4557C9599B27163129F
5746	3326945	81928C81BDD26EBB29D8BA1D9BCF57650B4FD25C0C3BE8F98906E9BF6C65E883
5747	3327017	9617D418CC79B13937010788318CD5B380158E9C6536EC4657D0221EDD8F4694
5748	3327018	541CA7500DE4D964B39F1CB9EDA3900A7C73F39E9CB6B1A45251FCBF7D55EBD6
5749	3327211	34E488326293E695D95595D5531F60017F7424FB10D708627528FC1019EEE5A0
5750	3327299	4F23BE56CC1880791C2A8D92042D51CC50679737AEF4CCCE72F22E82C57E6FE3
5751	3327300	CE57DF47CF7B53EFC6006CFB291C9EFE6C49CE099664921B4E00CBD823907BCD
5752	3327301	D40F803B40BD3D58E35B08A34B044C91670E12CCAB198BA083748630C9AA3237
5753	3327302	927902D03BC83E0AD5FB43E482C13D0D99B06CE78BE9651B42F30123EAE1C49B
5754	3327304	1B6F0B43644DFF550384D30D914A1979D6A131AAD0FBD02F1CBAE44FAA3BCD2C
5755	3327306	76D10A9AD158BD66C97ABD458AF8F1E3FE4C2228DCCE507A75FB2A4D28DFFA05
5756	3327308	C6CBC64A4905549673661A1F7E9362303E75C52E9243811842D3071FE5F39F4E
5757	3327310	044D43C7E92C21ECE86C1AE30E23729722CA50F7DD38C3E7E3A97AB5F6FC24C8
5758	3327311	1563EFAA23FCA3D49B969F8754872FE370738039BEE75807EE06D1CAF4E9050F
5759	3327312	E7A163584567F4C9467A822EEF668EA9CA7751DD8200DFE835521385FBD8FA7A
5760	3327314	6389700CA8FC206AB84A48DF8AE9805552CBDE269CBC7FBC3724B45637892F1C
5761	3327315	81BC899E91304AAD4FBED74D42E51630A0A77F1876C120CEFEC5FBE788B0FBCE
5762	3327316	5734FD01B136D089447B7EA7CD72B8D076B5D891ADCEF66AB4390D5919BD987F
5763	3327317	78276A7DD2FE3A03619EA376220915EDE5A9C54D66690F3B978B6D581D846CC3
5764	3327319	52378FA6FBD4BA90152A20D4B053051F7C759C3BC55229C547AFD458FFF8BA71
5765	3327323	08AAED0F7E6E8B0E1E289412BF10735E574D0A3F31A3BB107279A6BAD3F1D2A9
5766	3327324	2692C75836CF55D2DD62DD034C65BD5ABB4E721A8C33356334AB5FC7B298032A
5767	3327326	FFAAA42490DFF799E434B0D98F7C0C3A96768136D1861AB879884BE941E44F54
5768	3327328	E8CE27BEA5128CC1E278C03897D8C362AFB22BA21D0978632241063132C44063
5769	3327329	CE00BFC1E669CFD18C0B0FC44D3C9D7EBEDCE69F3C64522E4159294F4D3F185D
5770	3327330	E91C2B249C4F2DD18A373F34D50BD65ECB9481DFCE43D58DC2D87ACEA09693BB
5771	3327331	222B2E4B30BEB735549206EA89129FB3BE05E66B0D38C66E05A73DE9CE53FE2D
5772	3327332	51831A0223AFB08E5BEDCC973E22A3597B561F32D65135FFC54F0F4F698D2E88
5773	3327334	83768DB3F7978F99ABD94E806EBCF36F374B072C3D66C03936E089F627E83E36
5774	3327335	B031C02BACD8A054718A799287FF3F16B73EAE5ACE53C3482D31D49A77E640E5
5775	3327336	C6DDB0FC973103DDA4D568A263F995BF98BDF017401255E5AF9EAFC881367F6D
5776	3327337	8463DBB3B92DD86D84C7238B1C1E3A27EE8CB6C54CB390A5DA3F14D6BC0609F2
5777	3327338	F24C3B3BDF29C4AA9F72BCD34296530955EAD01D9913C45DFD3F4E578F8E67CD
5778	3327341	0663DFD50B210BB328B9CBCEAB1EFE0FED4947F9D4DA18E80667C55D511FBC78
5779	3327343	00437377319DCE79FD5F2A7A52E8399F0E0CD0CC856207E30788879692A1830E
5780	3327344	101779AC3F6B99F77EC5A385EFBCA0F1DAB250967F111524572CD9C155C7D391
5781	3327346	E916C2114971C0CC15A27BAC8BD23E7FE32A10CB59965C94E63A48A0BFA2D586
5782	3327347	A81F8049BFB0B94C396A5143C325E64B8CFE79664E9BF937E258BC6283E02C35
5783	3327349	DD5D4C3A6384A4DEFB3427D85FCA906C8052BA166AB59A2EB20BDC8CBB5D0756
5784	3327351	5AAAC11B91C99E9C1AFA6E6B2BBD2478B3983E7A8604E471574CC87C321D24C6
5785	3327353	E036B2697956C3755310C396B9127615EB98586A4C5C2B483BCEC1CA8F04C073
5786	3327355	43303A2EDFAB0334310F28915A3D6A6DCEC5BFA7FB5E18C80A4BBC778D1B2476
5787	3327356	28F65A030E54C725A7F7C08EB360C674C743873161A51D879BAB539AA1EC1CDC
5788	3327357	15AEBCF1E7E4C0B7A85B1D81C2C9591148C5DB84CF3635808DC62C707F04E6CF
5789	3327965	5DB32D2127519140DC738432CF951C2CB6992C96F54DE0778C64DA08F2F1574D
5790	3330715	82EF5C7772791246234F6F99ADC9BF9F7C69E2756D332E6FEF34AB65AB7467F9
5791	3332792	22CD2C2E2D8C60524775E9A097386396E1417E2FFAE6C2B1B84618CA3F64D2C8
5792	3332823	225E9ACBC4B39975D359189A4028F762D58BB65ADE2EA981FF358EE03BBF5C8C
5793	3332877	0F7AA153B2F1E472C3B7463FD864D3620CADFC1E160A7E04123D2AD4C5ABC608
5794	3335048	9B9FA71B71AD8D86E67702770C010BA496685957DA0932E29C7A0726CA775369
5795	3335063	1B14194B0FC3FEE8DE42CD5910BBE690926B88077EFE53766F81D68C5430ECB7
5796	3335067	82E874004A1F31330C81CCDE340B968DBBC6725F51A3037B663A4C85829CD4AF
5797	3335071	C51AD1E8A091F9C84646A16FD5DB30D4D85633EF914ABD287A16749B7FA66CF6
5798	3335106	E643811DC42AF3FB905E7C17FF1807027D1CF1FEB31C1075733E3A029A27919A
5799	3335118	9B47EC8FCDDE07A86C49F74DBC817AD0B0305E267AAAA4AB7E7867658D932D9E
5800	3335122	38A38FA45C502DA392A2C81A73DA593E3F837865EAF4C8EA8F764889ABFFB66B
5801	3335126	081A2D99FECA5370CC55C5A91F6F691BD90827580A004A552DB81B94B4C858CB
5802	3335127	AFBF2C927C2B120F7444C0020C0221989ACD54FDC0427F3E9973CBCEE2B7D494
5803	3335134	3FC58346CA3AD9404555AEFEBD6ED1E6A8585B344C7500AAD6249E761A75CD76
5804	3335158	E2B061812CD1C7C952DE53D51625E20E6F411124F7D7EB6B5F3D51CD168659D0
5805	3335163	4CBBD35F06EE0DF5736FEAC3540D11C78DD71EA7942184ED9745981CE39F5F83
5806	3335164	B9ED280ACA9B1E8A96A208AA4B1BE0CDC23EF83562E56346429AE8E2E24F21F4
5807	3335165	F0A70631B8CC05CAD632CCD7527FE51E255443A51F4D8C3DF0F7A2144AB13982
5808	3335166	A50225CA153EC240B9BE148642849B7BCF7F6FED5573F0918C0A1F841DB422F6
5809	3335168	926A655A3B1CBADBEB46F1A08EF83E955608FD56EF9F17171A9064EF6DAA25CB
5810	3335169	4D6643099304EF3B3A88FA2A6ECA97EEEE52ABDB45C4F23A3197CD17961D12E8
5811	3335170	5186AD39816B2589A1D88F0954341E0AA666FDB478116CE104766B873F243B74
5812	3335171	98B266388428365A19A9212DF1DD56B810587AFD63F7DF387F952344716DF580
5813	3335172	DBB1307816D9CDE387C90ED19513AAB7552B77AA0D6A6CC33723C94A1C757385
5814	3335180	DCFE4D25B05510D1F64C366C58382BCCD11CEA93736E5181950D351694B21A59
5815	3335181	2169EFDC4F30628BEE14829CA06CA1318B083074F62FBDFD4E7AAC2C6F874B46
5816	3335189	6DD7801E6390CB1E93D12C85C26B21ED59FEFC5ED9EB93CC8FD587C2D39C1CCA
5817	3335190	AABED1FD339E1E0FEFD414A23EF06F806BAA14C1F2289BBBC4F5D44458134FEA
5818	3335192	996EE536A5373EC1EC15CD62F8722ABB6B25AA0305504879D6CA21C03125D3AB
5819	3335198	196F2BB93F964ACA17A4D7C3880AB8D79B3B3076188C27326E216E07161C74F6
5820	3335201	2CC7E8E46F0E41ECAC87CE48FD487661E121D5C4C19E64D1D9B34DE51AAA8B70
5821	3335458	E4C16BF9DB84D7FBADC3F58895C0A367A1D20A1C372388CF3B1009FE96CA934D
5822	3335459	2E6DBAD2ED18643DDDD122053BC5B4D1375D4019D79D978AA77D14244A83C2C0
5823	3335460	8A893E69CB91DECB5051B2FB26FCD2AE15F3F1F88DD946D40EDE26F83132474F
5824	3335462	2CA361D5439B2ABF6E9B27866B7282AB921415BA22B3C317EC65F5E4114CBC6D
5825	3335463	30A53663BD31585118BC11478F3D4BB9F2AB6ACD738C856648DF0511E083FAB5
5826	3335464	7BCC2786BEBBE51D2BA4FC6BCAE9E6357852134A07D43DD9C4A226800296FEEF
5827	3335465	CC0BCB77AE693F57C2FF6FB310A4B17A1B3BD5FB9B696ED586D11EC40167ABFB
5828	3335643	0151ACB013B5DCAC828DBE046F22B5733177589CFB06615B25A301E5252F60A1
5829	3335649	F028FA29C376380D27C6CD36C68927528AFB8DB88232E2C2EB0904F81FA186EE
5830	3335657	2F56838A366AC3BBCAC704F9E9220246FA457A83D52BC1CF8F8E5DD21E215D9A
5831	3335694	DCE5BADCA3335B89A6CBE18F4ECB95C9AC676D555F9BA730A16817B11DDBB0F4
5832	3335697	6B577B10B8B58C97B963B5E81266C116877A49EFA0B8406ED44A258A48D3B286
5833	3335719	81D6B632CE8111558BEF3C2594D7429AABCAAAA880C437BFCD938956C4294DA0
5834	3335759	5F2EB29D4402B8F826373640E60B6596FCB9BD22FD720BBAD7BE6669ABBF0B84
5835	3335762	7C08C22543EA29E83C52F811C39D6E5C3D9EBC9577BC998E7E70CEB97BCE5510
5836	3335764	3F650316F9A75FF73C216B7FEEFD3F553A67912373C410889496D833876997EF
5837	3335767	132D6743C8516B4D185F7B495A2A85C559DCF346BA4EC70AFBE5856BCB0AF8D9
5838	3335770	5C414A9E746F86602A4A2539141F6FEBD5425252282B52425A34F09BFDDA7FE6
5839	3335779	B43EB17EA4A9F0BD2C07B59090E7A00F412CC8A430F74FC6A3F777C58B626266
5840	3335781	9DBD5807C792BD30DDE7A1F56825006A030BB0B304DCF7365913D29F1611F983
5841	3335791	42EBAC18674A37EF52ECFEA2BED26A80C9D9C440E66F6FCAF9133BBA076EB9F0
5842	3335792	018FBCB4C770F974A20AF8D1C9355A4F2590C66473C72061A52A8F4B1D6240E7
5843	3335798	139F67095E7B5BD3822EBF085CD41BCA68F7D9B6EB58636BDB921F495E87AEDA
5844	3335801	FE8C930A886F73566EA2561E1D4B9E16654245A521808E1BB4A6D5F4E6620A61
5845	3335949	E38FDBB52E6393CF6378E728C7D9EE7B71C9F5B22CB4BEA19B6DD0777C3422EB
5846	3335978	CE34D4205E92B65BC3D8E149053A94739F036D6E75C6D7D7ED3F1BFE4E06B1A6
5847	3335982	F56E0B638D5E068C09CC461979B24FAC7D950052564EFEAF553B50BD8FEE1751
5848	3336002	A1FBE949A72DEB7BCE952E7469831A218B62B09B4CDC157EF20DA91AE29FD505
5849	3336010	3447539B2691D4779D49715A38BD91A9C77DFB9DECF14AFEC4372C382163CF90
5850	3336035	48D0552B1929C0CE02AE4D64E277F21AFD9B18603E40DE1D1FAF8FC64C0C44FE
5851	3336050	33B4A796FAA893CAFA8FC9E83F17140037211D3A916396F0C4F992CB920EF555
5852	3336058	11C81F057A7A0C71F14CB47068C704B56099976F012C686AB63C6C40E3D8B708
5853	3336059	3FD6017342BFDDFECA57FF280627F7090DE7F96174A41492359D8FF5466140F0
5854	3336063	20118940CCB714CB62DC194AA0102D466648B0A4D59FD7CF3040FA0232E99E01
5855	3336064	14516979041C574CDFD12451CC9FC9B17CBBA3309D7404D23110D90AA33F9557
5856	3336069	72DC699ADFB919CA078E73A8B1870A9C8D2401120270A9BE810271851E36FED2
5857	3336070	B5BEC55CD3FB6A9494BDC0F00A7C3D6076CCFACE5BBE14462DF2FC63F2368007
5858	3336071	7733CD3346E9E2468751E6FE5475BC225F11D7ABC436D3FC17F9000D305C1C7B
5859	3336072	52FB3CCB83B75811D373722557CA4D457B708D53247D75C5BE4EA76E69E05FA8
5860	3336078	44C1EE42231C1B326492B14B5F22BC5E65418281F47B568AA379B7701007D09D
5861	3336079	6C45D9D423A3A0F5AA30191B695AB342EA17B632196E321DA48E46830FDC1C59
5862	3336080	BAEC6AE5C65A2E1A4AFAF71B3F00D0A6EAD9AF4A45D3D2E9E2A5436761E96ABF
5863	3336081	520FFB417261DE349C391C5A6041377FBA2992EED178809CA0308E120FF80866
5864	3336082	A1C3BEAAA6AB367E4AD24038D8BEA5CE1F3E66F0D092FC099361F2E1D1A0CB22
5865	3336092	9A57DA7A0FAE187A940B7230783244808941ECF52D41CB129622DA4B743A3BA4
5866	3336100	46C4B9F4FDCE03031EF1A31321626E94D25B8F29C25EA8F42C4A92E90AB9EF5D
5867	3336101	F2EF098D1C6CC398DF854133C091608F068A5ABE96E04A5C761395C44E585FD6
5868	3336102	B766DC02A80023FBB3DC00F85CD3D61F4FC6CE1AAC341123F85695A4A0DFEE79
5869	3336119	37735B6508BE454914294C91C1C062EB1503031C3D30CE80FEFF6C2165B0C99A
5870	3336131	E2431E0B24E4E7184CCD807DC475C97B093C29979A9B24B8B6E977CA7D10CC41
5871	3336139	EA56CDD4B8015EBD0F722352A7A3F2C23A4F8009C2873F6CF0DA213DA7BC2882
5872	3336179	8D2CBFEB7116CC020E05BF079AA53FFA979B3FA2D20F7A9D686D50130E5B788B
5873	3336215	BCFC8E668C359070080B45189B2C1E01C2D5646EEDFABA270DCCECA18E57EC51
5874	3336309	874A9A44CF6D0A3A5ED2AEEF384CEC4F600C616C87438A8C7B38EE17558D759D
5875	3336370	0F9667D54793DC238D64748EFC59A09A3347F28B537EE2F7840D2A80285368AA
5876	3336439	17EA84C397F51300531B897E6FAD2D5AA0E2FB82CC1791D3BEE7C4A5DC2D296E
5877	3336589	27771169F43478300D8234A60BB63D15EC4B0F2288A95394B4BDE638F85BEB93
5878	3336606	7483BCBEBD1480C2C64E8FAB4A844E51C977C45E4F59583D5688D56D0629D41B
5879	3336609	56B385CBD2B8AC5D7DDFAC78BC51BCFBFAFB1A85D60E596799F2A4AB2464AD86
5880	3336627	D3F9A66C248D685C5DEAC7A3F2C91A0A45FFD418B59BE3148C114CFFF3C729F5
5881	3336635	BF82B7C0BBE1A178278E64F6C4B0A535E63EC5D81D6E0BA1D2759F0A5B6849F1
5882	3336646	A920C651EED550E8CBADC985A06B5C7AD38111EA49D776E880FBE277DBC487FE
5883	3336658	589A344176BB6FB01E3720E10C29DC4D93F4ED8AB5F7A89993F7497AB5C3CD23
5884	3336678	88DE202864C5F566699DAD8AFA58CB6C677E9FF4306D2CB0733B07954A015AAC
5885	3336680	4C3AFC6DFD9B866ADD3806FE9B018A5DB38DBFB46E0DA8DCB500928FD6C39B6C
5886	3336689	363686E1620E4F2C84E3329AAD25DFDA575A96A4A3E6851D1411D6B0740EC785
5887	3336692	3B17E3D1A67FA9A841FF0DB17638B350ED9D2FB26AD195A6247221E1F8C99E8A
5888	3336701	677A53B73A48974CC16CF0D179D806227F7F86CA44482FAEEDE0563C776412DF
5889	3336702	16AEB7FC51720A8F0EDD0E8DF12351A8B5F4D98BE20AC85C0E36AC2448689399
5890	3337929	43DC423D6E2CFDE65CC02DFC6CE43465EC5DD1630BF2DBB570EC72CBEDEDE0BB
5891	3337947	4315712D896D13F56086D8D7CB4455BAF79D59080EEC4AEDB708044A003553EB
5892	3337958	567C2D5042DC4F7F0A24B93AE5E72CA3A1848BDCAE57083DB54B5341C334DABC
5893	3337960	07415053F4C14711B2C835E1E64997214085613789FA7F2F749AA17FBA777FA6
5894	3337961	222D4536EF242551F2F381FFBAEE7E0563AF35C503299C0AD6487526EC57B039
5895	3337962	B368C951D165D335A82A1D2D255FA12C81C51A3BCFD2CDA9B12C3D3283010446
5896	3337999	4114AF04DB624154DD6FFC0CBB739FC11F59E7A94C28C99B57E772ADB3B8762A
5897	3338005	C31217621DDB943A6DA8DB6B39C0ABC1A7A838E9CBC15B20EE0CAFB5DD4F317F
5898	3338038	2C7E35A7628E91C6C084F52C319404158C826F1026280C8ED9B7CD907DDC4D04
5899	3338042	7EA668D06B3086FF97D85AA15DE3367B460975F9AE0A7F58B21AC8D3BFD640CB
5900	3338043	77B6F729FEB7E300809D8364FD63217F8DE9D3B8763D304CF797EE360DE27EC7
5901	3338044	4137CAB7C3B18729EA38EE02341B535FB068AAC6F4F84B49A0BBFD28AE5101FB
5902	3338049	AA60A18E556B14BFE0E692695D58DBB2B6AB2549A3F9B51AF1EAF227DDBA0219
5903	3338052	5D6E2A72D02BEE1567604CF4089B7009F59A9BF44D868CDEE87DBB63F5A0C3CD
5904	3338058	56591F6B6A79BC4E9FD72F58E44699438DE04494C9C8217A2D1578297271A272
5905	3338059	8F7006A12D0B9C9140C3C0040F73CFA1D17A00C265EBB1C8BF761DD992C860D8
5906	3338062	A96575C81B45E579E83E0867231EC338502416027588F40D60978B0954A96EAD
5907	3338071	4E1FD2A496EED4444428BED2BD4332210588651B5DF400C9145AD47DDDAFEF4E
5908	3338078	A74DF9BDBA5322DAF666171871B572E295FBA0303894F67D07E522232FB869AD
5909	3338079	3D0EB2E470BA0AEC298E14C2D292DB3BB3583C212D893FEC2AE2561293FE0234
5910	3338099	B0C17D1E6E10F3CC94F57844756D3A0D10030EBA59E2BCB02C45372AEA4C9D10
5911	3338222	418486115E47640D647CA08429542065BBC9958C0C0F5A0EBD8EB0E973AD10A8
5912	3338523	B42BA8246EF7D2362F90BB5B2DB8BC5BF3DE7B48D474207CEC792163213BFD67
5913	3338528	41266670C93483841E62C4D4E0644D54C77B7032C83BC03AE9308DD5EC4E7D78
5914	3338551	A6C13BC9A7A48702C4C8E867849DEF078D2DA8E34C4BA01DE08B77F845F6286C
5915	3338578	68D2C58331ED7D058A9FE6AA9FB28A5876EE8EE0328B3CDC0C237E7D0E3EE3E2
5916	3338617	8F4615F1CB7C940FD234EC4F40B6C18097A3D5640B14D7C9501E9D2CE628ED65
5917	3338631	D387C94A52F0EF64FF411CDEF01C6FD631D0428086C31660D253390E0535AFEA
5918	3338639	94D0EBE6DACA446B846868564D729AE4FC41DE35CA67015FF4876DCF733698BC
5919	3338640	AB5ACE0A9A24300B87BA250E983C3D0E3E13B7A9AA9DC253E92CD4A0945863D2
5920	3338641	7BA6F28DDEB8E5E8B176F4D4B27EA8B719726ED27BE5B1748CEFE1DB384F7E5B
5921	3338642	ADA598FEE0B299CD00AA233431283827817F1E01768BAC77F411565FC3BD44E9
5922	3338643	8B7998DA3DAB2DEE0CC5F7347AC1277BEA9064DE81D81AF8A678DE8D9AADB637
5923	3338645	5D3CF9B4F72EF1417306DC80B1814E618118FAB959DF99CAB7F5729C3BC878C8
5924	3338646	C71E6CB0BA333632A168911723CEDB4EDA9CE1439912EC941947BA5CEEFF9D0A
5925	3338660	F0320B678E7955892363FD01B34DEE8F7C4AA1E17AE440AC8EB2FC125494D744
5926	3338661	B04CF2F277A861C49F6295608AAE7C57313A4FFD86D65FD339FD199E32398DD1
5927	3338662	515F71B858B38B31C90076D14F44337BF22786455B39334E8EC555AAEABC6673
5928	3338668	EE3AD117D424BFE3296A7E35E60F4E7EBFD01755925A9A934A12FD2ABAA3DC8F
5929	3338670	2477A816593C4AC12E0927EC86027A3808542BD7261D0EDB33C5E9D16924961A
5930	3338671	D9D10FE4275A6BA4A1DD72C4A2FA5643EA6ADF0703C00B0E5D1B18EA3C63157C
5931	3338672	21FDEAB3926F0C1D1939653EBB81D9DADFD63666535CB63D780483DC02099881
5932	3338678	6C53E4F5981E4645E356CE11965490F2340B40659ABCDE4F51FDAEE24BFF8B7D
5933	3338681	84DE5D2B8AE73509A43D1380C89D573A49A7BB21A4D4B640DB522482CBA4B68A
5934	3341519	A1FDFD59ED0E8EDEF92EF1EC61A43E08F09BA120FEA5D16E5E96A4F932D1869E
5935	3341528	A6184F0F5C689CA7F5077BA63E8D12F7ED4B8F0754905BD047741D5AC42BA7E4
5936	3341553	67614EEBB73B6190DEE2CD4948648183C793B7C45AA9C4E600138C43CE76348F
5937	3341590	0DCFD068D110D6A76CB62FC7E0F4AAB41C3A5A64793D7534A46EAB5592D7EF81
5938	3341591	7F183A549B26DDEC17934EBFCEE900B33B5004B7898E294E1FCD1E6B03F231E4
5939	3341615	E7ED7D46FD5F3E0B903C99F37D33731BA8E963B9A1455D0342A8C28745AF61A5
5940	3341620	D7E6120601CED511CD8D840A2756F10BCD055FFEC2ECC267B90D5481280E2818
5941	3341639	58863D87E9657D9FA0148D1253406D8A065467AB4B21DB71A0AAE2B05B0F5EAA
5942	3341643	71E9172024D0F06CDD8210CC78B2A150B4E54488DA804407305B2D0170BE25CF
5943	3341644	AAE6C78E70A1476455E9ABAD0BADC7DB342C40F83C51D0A54C5CCB2A407AB200
5944	3341646	4A6CF9A1D4CEB0A4C6D1AA823AC234002E53340726BA73C8E0F8B908DE5A2CB5
5945	3341648	82C1383CBE2F92D2B000AC20D5773B7FCD3D11DCC02316291B7391D8980AB4CC
5946	3341652	3D1B8FC17235E6BA121AA6EC725433D2BC53603B1993B6434339085B4243671E
5947	3341658	3FA81B7D3B56EF4C23AB866FC898F980FEBF61F7108F8D9E95A7DE36614145AE
5948	3341660	E520F00DBCE33F5F93EE3194B48CB31E936D4C85287A313D1C1E07A3F0692EB5
5949	3341662	9E920FCBD8F1AB0BC878D679D9FAD1B441E72C662329983880E28C910F722CD0
5950	3341670	F2AA0ED2954CC12921923AB5D968176B7F6A8EC2D552E1A74A7924ADCB3406C4
5951	3341671	1AACDEAFD56F248AD5925426CA58656770044E5FF33CD765B1E22479A1034562
5952	3341672	6DDD7C43F5292A6063378E726A6CF9292D67761E20D4C218CAEF6043432C60E2
5953	3341678	D65F434BA63F6E04C980B293356CA305F91F634D413AD591A4337D0BD45F8669
5954	3341713	95D255B8D535AE5BA46AB8C1CA02B20AB1A1550C388C8F57EA87EA62A0A0305E
5955	3341759	8880549BC7FD58C36AC61C2E4137F24B76CD1723FC7C0C0DD4F6B1353A76B935
5956	3341950	603667AED8A72B17893CB40EC12957E60BBC8E32355DDE9E5A8D088E0B96C41F
5957	3341951	3B116D1E898CF4F352652792CD43DF8EEB05DD9E803DF8E8CBEE642CECA504DE
5958	3341952	E65BD54BDD521348D28D5E77E5D892521BC015319DDE6E4279F195CF81A90FE2
5959	3341958	AB121F8A0843951CC775F976E629C8311E0B6E4DD4C2E64FEF9C409524BF5D89
5960	3341959	BFA6EC0FCDA7E6E7761B74E6535561DA546E78F4A6C1B826AF3CB33F3A9B5296
5961	3341961	6E481D03AA6366C8829239D5DC6C6057561EF72DD39D7CD94F95628EB380194E
5962	3341962	7729BBA5A416396FB971635DC70D2EEF4D0C47FDBCF20A06150E775EA412FE75
5963	3342129	6A28BD301F731847486E8B595559972CBF90D71225448018BF54C991CE1521C2
5964	3342147	E19ACF479D040A15BC07DA92832AD17ADFD7CF9ABA1B4695F9FD088FB989F057
5965	3342165	5762BDE94615A916E4A687974E123299C47F14C4DB92906426AA40DEFDA0251A
5966	3342178	ECC17EF585B74C84E36054D85B1252004018B2540C8B374A735630F6A2BBD2AA
5967	3342197	DA316DF50A075A115B2A23F0CCB9F974DB78B78974669CECA9543F1AB9D9DDD9
5968	3342214	97514296B712BC71D9AB6AAA9D937E6D8BFE59325930BDE8F9991BAAC9AF8ADB
5969	3342244	0726825DF36988D13138A267A0E667B5EBAB0FBFF49C7630CCAA38CA9B918850
5970	3342248	5D62D64CE808A75A91EC8862EB60DBF7B819201FC890021F01B90C367D9BDB00
5971	3342249	8EE4C002F7FF323E128DF6A92C81EB260D640C5B1FC4846A7B35C61767F6F31B
5972	3342251	71B4DCB5CD35A917974D3463BDCF91DE4F0526A60C7328F207E7424C27C34B65
5973	3342258	42811240DD6940AE31CC5844AE0AAAEEE62B705E1E0485E687DC081F6A26BF9B
5974	3342259	4A7DDDEDC3E36A6350CB8ED7B5A3435A1A77F297DC3688121C1DBB1534069F10
5975	3342261	3B88F6C30FAAE88D8181D50210C12B99DD937828D04F24B329F40A3F4978183A
5976	3342262	4C93B2EC8BC218E1191D99173B374EB56D1F3C001B80293A0645DB776BC5D6A4
5977	3342270	E6AF893E910A744637612FF85FB8292456E3A7FD099E30CA214575B376EB54F1
5978	3342271	5145377B943864A44713FBB7D3F4FFE020ACA8AA52AB9CDD9C67E016872BE563
5979	3342272	4C127B940306DE6F55939D59793764810583FFD46DD3DDD52C2B2399C964E988
5980	3342278	C9A03E0856DD50A1E9C132E5201511423F2E733EC8C2922DA81766F4F7C02B62
5981	3342279	E399192C06C45982725422C62370656D5F913B4EFC72D6D3C4EB9CBBF5790112
5982	3342280	1AA6B31022965119FA4EDF13B06C3392F5C736A848EE8E4C89FBEEA501527932
5983	3342281	ED3C0175F2004FAA46C04437C60AFA36138F9316FDE0236960DA8D71F1EA1921
5984	3342282	E53C8E5C8C67248D9FE9CEF44378A4B409DB79184D72AF52652CBF298A90EA3D
5985	3344017	C4214C286F4B5E9C04FB167A1B83CD1D414864014616E36AC4623ACD9247C480
5986	3347400	9FE213DF2631A150ED8F103571BA13A9099999C912FE37522222AAC35599B255
5987	3347402	3947A77CDC537EC542770DAB5F6B5A8D3D4C0612935E957F5B2D686C9CBF4C6A
5988	3347403	A1E686C2C6A33ACAC3555B40D80B219007E6A4B842B277F5A81DD2121F3CAE84
5989	3347404	3115A31BCFC7CE45030D8E6EB3DD39AB94ACAA33C3940161A107044B6135EB62
5990	3347406	A3044AEE844AC1D40C7325B1EF745940D117691DE8344A3999D98D93AD3AA3EE
5991	3347407	21DAD9160A62B51483DA2431BC716AFA15F1A888501A12AB351E4635F333AEDD
5992	3347408	FE48AF68549149BA1FCFCA9D4922F01894B2EC43A56B6C05C205DF523B1AB098
5993	3347409	10871A5C699E363DAAF4196D3F95207669DAF0431BC8C9C7FD08AFD9AA9090B6
5994	3347413	4DC685E7F1513F399E1BF609ECE1EA52EDA00E408226C0BB19E959B9FFBAAA8A
5995	3347415	170F154420E409F124B5FE6AEBD26CC345C818D44E1665BEF68BB70E3CBEC10B
5996	3347416	BFDD2D690B5EC1A84B416B3FF58173F65AD10BBCC72D6FD3F2A451BE3F48D6EA
5997	3347417	CF8FEA44112922F78BDECFDCF9196574F730F55FC60105C9306ABE948298D65F
5998	3347419	AD77D1D3D6D152F3862294011535FB304F330CD8FA4841188AD1C71554F48783
5999	3347422	3D039C3B8DD6B9459C932B4E868AF216FCA11CF65A6298F380C4561D4F8708DC
6000	3347423	656B42D39272ADA3085152F94F8FF124CCC9C0A82F0E7B168D2FD7F3F7968FEB
6001	3347424	611E38A926E2BC081E01D073B92505BCE442380B0C834BF0AA35AA2690919C3E
6002	3347426	6EC74FB529FA3A0B292703DDC2EA2A52C0DD177417B36E12E8B22CFF18F9FDC5
6003	3347427	B950FDAA8521EB675D41805EB8EB84E10B79AC4DAA2BC8D988D5CD1A2FE7E2DE
6004	3347430	7565C3B398F01F38914464642504038147986A915F28AD6D9F46A9BC85AFFEDB
6005	3347431	832829509B2F63AF65A404A7A7220D678BCCA11C89892637A30198CD1F5CC1B9
6006	3347433	FE96AB3083A891369C2D7E515238274B4CF69C5142700A9F7E2EE339EBDFDEC8
6007	3347434	ABA7B11414990138989585558DA8ECA2F5297AAD45C8744149BD688A4068B0E5
6008	3347435	71EE0C9DF968AB8479BB66FA53113CB83D51C7DC15FBEA263AFEF2AF7AE0564D
6009	3347437	B59F47A3C196F8B7DB6A1D0627CE26AF3DAD35F79412D55AF089407C22CE32D2
6010	3347440	4E5FE77C598C1866372B2D555B253EDB2E0FF713F6BE738E26E3EEDB61092620
6011	3347444	60756D7947DEBA6381EF281C889A306B7E499E62039E90D46E088B36B0B9A749
6012	3347448	03741A4238080D798EC2BAE45D4FEBF6609FE854867F147C0087D6B4F6279D2D
6013	3347450	560F052453133E2AB63614B3A108543D7A07BC2DF1F865D93450EC69A679542A
6014	3347451	F59D89661231B4A20C754450E3915BF0BD0F6B20EB86DA4315DCFFD646C883BE
6015	3347454	54AA6BAF5F1AF3156432B5BE12193B3FD5251CBAA16F13BF30230BA297A6481C
6016	3347457	E9C4353265CA2317D349B641B20A1C1EB30399B03B5148299DF427DB9EF9E484
6017	3347607	A93180F7C33BF39E5FAC92EBAD8A8576A5FD2DA62A39E7C1DC91B4E57BF4FB48
6018	3347707	FF6468003AD92F1405C84CF73F6A652D73A473650A348B937DAF0E6CA30DA44C
6019	3347710	5831A5C1585002DC9E296213B234820AB7165FC13D060D0D4E4C4A1B6FE03C24
6020	3347749	EBEE20F2B6B0D44359C63012B29B88CC8A04761213D29B2C03657715EBC52CD7
6021	3347752	934E0EA408509B827BD30D7BAF0C73E177AA3FDAABFBAF3BB3A9F217B4321FB6
6022	3347949	9A781767E33FC79DA22139BF2CFA14734A0D198636383AF679EEB013F520315E
6023	3347969	B2A0FA212E057ACBAB4024F340E94F475334D614895346215410DBA70987EE0E
6024	3347971	73C409C69AF2E7345338B390D3DE4D4B0EB5B49B50A3EC32BCDF9F71AB103FA7
6025	3348000	43B3E6CFAEC8C7EC226741263CB21534C9084F69C742082A143F8126E91634EB
6026	3348001	0F2EBFAB140F7BEEB4277C91942B0F5937468EEAF5B43324EE6559E19F475860
6027	3348002	A39B20832AD658947AA5D7BF25621E4CC330C5192BAF70DD1CD54433D59C1DE2
6028	3348010	681FE5E39B5C200DF4B4055E42726194715D3332458746FB3ADE6C01CE8887D9
6029	3348015	EA63B6A465EC3D58347F3A64A5CDCA31BF5CAD72648F4A2AD763EB380CC5AE01
6030	3348017	FB2B2F25742BB81155064BDE90C19208F9D756A424186FB47F7CD28BC456401C
6031	3348019	203317BD617AB5ACA68695BCEC9DFB5C41E13EBBFD2B112A423E41E93C7AA6F5
6032	3348029	926E7563F0EC55F2818D2C29580D7888CABE5EF57F88074951E479711B6A487F
6033	3348030	26B3503B3CB81A30D28509DEE14A30B27120388DA32EB0C764CB9903B1C7F47A
6034	3348032	C3C104457F092A9035C81BD0DEFD2BDEEBD4BB18864E16817D57C0895BE7A378
6035	3348035	9C0BBECF74DAF11F8A53EC36172B561D75787B751C63BE337B5BEE45F0F266CB
6036	3348036	DC8FFB0CF92EA39FE69DDBFEDF0DD0126E163F92961501D193EA5223F92A5F49
6037	3348037	C53DAA50F1C6F295CD9A4F9EB03B671701C2A22EEFFAA5A04D8C33E959223DBF
6038	3348038	C9410BBF53F75D6B18CCFC3B75BA37C38F3E0B275D40776FACB93ABF59FE92B4
6039	3348039	7C6F69E52BF3767BDE80933BE4B1810294B74651C96D57DC634623B353DC988B
6040	3348041	2C614B205136736EFB5AF923BA2920BAF2497654AE4D1BD2355E345C2AEC3860
6041	3348043	B7C1A401ABFAF356345411B5F6D2D50131AE64B54432B4B2D09D2E6AD3233412
6042	3348044	0EB0C5567AC9A0980289BB5193D772F91055C684A7CCC90133279F45D0AF398D
6043	3348045	D29EE8873FB055DD8988272B89563D8A3C5F567EFA179213F0A6E7C5D987F684
6044	3348046	2250A41E1A02B1A2CE2027591C10DF0741A01E8E0B2BF0C20A6F0F9013F7514C
6045	3348047	8700EFACA1C1D2D51F2CD40CB45ED1A10E59582B43F16063DA83E59A25512408
6046	3348049	169F0140BEE643A0A094B56726DF267B83EC7B6ADCD955BE3A7C146537A44791
6047	3348050	277027706B2452D025F06CAE8574CA3961E448DE07B69C704E062E877360E51D
6048	3348053	3DCC11ABD43074CC0EA6DBB621309DD2EE6BE2FBC2B0CDD090B1B2CD33FDC942
6049	3348055	6683E5FC3D14651C2470DB545F3190221D167411F92348426426D645127C0BF2
6050	3348056	C29543A24277EF18CAEEF0237E4E67775863AE36AD280E576A5F03D21A3403EF
6051	3348057	51547842A4AADCB48380EB177BEF43B18629F510C7C75AEE0E1CCA0A900C3257
6052	3349797	0AA0EB2B6E8151EC662ED156A5A564FBBE726F9BBCEB1E95CB5FBE728FFCE039
6053	3353492	B4B6BE7423E8EA2E88986378C1266C0E4C6E1304695A0E9EB9CB7807776F6D09
6054	3353783	98D6A0571526809C43D79EE668B5BF26D46AFDB9AE1547F202E97FF7D6A3DA55
6055	3355748	D3E5C8D09209A63C4783CCF4B42824F10604853811E0C118B066DC607A7EA3AD
6056	3355793	DDAFFF2542EF55090BE3648D441C026719DF95B420933D27078B4A8CCEBBD83C
6057	3355809	6A1F3FA70362E914994535E3754F61C3F7B970D7D54074F8283C9BCF5C5B3F94
6058	3355859	0D8471DE8CCEDA6BBD3D62B7D426D36F3E8538B9C0F1EAC963A9C8AFDAC0D99C
6059	3355860	ADF68C0F25DB2DD98012F30C5C398BA47AAE4935AFFCB1C12DEB32F49E66A1AA
6060	3355861	B459BFF21409B0F5473A88266BA15A3A656234337808EB45C9632F118823048E
6061	3355862	2FC474A7C753E414811F8B7A07E86C3B892CBE97586AF3E0D7B34642FC3C5416
6062	3355865	3D9CB375EADABBFBE2090AD76C46F8F1A516D75A8355FD8875723414372F3635
6063	3355868	89CCB99E46A3A45864A386B4197C1E102973C1251ADEFD9F27081B7166367A84
6064	3355869	E53271DA1DE45737F47E90DF5931608114E4830F8E4A9A429F9ECCF81510CA26
6065	3355871	008A6B23A6EFA5C52216F71E765DF81C6C12433856811FB4F3CA682A0FDD3B73
6066	3355872	75A8C085B9A9126DFF2B501225FFF537FBF33F29ED7FB0A03325D59026C46A48
6067	3355873	494F8DBC4C3362A9526EF30955C472C9B37E30DB73F0748A2AF382AD252E7BCC
6068	3355874	662F3B3107C48C53F21FE454ABA327AA545143F1222C0A3EF86C6F8FC34FB341
6069	3355875	3C9EA56785F53BCA5B8E16E6E5A0FA44878524103D5B5660897F664B724DBBA4
6070	3355876	79B5A49DDF4B136EE782AE039DF59D6B95E86D81654DDEFE812ECF57DDF5DBA2
6071	3355878	8AE0A9AC1083537B79147366649123C43794A64804C46760C02EEEB5F2976FD7
6072	3355880	BA4DF92DB204E4B21236588F4C07489CF41923AD2D9782604EF52F10964811FE
6073	3355882	0C72D6ED491C42165A12C431E8999B50873EA79F8FBCFB4B9AD9E32B5ED7F6EE
6074	3355883	E94ED16895E2FEFCB0BED47A91062C457105389288EFD955459D689720EB2FA1
6075	3355884	989E160A5FD8E3F68E360A958CAF6EEF5FD5B5B7A0C215267AE786775D980AD2
6076	3355885	82B4091488FDE9AF785CB375B8A19E385B35F72EE80B27B6177D06D842F87FB1
6077	3355886	E09E654EB0156319B377B210385CBC289C01708B53F08ED2FE932DF837F236C4
6078	3355887	0B7598994A1532A1B580FA96F70E7B4D56EEBEFC3E397E41D8EAD2AEA6392AB4
6079	3355893	4B4BC62A00EFB5F454F1C2717F618446670CD74149B5865DE4E0AE4E56EBD02A
6080	3355899	C3128062F1E0EA690A16F352BDB7442075DE478F306575302496747707D41192
6081	3355901	C34640939E2BE0984DD1A986741CBC11F38F61D53E25B081E65AF965AF4C78CA
6082	3355902	6DB62C576488135F9D64702DA4281782130A6E0C5E32535BBE8028831E56A479
6083	3355903	85D7516E4D36514022EE19571167F06FAE673191D2DBAC6A8B3038DCC5AE95C7
6084	3355905	0C7212345496E0C4BFDCB832F4E6E1C95444E910C97691DF8B7D32F6F7A8746F
6085	3355906	0A1E76833CC285D2CA34E1E701BEF8DE3C8D023C48E8BCC09041CC0C8D3158B7
6086	3355908	7EC006D9174311C87C049F8C337DC7B7289017993390E47576A85F89B25EA4FF
6087	3355909	315FADA31D1C076F36B284B6DC0AD985F35ABF689A144FD17FA483701E702E5A
6088	3355910	2553C9CFD4C5B8FA173F069C805B37BC7BE60FCDB3BEF2232FA6D14E0A9B2A5B
6089	3355913	C25AFC1B297D318AC2DE02C6D44D44C9EC27352DDE168C4F9B22D72F462A6082
6090	3355914	A0AAC22CCF3647CED88F06CA8B265809A927BDE3C1F34857BA449CEA9F9473AB
6091	3355916	067C7EA288A665A36788FC30AA8827FE941FE3996F8BE4EF2B15499AA7E7FBC7
6092	3356171	3A137EA30F05CF547580CA61B55CF709EFA49B145E87BB4006825A0395D3A17B
6093	3356172	AE10D2A7399F6645990C2A8E94C483F8E7974542B114F16027AAF69C31433C64
6094	3356208	63E1CA352491D89EEB746D521FD66788474719023F480CFDABE8B75AD0EBC00F
6095	3356209	4E34EDB2862663DAB1DAEC05A2EA79EFE854CF63236D8185FAA100A22E906110
6096	3356211	F9003D3BB5FEE7300DE4C3C3E05A2CEA88B18C0E0E06EA825A0E0AE568CC2FEB
6097	3356349	E58CEC5B097DE934DB344B861D1BE90E83D460925978B45FDE5CFD90C0F5223F
6098	3356351	D1C849B50F00FB75970514198605E8F1B08E8AFC2F5EBFAD2F902C66D00FBEE1
6099	3356355	37B837BF545AE3F9E2DAAA4AACFDFFFFDEDC7B8E70C17589635E5F413F04CD0C
6100	3356360	B9BF882A5868EC34239588DD330DC12E4B8BADFAD2149754628F998F49D6FB92
6101	3356361	7EC2FD22ED208D02AB998CE3B3A591A046C0EADBD05B0D8C42275DBB33645D44
6102	3356420	AFD39E6F98F8A3173BFA57349DFF6DBD2135FDDDAF439D1F43D4414E71B3BDCF
6103	3356428	F1A8C62441A0C5C753D1F9F525E3BCF0F22162258CF1C3CC53DF5484E737EB63
6104	3356462	EC9072A5235D6A09AD7E3FB16B9C189F7CA8F9B0DA0E770547D11EA9C80C7F4B
6105	3356463	36D483769134566DA8BCC4B34BDB335AAACD47DE5D7CC39858C9F119BF457595
6106	3356464	FA25868A065717BDF3BFA587267862DF8E5D9280B5C11EE52DE4F62BC2FC8D62
6107	3356465	32AF0F80BE848E9F4E9E2FA6A87FEF3C8851A993AA7D0AF8D6F667B1504E87A9
6108	3356466	91D912ECF8CFB96DF4FCC954149E28DAC4CDD6FF8A16966A6B7C1E8B50593384
6109	3356467	009B9BCDA2F378D6607E2514BC9DB76C9A349B5A34C939D9FA62383A273343DE
6110	3356473	7E4C8C2642A1093697E0767D65A37FEAFD967725DBC8E39B20ADBC15E3B2EF3F
6111	3356474	8C8EB800CFFC0F68F0A11AE5E19E291D4A0AD54BA979932FDB5028BA77DBEEF0
6112	3356475	28AAAA60622BDE00583563AB7467C49BC9ED552964C817CB278428612CE4F6DA
6113	3356477	2CD0A6A276E5D0B62AE157AE1646FA3EFBA145A68A5CAFEFFE5AF128B1077556
6114	3356479	A07B1BDB61C2696B7DF3996BB6F90092EDC512F4DBF80D6AA4136E01DD74CB50
6115	3356480	09F94428E12E6CA497551DDFD99E19C0AD7669410EF10223EE52117658476907
6116	3356481	A7F5C805FDBDE68E13C13F14314DD0A5160573A0604E030AEE0ECF21D7CEDDBF
6117	3356482	936D7F810BF56DE2263DAE661B39870D6D16354343D8C6C87EC9E5BFB58C796D
6118	3356483	8EA96758F63DA1CF6537D2A5FA0B6EC30606413994466DDB5C4DA1D55B85B75C
6119	3356485	F19FCB35EC50417D75B007D9384201B6E430AC74B28A6FF12EC6C015AF59A330
6120	3356486	12CF4DDE2DA6FE04469431F550301F0526409D2ED376CA2CFF2B4FDC6C211E51
6121	3356487	ABAD23983CC4DF6BB8CFA984DB02F388129E0458F11667E2098E2BE86802EFC8
6122	3356488	764507A6EA7D4C935A88E427A32D4BFF4F58BBB3F154F523CB37DD90F16AAEF2
6123	3356489	1B461C711BD9DFEE280632052FA63C77E0718430B08C45C2F2E0267A2B041197
6124	3356490	00E95020C925DD387E8D31AD7C9FD8ECB66778240450BCF7E02EE0643DB0D19E
6125	3356491	D813016008BD3693F73BBA435AA5261651FB5978633EBCA019120432956D89CF
6126	3356492	80B6696254E9A490CA39301B2DED0E2E424EFED168E116572DE665D56903071D
6127	3356493	266583A09DBDAD03F1D7852544602A2505B02811D8BFEE1CFC3B9A5550FFEAB3
6128	3356494	FCE3B50E4C805F696A99D19132E2A9CFC856593D5849EDE1A4A96A15BF48E157
6129	3356495	D916718B7DEF1C762905CAF13783E5144A02515D8D924665BEAB10DEE4481D49
6130	3356496	512C121EF13F5445C990825C5E335F11A30D24CF783687ED3E0D2B2E6F60A568
6131	3356497	D840526F3BB1B67CBC5BA11D860460E926D1FD5E92D67832AFAF26B9B4DB140E
6132	3356499	C7F3193C32167053C9A3FBA222AF69E790E59C9736F4BA70A19C7BC8C531986D
6133	3356500	EEBC97F324878058CBD15545FFF64EE32864DEB288BC35999E745B1EC67234F1
6134	3356502	0FC356342F9FB2FFE85EF68FB25A8E6964FD5CA112E94DB11DECE8A2DD0E941A
6135	3356503	908F0574BF01BFB1FFFA5E6CC2F30F8BDC90E59D38C19908746A3AE950E3C682
6136	3356507	624048367279C19FD7058E0CF9E7A278F454D9E067AA75517D36D31D78543B3A
6137	3356508	75BBE739013841C253F9E5A73F8143D6AD94351D973968DEC53E42F5E5A55FBB
6138	3356509	36117B6FCD0FF4893BB41D56F553BB87D5B593189DB377EF046A4AACE90ED776
6139	3356512	76AE92D4B9437C271538968724A9FCB41D173C4DD65D194D765CF7BCA8981EE6
6140	3357153	DC8339017A326CAD1D2305BE0E30A51D02709CC0AEC78F0D8104379203D6A9FC
6141	3361976	9143E9FD6B1AD36ACD3B310AD3F36310DABE29EB404C721447381969221198EE
6142	3362343	FAFEFC73EC30FBA1CDE647BACD6613D660E813A73A9FFE9B965C23D3038495C8
6143	3364629	918EA610D14E5531D88EFDE17F81709B68EC87B1EE76B2C918DCD38FC76926A1
6144	3364737	BF9265B466A6849D826071DC32FA4F4831115DB65F76381AC317FCFF378F99C4
6145	3367449	52CE9FC492A4D95D32DFD71E1D681D314D46948DB61AA08BDF87D3F07564BA83
6146	3367450	9B4B47FE7E492E94A851C7C1ABAF866C78D755DF9F758A489D23279E903492C6
6147	3367452	1DB48A62B8AE3A59B715E3048E6EF6E694D8A46CE85A33BE7E8D4E1182D5DE03
6148	3367453	A291545BC5E40E808104FDB8FB46AE9200EA381B026D94760BBC99CE8C36DC01
6149	3367454	37FDF887DD9BBDDBB17409DE5C5FD1EBA1B3A394198C55FF229989EFA49AF1D5
6150	3367455	38F090CB099C07918E2859CBA47A4A404AEA5D8280E77660F49F5F2C10064840
6151	3367456	086E58877F08D5B56320F3040DFB337C4CD3A5CC6FDCC8F88ACEF6488BBB525B
6152	3367457	254F0D4B905F0F981FB8AE9989694E029674E53AE533B3B93958D8B654B26E83
