core_clause_id	fgravegow_clause_id	clause_sha256
1	61	16713B05E59C744ED934B6CB94E2052DD3A0C22D8396E3C7EE9C45B83692834F
2	63	F357E282C8404CC3ADEB75293486F731A33E4D7309128949BFC872BE7852DD72
3	65	35EC252D08933E0FF5F2AA23F91DDBF6D31E108519C622D0492465A9B43073C8
4	67	BA9D80C87D8A6FF318380AA2CB246FA0F3CCEC284F1774CFF238F614A55350B2
5	69	F4BD926ECD1958AD4493D35ADCB2BBF9A4451870701941271252D83A1ACD1BF1
6	71	C7A10852B84000D6AD72FEF616DBB15BB302445C6D40AD40C17AC7422FC17D7A
7	100	5808F8BBD4F7FFFF5C0C7D3987531FEAD5EE3690B3EF302BF5C12E15CEE78A51
8	102	1604229A6BB2D504D8556EC602268D26B1CE070A64C4678D5014AF6B4C91BB67
9	104	2CF07B9EFE9875A426F732C87D8B5F57F8367680ADE384C6951CAC71A48A24C9
10	106	03C77BE14D5165E71EDA356AF272B2C8B89E845A017C4FBBE274FA6A41ABB81A
11	108	36856A1E46529CA4D102395CE7B88C727CAA9632EC043114C828A826986A7ACA
12	110	D6B31EB94E660782C26D9EABDCF199C1756968464A102869A075F0DDB5CFB9EE
13	112	9C15A16F6E8FDE6C0994CE8D06DC28D28296AC452AA9DF45EDE658B459445495
14	114	35C74E6E4A39654A58D7795F5B2EF7CCB084A51B5075F2C5CE324C98F4FF7648
15	116	6FCC25A582308AB4D879E2AAD353BAA8FB49DFE9BB140720D979214E1BD01365
16	128	B33B499975FA1162EFA087371C9B97F2871F56CB63B2031162BDF84E4706034A
17	132	5CDBA9A835609ACE6FA06604ABCD2C6910FA70259E4FD52C1477BBCFD5A41770
18	134	85FDEEF9D53D85BA7749E05DEC4306A6646A07A0AB968206703E1C3C411AD1FB
19	136	9769D22A0F6EE584831F25AB755DC3364A53856B11164A5A6B3CCAB34C366358
20	138	8D83342800A7E494975DEAFAA202098A2BB3CB545647E3A7F37CFB0172EE00EB
21	140	4319CCCA01BE6A5981642BA9BDDF1692B1B9D884B5B6692C062224F22FA65C50
22	152	4F93204C4FE0684C5C4DF591D6F3AB514EA4E378323F451E4866D8EB3D012CBA
23	154	60995E086798E4C4CFC7AB59B1038D201A3344694E5685F59C05409985DB5ED7
24	156	A996C1C7416E6F83605C493D0CB954E4EE590AB21DBE52AA421DCE5787D8702F
25	158	E80E9CE1D78EBD3BC63B143D297D0BFE56CEADCAF55692B923F30CB06506435A
26	160	AB1B2954C0313EE4B04A0F077080629E35C1ECC7FD2C0111A25053C31DBB356B
27	162	6D8B8A92D0908BDB0E4451D8BA7F2D3403691DBE1A9C867BEF6FC250073818B4
28	164	0128DD7960722F59603B8FBF3D9482324D618DCBB2396A421CDBE2B94F35F14E
29	166	DB38FA4C18AC428F4BFAE154F62D7FE9A8609345539D56678966E3E40BD01CCD
30	170	749748CFAFC73874330170B06DC02F903CA0A5231D51D51FC1F94476D49F47BA
31	174	50C92E676618EBFBD4C45A0E38DD7C0964F20C4170CB651ADEB326E7521E6E7F
32	176	184061FAE5423838998A98DD9097F41C71806FF488050F5857A113FB087E4805
33	178	766DD854921989615BFA6DBB400890856B175A5ED62F100E8D01C488F4C7E329
34	180	F0C3873EC3C351BE5F26BE834BC15D44F85704AC2FA0B42BEF8D6132DFBFE70A
35	190	E26A41771E3CF0956DCF21A51ADD5CD5B2823B98065CA9B82CCAB3F648B171A0
36	196	EB9F938031DDF3B6F7676A1E4666027043D27D2E8B0B85894586E10A35595807
37	200	B9CEE3C97752EA54C7618C304E82CB4C349461DCFC838659F5745797A66289E2
38	210	9F11FE887C2D4E238F5ECFDFD63D66C97454298017249757BA28BCE8D6952BB7
39	212	829D02E17889082536A2FBF435CB4BB1FEF48DEACB5DB35C6A36C24684BD6454
40	216	BC5874D2B8079EFA1DC5F9F539E0CFE392F462CDB56FD8273CA7B97BF2058C18
41	222	9A41D3A7CD4C96CA1A19EDFEE4FC0A86023BD12B1822EA4288030AC84454993A
42	224	8D1B81AC362F2B3BD4A8E4AD49878A168728B78ADDBE7EB62386B5F7E048C4FE
43	228	957B4C65D0FF39C2735DF9C9405415DB38195B991B22D3CB8ECACA91ACD303F4
44	230	3C7C1DDEEE5323E94D3ADCF5F93099847165161D48A4C86E0DF00C51A19EA61A
45	233	2796A0E24F7120DC6BF700B816F335DE55DAE1543D2E32D522ECE0C3A54C3FC0
46	235	C9FE0216EC055ADFD468E5B78357C429AF9B6A02225876C5C885EDC48D556FBF
47	237	5AE2F1136E22C86109CF5DF36B9BD5785DAD7245B531B39BBA03165D65C40B79
48	239	143F70B940F7A7953F02243FA9488086146A47C6F796EF8923D389FFC4E03773
49	270	49086E1B7CABC3619B1612E9B44FA556C1F3C22979B9F6C4AA47D2C08D3E5957
50	272	7EB1593EE162EE4A2EA50257CFE2CE2476F6B63A49F60E2CEFE3BC3E933B0188
51	274	975EE17DF5CD2A8078D7A4CCDC803915CC53A41C521D79FA6E454853AF435DBB
52	276	AC3958A97654ECC1CD6850FA42B24636D787F9FBF1B9978375DEB30878A08391
53	278	14510B04CB6E6D8874526CEA8F7E4B20C9BBC84C212E0E92DEA8AF60FD514849
54	280	D13435154BDDE78C89EAE74E4998920FED75DDB74A6DBFA605951F21D3D7F4F5
55	282	E52123B5B1AF0C0DE7144C5B56BE5C7E70F1FA66EB9BFCC4AC5A163071B409B9
56	284	FE55200EBFF785369A74DD403FBC3C228D3D584E0310B13E78189ADAD70C9824
57	288	BC1BAD23981714496D2D84ECE1B7F5EB17794C93D8E12997C70795A578458A6C
58	292	CD4580BA0CBDCE6C2CF6A708F1C22A0822EB24F2E000AAB7AC79F2295E5520AF
59	294	13258419BBDB54DCBC7F4D5B057D2D098D1A7F3E7C3F5CC3DB3906B9FA1C238F
60	302	C9084E24FAADF2561D9AD41F6A5461F2CDEAB7071E966EF189E5CD1E9D4EC23D
61	304	320DD3763398CF82F8BAD05C8BACE607D13A178D000CB36C0FEDE23C26805599
62	306	D79536ED36C35C0C3232A857F62CD7B5ED31D377A4786D7C2AF088A6AAE82895
63	308	BA76F4A492536331747A6459E131601DC8E7D218575DF9CE5AD8049E28C462BF
64	320	853B21F0BDEA864915FD849B3B892C55B9631DCBB5E543CB216C82EFBD34B76A
65	322	51DE65F7FEEAB6D6A5C5E834D89F62810BF7D2D5A3CC3553CB108C49326D1312
66	324	542F1DEADD442577D6B18ACA472442BC2C892079D0AFBC8A451E45ADFEE37812
67	326	0B8952A823DC804DCBA5082010B3918D6B875D1D5989C5723AEB99EB6BF65D91
68	328	C82F25B486BE31CA4309E216F1E8BED79A93314B01F3BCC64EAB8DD2B8CD0775
69	330	D69DEEBC5BDA85BD0C46B230C60D056BB40EACAAEB53D1EDE1497C8B7C70EBF3
70	338	EC4702D3947570A0EB421ADCD003A198603CF8A5CEC0DD50F7C534A53811A8D9
71	342	BC0A1E17BCE62235D72E1A5E83A105E957C3C6D7B0F35DD7C3ADF2BC0377284A
72	344	850754F54E3A66944D9BB2517755859E597CB1650F86CA52F4B577733335052B
73	346	8AEE2C10FBC699A50B1FECB3BBCA6781FCD6FD121CB6A0B4B0E8A4F771F4E69E
74	348	3C1E8EC2175020E31B88803B28E342540F0703D78161EF59FA65E391AA5AB7E8
75	358	C2261D27DA2E6DFE2E84C2C3F805D67907BD452DD12F8AE6D1840D04A2EB390B
76	368	DD6DE0A71961EFBB3A7384BD2817C64161F4C1A8044FA9ACAE2E3B6059E6599F
77	378	8ED7FA34AA2108A43289C7B901E522DAECB2BFA7D7D8A05E7049E6514BDF0790
78	380	522F01DAD7CCB419B2C41F15C688906177C9B80C84A5D8BD4EFFDCA83315EB06
79	388	E015726C80431C17E170F0B95CFFF4DDD46BD233728DFE72167EAB6D836B0120
80	392	32FB6B797BEC80F2A8D9A6D345EAF9D2616E00721FDF3128E7208EB0EA3CB717
81	396	A92FFEEBEA90996B82A61E6E21FF64D048D38770F70FAA99ADA9BD0BC669B4CC
82	398	091B9D7D02ADFE787C7B844EAB46AC1CCE616892FF60FFC52245119A110A14B3
83	400	61E274CA6FDB4E7FE649658946F984A6B0929A3D2085261F8FCDEF093EA8427A
84	401	DDABCA97D040E0FE0C5F83EC7367B415B9770A62285E8B8B3973FE70C1B8CD1D
85	403	4E8D475DF1712C3A31F3920F2E6F55CB31619E02EBFF1B01E6D01FD02A9EEDF4
86	405	474C042319C702894F9A16FF93EF9B266072F7AFE50493C8F46E82077AADD704
87	407	1E5B4EAA12BF5393F5D37E03C23CBC18F0653671FDFE891B1A99345A99A3EDDF
88	439	0FF131E5F68732CD98BDB904997A943849BE7010926ED027D6E8283FA0335300
89	441	92D8EFC1F8354EEDBF55ABF89A256066E6E2B1BCC64B2BD4BBB53C0216C9071A
90	443	023347C7946C572103C43F6E1A1D7ACD9CB187D9053D37407FB7FBBE3B6E1460
91	445	94A19304DEF1A3A640920135BE1BC221BBC9601D4D3E4A9C1AF0E80C25DF4C77
92	447	CD893A031BAC0EC00D3DEAF014C3230F2CD4B081466D29EBD620AD4482B24E53
93	449	33F2036893A5ECF978B1F4AC9E9D104658FE0D67452E4033609C665713EB5B0F
94	469	D373E76749A17A9647C7E5FF51C4B7D8AEC39A9BB664A0A4B3E68FA683551A64
95	471	59175D00CFA7CEC6C4DAF13E824F09F6C410E690B9BF399C95CB51933EEA6A08
96	473	301C25795A1C571293660D5E467953905115AFC1BA5E29510888C484799B3E3D
97	475	AA14A9978495C1471C8A75EBCD49F5FF5DFD1F9D722EA3E80FA8847AF2A10B4D
98	477	DEA91F7C082702B654E275724777EF6CAF23B535CA9446645EBF51138C0AED38
99	479	E5EB0F2D1DBF32260787CD060F881A363634ABFA66EDFAADC16C6A0D65B7977A
100	490	F51CE9AA3239FDA19904615B199D12F8110C9A7C4E7D8373DB21F3C6AC5EFA45
101	492	DF6AC7671C83325492A94BF861AC9E6F54F225A1883E297066CCCC31BEF41A8E
102	494	9BDCBB9C8109061C0F1DB84C385872E1E532CFF8208269BC8C383BD0263C9BE3
103	496	6BAB29E03632EC69B2581DF8C219CFC4E2B6061D37D5C2414993402D0BECD093
104	498	30680AD3B638407544E5F6EAEF7D12CE31B02B3754FC6A36457DFD58355BF584
105	500	9E02D09BC30FB9D4BD6C9C2684E26C0B91B82E933C681690CAD5BCECA84F34B6
106	502	2A5D4C29328FC3F4A917535BB88868683BF0B1E520351A2C1A76D2DD00B2D4D2
107	504	8673E0BC958DB8D3C67749FA74D27DE3852788C9BC1D6A82B3C8332104D531D1
108	506	B1E1BCA6DFA507FA8ACBAF1BA1703F178EA46A570B4005F5E3108C963DF6A825
109	508	2013E4567EA0C89AA9FAD52B5E001F29A2E058823B34BD6493257D8EBCCBC622
110	510	0AA6156292D670C8770E9F4C3636FFE1078A46E1D105B3CAEA4337B0640BC2B5
111	512	920F5F2BAE6BC1AA33DE6189FCC844BFDCF28146498E78459572F089AD4FED28
112	513	7D4C124FBE1503EF24D495309701647B93A26DC666F541E9FC76DE3B54D81DFB
113	540	F46C141E694B653E8BF835AA396413ABB792EDB4DD01934A081E482D9B6AD978
114	542	557D2FA8922C63AD2EEDC8B12B755BB18C1DADD1938414CFFD43221C5EE7B11A
115	544	AAE9CEF65AEDD486BCB8980626AC7E9FCE9DCD26CD457D6A60BC7F4E8C513438
116	546	1A10FA66D735CE892D980BA76769B9EE23D06DE85A2229CC722EA7D0C7F0B16F
117	548	73851D49D96C7DCE724BEDD2A0C3069C7D5B17E002EBF220607D6ADBCCC5D12F
118	550	41B9473664D58CFDD3BAC681889416F77688C3695AED68C29C75B893EF741F85
119	559	10AEB0D778A7767195AF66EE1B4C078CA66C2BBF5D56FE42F3C637066C02BC1C
120	561	A17D573656F4237DCCD865727137615689B309DC6121D6F88C8AC685574A8B28
121	563	781CD7AA642C1458477C44120ED2DDB943AC4D422B3B7F28F17F04AC5B363199
122	565	8C9C2EC23DC331C47662F79F01D3F7E77BDED87020E3EEB6179F46B99B099BE2
123	567	5349A9CF45FDCB9DE82E37525F14DFEAC57321A10EBF49882A226F33D983BAF2
124	569	1AE57E30AD6AA0AE4748F84E61547D1952A1614EE7B206A6A85396CB007E1D76
125	572	51D3CE8990F684830744D25AF197A62B767EB7D2F02D2280AD3328446CED91C6
126	574	E5FAE7D125C473F59F38E3F706AB3875AA60910A951ED572BB808E0EDD33A40C
127	576	05725BB3C8B97F8E46FDB4DEBDD8D33A26A2901140D8B588D0359082122012F2
128	578	AC0A79C85D02C0E07B54A54EE3D04AC90D3815DD0487DF600D66B7B75337792B
129	580	CCFD9DDEE4D82B2E358C44B186450E3DD8ECEBE1EA484DFEEA713725056B68A7
130	582	13112B85B302CD46314B8162EE270C53D1AFEBBCFC2C6C2AC36D349B4FE20858
131	585	F481F3E6B8228160292BBCE64009664A4A69B329FA0684A8550F1E2328C74AC0
132	587	0582A842583D2AD802F003FB670C296DF25EB6C81E047CD77D2A2C2C849F6BF4
133	600	DDA09B2710A4D86A80A5E5BD958CF17EAAE3386715E7BA3FB8B1A5F072937F61
134	602	17080095A3FFE87487C99E825C2239C7D86BED86F84537463C03994BB560A3F8
135	604	A2BF2A68166873C4A4D7652E425769D7979FF30C828C7DB8B410B97AEED48D0A
136	606	E4FEB490075C1FBC515FC68A308E57013439772552B1CCDF5EB570E037994D41
137	608	ACF62497C1489017B2E3768C84D54E3F8718F49DBBE836B9B2504EDFF6D6CE1B
138	610	65DCDA7936AEAFB2FBCE97C7AF91A93D79232970B79DA82758B2668F87A5566C
139	611	4496D782018F401F90CE5B71DDE181CCF5DA71BD63EBE366AC67B200B7E08F05
140	613	705754147022122F495C4A3DA47F4B38817D7AC4EEB35EBA471D57870F24F34B
141	615	F7431A82B8BAD8789A66698B1EEDE84AA7B652D256900DBDDBD1A376B00574A6
142	617	F8CE5612C4587DE00ABCF33C9617BB30D02FE5D1E1D54928DAE43258F95291B6
143	619	A58F28A4735C2AF746D66535EFE26E6612E78D2F9A6949F59E44D6CFC5EC23E2
144	621	F008EE5E24EF265050DCD7FB95D73882497B5D7103B3F8420DAF63778C78AFBE
145	625	8D1EC5A2EE38EC1055962B9A62214B2105EC5090D49F52839C89382363FEC2E1
146	627	3ADEDDF92C42EE759130FD3588861CAE17525E40414D1FAE08F3AD2D5ED6150D
147	628	D0220FDF6C27C4F97986D82C3847505F34D1ABAA0E6657B0F0030B162044EA91
148	629	AA02CDAE63BD59F47EE2A9EFAE045F7A1F2E9781671534235DA003765B807AE8
149	631	7A99A421309829CA59EB0C4EA753AD60B2E7AB119536572CE227EC02FD2EDFE2
150	633	10F975C9BFE2714265F690E025378EDD3B34E691E2F76B9B6A1AD256C02493AF
151	635	E031E76310DC6A7BD091DB2D77F708D94E34117E8825AB0B6898129EF4C6C7CD
152	637	B8352E24EEE349E128AC1B6C15D2FA6E680A8B8442C4A20DB5392ECCED04ACD3
153	639	2D97ED1A85B07FB8449DE7AC9A8A38CF57BDFCC6C67820230073C5DCC5553DFE
154	641	1BA9128AA182632BB76AA0B18819F963DAA35FF9AB20FC5F178B1AAB879E7854
155	643	95846FB72A351BB814F1BD863C2145F1B3186EC0D73B9745EA2F768DD247657A
156	645	CE68FFB8137DF2CD92881A27AE4A71F208B4561D28928E4ED09ED4FBD5CA2265
157	649	8FA41191C7A5A5724A298C0229ACC855706F55BAD9D09592BA2CCDCBFC03286C
158	651	591A981EC3DC850EF5984A9A62D7AF9608C740B8778467B98547CA09A679548B
159	655	B27769E5E43FE07AB60066B17FC0EDCC00AF8D2BFB5877F5AC0071434342CB69
160	657	E79E6BDB2EC295997D8915E0009938B33104AD1DE4124A0974C7446F6C564295
161	658	CDAFD4C40D57A4A90253EF5944E43EF94DA0D0085A9AF1D9EDACAA26B8B9C334
162	686	D0302C837F31E6D05AD03B7945485842D9EA596280B768C992E91CCBE84CC64D
163	694	E84B6F5519A87FFC011B72964E86EA12CF7D0DCF2280A6380225BCE6DE3CC4C6
164	695	9409C2B93A42F07B6CBC7E1378A3BF79BD1F6A8C41551BA86EEBA34C4EA9921A
165	696	4584E3DFBB57A7A6146704411C801D480F6D41F5B16605F4DEAD7E325DF5A4F7
166	697	42661ED6E349922BC3F68351DE1DE50057E918B5301147A947BEE633A49A68C3
167	698	D036D20264F7DF05F940FE027A27C6FD39A473C01657F2207304295B530F8254
168	699	E96E07A89F3BEE41831D85621E10B5C2857CDC527A0C48CBD313E8A03189FE3C
169	28087	5E35D2624EFF866751303C95B4C41E53FFEA69271C95155221FB93CE8FE1275C
170	37567	0CAACADC67696B3654DAA92D15E5FAD700871B2AC27018E6CA417C70F87161C7
171	44618	0E5165A07A987B765EF7998BF3A3AD9D27466DD1AE0CFB6F4A277C9F59E4FC88
172	45094	A14C6E227A9E4266BFED025A74FC3798B462DE8EE18087502CD923F838BFF075
173	46738	1BBD7B8F4260F1919CFC011F78A62EA183C43A5B68C46740146B9DBB5733A9A2
174	46849	8FBAF66188FFED06F08210CD002DF6C01589A60CC1E07A0B142A4003952E317C
175	49371	0B76580DA37FF7BC9EE2FB05917ED3643D3594D5A8C0219AE2E74C37F3085239
176	49383	3A8F4086529B8FBCEF71CA81B4C451E59BFD7021E3B2BEF6C2C30A68FC1A2CDD
177	49407	65636F2D87F09756CC977D199C29E7F967A80187E5272D5D85A769D750206D1E
178	49419	A17F62274376EEE86D26FC34F6120B0E8549D61582F243960F8416C4342A4D7F
179	49695	97411D6EEFF953CDC74D2F9F8382455E0501080A5C54CC021985A9FC7ADABEAF
180	49983	F732292286D92987D0BFB12DFC6F121F6B51234CD9B9830032965F90171D22FE
181	55298	D36CB64A3AE1982BBA8CC724DC65E2D737CFE78BDF713810520A9AAFA454753B
182	56942	AD34F5BEB17ED077A6126249C57E01063CDEEFFFA0B76E0F523BD91D5CC70888
183	59571	E051F192EC42B85FD0B8DF26D70E7EB56CE91864FE09A28AF3682282CF26E7CC
184	59607	C56C07C5CB702E2CE0AB0452C51E575D312803EE2C034E4A5F276EE23C2632D8
185	59619	456B3FE306A17E0D121A6727396CD596CCD507C25F26741301413657EA3FC91E
186	59895	68013A0D1CFF0199EEF1D8A1E3876183C7AF5D521D756FF0AD9CB00DB98F89FB
187	59907	470140DDFB246CCC4026FF1B5760BF036ED8F3DE7A034FCE8225A0BC99BBA4A5
188	65498	C56DED20C795A6044FE3BE69B1F66506DD80223089A4EEB2FE69A80B9D2CAB07
189	66938	A0CACDC9F724A6BD5DF673BE967DBAE3F1E6D3C18B8D010855BB2B509417344A
190	67063	090E4973B0332D41B51CEFA3340C717A82B925D7AAD48A927059C009FF10EEA1
191	69771	E6B10F06204506DB8C33A9715BA39D7FDD12319A684D87B9E36DC0852AD1A409
192	69807	AB2EACC0A4BBB14953400350A550B3431F545792C608ECC2E46EE4054C0989C8
193	69819	29DCB1D7B4A17B1C79C95D8D528C5F8F3A93D9778E426C8EBBBAC718043A9CAD
194	70095	ED555884CC4AD06D6FAC23DF6B3F8F95E381162A625F26188A884F8792452D50
195	70107	EC5C3471F4BDE8BE2F28E029757761FEB6D76C86CF9792C962654B918AB2C827
196	70383	0A555F1E7D1EA8910B8DAD8460792B9F4BB97B6B5DB10D4E04CD54D10C517075
197	70395	5112CB01E0C9801A43A4E44AC571E3CFBC51882AC1911878F35862D479395816
198	75694	0944CF83484E7E6325BF6BB6C549BBD23FF61E3D2218254016F0BA4342C99566
199	77138	8DC1521AED306D0D2861689622F19388D6FE4423A9228519E9CE40E9A6A84C9D
200	77338	16F67BA6BBB07EB052DF5AFBD7A1E177BFA228A14F088A7642EC130E795BC2DF
201	79971	30A599E8CD0EF86D82927E0409B58E3B42A583926241A6001880BC3E288E8CF0
202	80295	50562EC306C7D4E28C2AF3DC83CCD3447D6270EAF930AC4EEF05B367D7BF5EE8
203	80583	89DBCA2A977D5435F9BE637EA527C2C38E0A08136A5E6D9C2976DE08915397EC
204	80595	067B4DA9DCA92322FBFEE5410E2091EF71AA33E27A1FFF827F1B9083AEBB583F
205	85418	7970ED770AEA9FD78236A97338FB7685502114F049BE2DC76362B575D30AF894
206	87538	C21651C17700072DF32F902859C87C61899220214F3FD1276ED9808B64684113
207	90171	327302F1319F1F6682679B734DC63D9022259F623378E1C371CAB1298E2ED0CD
208	90495	8929A68CD5385E22D602AE89D5C0A56FA3F831A3912C2E0B237FD938991F3F34
209	90507	35F957A07C1A20F2EAE033B2715C2912B2D8CD4C5A41D523D59D8F4E60ADECBB
210	90795	4A11E39D11E27B3F9E75354AEF8EA4903FE2009314061D90343DAE3A6E9F06AE
211	95631	69571E5528A9D8BD9E8C828FC49E96128A91BC854AC2898505F940173B57F311
212	96098	53FF22119A9FC2A022FF6B0CDBC7D116FF341DD734DAFE6081610EC48B137746
213	96421	2D063B5D6356545925FE6A276371C1D62AEABAF39073E50AE59D93FB9086F05A
214	97538	03569CC952AA85EBB4820A81495E5E15E5435A7792C67506E0478309D1982AE6
215	97742	BF81BA2B0205D1A83BA6CA4EA776A77EEE5D86C49393BFBA76A2EFB95C1F9769
216	100371	1CB1ADB9B43F919CC9767B06247C0C90E3620D5916873ABBC6E70B18F271E37F
217	100383	E0E305521B957AAFDC4399E2A744F7FDE2E00664408F50610115353F293D9B20
218	100407	7C223F4CBAF18FDBD334B44DB8A9D52BD18864780E69539BD166427F96E552A4
219	100419	15F2E81C5C50ED1EE7678DD57C054722FB9BD21B4F3B5D41853EEAC9CA3C0333
220	100707	118AFC3A64956E90ED900F2D7F0D4BE03318342F8ACA80A2E9B53B105DE0D43F
221	100983	DCC554A5817DBAECCA3DBEC2C2BCB06487BB828E6AB30888A6B0B7E05F433E7C
222	100995	B7C0F43B197888801D042702284CCFA93EB277ABCD9D41BC47D84066CDF19842
223	108367	CA1B2CC7E7648D7064F7D9FDABAB3B8934EC14E61ED836B78F285A961FD9163F
224	117847	EA5B53C2B74D8F81F1562B229BA4B1D1FDC684B899358379C6BF5776F9232DC5
225	124537	E488C87F737805106893830C1E944CF49D6A3E0FC3209BA2A424CA7A5361C27E
226	125402	C2F9765FB50CE6FD1A0B429F2AA504B97D54DAC1D1A460F19595F1801F3E0064
227	126814	DB677985408940917C5681473D2C901AA57A9160D11FEE7257B852F6330911F3
228	128907	FE4794A398EC7489611FDB264B1D077BE028F4BF1152F22861196A6911FB3967
229	128919	889A48A8B54EA62EE3E98B92544CB3819B445156B4780B65103E99BD8BE9B6CE
230	128943	7AE4B176F541AB4084511E82AC542504AFD6847E0F2F584D7E5E29D60E230A7F
231	128955	ADE9881B0D711CE1D182F5AB04927120CA34F2B8642B2102336C7D2976F41132
232	129567	577DC335BF576F69FB5A7FD0D2CA2E9855BB3ED97287911BB4D8E7153ED1D507
233	129579	2B870AF3BC0BC7F82A9014DA2518255BD938316BFC2BC60F50CFD3AB63F81DFA
234	129855	F606A5C73423A4AFD38AE0DD6935683487D1C78140E1FB608AA067A355774AF9
235	129867	EE5FDBB80911234B14F2EB67EC5EFF4CEFF80EC3678CE1C7EA4EE5DC2CE2B9CF
236	134737	8D1C7E3DF5FE7BD5C6FA629877C6FB6C242BAE0CC4FD9EA9AF287510CEE28D17
237	135077	C81482F5DC96F93C4A569557BBEB2A1E43AF44CA421330D0F53F989617427FDD
238	135598	62BF26CDC01E35ABCF334C61EFB9AFAEE3591F68EEDA9E93C4CE43BBA2BF49A2
239	135602	68E6FFC389D4EAACBE25E61B52C1D8754E5D44495AE95D13BB807B9D076A13F6
240	136657	55426E912909AF30101BDE0635A861D5F0055FE7C8517B54E74EC046785E1508
241	136781	3B9A9A17309876E351D87CFABC1E158424CBD7685C3247D05D51995598477969
242	137018	327EC9778BB7B9D5CE17342E9B3A1EF4D22C58085CAA6D3DC0285682C36B2901
243	139107	18DACEB6E1BB8FA96459FD048DBEEBBF9EA7DF40B46BCC3DE4322692B44FD91B
244	139119	01E6F7960DB285AFC7CFBC85EDC9AF68843468EF3B070CD585110FC186E9D71A
245	139143	D9096CB82DF34E7EA762BC64F2DAC40E236248A5C05E73097DEE3B51911CC4D3
246	139155	79CEDF36FE91ACE7A2CC588B47DD6E6508AB2D36B7FCFA5AE6D2537E2D73E379
247	139767	3280BEBC72475697B97E9CE7A30E307129C66299071125CAF4AB6FA4E2E9FA01
248	139779	A5420BDBA6A2B0278E56910F6C1FFA62FD3AB14D16BE39145723A3AAD813D87D
249	140055	6883623F5829A702B594B4854676AE2F52AE144A513726E0C66CC2EFC1414CBF
250	140067	BB69C19F05806157C42ABEF34CE210A461FECF0B1C5D79FF05F6397A34777508
251	144937	ACD5C17029C11868D88E99CD351E50E4655520646FBDB9A1733E6AF458FA6915
252	144939	E3AC3274A42E7DAD7394A9712084BF2E7F802619F901B15C66FD50526DDED18B
253	146105	5D1A7E2F19CC01B95020000E55A87878BA769E41AAC89A1957D2BCB7FAF19B8B
254	149307	9539D25EBC919AE4AA2135962C93CA0F9409C04A7FF10D0921547E98869CCD92
255	149319	69BE7F8128D6C7D188A38DB5AE11015B3BB01FAA08C4B3B038DDFB61ED35841E
256	149343	C89A6FC9441AAA781AAEFC0827D87084ECCB2237B069E7B3B59B497E8A61D533
257	149355	7E4A49DABCDEC90089AADC016CD96043462E5596B50C59FCCC5B75DF54634917
258	149967	C197C44C8D4FFE04BD5116506E7EEB9D6F89D87B2FD65E61187862FA9184B540
259	149979	6835792D2996E561268D75B30EF65A622541CC1FB3FAE15AC23C910784D28E55
260	150255	4033C571DDD1411D593713893E6EA55ABB1CAD62353597500D7E18307E9DC106
261	150267	DBADD8FB4F826BD4BE682A162FD55E3155B6B45D21D255F16A70DC25F2D2428D
262	155139	91ED3A5CB4A5C0B803AF51207070499CBE02E50956BFED1BB508967427E4CE50
263	156002	DC4A5D91FDDA4FB2A5BE10CAA624D96B8112E2EFE0D8149DB52741324C22B172
264	156305	65B9864F65EBB29C467AE057AAD3E108256C38DBF86792798731CCDEB446A69D
265	157057	06FF18F46CBB07DE251C71F31F446635163891B13374C0E24E4C6157E1C46891
266	157414	98D7E6108C9B85FB2FFD73B1EBB1049B623F66FF8C150188164A13331628D599
267	157418	CFA8B65419001AD408003FEAB4AEFF72674FCC7D4D583C332C495DFD0BD68BB4
268	159507	BA29AAC76F88896316A967807064E50329F6519E034497DC5F01A28A99EED1B5
269	159519	5C5ED1C4930B74FC3CC71B463890EF9EB1D55005CDFA00C55D89AD5BCCE1E327
270	159543	CFD3F34831A7D9C122B5A4F76519B160A1BC03BDEBEE269734B2F532C1D15FE6
271	159555	86D4386A8AB3CECB2CB7BAACD23CAE44C435B33A723ACF8137CCDEAD8750DCC3
272	160167	087A08A6F32B8F7A2E8EB3166B9B206ECA98CD09039334F6C0227634AB0355C0
273	160179	FEAF1B0873830C8DC1CC97D4F8126030251533B063C6A72C4F8D6445C99F9800
274	160467	5A7BCB560BE8A5B611DD84BFAFB7953EABA9970ABC5056D51D6FF13FFEF852EB
275	166198	1F0C570A3CBAE2A62576BC09C161EF802676AE4BEC3183A5D818198F814DC6AC
276	166202	40D1435B8E95FF5F395C7D018118CB7C7CECC7045006B2C29E6FD25313307BD8
277	167381	CD1417ECC8EBB40E98623B3AB59E5FD7B502C8DA2872B9A46775575411F97E22
278	167705	8A43BC464BB7434F7B0807DB13A4D94718E1C3992023A6A981509D4B24DD23F0
279	169707	C7AE468ACDE0581CE3F93948EE64BF9CDEC62828123A2D67ECF2DAD17A19FE31
280	169719	BE361E1431D5771533CF487F317EB3EC122E3A480585CA47E0BFC995B7788505
281	169743	F5FE177515EE7CF1E73BBB838B5DC1373DE36BCCA8E228022C0B61C5272B94B3
282	169755	2FA2966E12BD713BD7D584EBC0CFE24036A24EB0E63AD938DC42A2CA2967E26B
283	170367	52BF72FC90FD58CD4FC7553F563E7BB432B64EB3B3E3B2EC993A0117A05A6DE3
284	170379	D9CA3520EFF4D670890FCFD08E1BA609708D97F18C51A44C37F1A8909F7FCDF1
285	170655	F16AC2C51139F14B35B0D079412FEDFE4ADF1421E2A3A32A0ADB939D7CCD2469
286	179907	7235105F35C5591D875B9B45A9885F69573F6CA66CC1965D4534CE6B8DA17901
287	179943	53DC06C22A2F83876D7780BE33A54A8A0951A6432D236791BA1FBB90CA30B216
288	179955	62901E19314030CB63D7F7F57DF54B1B6CEA7418EDA0C4FFD735EA9FCF07DA37
289	182627	1BA4AE3C805560872F0010E2323A2FDA420D534B4B994A6F9CF7BB81ED9FC7E2
290	182899	AD662F22A80AFC7D4C6DB7154ABD9ABCF8AC5841BE581E36F02641EC4627211A
291	182901	372343F55C3367CD4BEB92022524F91639A1D4DF2B3CA4A73D512FF082763A09
292	183027	C71E95B42B6A1CC300E8F376F0876C37CC30713A9F5737287B6DE073183558B8
293	186867	0C14A7B416CA0042ABC54973B92B8EE8F1CF56383EDD49C8D542920CFF11473C
294	187367	0D9545C46C274D04DD924D3D6C5A10CB41E7499847966B6985BF5A9D4A2CF1E5
295	192829	E63273DF8CCA03BC629396346AA51DD59A8E616B0C50797F423C2E38C382EE50
296	192955	E3600DC71A36D8599EBA991A215CD59CEBCB8899D63BD36DED7A033AD4F9F27A
297	193225	FE7F2E8D654BCE6AE9623CC21866D8D48ECC4B6BFFB39CC3E368FB5BAEFED9D2
298	196659	A73A27031BB09A8CD4A3C23CFBF058886EE809784CB1B7E4DB61D2B567DB8DE0
299	196683	DEF6F38DCE9FB093D95BB4C3627369F55CCE51E00BF1D738B1FFD89E830300AB
300	197043	A8E00928D00BD2197100F9DC443CE51B5EF2DDFFCDCCC067EC60D59E6DF830B1
301	197105	59E68AE9EC2A5941C7E443461A2C994853C7248C66D85F9E6A74B4EA5032BA50
302	197303	33F60153C4BF34C917914C5E19FD5C4939F65E70404B8D51778C52642C171D4D
303	197607	BB34EF6036BC7E3237E34B9C6A3AED6FD8C16D83CBDE10E9D3E4813DC80AF488
304	198305	281ECD4CCE5E42543E2983426EDFBD8F0DDEABE6A9633CAC36A682AA7912B3A4
305	203299	50D26F112AB459637D12C72A7969425713FDD72F61F45A6B9BD6482CF11A7830
306	203425	944AEA297398F0B5EA5101BA725A75FF40B2066C1C732CB4A48648C04A8D3A90
307	203427	4D9C5B046C7F34B7B4761F4D2ECA47378FEBCFA673A4A9098A2E9274A0520126
308	206853	BCB389F72D0C4C4440CE1461B0710A666E23F42281B6EA76305B9394AF6EAE0C
309	206859	82DCBD420F4DE1C67D4985C3A432CB7DD1989B012FA84682EB818B09022C0BE2
310	206883	8E920D435E9925A51C8FB43CD32261839276D6B79A6F5492C3425B4B12E1F090
311	207543	91484BA448D3D35DBB9B22D91BB26BE80ADB3920861EE657FBDD52A3031B050E
312	217059	3FC7D348865AE14593592CEF9D5177D89BE92D1380866E548FE84308EDC2A62C
313	217141	176350B1F0ADACF1A4A67276B51907BAF734BFE5BE1D69B9CB7DA48224B1389E
314	217703	0990B0925B16E8DAD58A4ED9521D593891FCB46861D6F236D01CAAF3072F9720
315	217743	97E5D7614F30049F0BA3A971B2E389296C5FA5896728C8A60ACFA911D4E1F7EA
316	218007	AC3710142483048F65C4C4B18D4C74AE1839A93FE35888CE092C49AD99FCDCC3
317	218569	271B33F0C84A8F7B4356C892E44AB89DF64CD19ED3D69DD31C559C74CC1CDA60
318	218705	0C422FE453A7C0E22ED133F3271D4DB037C5C373465E704CFF00361C2FF64000
319	223827	E0E98AF6CF49B2E96DE3E066023A135463B5BA4D26327CEA68BD82D35D2DADF1
320	227259	A8FABB8F3763D1FD81DBEEB580D0C4A5432BFD86448F55E7E42F54E2782BCB7C
321	227283	72B4179FF243100C83F7BE57CEE772A771C92F6B4733FE2BB4D9F332B21006E6
322	227643	FEA3E3342472920E8A8E75BB456C40B31BC687DAD4E22E0B8E6DC2B97FC45C58
323	227667	8015628AD5EAFDCC06D5C4AB672F065630C827701FA6BA389D7FC918AFEEFC6F
324	227903	A6A72A74E4B751A9D6476FC2F2302FF73AF7A41559D04B16E7C01AF3EC7B3A11
325	227943	9491E49ABFE22EF91858DB6A82CFDA4FBA0328617211F3ECD09E390AAC50FD48
326	228167	09C09F512B2E289E43606BCAE4C20D80115F0048BAC41661681C513294A974B8
327	233899	CF3F5FBC4A5558E016E7EA34EE49B3409DA727E6C0885E20B6DA45D7CC173DBC
328	233901	6C8250C22E6F8E9B300FA9A7FF27C487132AAE919B2AB72ACEBAAFD934783CF3
329	234025	83D8AB754FCE647320F30694B9EC4C9052A0D120D20CDF3A793F77278B61030A
330	234027	7AA75C96DBFC16C65B32B45DE44154349C53A89E7113171C9455C0D9EDBD2319
331	237483	8A63742CA4F5BDA1453D4438E74F7E1263E6D62A2A5473B825B0884BE5D83E50
332	237867	02D5C287425635B2A9B77194042A2EC64DCC2B111C2CC0F87A645DDE8CAD7B0E
333	237905	A0A97519D476EDF9CD7C5A2EA8FD607137B96A1B7317C1EE22BF77BB3000EE4B
334	238137	840B528F6C7D9EA78428505F9F031C9D58B9DD28C1EDA3B530572F82EA79F553
335	238407	3508DBFC6A85353F0DD1AB602E425C0187BC734B41EDBCD11BE7B3290BF2EF03
336	244454	EF0AF278FF78F9933908FF4BAE50C50D3A06853456D3003C6843CD0726DD69C9
337	249764	74ECA487E9F4869BEC3DD06B2CF0038AE8E6F8E82691402EC186933DFDB76963
338	249770	EB97B150E361D76F6AF5C2D96DCD63FC334CA7F9B7B019065B9E63363090E171
339	251765	6FAC254D3441056A547F1448282351BE0DCDA99A3CF5F1F8B4E854EE9F8C2B6E
340	251824	E8D64C665407200482490EF123592CD299D61DD86B5D339E6868A9C020F2C9B0
341	253290	F7810F491CF2A4A90B723BC474290525518A6D9FB3587B7A154A55B49B602926
342	264527	81E355520128A68EC53AD810102B63105C18B1EE4B709D6CBA76F9548BFD7308
343	267245	F33F5F87A86962BA395115B5F113A4C4EED30E5D39B9F38BB29F192AE7B6428D
344	268488	5A925BC94089FBC590FC45CE729195B9CF1B8BA596A93FF35A95A11EFE862E21
345	275246	629BA429EA67DBD20FED9C99FC556632FEFD62C376EFA5FA7A296B5CC2B10ACB
346	276689	86C8CF8A3DD7EECB6A51BE13F242E0B9424551FBB723391FF2A98471AF59EB50
347	279997	C19F6E2FF4A7FBA6B8220DDDC34F4FBE91218A5835194898F3CCB80EB7ECAD52
348	280701	51E686088C1D7D5CAC905AC9DC25863D37C4638E3F8E8CB2D05D3D43B992C253
349	280711	E98D02DA63B1439E2113FD33FC5DF6176EFA2D8755DF12A9E90973EA81583EB8
350	282139	41215476AA9FF89A8DC0DACB5B5056EB9BDED4188A47312C844EE422F78313AE
351	288072	28A75E754567BF6C45F1A00B5AB3610112D02C53DDF128905AFFF2D13E606252
352	296548	DEBD3717EE468D2A66ADBAF2650F20060DC66F51556AC4F14C788D70CA4A1650
353	296772	995776933B6F5359AA7C95D735472576862B5CF9B7C7BE4D406415B1718C903F
354	297545	DB4F3CD34EC8AF00178B7835CF5C7F1324F5FFC0416F74B8F66910345D76BB75
355	324865	14B7719B67AD9E7E65C60C5973C859F6F299868B3C5A35C75DF760BBBF5B9FA0
356	325761	49F8DDE3FF1D1CCD0C4DD53A27332FB2A673722255C452FBD4A766B2ED767C84
357	328323	475558FF880BB572283A46CCF63A5FB74694CBE7B277681EEED5755BBD661C7E
358	328683	4738F62F83C449FEB57369E75218AF01AC8B7C459242D334219EC72F9D8BC682
359	328707	8D806BBDCDB0DFB137B579BEFAE1E303AFC7584CB2765233540345CA2AE9CBEA
360	328745	6E20ADCAD5E548FD13CCC8A15F09A3F893A6292FC2749E17EAE047FA44CA8179
361	328943	D137E4F786249E50A75482E5C0CD8E190F5D55AD2254FBB3B3D8D85219500EF1
362	329945	97AAF26B000A9EA34EA353C1D8F3B347E279DAC6246C3B5E1EADDE28F6F742C9
363	334939	D1312D2C5192D5FFF6C84B77A9165E25131280391F6CC70F0A648DBE69E14982
364	335065	E16F301DBEE27E57C486A41E8BF8FEE6D8355D6B02394F1AE6EB57F956D57102
365	339143	4673583CEBD33273BF02BF1D679C44E05C32ADCAF2DE40F53791241E27C853D9
366	339183	A1CDFE93A9B7282749E5AC4F0419CC8231597E65127499E1DB40CEFBC3BC21D0
367	339447	1952696C86C5C3F7BB0A96EBD025EC686964D1DC1A0A3C1453971C6ECAB0BA03
368	345267	57040EDA40A1C19EF3195C5003E1FE51D47C36261876C395C222B608C55FE49B
369	348723	81D74BE0A1EE9525CF80002D67438A8967DFEFAB45F0EAC987C1F7183F90303E
370	348781	A697ECD1EA10CBEAB7C32EBA2134ECB4AD3AD95FBBC7951ECBC7949FCB028411
371	349083	CB3079555174D91F4D3B90F06AB6F2B89BD72CCFCBB26EDD9D2A7110560ED2B9
372	349607	25ED3FAE29176CF97776AD278ADD6D4CFCFCABEEA55083FA0202ABB0041DF919
373	355069	1C0C33AF685EF1E1F16317BE532376BB0F047A7D98379665FF755A3D5479E759
374	355341	90BFBDD175EE1941B45D6A78379913C4629F46277F6CF67927FD2DBE03DABD2D
375	355467	FDF22D8301860193B4E717FF7CA2031EBFA4E5B5506EAE7273A23BBF3B1FA64A
376	358899	41FF13D4AB2CB40C4BEFEB857FECFA78B20972F98C8A130940793FCD1AFB69B0
377	359847	9DEA57F7A218DEA8960D3B7B059E07884BEAE394EC27DE1DF4EDD992F5734DD4
378	359965	5F93005495506041515898F3E23A62CFF9CD8C7C38FDC7CE467642CDBBB2C3DE
379	360545	992AB32F28376DD8DFDB80F0A20E765E89E5169E452DEA939E46E95BB6341E7A
380	365539	F370FD5BDCE3101F981459F83714EBD167C7E2962DCE7D377E74AEF4E91B57FC
381	365665	15EB7F357F1D33CDC39E9EDD8D9078369DB61E914DF31778962C9209EC85EF26
382	365667	18B4376258E3BE7170279551A0F2D37CE0157FBD4B70ADDDF7D68A27045A3E2D
383	369099	96E1E9970390C679933EC2722A2E2A8AAE9006D7E39F079A85B4882E8F0C7BC4
384	369507	63BC120F49560D18C5B9EE08FF38DDB6208C658760A4E05C09F7E13A7D3919D9
385	369737	322EEB5ACF916FC4288B437193B8A31C07A074CCC512C2037D1B83AAD298F5DF
386	369743	EDEAA546C8759938C74ABF94AF3D285495CC0FD1C6BEAFA4C29B104F8409C9F3
387	370007	7E9B8E8235361AA876E17646DAB42294A17E1BBD3AF571C32EA999504FFC09CE
388	370745	7752C49DD805D039DD8E268686273CAF985C030ABF05702831E4F008BDD1777D
389	379683	9C01274FE9EACE370BBE73FC6541A1208A8AEAC76BDCFD279C330CD64EC25701
390	389638	A278308C7A9EB52F7796B053DB93120E3D6EEC4D25BABCCB9ACFC3312C158FEE
391	391054	9CE5B98FB3C0A1CF8C0E10824BA04337E093B759BFC2416A06EFCC9E01258B0A
392	391058	51B80C768B9FE9E2780A816ACA200DC7EF758E63EF1782A7E94F35732C5B4A7C
393	393147	3BD4BAFEDBFFF6FB1C1F1387ABC532381A7159504122A3BE6A2BBD67F315C880
394	393183	6FB0A35C3CCB2BFD0C3750D092B64086D08CB0195BF60642F6A802B8B19B1FFD
395	393819	555C76595D7EAD6DF9EBFCEAFADA421F44849D61837B3FD6FA942830771955AC
396	394107	41CDDE749F5CDE3ED18BA3E011B3CFD113A360184C5D687C0D4B8C71265B2AA7
397	399842	B1B6CA2E7FF9B5494161E0F03D43A5318DE26A3F75C1445FF32D5E3198A0D82D
398	403347	AE11161102D77F52C6836C3B842372DBC7A602606E7B6A569A6890C594636C6D
399	403383	76B7973DBF201DDD3915432B8DD0B873C77C602E84D83ECD4DE6E77000AE1692
400	404019	3F3B618FF2CB0995A9C238AE841DFED4C51B1CA68F8625E547F9E37F7C1F3271
401	404295	5CB9AD03A88BAB13FC1F8A1E0CA57B8CC56F4216A0F3AB4BD641C28664119C8A
402	404307	852B3AE0C0841351C9D885CA13F4BD7B283FF8890D3FA20D99DFE2CE3C69C08D
403	411097	D99A4BE8192A152C3C67C14ECC66F720EB3DA391B5EE5D4F7A656AA1D9565018
404	413547	05E2AD9F5144F4F4211D6D16D4C180295C75489B73A512167149531302B4A3F4
405	413559	3452F284556AB2CA91ECA4890DC95833DEC9D3253789E7CCD5A15738C59A1004
406	413583	EBFF3C9E3A6A2B0661003CDBED69BCB772E40EA7C8CB5D7B7A11FC8F607E26CF
407	414207	DCE96051863CCB7C03B6676724245F101E2748CFA42B57B9D6AC66DDD60866BF
408	414219	336E1732C5D45543BD5EC9FBFD7D4D3D22070CBCA68580C272A0BC390DD56191
409	414495	62A33452DA02CD430A3908F1DD281F9FF462659FA456F989EFFC6FA968DF03F7
410	420545	D726E53AF7721BD78C875AB6B34FC5CCFE3B1BED8407DBF60B3FC67D15E5B28E
411	423747	76220D509E0B82803EC3087B07F01E3CE909DB610C960EE99ED50AE4AD396DA0
412	424695	08668B2E67FE87D4AD8BF9200AFF2EFE49CADEF4FD200DBC984CDE84CF71A6FD
413	429917	B1A4BCA781FBF14E3ECC727F9371379B2ADFF15D7E499F25C95D900B3D197AD0
414	430438	FFD5179A6FC70CF8C092BB0C8D7514CC7F6907D636A810216F5D8B235E6ECDA7
415	431854	70CA1B1A6128759E829C1D45A85E17197600BC24EA9341AFBFE07AFA4AF4C888
416	433959	BA2E46ABBAB455F3D4613D686B1973236532DE47D5C332ADF8883F2C80DA0939
417	433983	1D9C482900720A7D4E9882A5E263DA92CBA17CF2B38694BADC575307E096011E
418	433995	2C9B895728790333F77DACF4C521BEEF84E080BF5F801FB5104E2C25D6893C21
419	434607	71ED6B1DBAB4D1668A7C9978036D3651EDDEF8E0B4B9D92FBFE93A4F16FE3971
420	434895	0FC54F9FA0590E4CAEA96A59D425EC7E7267149ED4FF4E10D700D5C861F2C4A5
421	441697	092AD9FA78D7261FCB92C1007C676D60D420B04BCB20263A79F2715713577738
422	441821	36F22F03DF0FE87FAB78CD9556CC83460DE7C3253FE0E93C710F37D7E8A52E88
423	444147	1604A999E3A8451C277986DEB976A244CFFACFDB312D3D2AA2153D240025EB54
424	444159	338976B80D71B249C3DECBC4648B02780E955792C795453E8466CCEBFD1E85D2
425	444183	B73C6DB87E42B57E090ACF452086C51A1AEE039FCB72D03D588D5B177DB93729
426	445095	4FDACBE8411CBAFAF460262C7F9CCBAEABA4E1E551E8CDC38CA30146204FA2BA
427	449020	4D256B3BB7A463E0CAB2C1EFAA3B13AB54532B833A5FD2DC3320D3C135EACB0F
428	454355	A1ECB6710630F7BC90861624F6714BE67C77CB0ADCE03A47C1C08A933523CB79
429	454389	41201B15D0FF52263AE99BC11DD0212412BAA31128DAEB80ED46931978D35FE2
430	454707	754C4AE157686D05A85FC77B0C7A904BC78E99B5DB8EEE69490FD14E2BFDA0DC
431	454787	629061324A83D7D4AC14FE4AE7A379D97A8B54C994FE1F9F0A27A51D4941D518
432	455042	D4733DA5CB0504E363E70D432D5F2050B73512937E3533E043B21365CF7FD81C
433	461419	0CA544205BA20A27C26F84141D3F28C8FD977357D19A4B5AF1774E723CDA250E
434	468638	C239D5450780942E9851C8AC55F0A4343F23F14F9C3287EFB1A431C78245EFCA
435	469193	BC338CB90324EFB0CA071BEDA702EBEF4E972790D44F35F701FD1892FDE3BA40
436	469625	E699C82B5FD4D800BAA0BA0F06496E2B0AA72554FF0061D698D10CE94D92895D
437	475447	F75811C04EF64C5523F33003017DFDAB3D847991C7E9E92706AF00F1507E1ACB
438	482816	9B74CAA27EEE520AF5520159D9CA77E47BF8FB76CFA58CAE8F15832469197EBA
439	482874	46F89ABFF5AF6AF5BED7818694A385243729B9959E28E99FDBCF5D6FFB7F1846
440	483741	07EF0ECE87F33997BD32B990596983656DFB3EE4F70C2F80FB85B33B8C291276
441	483751	50D224BCE168270D180337032EB40FFB6572E1718DFF9E1CA1242CF0E71F5F6A
442	484673	2815C979D9B2946BC6DC9EB13BE60FB8742AAD395503904928E5185D1329E409
443	497079	61DF53FC1D43F0CAB827982DB126A092C3820DBF302D491956BE6E44C93A8B67
444	499231	CBA06299FDBB58BC43EF70B65DA7226239488CA3C3EEEA47FAE9F9A18073D4AA
445	500659	DB804C39F60FC95C0F185DA6DA58B5A9FDEE2FB995F264F07C78FAD5EE8D2E2E
446	500795	1628CB84868046B54E344B9F2F515DE8084365726FB34789324F36DC70CF8818
447	504018	35AF20E311C9140C63BC02A692940AA1EFE8582F6FBAB57EC097F448443D3743
448	506825	989755AEAA4A20FD95487B841706CA1530F3950BCA4C64D2188DECB12ECEEEA4
449	507901	B0A6EEE195FFF88AA0A9FDFE8A997E86D24A78689620D9C8F6EA2C4335649FBA
450	510017	1916E2BA39F777C61EF0418F50D4FA5BAE9DE42B388AA661B0720059F21FF2C7
451	510019	8D7CBBDD78B900D483206AFE8B318ADD5C1ADF4D38E7E4E86E99E7E8FF72D0C5
452	510143	B1600CB61E55ABEE5FA5597A303517F7B1E7E1517B0D953CEAF3A5A2756EB166
453	510145	88100FF48E56E7DF1DC9DA1A3F6D4F17A5DD035A35DF3173F7F97E34164965F4
454	512237	9AC22BF3AFA0B241D21FEF256836F6DE37505D943F5FC7FDD736984462A93FD7
455	512635	88FB19B96BA16A8A3A5CA8371ECABFC41AC32C8296A9F41DD6C0983C6B1D6903
456	513215	C7D8B90967C13CC124F6F9056E7786FE5E13B9275D815B498710A5D785F7DC87
457	513255	FB431C24812CF4535C845473D62A2A64EF7BDD50C146E8509A8EC197A811A5BB
458	513479	354A995D902513AD53437325938175B55E28A78DF126BDBCDE82BD5D568DFDE6
459	513519	0B3D699908B827E10B6FB018DA3B6DB956E6E369576E4100E51CBE0FAACC6B5E
460	513941	985D6647616D0C2EE46BED9103A224AD294F235BE11A6F030A0A973943DE523D
461	519313	02A6FB820FBD6A29440016E5C759E9D9E75DB206603B3F175B10A5C4B4D111A6
462	520217	B7CFC1159A2A243C678EB78DDDD686C5951699427A8BD4E072E7311B9C036355
463	520219	F0387BD83B8F656DF29FB0C43E777DDD041FAA56A05EE32C1CF74A15EE1EAB01
464	520345	9F052CC3098E6204F12460348356C9E160CBC85D91340B568D8494C3E16BCC49
465	522343	3AAB6833261F9FA877B7AB228966A42511C08726A449AD9C3D27FBFE402E2890
466	522437	49815A0F23019159463835549EE2C2C40CF563B3A46BD25E9B0F05A892A2E98C
467	522883	A65FD49584A4D1675A3BCF19990E6097BA63BF5D10FB588AF9F63EF40E4C9882
468	523415	A6BB43D41C87432F36EC414136F7A6ACA6A19C7CEAEE923AB01C1F56784C9684
469	523455	DD7A43EE365E16A67A54F13816937212C4A97F9ECB64BB92EF0CEF7ACA6F3B94
470	523679	30CB9B927F02CF6659356C90DF664082518019F22D22F3AA036E64926F921210
471	529833	461A733EF2AFB5D5632E8C42A7BFDEABE3FE07433518067563983CB9C6E3FB0E
472	530417	39908D4528238EA61AB03CC19417969494B8FB6B24447416763DA13EEEE85BD7
473	530545	B5124BE9989268C801971840774E0D44151887E9260993647F2255C73F91E7DE
474	532519	B390EF978ADD65F6FB21727581F1852038C6DE119AAB6FCCFB2B4F4B96833599
475	532535	0FC4CA1C98BF6BE28699F05EEE4723DCCEDB88D68822768E5511398C01DBBBDA
476	533011	A4DFB3D4DE5BAFACC387122C498D1B7786A9A569F7848DED5A7CC04D5F2A1860
477	533035	5E51CD5C71739FCD72A3086AEC081C5F562602626D68EC690C38FFECF4E5F865
478	533919	85D086108AA05507562D7F7C336B3ADA4AF11518B00F7E05F68B1638A5E49560
479	540033	FBCE088BB0B4243B722CF5151AFDDF90727A09DA4596964133AF8FA3C5CD0E16
480	540035	A5AD9B7E420A3BDBC180D450272EBE10F57BDF3653D6341C6B739F54F3B657CA
481	540617	F06D148A09785E6864263AED5F92A5226DB822920DB4330A42AEFFCDEBE92797
482	540743	B9C4F02471044DC4BAE6ACB636DBC1F71BEFE6C81EE483DE2DE3DDD0F42876C2
483	540745	25AD444816A27A5FFACFB9EA14DD7C2F7AB62F1016E47D67EA828070E1CDDC3B
484	542735	508AC86FF8F83CCFE0330E8AFD8F9FF801235A08A983956682BA763CEBA4BF04
485	542759	9DE1B4EB6832CA0213111D4141117C878C649AF21CC0F87E065A1A8E3FE17FA8
486	550817	254EE3E928FDD3216A1493ACD0A9A4E92233A2753B09F3AE3AEE2EE38826D8F3
487	550943	95DD0655DB23350AFC3CB114449271130DA8C68326834101BDE0F5AEB204D4E2
488	553037	18EF34832B03E1FDA49B4369ED17A01F0CA07C980DA15ECB27E678BA23C507E8
489	561017	9C7DE217CC0DFFFC2FB82647B0D309874A02CB916421162A3F3981FE5413A820
490	561143	6547EE597D02A895CCD339C73E7F24505109798B0C41481FB4A21BEA77579C31
491	561145	D292A4FD1C07C42F9EA6327941696D2E1A2EE792742C00D9C4FE90626134A0B4
492	563135	9688EE90EB45CEF26B1B4EAB703A0C142E0F2794596916BF97467A8EEFF77C0C
493	563611	45A622E20D676C2F1B479641F3C5A789ABC1FD4FF7CA2145858FAD7991C90569
494	564255	A256E3718518331383BF68269DA3D8C20A65B6D4D40CD2E44A3EB72DB3D7BFC1
495	564507	707A4FDB60D60119C0F83571A0E89060F0E24FE0A9CA11408B8E21B1EA024C76
496	564519	6FD8EDC26709127E23BD8FD1A0467B0BF24B44DCE3257B6A97C7B79493CF0C99
497	574374	E51B77E8716428E6A476C0FF1970E12DC38B06D78FAE2292DB399803874975A7
498	574410	6C97B6C45DA5277B4ED69314D9BE42C85B8CB665CC25C3DCF2F19A6CD8DB6A50
499	574422	E1FA22F24A9100231A7C6CFF564BB727FD2E0B2CF63B7CCB5ED05116B280193E
500	574491	64A55ABA509DDFF320F56210F7E70F521B74CE1E734FCB37CECEBBB45C012B34
501	574717	133548E690F209FB8CED0BDCF0976CBE013BD1E626BF2DE1A1246EAE5EA2E081
502	575209	1ADE27970F1C3F7B94B2569DCBC4CA99A6C8A4A563C5A46719CE74C220B3B514
503	575221	2DC5AAE02E34D1A25E61F0716937691ADDD0C965A1881EA4C9BCC8C196F8661F
504	575227	82F1A1A62882808D9DBA78D88864195C80CAB8CEFFEC84C5AB4504C19B80BBCD
505	575234	8C0BDEA1BFCBC5EF4223BB865498AA9B400C4A08761F73BFBF35EBD4520C16D1
506	575913	5BE5DCB6A015AB1557FC0BBD7141B13D556901E66C3DBBCEAFAA5850EB4EE4A3
507	576059	61DDC0F8B937741D8F61A96CD2182764A6928F463114CFC240C96D5B3CBF74FC
508	576757	EC937843A473861EF493D590473F4388580B54B8029EAE412AC28B60CAA2E204
509	576859	7255D6D9BD5A4C86C04B5C774C18EA40E421E7E4AE38721D859DA50BCBBDB0CF
510	580387	2B6FB4BD47B0651364217E14B46663AA4034FB89E383C6EEBD3A077BAAAC4A31
511	580721	3C46481382575C4EE36B2F0CE8E339359822696FF3D1CB72ABFFEFA3749B57E2
512	581107	036D58428020FAB4EF4F731351777DDD80EEF13FD7119350ACDBCC2B5822C900
513	581763	56EAE4B6F6B265CE19A63896ECC06B2C47DF34B851800892D0320160A701442F
514	581875	5AC908AFF16C259C297C37796DDB9456D49C3BCF1C2A1130FF1C38241E727136
515	586451	6ED5ECA0A4204B34F5F6589FB9A1458C79FDA05A2D5D4B0E41B2A0456D776F9C
516	588608	FD20C818B739E66E18A9DE871C623A57286A5AF7EDD9EBF9754A54836187316A
517	588722	A2DF32AAB700534CCEB8A06C273332812A132B795763EAEAB0859746FD69CCD8
518	589195	80F1A4DA0F7E9970EB61A308124E5EB125115DFAC3A14E06A2304EAFDBD69D41
519	589788	1BCE21E8CE132B7AB8ED4DFD66CD57E1EE9FE285B067835A79D15DF80DD743C3
520	590131	D29D2092A2A850DD9878BB3A62F361757C15DC811A41D0C514C73FE22BD4DBD5
521	590189	5A6AF6B41649EBF3358E3E1B5181BD0BF466EC39C19F011B33E843465A1A2BA4
522	591245	7739DA308FCFA632B0385AADF2A3F2DD6BD61F95BD2D9AF104948C0E30EE4D1E
523	591411	94AEBF453E909401D0EDDBFDD245C023B0D61F277248C387E7F1F8BCBED9CB95
524	591530	5A8D528656281D03D235948E50905E928D11BB1BB1C689DF02CC1814DFAAFA50
525	591539	ACA913AA156C44F051573C7F1F8AAF5CA22546EB4A4DDDDD1B3BAAA6DE4CB325
526	591907	BB922D2870EF322720B927FD2C5EB7363935CC03527E711F50F8B7836E4B73E0
527	592361	7712BC176828C4CDAB7F391C1892595A10CF7C318128B05F69FC78B221896E63
528	592436	E4DFA54186BD5128A20EA72299E51ACC9093D7341C81A666F32456D66107E091
529	592525	36DCCCA365F0DC9CBEC85A63EC0477D22BA8AF629E9E3B0CFB40B406E68D1C9D
530	592747	66D1AF836D33FDBA88D6237B2A8075950FC2EDC277E01E96A1A1579EDD56A6D6
531	595035	38F90275A84721FCD9798706321ABD58B653376F215D8EA736E40FCBB01F8909
532	595051	4AB99813D363AF329507C29EA647C2C7B8689EC64DA64398A3D899E3100A83A3
533	595975	17CEB550FA37A8A203DBE4EEDB1824F02EBF6F138CE8784870BDCA35896C7AFF
534	596473	9EDBF180CF1A744B1479DDE4A2879147E9153C187DA23AAEE7618BAFF9179CCF
535	596585	D220FA6A2B590F773FE45633ED10CC002C919262997D5805B0832EDF1259B2D5
536	597041	1206025A5CFD2A6FBCE45AF9EB13E2E7EF0B073E054CEF4A53E966E0F4EEE716
537	597936	10D8A937902492B5B70F466FE5BBC6338262CE4C1CE264255544920A9D5BE72B
538	597963	05E5019C85EE82F771A8459E1B7A8CCA02A21349096D26D6BBD1A5F1253A01F1
539	599152	F20AC16654103232C6AD9D0E03337F547BFA856074B9B3AA1E17CA8AC33E4A48
540	599635	7CD295DAA770E0215DF5BC5588115EACE45DB0D0E173B7DA3FF3AA16DBF187A2
541	604683	4AFCB6469222157EFF87C396EB2E46FC978B66003BF0484F8CE3DEAE5BEB4737
542	605256	2D18B16CFA24DD3C010C6035EFC9EA10866451134372B128E9DA2123DAA426C3
543	605382	CAA027AA7E3F78B5154659B85E2DCDC673FD5AA3EEE2DD1E4FC30FAF021FECD6
544	605901	88DD8A178D6AB3E0288C345283A01FE205A47135D90257E7D07AB80A58D49A21
545	606898	4BFFA690A44FE05A335ADF72556854557309F217AF0C03648614C91D026AEE00
546	606907	5E88C6BAA5ABBC9D5CC3DB4F8BE955C33683127897DF6291487F3C558349B71C
547	607010	91F7D8CBEFFBD23DC7C7DB6CD42FCB0055F30ED77D85E20AF22D55A0076B9624
548	607091	B3250C10C198BD48851C3530D59F62F43EF8B295011BD7B587AE95553DC5BB12
549	607893	13787D8745873C8C97AFADA3D83167E03695FBAF0686C176E56BD47A399E462C
550	608227	4D0E8EFC391B00FBB068726B9CA4AC367871D123E3310E9B86B04B7D6628549E
551	608235	1B05A36E9C6EA066F166697FE4D672848072C4369632F93E426DB6AFD55FD3D7
552	609001	70F112E5F0B836C6D7E40624075BAD01A3B5126DCBC7D93B8074472D78E9C096
553	609129	A948D6EA2B873B229CCC1B97AC7020E5324C0A3967623EC0589BBDFB2BFD35BA
554	609343	2336D2C1FE413D915A7289DC57F38E829DCED33127C7CFFF3E2C1CB3C622B3E0
555	610573	0869C5C15BAD5A64ACEDAFC46A1DC5F08B95A8B6C1BB51D6BAED51E374A5E516
556	611345	4091B7B2D19D9708163136E620D3F3F5C56AE11727BBD9FF9C71FE3189FA54F0
557	611953	21BFE982EAE3FF808E5D46778E17A7F13D1AFF48985AB6736600746EB9B02006
558	613922	54C2C1E754DE856FCB5AB32EB3D4DF95292FF90A15C17B0121F01589AAF7AFCE
559	614050	F44A95A8FDD3E864A3B9352E82F238823EC956657BB4C922E0878FDB1ADC89B0
560	615087	58EEFA5B6E480E3B2068021963517461E34608EC35969A5DAA1A17C8A9E4D51C
561	620667	F7E25C9296945898E405823D1CAD11B94E226A385D79954B7F7A368AF09B09B5
562	620748	9E554EB58DF6ABBF90EFF7B08A36A07399624DB0DC816CFBE44DD2AC492EDE13
563	620850	D18FB04E45E093BAF81F3D2CDFE21194088D1E8F0345393D7F3F2FABC8AA80FA
564	621157	FBBEC1FA8AAC07591ACF5AF7769457FA6B76A448840FCF415F6F5BDEE0CC3AC3
565	621661	6AEA4D23492A00CC753CBAA6FF1912C2E6DD33BA07705E56825DE3054521A59A
566	621667	F37BF70ABD02DFA7F8349F66978B307A759CFA9EDF0AACD5D3DF7145D3BE773E
567	623396	D1BBC5AD17E5087F4E37BD31DF0D6844D04C0C9E84F868D1829C4D5DAFDCA29A
568	624869	D00E86257A88DB21910756B50ACC5C83C44885221C0318490DFA43A36D19C1CC
569	624963	4BBA465D560C2FB78CC8E1D213FD2B4373F0FB1B5EC981C9ABE4C2096CD6C0CD
570	626011	5ACCC97D0B512E76376609C48C03D391EF0442D8F190FC713E0130CEE0FC0B89
571	626933	ED343C17544E75885231D91816010AD306F0384C4882DA0A2923AD6B894E3EBE
572	626935	131F17C5652D384121CE65D0366D5FAD565183C039A0A4EEF103DDDEDEA21E6D
573	628825	432CC6BB5D0F59CA201667B67E3B783E46303B653CA9D82CAC3C1A1B202C5238
574	635040	B968A9F4B9B4B8BC45307F6F0CD257EB7A1AAD4D091F41F829B85BF87C1D8493
575	635097	050D2E4B1BFCD17D25888FC4D437616984151277925ADD9F916A70B56105F548
576	635643	7B917626CEB00B4B5A474742D41CAF4EB7328BB7821747BE61BC5EB7826BCE07
577	636330	8047B0C57009B12CB8A0B51B273615DDB7A9ABC37BC7BD5E1BB764C32AAE12B0
578	636629	21992B2DC4367D14E903B9E78AE2DED7DABFFAA22E84796B5984CE969418B01F
579	637199	8F9E9F3C7B436D03FA1E4A5762A5E3B5769EF1366F6E3C035F22635659DE5594
580	637266	A83F73165A7D1272F3AE5C117D15E626A8A2E322EC6804A345BEA478D6012604
581	637833	38B6EC444792310504621663E47F4A1C9721EBAB8D1D8CD7439505F804563399
582	637858	6ECF7542A0345D57C301BE258605603355E32FC7020BE18C43B23ECFAF07C3A0
583	637979	83E66A60FE6E7FD976FC564A4195F83FE4D2CDA08C6E529BFBF44A4BECB033AC
584	638067	4C59A0D7F1D28772B50B9833D300EADEC9C51511D9253580AA940126D2F0EECE
585	638389	F6BC44876F9F32454A25967D077BC51614A5CE429E07D281210BF722A7F962D7
586	638918	70119BCDCE32A4815140A372085EDB5FFBB7E60EA9820599D69E3D267E0C17A6
587	640097	345481C8065A215878FA8EEE3B21424E636C11A236A9F1ACF837C0A92997568F
588	640337	EBFC375A2CE184CCF537A238ACA83672962932C669D9D7FDA159978B316C9A1F
589	640349	E56E8302132C8F576083333942A073FBC159E9DC5FF51A12506B1DE3DAC72548
590	641533	A49E57062BD93BCB471457EFECA77764E44DB52677FDD21DD1B88D769196A805
591	641549	A90F9FF171ACF13363CCCF5BC2FA9C60A5D786616371E9ED9A07FF97DD64482F
592	642913	35A00704F445ACAAD4DC22D44E7FE19EF67AC171E27E5BE83BC31B7E1A8D41C0
593	642915	6B3AE683D83020985D53EC4C96AB697F32D5AE8FF4151AF5A3B49EDDDE8DF587
594	643025	0F0F770201C063AEC92035CD6F4BEC6EB888F3A8ED1504E6100D66DFF2DB19EB
595	643541	C9BF1BEDEB468B5EDDF559070A5887B950D59C6F094EC0C95BD1016D4F8CABC0
596	643683	A01FF57D3F2EFE9BA3EE562043D6342F474AD83D933702A595B06E6F75F115DA
597	643795	6DB04127A3725EBFAFB92C3A6D957114610366D1BECF13D9F614DC788F47F47C
598	644245	C618B194F98EFCA12223268725EB5BD016E2733EE63E23BAA3BD9D87CC775060
599	645592	32652525E92B2A904BFDFE3CE4C045F19EA5C033C1DBF8E009ED6CFD73A4D090
600	651810	E7C33E2874F358D681817D955FA580A37308F73D250342F8EC05C346A60DA237
601	652609	8BEBF66C6AC7732C736F11883DF641488D50EA8B7189B1AABDF91177A72E8685
602	652634	92B12FB239104EA86E094A36B56C8DB9E1BC1BA41073D0A7B8D9AC0A2107F97B
603	653338	02C1851A8480DAB264823B19C5704CAA078E6E83C160F4E9170303307F89A54E
604	653450	7DF647908ADCF4F8A97167AE453FCA1368C635AA084ECDEECE33422FA07E2051
605	654309	A5BCC6F710C616C6228D09F99669CCF4303CB0A653A792B5E8883960D3D28EBE
606	654844	5030320A555EB889DAE14121AAB84934A735379D823394B665162BB70D125EA8
607	655783	CAA96C3391C9693EB2DDC491A2A58987C2A0581AB6B8FE4898D718B60964C42B
608	655817	579E1AFAD81ADAC2A114AE2B27B5683E0867C6931990443018BF4ACD70AE89AC
609	657015	54CD471E25632446757DA9D13BA6790E74D73BE696F34F797DF1AEB4BE266AFD
610	657893	F97BD5A04E44FC2E186F2CEE559300DE40A22744F279B715F05689533C23070D
611	658395	9B493085000AB21248788154A72F845A15BD1DB1821BF2F9281E36CFBC04D0B0
612	658505	F0C9ECEE216291B8D57A655797038070A315853CBEB0F4788CA5FFF09DEA5F27
613	658507	37C8AE5783FF5D1F32C6728E3D19093EA51EA4DC4F86501174F8044DCBCF99BC
614	659119	DC1F00BE893E507873EE744E83352BD36222D13D04C70039C5898C1DABF67E1C
615	659785	875CB0625BF976519A06E3D08B2B3A12CBF47C9BC486C5E506678E75BA4D988A
616	659966	9114F6D61DAB1496A3128E0F0611FE51338B4505411B1C5E472E03F98FFF8AD1
617	665375	EB8A7D31EF79C217922899E54B71522FB9666F3D095832C9739FF5B7ED50F98F
618	666543	CB3093EBCEBAF320F1201BB5F46DC0F015E56F7F31153520D204E4E5D7126ED4
619	666568	D2FA7E6D3604FC69BD6A4B4F7B8F86D74D46C40E550B9158F9D9F822B10DA488
620	666651	0D11DAFBC2E41BA56B060736B1D618077385A7210A9B537846CFEF05A1CFF639
621	667290	8413F4B716D6016F80D0BFD44E0852CFC62064BF0B95EF395917E9A39755021A
622	667589	DF42A68215F974D8058A46F1FBD0378CA187558338A12C19DA1234DADB3AD276
623	668089	E2AF20D8C8FE83609806F946963A2C8D6941EC0F6ADCAF8838C9F73AA611AAFC
624	668805	AA3E78E04B1C5F2FF1ED277410AAFD3BFB7FF487F3676FFB560E66CB4C644525
625	668818	069036AE9345ADF9CEF2CFBA73F4511A122FBB37E89D8587C1A188ED1BFE0CAD
626	669715	E7C933C8DF3923E737E0450118C07B20C5B3651ABA511DF76F06252E569B4636
627	669789	8FEB1A5BC0F83B0677E1A9A51E8B3217B09C1D36E313D90D8B5BF1630B10033D
628	669813	67253AC2F93605DC0B215D3FCBD91ECDD290E118344B9AA99EF38F03D58C0402
629	670312	351B37CCF4665AE3AA6DD021F9A26DB3201A020854DB6546EEADD5D0E939B53F
630	670921	723F5C1EAFD4AF9F4374777F80DFEC639A91116BB01A7648B89F3A56F5E01F5A
631	671263	4932D11A64B88A028E5851703DD63239B4E4B502B851037B2B110494D2D35E25
632	671365	9971036D5204E10CBAFB178CE454F874FA4D466CB9A4A4E3B046040912B0AE5B
633	673251	0BA1FA50ABD5342CD931265268A76FEA1C05DC4F265BDE17E42CFE52A72ECB51
634	673373	6433FFADC07430C625F8B3841E34BB3843D135271883744D7B8CFB6EEDF633FF
635	674222	969AAF020F087E70614A8E6648C09128D8FA7D85D29EC3F52F6588FC8740BE00
636	674441	569FD46D8B4289CCB2B3362672AFC6FE0EC6B272DAF8F5E1CB4D0D983DA6E550
637	674643	9520B83207EEF7AC2438AA6CC5EBAEA1AB99370C73BA28D7A9631C1B29ED64FB
638	675205	136EBE2F61D65CC21B8138CCE2D1CA238B1900C8567A8481957FA9FB8A288B41
639	676288	8EE6D8DD9AD3E62B12F04E4506ADB8CB38C740D99B09B9F876A8090A1FCEAEE2
640	676382	8998C9CBE9B542A990539B54A15A2FA908D8DFF975959DE88DCF0EED2C5A4665
641	682656	BFAB73FCD8D5F21B19D2E2497377EBBA1FD731EBBEB89E32EA80BC09AD77F0A4
642	682770	110546DA1453D8483A1F6B92398700CC8E600CEF9655C432CC091EEAEAA8CF2C
643	683077	151079EDC1CAB3907D3012E35F7003675F898149B1CA10BE0B664A8BFA3458BB
644	683715	623EA7B9011BFAF95961687EDEA274BD886F310CA35AF4E5BBED0DA693F21BA1
645	685111	24BB738E151C8BEC14A9CDDD665723BB579DB6E18FC13C286BE122AA01349EC4
646	686789	206366A55C1BAD10AE2F844D0792E6290764AD0F2E5AD954284F3EEEE99700F8
647	687929	091A6C9A33B8DC697FCD3AFF0F11508775FA56EFE8FAAB7FF58BD2317D8E617B
648	688731	34E24B404A1C06015A5FB9C295AB0983075E760745816D34F6EFDF17D687270C
649	688837	EFFC893373723FF873C556BE80E4B71B8B5709C27D25FC3349ED6113DD0E7A38
650	688853	F0D0F35296646066D61FFE81DDA0F951727D2E1FCDBCA32A6F1F0FD2CDE40671
651	697560	FACF25B4FE97F0749C8D6401A4E8D7FEEC92838889153C1CDE696B68D37000C9
652	699625	31EE18F46232CBE9F3A438EEE95454875900C678CA0477AEDC61210D67FACE9E
653	699891	22F56A9E6F00842F706F4DCCB919934E51F71965DCE826960045B1B690A5BD27
654	700065	39756FFF17E07A9A3ED27CBE265C0DC80758DEF56A4740721919BF187E9E7303
655	702299	194734363674D8FF90BF792F03CFF7A6A5A2B04E18EA5397A4C89B86B7900102
656	702872	1B47DFC9E4437B1EA13F825175FA22AC05523B6D20256EBBAD5255014E1558E6
657	704303	274976585E858C56FC82EF874F5E74969C9A85306468BCDC84BA3AC81E471672
658	704639	CC1A680AEE983DBBE6F7C41D0E3FFB2D3EE0C4D88E8A8E04DFD2E54A6F4AFF43
659	705539	BD9AA4C13707927866AF984CE30BC2255AB48D0B164F98FA4446D2F2F2F2B86E
660	705543	B9F4EDF30424F670EE917B150B913CB25E0DB6E8929757058CD94C9E67008DA0
661	705813	129F2D7343037FA007E188BCF4A0ECACCAC95BA0FBD8DE55340D1792A65B04C5
662	707630	8744BB14E20220B4804EDB4ADB0D207069554C03321CF2319FD66C56CDBD6767
663	708065	137C35FF8C41A2DEE880C978F56029B6610AC8B9F4BD49AC9B4DB1DE1A876623
664	708067	0384840B073E468C2C398E48B1961DC826D4D8537F684E0C235D753EB2A65D8B
665	724119	08AAEFB2214A8F797F6DB087CADCEC52883A20AB3B60B073715C3411D9E1D814
666	728443	64D4A3EF3F9365814B8D29DC773BC4A0AD70382825FDC9361B3E935E40B67837
667	728663	FDAD7A8F21A67297CB091E059CEB1317760EE75C853A942DC8095541947A3882
668	728841	3B1B08A2EA692D54C3A99C790A4304F95351114887E07BB3E810A9B56F386E27
669	728843	242F0627729882BA580A32649C2BE11A9C106288D0AE4FDAF499870F3FCA16C7
670	728967	14E489E4FF5825C154ACF2BC4599C692D4D6416A86D266A58DC6AF8F6045EAA8
671	732723	EF1C13FDF3B1834658A4E4A50890F6324D975F707EF39E0F0EB1F21C2D6E4BBB
672	733183	50607012F1C3B629AA0CE6D34F10B2756318BBBC0950C0BE7137AF50991E69FA
673	733487	A0EF29AA10375DBE3D4025D04DFA74CFA65928C4683867EAA5413F3DA55BF337
674	738259	E9A374DC7F7151071D8F33D953FE7580E47C68354948EDF04202AF456656CE93
675	738863	3A2EC4B2F176D69F0F57CF923035D93BBB33F01D68AD3CC57356C01451B551AD
676	738865	DEF77271594929574FC3D55E6260E34DF2E7E188E3946985E83122FD03C771CD
677	739041	AA14324CD8C1EF03F2E0C53653726AB98D8B8FC0455A135B5A529DC964C0F2D3
678	739043	0BD7B8D4476EDD65B29BC739C4CA30F723CB0E573299C66565111A043E322E51
679	739167	C9233BDC839A1B1C57E034610C4F53816F96F6748D4F651C0548C047728DBFFE
680	739169	59F738EC1464BCE5811E563B450998AADD8852AAE96A5C1886973680F5623111
681	739437	E663F955573A0C03F7169A42616D4D5716F1F8BA32B840586191D4F8DB39E7AD
682	739558	B8CA3FEE1B7DC7BED9214ED954472BB3BFDBFDCD92821E69B4CAD2C8723CE5F4
683	741603	73407839A94D97618C8645F92236F42211BE41FBD6D2E7BAA0AE1C21FA2FA4C7
684	742735	DFB0286407A7EAB2CB2801119A3EFEDB5BB14119615D8CA332CF5CE0E4EF9E4D
685	748721	A6BDCEAD70DB117FB999FAD7A22F69AC79C8BA835E9486DB227D064010414D05
686	748847	0A092A315BC3410A4C1AB4BB63F35CB914E0CB8C33FAA2DA1FCB5FC2F99E6046
687	749241	D9C4BFBFE575685D7B6C1FDF56090530D07489BB6E2D0B52F3E1BEAB4A1E6D7D
688	749243	475C7F553993B40406552AA590AC42D3456D43E0011727B60924C8D9A3D7E846
689	749367	5EBAF17FC8854CAB6AF75165B7A71DEE7E9B306079094E164F67E0FE3883E902
690	749369	E419F7E1001D352D3B9D058D4C5413E0B89C052B5D386F01295EEAB2F3B530FA
691	751803	0B7C34465051CAD0A3CDD689E95486EFB3CCECCAFAA8D6B0C037793AD44B1384
692	752635	B05530F8E2629B79B2D8BF74C6081532F8AA6A3676D48909134F4D7E534827EE
693	752659	0C7C4370545A80387FC429666B412A03DC01F116A3D72892E3D3FF9CF32A5FA1
694	752859	E5765352AEB988A76AF19B8BF505272EBDB405DD443BCC8AFDCA1A3C4D89DC42
695	752935	6422D9C06074757A28271694BCDA1E3D0F1A075A0E7C7C4D5BE4D6DC8191F992
696	758657	BA81583D3D18388AED65167F0F94A2BD62323138DE120FE66E472BB3E5AFCC5B
697	758659	CB818771FB48DA52AA4423E9E03453DB7E244D167221381354DF440438FC7873
698	759441	6C6D4DC62672FEF8EF4FEA595B3D7261F1EA03A2853013F732A4592F0814363C
699	759443	2D3BBB8D3D00BC4B436C006EDE4EC0AE398BE75F80CA41E572B811BEFE9F0B50
700	759567	AF66F07837B6A5068E1BB3AE7BDB09C57CBEE05BE3B92811D599CF20B72FC612
701	759569	D5755B85EEA0EB0519153AB5D7544AC4C85C34A08155562BD8CE252CB36A39B2
702	762003	88EB9B9F0A2B072F9248D1512BF21B6162456265EB96E17307E6DD7A38621847
703	763059	90520D4E24794FBB6B3C435A2C1106F6E2A3E40E33A5C28634CD8818D389C808
704	763323	5FCFAF73CE9D0D8844AED3C5060F1CD6545A0697F71D21050C43A7A9A9E2EBFA
705	763399	F02C6BB54FC28244BE7BB9F83CE4254EBC05835856CB9B0FB67C2F6BB96CE3D2
706	768857	06F8EB0A3389A38A3D15F95924EBD6391D7BF88492DEDDF7D45E69D7C0B07345
707	769887	60C249F992D692FA07DF72DD248E64E0ABB007DEE1DA38AE5369131E555DC05D
708	773029	92475C7347F7A37A7642FF96C55A3B25DD76D447D6F12346B06F4B288BFCB99E
709	773053	CF32D5E07668FFD37653FD43AE7FA8F1C1FC02DEE1C3E27D9FC003BBDE8E535B
710	773059	EA1ED2F5BA739171B06E68B2509D41F6E324C8DB4664E11148A4C5C598EA1927
711	773523	42AEFF6764215BE995645D731D26EC48DB5E8C4865C9F7AD60DED61376F2A43F
712	779663	A9CD42DED53F0437A02A2AECB5917252E8EDDC4549C543E3B0D9C6DC07426B1A
713	779843	70D8844257E058F1500E328BC416133D4E92812ECCA63318DF221F9DC558A95F
714	779967	98B05220FE41C859FA15F3043A80DEDD23C381E56E791DEF0425E788489EF799
715	779969	9B61DD7B14FDE3FA555B395B7F54D0532E5C458AB321158FD3CD19CBF8068F52
716	782379	11FEC4721AAC3204871EC7BC2EF534EF2B1CDCC775697E38699700BDEB41A217
717	783259	7E641DC8498705EA77C57021C6BE37FE80FF1ADE43155F3C07E5E8A018D0CF00
718	783459	E8DCE9ACFEB6FB04B94873B4E9E9049AE86CB8D66EC8038E99CF6EDF1B07D144
719	783535	7A34D43A23DF07B8D6D0BA90740492E7C033A18F0D41C4E475D6E32A71EDBDE3
720	784487	EB69A57C10D83A780B2FE6594755CF2B7F2A7C3AD81572BEEEF4322A30CDBCB2
721	790459	CE8C6A1F213DA5536408A53049ACD02EE5E689EC771CF17B79E1F532E83002AD
722	792575	C7B7E707DB5492C98AF225F7C26FB09A477BA750A93083E2AF966348B2C2487B
723	793695	D2D40F9FF4C5A3CDDAC55B5E0E42E787B8B91CA0B2C360616C0E0AF05EBE881C
724	793919	6ABAFAD05C7345D998AA2A108F49F39E7C238EA3BCAD2D5B29EE841C4CE92594
725	800073	185BF8383BB5B63C92F9809F20E1ADB2207B67A523D35B423023F505B6F6B99E
726	802759	D741DB525E201B25DE7205B4350E08DAAB123A916CB83751B87B64B8AD9C5C4D
727	802799	E55166B018561F447D0F065646F9227EFDB19DCECF1B947ACB9112CBCBF8114B
728	803275	03CC762E514C4ADCB8E4350F5E1CDFDE1671F3DFF2FF786604C07C2097FD26BA
729	803855	5D2C508E6C03DA213FFC1AACA63F42711F7EA9445A586E9F070175E55F3C9215
730	804159	08571616003479A21260FDCDBE9C5E379D17DB500B24511AC3FB1A624266953A
731	810985	C709AF3386590CB79276C48A115609F3A6A7375C99CE6005AF7C42AB3BB90B5C
732	812975	6CD043447C6994D49E5B00C66C98BC51D6F7CB192A7F367A5D43208C73FD2F02
733	813451	A04CB78DC82B3D1707B5ED2E054543DEFF6D7E58C9C4CAE44892482200BCBD05
734	813475	A5EB39D3950709E957D7CDD326D99146A672F94B929AD8DB16FC51690A79EA9E
735	814039	BD118E1B9B8F2C38F9596A9669CBD2C79F0542CDB4C64C29B8ABE1EAE6E75F31
736	814055	244DA2D32EA8DC967099388879CA1D96A550224B19048377EBEC5009F9434428
737	814319	EA52D4014BFA9E3655B1718EE25C21D9DA63553587D163FE3C2A7B96D4E39811
738	814359	D0F105D0F13568CCE973471CF8DE2912E78243EEB554702FF3B1C09547C17EA8
739	821057	4733033C77EF0484F7F4E613E3AC6CF1776D9AB64D875D6D6C88D30947E60327
740	823199	4E44E464B969BCF028FB02177D32A0A1BF23F9720F31AF43292E9204FFCAC3C1
741	824295	DBBB39D56E5C84BF70B56663483E54849A85DF0E20513EBA2D7BC78E08D9024C
742	824519	24779EDDB66B20A8DC41DE1C45BB798AF6D91EA2BA7D5B40707B44D881D4FF05
743	824559	02592A8F5A6782C1123595D82B01A3DFA01E1F5126793405DB2DB40521F6EDE0
744	824981	AD058FCF6504ED3B2712A1E1E8EC20367880CF60A274771CC9E8FB77BE10EE9F
745	825151	432E552E7862B198D96C5EEDDD48EF6EE943066817E79C42D0AD0EFA2D40C6DD
746	830183	276EAAA21C1FDBAC9F1F4A4663C904CDAD6B6AABCF00598357FE1F2037FA6BFB
747	831257	B77C164ADAA280E369870042D329C88FCC2566BCCE31D650DCB8DDD4212498F6
748	833399	FB7699517AA58646BF8B7032820F15DE231A36AB0C07EB6B76F604D768AF42F9
749	834495	58F32E72A346E35AB6BADF82EEAAB610294A23CB5556AA154CD1E54015C79432
750	835351	0CEA256A8E387FE9576B7D41859877565455F3DE7B260ABF094DCD7736849D9D
751	835617	0A5CA169C26F99F361C5EEA35BF93A47CA2077B02AA452C0C90AB4C93F5827C9
752	841459	B7226241D74E83D28E6C9E7352E691307991F2EE940F80A9D2C2A9B5ACB0D75D
753	841585	86092364FD744B08C2DB7655B52C0CB845FDA31BAE2F1E2102544FB550643827
754	843575	6EF47E9F349383608A2E5E16075A3872F0F0EEF2E61D9D4F025DD27D263C4BC2
755	844039	01994A9CD7635ABA39F1A19F61306302B1E48581B01C7E50ED0C38DAE32FE3CD
756	854862	69E4373BC947842427D2108DE448D4469824E0BC26E389494C1924BCF1114E41
757	855157	AFB6F9904763D69189C52CF04E31E71070776879DE4881D362372F0116AC0CBC
758	855238	B1BC7F3EFAB0A09BA8F20EEAF6F18F93C9FBE48D3B655ACB2EEE6C2A90C02FF0
759	855683	6B60DD53D029437A8FE4B6B79ADCE2FD487632655D189BBAF16B26407C44CB2F
760	855786	20089EC84D54FF064931513277CF18BDB7F486F5C058FCE1D6CAA05284AF691A
761	856343	ED1D618283869A24530259B64BD0843E000C64EEA2E82E3865C8AEB50F397C66
762	856365	71EDBB446AF1D8FB707DFE58090F8C6783D72C17F5F32077C0CAA9F3FAF0BE2D
763	856371	6C2CE9364D4ED4E145F46C8E3A6BBA2662FB20A81F6EE38422827430A51BA207
764	856378	00B3341D972DD67F1510A451A104347ED98C7A52D9ECBE56C37B76BFE79D5A28
765	856387	EEBE61D01F1F6FD47FF9B8F0DBA5C15E114E943EE94C56D227816BF4F91D7F60
766	857237	7931068FEBCA096961A6D4F9130C746217D90DF86BCCF8B17234779D0E48BBD0
767	857275	0AB4F1965964FD2C03A145A4053E7134A298C63B6DF87D457B64848390B47DCC
768	857395	55EA1735BBDB40A1680CF8C96D0E072616FF0490AFF54227FAA85E0C5414D132
769	857951	A1279CCE29D6FD34733304A26496516B04B53581F7D7DDDE7A438B06AA35259D
770	857955	3930F843AD0D271F90C8C96988EA279999E36BF7104C84BD309634113D189E4D
771	858609	C057BC7B26F844F323C2AAD1EEA091A045059D2FB93B5684BB435F1620B5BF5F
772	859993	219FA628F8E439734A78AB7ECA4F86FC0990328DE6C7A008BF4B26DA218E5444
773	860827	166CC7D9EC96296029A5BA8A719A513215CF7E1BC5A95ADEC5457D6B2EE84426
774	860919	ACA141F8EF4B1989BEEB601A7DCCAB4191F89299C1C6E36E4B01D969FB2BF251
775	861435	960844C5C2C4E93C02737061DBFEB8F366E9E800CC63761E5C7A8CDEEEC49782
776	862203	7F78809BB52D251B5BA93D019F892B625C03146B6EB740B3C370FAE2040CB5A0
777	862313	708645C8059C31B7A89C9F5F8FC0E414B842F04140FC32EEAC04F61956750E52
778	863537	5459B73712ACC3490FBA425AFCC7115ED89156880E4659EA81A00FD2FBAD0237
779	864595	EC9624E0FBBC26849F5E4EF1ACBA49A74E4B14F6A80A5CA86FE8E7403A869A9C
780	867612	60570518E030F375936B4686764378C0159CD6E9A30B952FB765BEDD19D5671B
781	869040	31F9A4ECA5E3B649B11B94C0B8328FDDFCB12F0077989C3C756B65BF0DC40843
782	869069	274C8A4898EE03B78C95C51ADDAED7DCA3B57DA683DC8B971022DC725FAEC970
783	870342	0FCCBE797509CDD75731D848761DC64D2DD63440C92ADB2403BD63F56E9E7B5B
784	870873	80DE384A233D20797182E1C8C118F11876654ED63BCC4A62E8099B37B64683F4
785	870875	CF4919F2F3B9487ED01EF1C73BA2BB01F9A636F0D93A89320BE1A778C5D53D9E
786	870885	C9E9BD1D3CCA8FE9E6331DC234A6EA955C97A4B6E64097FDE20A2EAD1D2FABEE
787	871141	77ED15C3BFC0BE4B8219E41790BF85790DFB9908F98959FE5C452307B5AC0994
788	871154	5B5CF146B54F10C3017DEACA3AC3925AB67D1C4D132813E85B237C4BCB5E00E8
789	871163	95DF68D01678B6BC5BBE1DF603EBDDEAEE51F51F906819917A7F7E8D3F689869
790	871858	EEA3265ED4B6E7CF9EC82DEA44E3E1EB0E0AA4F706192230D6D88BB2ED964498
791	871979	1C780D5B2FA0536D43A42CECD8C82E8CA7E65A81DE69B432D133C5006824C731
792	873269	7BA3C6A2A9DE6A45B2C915D83013BA0310B5B369402261154DA233E8F06E5B56
793	873693	8FCE6426E8BF8DD953EAA86C8166F8F8C83342255774B25B99B43BD756D47CAE
794	874405	DF0789798FDF25E538E0A28AF74EBBEB73123BFA0B072759520014CF6A806E13
795	875473	3F7E8BF6EB22BF407729C47A058296CA32BE681ED4555261AF0B9149B68C863B
796	875475	AA8F7A4E286E8409A3C673513B1C93A66103EEB5A242A63C0CEA3F918C5D5EB2
797	875491	FEA39B155644C3CFB0171D0888C3F7D0F3CFA59F977400CD94FD491E74F3DA20
798	876399	43CA489E7D6CF0E869C4011DFD72399E0B23FE7A83913E77822BEBF51134C733
799	877025	20BA8598AB9BDA06EEF8F9A09790747FE9D9F4ACEA7F9362625F157A62D45C98
800	877793	FEF24E2F6191BE240E712B9B0B60447F8362745ADA28E3C89848EA0B28F27642
801	878329	D5BBCA408157BC92FF3DE92BA98128B96F59E259763B0DA8377750562005AF47
802	878372	DDED9066BC68B49A9086C289CB74BD524E880CE746D7C242CCF8AC3FB0719DFE
803	879328	6C739AEB4A2F13D11930382C9B04188A7D042AAE78C2EAECC69D634925A1C30D
804	879422	8E41D16DD70B50D00B99B365A0DA1D03E6FDB40576C2C7A3EDC36D432BF080C1
805	879550	A745E83CA9E6679723CDCC0B451C40401C79141BA4E83E1D76EE040FEAC39A20
806	885115	99AD2D9A132323E5A01DD726A2FDDB55DAE7107B95E2ACB0C5B8605604A762B2
807	885696	5AF704B51363A37EBA7166BDC468D14F64699076F305CC5A04FB9A33AAC72660
808	886634	3D067848E6E9DBFC085947B5B1FD570F9DD0F12666952D393AEDFA93B5F0B463
809	886755	BC82D3E2C5A937686942B824EAC414AD22C307F0404FEDB15AF25851AD5401C0
810	887450	79E55EAE0430E5EFBD526D6648142AF69889E6F8EA90E766AC66649A72C971EF
811	887507	91745E0184F465752D93B5CCEFD3D9C33904D4CC5F14A1519680E86B713B0265
812	889569	6798443B8415D3DEBD4CEAEF976ECDA12DA6184B0BDFF30DFABEDF222C780E4D
813	890969	9D52BBB4E297577128FC826C1BC666854839F226E325408104693916A1D9FDE0
814	891013	BB2AEE0DBEC800488C990261BD29DA6F3F5385F35FA11CB28BD2252F5F6F4E69
815	891785	903F782C6DE6EBE33F87FA5332162FBB5738B1750FD6C453A85112DD67979982
816	892507	CD41516DBDC111D8BE6AF8B94320FDE8A9D25E6017A012B88849CFD7C45EB590
817	893273	CD5EF0B15C7892EF394AE94E06FF239B4A4ADAF23229DE25B8239245DA2E791E
818	894362	561E6554FF06648B97C0EC581569FE7E67CEF2E8466E13EA55D88BC760EE42B8
819	900000	BE04894D69EF8BD4427A5E13F2BA0359E2D24FA95F4CF1623396D6448CF6C4A6
820	900029	27E0B18949B927D87452C9D72F68312C7ED59E9880D249061DF95D611A341BA0
821	900543	91F4BADBF53CEB2FED70D05AB4FBB6C10641567C9431FCC5E54F1EE11B67E831
822	901176	B992B80EEA8CDCC33EE85D1F34013FADDF2D144256CF0E0CBFF61843E13CB5B9
823	902089	30200D70F96217AA2A5B74AD00CC1FE061BE7B9EE792A89AC6A07494EF4D22CA
824	902101	DA15A259FA879B6DC2D29FE915BDD68138753D2841006566CE8B93B012C87635
825	902123	C3B12D96E41C05589A6F96C1589335473D07C74D0E5597F40B43EF14EBE3764E
826	902235	A073F70F8AC2498F6DC3DAFC3D0A6D0415D603625005E9B0450F42148937AC3A
827	902930	9B1B56C902866AF6C8284E3C9811F28631A71883F451F42D597A4E6879B1E71A
828	903739	872355B0DDBD39CB9B0F1D59A211C735F738020A2BBD74064812DB40FA3A846C
829	906493	B84F391BF4EEFE6931A52D3C19FC2B843AEFAF0DD31F8416E5C376E88528CDF2
830	909265	0A9D53E2D348E531B6172CBB6EE49ED705EBFECDE853D059F52606F310A95483
831	909970	F38846133754180B56CCE4A5DE958E0C2109BF7C4377C4956C1876651D42B21C
832	910510	4FF3EACB5BB1A23AED08F535D54ACA9A294F09C807BEAE4D4BC870F2FCA06457
833	915063	87A49A1DC1D4357796B9789B11DF15ABD88C9F0B031C1B9F6786597AAB90B355
834	915459	C1FFE40E3F3B0682AB6C4487AD66BF29504512971F0326E323CA77886C928747
835	916318	05FA54B9C14028223EED851FC5AA01817F0D7116B1C3E2285793B97770454C60
836	916322	13D9C17C079B79349576F6D6EC3401B6D924980026A053CCA93129C0CD71C198
837	917501	E96B9987972684A6E8BCDCE3050683710493166062A34ABA4FA0AB877B06B8D2
838	917825	B3420DA4C5EEEC023947B93D1CEF22DD19534FF534D8129D087D440175121500
839	919827	0FC1ED4C3653556B08D16A0F310657FC1D118286D85CEC0033FDED99DD730E7A
840	919839	DE13215C62619AB3D72F3CC9F1C10FEF3467C17FE45E594D11DC2D02455F0000
841	919863	CD7D1D005C8E822EEEBEBB927C3C3E1C3BC9054C7C6032F5389A742128594FA5
842	919875	ABA73F00BFCA0C073638BD1753CD3970BA11A0C19278A0A5A418A1CA5D0B5655
843	920487	D6DD9EEB0AF367899B1DFED08839DA3E16DFA24515CD2CC15777ED1AB08CEED4
844	920499	59536021431F13239056109DA283BDF5DDD66FAD7D13F38ECF74C7B3C3881D7B
845	920775	68D0CD99EB96D9A58B1E65BFCC5F5801DD7290FA0E1B5A3B0C53A1DF73873017
846	920787	23B55A240AAEF58205FA22DBCB7837C92F3F8495729E7D425FBDB7691539A827
847	925657	8F2E84F09955652E0C05698D87C8372024F9715C56357D05A195D7F64F02012A
848	925659	62D586D194BA2416FEAB43FDD3DDB8B7F2D8920DA7C0830410B52001DAE5665D
849	928025	78563AC3BA144D9E9E6C9E229163DCE236C0D2C146F41BB445C18D1D403D4CCD
850	930027	325A77F9C2CF002953845E0843F0C06FCDB28817FC03617A9DD809E847CE124F
851	930039	92E1A0F005ADD011E575C07CE9EFE5EA586582E979A9FD408B60921AA11893B2
852	930063	ACF3E8B30D0410ECA17F7C5C042AADE3CE3C4595CA42AF38D4EC0E79301141E0
853	930075	FA7E3E20FCFCC00D4A14115DDB7B4BE98A6DF08592A9755C4BBABCEA086FAEC1
854	930687	47E76E9D60688C1D0442854F59168545A983094ED96007979AE2C1DED55F2079
855	930975	B5AD4D0198BC7ACADD398A4166E137CE3A95F041C82CF3A20E87C0EB024751EF
856	930987	B46E3DA508BBF00FBF9D108088F5380DCC4107F959A501FD1FE2AA25F5929BF7
857	936718	0A496C6F759BCEF12E79375E3B4F4FD3C5664FAC57B8E269BA12A1DB404E6807
858	936722	76CBCE186453CB5FE4A87B0494AC8BDC9B9A49054047FBF98806DD19C445E01A
859	937025	87C331080A23A1DA27FDA38557F351E0FE7C87A89C7DBD64EB98362F1CA104B6
860	938134	11B64F291CBE8225C209CDFF4F70107BB56B3579AD8FA41C631F8F3179608444
861	940227	9C7E3612201443AD999EA57F7A86FD7186CB31AB6F7FD907B44F8BD27261CBAB
862	940239	66B8F53D6BEA8602EA128535C8D374E58D02495B09EDF065E19F51C59C4C4D36
863	940263	2466298AED4CB0DB4044AC0D61FC509C27D3CE81CB7A287B8285ACA99E72873D
864	940275	AE858A724BC7BC3004077F70BD78D73D0B640769DDCFDF382DB9C2ACAAF7EA8A
865	940887	4A2E9176C98C31A65082EA57DA23502ACE2F1D497655407547FF64CEB88E07CF
866	941175	3DD25B10F037A0B1E99154A8E1F4A70426A9D748D3780FB5DF307E33275045F0
867	946922	DFA2237EDFC55E4CA25C21450199CB696CFC279EC66B63682F5FBFF267535C97
868	947977	8AF6D15262DFD9E7AB95FBC6806AF0A5AE8F614309D6FC06CCEA9FE214B0259A
869	947979	F09C2419AA7AD6303E06F14C74F2F63B0DAE3F91C52CDF6EBEA835FCBA9A3B41
870	948334	7ABF587858DA141FA5B2B7E39A74F8838EC94BF5C077977342FA8A21A9985A6C
871	950439	9468EAA59496CFABE8C990F0666464BBFD1E9A5920696137511656103900DB7B
872	950475	FF6CDF5F4E6748FB1558DEB15D1CBD9241EDD1913A51CC305750B121D8C000C0
873	951099	9CC2D1D286E3AB3BA3F85129A681C79F330558E3B7D611147220221050F1AEC3
874	951387	CE5B195F87D97414826359719B8A0828E15B28261877B673B50D029C902A7C61
875	956597	6F10BE1CCA823D5CD1F8888E615D593F4E07E52D44ABDC0EEFBAE4974DA4103D
876	957425	608FA46A645B1E59E8868707F1FE7DDCB7FE3610B89487A6D9A8150222A3189D
877	958538	3676883B0969DDC5B179ADE11A94A366EE93C83D5A727035F0C6DD5922C9C8B8
878	960627	34B6B2849B82CFEF32C7D30C29E339E288E3188A0E1D44E0F903048F2AF826A2
879	960639	39C3A4B29D638D4A3D04433803F947C6B65FFF53B45892767AFF73DBE3408EA1
880	960663	24D5390FA0271D4CF85EE5C65E51799F006A2DA8CF67123B659DB3D319FE6DC4
881	960675	B6988E213D0FDAB588EAECDE1743157DBD61FC243FEC968446CC68628CB88E80
882	961299	46319278DBAA841E2E72D190CBB7341ACA1B74B7A26CB577F52BF3B531C470B9
883	961587	A8F228AFFF70C1302A8FFE4513A5893AF38682200BD51AC2FE1CC37FF2035272
884	966795	F38893417E7B4FAC05935C8531230912DAF8E6A763243C113E5CBE5644310F7E
885	966797	2C8B00480F7825F7CAFA272AD47FFE97A90CFCC4AB322BEC044118B2FD9E7B2B
886	967322	F461793962FBE1800F33528319A315C773C208B063CAD246F9176ABA823CB72B
887	968825	ED07E7E026C491746544A4E3F1824AC12E61E39F770A6BBC4C4F01C18C9B3108
888	970827	2DA06AADEF20CA38CDE1124A63B6A9382C09D1D1C47411109FEBBAABCF5D475A
889	970839	10B53657A359E730A2CA542D0EFEBFD13C37D4910AE63D024745C320C42372EF
890	970863	4E81D2F1FCCEBD0AE00BE7DF830EDFBD85DCEBB40BC254DBBAB839D287F28480
891	970875	9A42A04B2A433F85B3C5ED9037165877C744A6C8A2995A37104D77007B0D0D23
892	971499	97D3E499535AA96F6AE33C8BB3EF55E33DDA1971AB2C754CDF5C124F773C3D57
893	971775	E9508EE08C5715002B1D697D9B250C0D4774E3EB967C8A760A5B0310BAC341EE
894	981461	01D5C4CF2108E21DAF5D32B562A42B8BD7434F893BCDB84961BC8FBB2B22F2F1
895	981538	6F6C1592A681E3C3EF18A96271B51514796EC2B465D3457E38E3469412122E42
896	981728	48695C4CE069AC38DB5DCE936E867D612DF51597099487EFBCCF566708A409BD
897	986525	DD8BCE0014002059B43F0012AD0ED8E9DEB1388FFA4BADCE3DF1C419845C148E
898	986774	0A81C3A348525FCDFAB9B69E705CA258BF31CD7ABFF46A69B77DE046931DEF30
899	986782	4E0584751FE0F40A99F43459BCA0B634A387782653FE47DC9A2D2DEF8C8181FF
900	989654	C1B0AD53DB87DB77CCE1276C8150B99B5D5BDFA4743CED6CDB3250FE9DE16C81
901	994026	AC3E8C74F5468E78B029D6967F98A1B4700AFAC065F867E50BE2E98E690E3A4A
902	994074	C994AA60C993FC712BEA1213BE3FC2454A68FA3186D123FA34D8D4A0179797A5
903	994237	2D04BF2B781786AC508AA61C569172F54F673529E5123FC9154DBD00966C9157
904	994247	18F4AE2EB5813FF6BB1050738EA51FE50F804F744F301A59A868036106ABB20F
905	997202	B9E0725FB567A8C2F7F05BA5A58A0A7B9EEA25C77587B500A14730A95535780D
906	998216	1458BB2A20EE5CB8AC3F78F0AD17157ABD31E026F875DA8CB554E5BE6099D2B3
907	999140	CAF2B52774D24F0C6A1A26C9B99B9E00FDB6C5DE40C970256A71101BE4EB6821
908	1001525	FEE3FE8C1328E86711537A7A348E88E9303F78DEF2318BBC7E978FE2E9836D46
909	1003347	F308CEBFD2AF60148829E572EA3D330872FD60B5B57D65DCF7A508E2DFB405A2
910	1004966	ED7C157B60BA192870CC971521812E146E8B7EF3880C9A189FEA21A1B52AA4BC
911	1005411	5149EC5073D59D3B4C15CDCCA227E149305A3163C8D10C886DE7E8878EA711C4
912	1006075	2F4493466DA25E53AE75DDE1CB79A20FBE3CC3571D73193C033BF82F5FD87F4A
913	1009717	1BEDD4A318CDA58B4EEE98F9EADEC3AA18E94E77CD216DB11B522972AD20D414
914	1009727	A9BB4D966DA96FA71A8406500236BE5926105AC6AF63AF32FCA9337E3825BECF
915	1010421	159B24D3EEB98919344058D5BC86FF8C4204F5402DC2A181602390AAD213C4BF
916	1012688	CCECF0F0BAADC73DFAB94096CA643BFF342CAADC14C053EF73979FC006B5086E
917	1013037	ADBF57FE662C58E8327E7BF6A4424D15D973CAD4DA8AD2665946B9699B799B51
918	1013970	E1B6703A48A19E1ADF90ABC079C1F34111821F06379BA401B343D678A5FDEE96
919	1020446	5E2AF330BE165D4A879ECCBFB19B54227D9A1807301992B9B53C0A7D16D8F57E
920	1020588	73D23556116C400CAA2376E8486FBBC82468FCAE3A2759EAC44E8F8D592AE815
921	1025564	2815155248160B6F30995F9BE0D048121482E04BB54228B775D34D05E6718C58
922	1025574	B8FFFC824E49443E1FB4168F28EBCC2F55FD3E9ACD3EFCC987DBEF69E6214B0C
923	1025782	8B7EC084214B2EA874660A9852957A4DB0323068F184BA61AFC93C18EF80E837
924	1026907	C767FC01D969DB8D53314C64B5D074776BBAF7CA6CC2FABD7D57B63DFCEB4762
925	1027339	D607849644FFD15D6DC9B85A1EF00416A84F560372EC79AFE4046A8302F6C021
926	1038507	90C9EB370670EFF0D1A6D07B1909F24431D98F48D3DDE6EBAD1AADC5EF21318B
927	1038510	8CB8EA9DEFB966A326A64097291C89BEDF578FC4C7D635D8A34E652E385D18F1
928	1038608	8D82DFE3CCAC9D59B520180FEC53654005329ED736DD5078B352B461AA64CA74
929	1038714	1856176BE52B7CC048FF0B578E78ED4958110F6FD17170DE8243CF6C54F80049
930	1039143	DDA3287A4337C47139E0B09574FF556A1BDD4A59C773BF80E250155F287B2D8E
931	1039701	F7150E0C55656846D3E2C80353FF85377F0163027E75BC8AFC51B7FFEAE8AFCA
932	1039788	B32A7C1F9DFB5B9B2121D1F81F487B86972847A81DAFD6218D0EC3AF1A742A8D
933	1040707	96937A442EE8AAF5E0AD637F204EAFF4E2AF40F83B23A7543CA8F1A6F5A8A56B
934	1040723	332869CA5EA2CB259B86C8098140CDF50C1E0880FC2F2328BA2A10FB9AC1E347
935	1040826	45331CEBB0CE029A18A2C3078175825EDD238D144981453C40AAB8A6B4F41F8C
936	1041411	9ADD37ACA1FD2B8C8BEA44B9E8C3CCC599E63A74103C961C132050F17170B4D2
937	1041418	E6AB6CE225603EF76E667D5F9C49A5FD6CC1F0D211AC21B00165C423773C15A7
938	1041555	3728E06BE1A9CE93D5D63A648F3D9F1E60AB33E13FD64058BAA387D9F4F7FBFE
939	1042277	E87FB49F90FCE33A7A46885067DDA108FD0AF2386F0544FE02ECDF7923BCD538
940	1042713	8BD9A5F881D80E16D48681ECBA64788EDB25C6FFA0036CB00BEE60B9755EAB87
941	1043909	64A07B13D1408DBCCE5763E0A81E48D98CF963AA618C7E5D8D9B86EF7112EF3B
942	1046475	8BB97733F5858D69201A800B1DFD2E04E67A20A3D4313D9F033D36873744CB66
943	1046587	B9A53794A6868B05E725FE21F2CE4061F08DE08C8019581DC9DEB0A9A77EE240
944	1047243	1B9769910EFF850293E83BEA35BB5C7034E7AEC9E23AFAE36ABDBA37A7E796BB
945	1047991	5A1F7D8C5FC52AB712C5B4906C184D65266B89F5D2FE9F32FE20861EA514106B
946	1049152	23ABF02DE72EDDA7B9C105231B5F3E5177E3CDD9AF1B88284597F8E679B43113
947	1054088	94E7B1648F5424AED1CD7467354A95DEF57AA7581914820B678C9CF4FB41F006
948	1054394	D0E948E04335AC3DBB8BD808A7F93E1DD98EF48E9213C798F82902E77F4A00B2
949	1054615	2F77384F111FC57F3B1F0C851B4FA99F1EC853DEC2E4CBF619CBA3BDA9919398
950	1054623	BDF5CC966DD16911116D7EB5BEBAA131EC800F77C23A2DB56A81EDC4B444C495
951	1054648	33CA558C1FAF2F889EF6A2DC1014BCE504F096A028267A02352D8CB964ABB0A1
952	1054683	8E69ED915C8C3A5D4926E795CAA75BCFAEB15C96D97E7C1B5CF814A677E77D19
953	1055268	FE02E555766A6578C1AC71A3B85E60B570B7F445F8B3F3F1A6B883DC1B70586A
954	1055382	0FD5F1618B47CD3FA5CF76069D3F782FF4F837AE10B2A25AE45EFCBD1F09EDC4
955	1055669	DFF8671B2F13FDD6712711C950E98670C314AABB72A9EB3BB071AA5DF08BD305
956	1055677	07FA75BCD6A57CA0E7F035C9BE9472A0D8D290BEF13267E59D2A8CB7DBB94CB7
957	1056898	D2373CC83643AA70B14E91CB430B839A0F536F7E636E777C09120DA9D699CB5D
958	1057010	0435FA70DC410EBBAA46FB1A4670D57C94D707421F745E3CBDE7BBDAB8ABBACC
959	1057387	1D762033571C7B7A69B3D913B7D55024253AA149AA4B532B7A3D056D89FC9D32
960	1058005	598CEE2A73987EC8A02845D608EB55D701D15138A7C96A6C4941F7873265E4EF
961	1058227	20D260F5464BB62E503CAF5E9D7A55F635EDE8C20C833168E1C30C129DC29D9A
962	1058309	E53E83AE5B8D8EBA56B8C8B175A949C02A502D9CCDA153CBA80797B808C0B892
963	1058859	FF990402F88BAEBAB34C298D843976A30EC4C293FFB770B085726E1D8AF7BE5E
964	1059161	8174B8B460F87218DD3743538622CB3C711AC9C38BC1F6FB15A7DEA1637649F7
965	1059185	0C196C569D175E7843F2895FB6B040D9DCE55B8EAE1F191667450A6B8E853A62
966	1059343	6AA4F9A4FB4F6CC86504D3155DE47C44E8AE2007F6641CAB63A8781351555D4B
967	1059445	4D721453E995D67B72AAC81F5CD7155113950CDD7804CDFFE98C0A1092FA8664
968	1060529	CBCDF7278DDC3A0E3622F2AF9B999AD48D27D0F4619CC61A6292C5E5AB1169D2
969	1061345	ACBB6275E2F04FB0CE06E3D77EFA5D0415721CF2158F7239EDC708D6A3C07388
970	1061953	B2F2D8DD604B31A095053439620E66BA24BDA2DD4E44269AC2000F931204A58C
971	1062521	69C4247843EC1956D789955C64FCFE559462E5C328687562953BAC1DCCC7EB4C
972	1062833	77009E8D63A5BFE972D8AE750D2FDBF43520A825BA92DE9C103A2C84B1694591
973	1062915	C231E5F102091271675A5F474A8B172CFD3B640AEE651EC1F7A7916CBA6F3433
974	1063566	D0B7588020AABA0E89D11E0DFC04F189A2043616373A018888DDA3D9A0696B46
975	1065375	D3FD504C6E7912A06EB9DFEFC47EE4BABA604367B08C3922790F16F4C45768F9
976	1069560	6A423826E2BC7E3AC144C0E34FDF0FF9462B7C32E0B6D97DA7F629C12B3F48AD
977	1069707	48D771300F61A1784404AC0513C5AA2553EC189F83DD96552CFC239605AAF8AE
978	1070736	DE2045588EA5A19ED1DD61E7B6FD18FD8CE02A91D8D2F9E8DC54417A4686B9F3
979	1070862	AC84C4FABBA867F313FAD1598E65218FD827A2903AA9114A360BF0F115EF555B
980	1071035	A2E6EEDA76B17C71EF47A3D051C2EC4EB9FD1EE0A2400C3BA04E948AC15E3FB6
981	1071157	C500397AA260AF8352BA002F41747F379A9293BF94E7F9BEE5765A6BB1C5642B
982	1071683	6A1F01802F1D0BEB89870CF3006C048950224F8B5659BA7D6215700F9889B25D
983	1072299	473854ACF8579227CF3691B597FE32306F060BCF4F109AA2B35C0F6F9FB2D01C
984	1072490	4E7CC18D94DD8B18C7D1E50E50E70C27C012763968972C45DDC8CE44AD5A7650
985	1072499	38F35C90BBAE8297A7D2C9DC4C857D5EB1DAB539D281A39C9A61EE3B285B7BAA
986	1073275	06086EEF9C0FABC33656E662DDB524AF86E019C690180AB3610A6A73074CF2C1
987	1073707	0AC93557C88C843AFFDF3C9C091A49C800D4D6348B5ADC5427DA3B72A5F46F2E
988	1073789	1A8009ECDF2319A6C7CB4B6C7CAE9303995EB3AD630B7C9ECFF6C3F0D5E4E7AA
989	1074425	F12347976DBF4622E1F998213DAFC0CA7766139AA6999C697C7912C927BDAC29
990	1074925	40A950E8BA65B2AFCA4163137F27F72BDB29DAF0D5E93BBE46779A589898B0D0
991	1076009	97D74472CF2DF757E6B2B9277991122693AF22125626BFE522672554C4CBA60E
992	1076099	46388EB170459DEECDAF024F971B84F53B8652D15BC988D90A423E808200A405
993	1078201	957E378FBD2919611E1648A41EB818D8C41F93B679112DAC2BB060516B8D1B81
994	1078203	149D20A77E9C24E86D2F91E320CE69D4F16D4772F6DCBA8F430B1D795BBB79B5
995	1078315	8AF44CD0B6E2F113832A5AA3AE12E60FCE146856CAD291082F94CF737A49CE15
996	1080955	054689B864AB7462ADA33D83B82F6893A0929173D68FF50D08486461EC144FDB
997	1086571	AB57FDEA8803BAFBBA533D833A0960CC5374A92D272FC47DFB21B1C516923B63
998	1086637	8EB1B73B5E413B38FEEE3A7E03B0F2AA5E006F61383E05D2F857CD64A4C00E65
999	1089195	2C367CAAE0B00D8FC893F4A134EB17F53E4F223B02C6B538DE72C275759A59C7
1000	1089401	64F3DA4C993385DB652E10EEB04156C4E3B2B0C3108D6DED5ED3B64DFC5453D1
1001	1090121	0337300FE13D9658975CE79685B675CC48FF4495C947134A2E1495F6338E01A0
1002	1091533	2DBACFCB5F6F71AE1B3478D3EE8553433BB09F9140D7268352FAD4843E8ADA29
1003	1092291	FEA0B4F82F300E8B6B9476B3D080DC4A7DAC2BA0EEC6ED13699E59DD2E1FA30B
1004	1092307	5F3A15CBF1BCC04911E8906A79D1522247D9B18DE9274C13985A4EC29174AFBB
1005	1092413	C49188F40FA97CD6854F58FDE1F60468B1F85B68DDA449249F07A6A9B0E39789
1006	1092915	180DEADD525E0C9085B8232AFDC5B9BFC81CFCB07F780274CAA45F2AF59FDAB5
1007	1093027	6D043FD787F0ADE9C51B85E40C4BFC34AAE256FD9B9EEBAF3C1D27532044F8E5
1008	1095550	A6F61EF8916FA80FB3206CDEC52C70A4937756B591AD411C64E78AA7CC42C2CF
1009	1100569	CAF182EDA3B467AF7A8C29A01C2F05CA5D1772243B7C7D9F756EA08EF92CA0EA
1010	1100688	CACF8B1042974F0379F98A4E9E7C98EFA4EBCA1C9CBAFD2DA70CB93A34BC2D5C
1011	1101843	DB17A72D94127B2B2BB4A44F91166AF593909F2D3F20D3AA7F5D0F70530B55EA
1012	1102024	C36310C79DD81CF137805BD59803AE27319CC1B71FA83E1C03810479AF41AEB2
1013	1107835	FE9FAB1FB1BC8874F84F28CF1B11862D5FE92F461EB105FE3F736386FF9CB61B
1014	1107959	E11E1CA10301CE4BDFA7C02F2CE835C23AB811E7D39A6BA20EB675169BDF1BBD
1015	1109321	4AB034AD73092546D4B90C38B079A61B0653AC11F29EC3B253FDAEE64BC9BF87
1016	1110338	362A6B1B6C2989F0FB5E9A39EEA13C12BE7B4767141927B594FD483BDE9CDC5A
1017	1111509	451E735E5D063E3DD8D05246326049966E6A8C36D9E133E7A774075B36DFABE7
1018	1116763	70EA87ADD3B5D1B2621842D1B63D185C8D5F263194F6CB0E884A119CFBD3AC82
1019	1116839	7082F1691C00CD23AA0D810E45F7DF45FB91561DB8E2546242C8069159D4B320
1020	1116843	EDDB36EC9505401E7F69341BAEBD9C417629EA6AA30A1EF21D0956616970711E
1021	1118327	4FFF03405E4C99583790C6F6F320A93CDEA6C6AC157B3F9F9786C1026BC136CF
1022	1119923	EECAFD088D2CB467A38485AB5584FC4DF3FB0AE3A7BBFFD0F7FD0EAD6E5C98B2
1023	1119927	7C1645CA86B3DAEB70966395875AFD6EA8BCA8437F7F2C80126303913AD049FA
1024	1119959	0950D2D67086714ABDFAA736EA27295EC71A932C01339608BD4748AAA547AD56
1025	1119963	28FFA14967E168925EE4C3FE15860EC147B46D3B68B2DA05115163A4C0CD6C34
1026	1120967	B5BB8292C82CD36CDF62B22B0330C3A2A5632DE48FE71235569E5A47D3E57334
1027	1120971	22BDBFD2D69543C505D8CD803D77A50B0262E7B248C9FD4709467C2E83FAA9EF
1028	1121255	8719FA4BA17C423FA3CF9BB484933247B8364E6A420A8C3F4C41DB4CB87F163D
1029	1121259	FB843936A1747E31B981021BAC56CC040122571E2BF6D43F3D084670A2B6960F
1030	1126659	B08A67420807EBA66C5FC6BEFDFA46E315EA8A119A9479D442E5971B4201216B
1031	1127039	321E802C74B01C6548D75C9C4F2D83B616E679C22B3F7ECB7CFE475DBC51546C
1032	1130123	001901AAD531413440128145798DB887F48E2F0245E87D8E54768BB6788A21AE
1033	1130159	E4C48C3E510EB1D4D25AC06721D720481A0CC2609A02E651A26846C54A11E84A
1034	1130163	69C15DA850084ADB9FE24777D33DA304FDDFE24A71DEBB54E81D59BE403A6342
1035	1131167	A56924AA84C373BE9F486F662943ABA4831A7F3CC4663B868D9EA2887E3F048B
1036	1131171	7EB58C107A907DCC2BBAFBCFD0BC7347F24C3CA25B4EC523C229B9F63C272F85
1037	1131459	1B9F5707D70AFA396252CEFD5F16D9B97BAFC483D95B14EA6FBA9FB23412AACB
1038	1137163	BFB00643A94B118878B8B2E7B2DDB42EFDF651AF9A4B5E2667E41D970314105B
1039	1137243	9E3C571AA59EFAD7FEE0AA8AFD3B9D9A07D01D6EAE888BDD6FFA89BCFEF2C6AD
1040	1138499	CD84AD9D0267A945700D18A4C3C93E27E7D33C3F4F56A3F3EBD7FB1E60078CC7
1041	1138659	6915AD893203C9A5E53E2C6C1650B723682C4A9FB24E84DCE4F48DB73600D39F
1042	1140327	C41492401DF0EEE0436342BB9B7EBCBE3FDDCF5410724D8BA1CF959550FAC485
1043	1140359	270AC4607BC8CAE652BACF7C594FC3F43B713F33CB7E4570A3C41478928E3C4A
1044	1140363	2BE034F2F680B4E7A176D6F9548FBC6852A15B3B350074C5C1A8481CD3F5B08F
1045	1141367	E7E9231E64385889412E7C3B2F968186495A208340EC4D16D0BF40C85B8A544F
1046	1141371	9F3864C0BA64B1ED3308B78DF6D32686E143D80A4FA52E9F9F07D91D04D58729
1047	1141655	C01481DA7E4F676B97C1C735074E776B03E335B3EB1AD1DEE16E1FD162AC8595
1048	1141659	744DBB6D401AB1663A4DB48DF6A3950E486412F3E460399D40286AD73D4BFC67
1049	1147059	DDE191990F35CA8ED6F62549796F74370FD65C2A6A2E8C6CDA7091B8FAFA5987
1050	1147443	7AB44364AB6265C48521C309752620BD1E6DB15ABE6D92AC475FB7FCC4A0B3F3
1051	1147727	9100196ECF9CE107F7E980400E7AC37881710BC45DAF2B90182D2FDCF1BE00ED
1052	1148699	DEB19CA5CF0570591607821A5D526A140A45231E4DA290EAB9E0E3870818D198
1053	1148703	272EC3DF626BB8BBE290D91ECC220074FA3531972DE50662FDCE3CC22DE57C3E
1054	1148855	E3011E31AF69ED29B075A0B9E7757074DE2DDABE79B30E0958FB9856022BE2F3
1055	1150523	ECC9161EB5A996B029BE189E225148D1F56DCF0290DF59A5F6338A7D93FDA8E7
1056	1150527	0668F00EC75D2098609CF4569C8EF4F0F29AD653C969E9E68337E92E4980FD50
1057	1150559	A45BECC23C289C55A73AD7C48EF3A626C64FD3AF22F8FF3E46AD677074B4804B
1058	1151571	9967F0FE58930B0508D7485BEF197C731FC2B86BB2C34E94A0A1D815C3004C67
1059	1151855	041F257CAFFA4DDB43A5B6731EBFC8F7DC9D833C20DF54DE2B6C199531CF865C
1060	1151859	CDCB8CECFADD908076681C5040046CBB2D40337C0AF57F98F6FA3995AF47C0D1
1061	1158903	B020B09454AA2BD2A64A22D8B385BA25A29D2028B6FE5060BA6C9E8A700E7D24
1062	1159055	01A2AB8885E4FEAF9878DDFE64986D7F607C536415E9588B0058F03ACBB79D30
1063	1160723	33CC1C974973BC2EF97BCF18160A07BFAF82DC9B89A8E3710A01EF7F1DB61E0B
1064	1160727	523849DA90ECF0D422BF672F75A208B5F36BA9AB952563D604B551BABF209066
1065	1160759	32181F432B0D4895C9A92CED38D6878CCC090490108BF051CD10A3C76E7508B4
1066	1160763	84947F47A0E560291D359F27F6D41946EADA2584E33D66D00AEAD4C5B806BFE1
1067	1161767	06B2350540FE9A9D76B7D06B611D0B536E32EE8197EE60E7F019B7BCD55B3E10
1068	1161771	127B1DD12B144C12D137ED0C8228399CDA3CB04E8B57B535A9FE7CFA42F72E30
1069	1162055	D02817D7136054C84E34BA1146A88D6001058E70869D39762EF17A654E7969E0
1070	1162059	592B29A6B4D173DDD7542E3D3C1800F4C9A1FD8259EF9D4DD52EF5A037C39545
1071	1169099	DF98EC0FAF5F3CB7125A5C2BE36D6C6C258FE921ADA27B2B46ABB2970B3EF171
1072	1169103	E51015F966B33BDB26B24C1DC15EF4AE68E2DF647D52B39551ADBC6381BFFFA3
1073	1169259	481CDC3C4A41F52E69A2A63035A4119C5763261A27B01345545E8348391B92C1
1074	1170923	40EAFC58D619D0CC003DF4CE6AB6490598DA547F42C174637B3F90A58154DFCE
1075	1170927	FE33F23E79F13F23F10E7E7B47DB6E7C47E847E7C8C13A6053EB98AC79435B0E
1076	1170959	38D87FA07E916AC671532C2E89CDF04B9BC5ECD42FD7D4DD0B3DCE7D987C258B
1077	1178301	F52CC87EE4DCBB49DE13582FA644E29AAB1CEEEB978C00F490740073E8BD5AF1
1078	1178502	FF2FA68487F817CEEB11152C9ADE9C97F011B132F8733CC1ED597EBC2C725E51
1079	1179279	2DB001D7858DA49D16343933C9B5407E5FB4D628653DB510369038C19D803604
1080	1179301	F350C1600BD079815DC34782D71749E086AF318FC11472FE40A5F36EE663EBFF
1081	1179435	E022EBD145E4CA79ECAF0F819FDC6F59C3DDB1BB61DA46CD028A4A348F435A99
1082	1179803	6FA389E8E12F85F66A2D1AD78DF054B92EAB5C0BCC51B235A7ECB400E87893F4
1083	1180018	75F18CAD4E58ECC129E917AE8A338A783E20075A7B16816532FDDC61E7B848FB
1084	1181347	8AF45D59968598ACA77DAC2B5AC72A9284744B952DDDC50BBC8691F0F89E57CC
1085	1183651	F81A3BAC6F0C83B01009F87DFAF9B44464BFEB451C6C4BCB4D1AFD87618E8B77
1086	1184575	D531C9FAB1D623ED4AE03CD4AFA6062D51354417263076DB83F4DC49F5194A61
1087	1185073	2C0A38FD03AB2285E0B334C59918DD0F004ADBFA3E849F1BD6C9727801DBEE34
1088	1185185	67BC512EA2A658FDC7C3255F60D19FFFB31DB51625738449C712D803429DC691
1089	1185843	7D25988B1BBE2D8B49CC8A1B537686A91FCA6B0E8AFEBD84E74D8ED72B63FD46
1090	1185955	017220770033FFE289E38BECA32B10323D25DF1A060A34B5B6A12DAAB28E1483
1091	1186563	40EC34532DE01D0877FAA35DC292B265DF931A674CC847C5CCBCF7C37AF55458
1092	1187170	951E171C42F4B85CD6F4A31ADCEDD3BA440246B94FA83F7AE0A9997B7729D179
1093	1192688	8B045315AA49CBE7A10056C77E9551B351821BA0AE598CFDC9B626D0AEEDB905
1094	1192715	32B73D9570B3EF55F33EF3F383337E318AB6B044F9F9C23E9F860CB5B12E2F4F
1095	1192802	851C6C94D3B28FABB58AB0E78CA45BBD81300DEE07FDF85C15A331DF8E566C9F
1096	1193223	295D353E37CF3D95B895208C56D67AB294D7CE265F7F30417B8C55D3749F00A1
1097	1193283	4EFFB5B1C42D1B887F378C7C46109BF9E57A95EC2C9ABAD0A18D1CC4ACD3E2C3
1098	1193856	153A728826D58A481A2B679C4C2CDB39893D6E93E0F311630BC1CBB8172A0A9E
1099	1194269	62777356C4490EC77A807C48448B515BAC5431B07BC03BA6F0370F18B2458D36
1100	1194277	0170B34D46AE44902A067FA75ED2E3FACA9F0DAC80E3AC3BAFCF6238374BFEE5
1101	1194794	573FF0DBAB4E7AAD6DB11BE1DCB89C30E2A3BF11919CC3C685C60029C9339532
1102	1194839	DD7207EBA967D18FC0B02BCE6623EFE232DBC68B2234BC61C38BDD2D87B66A57
1103	1194906	5DA3E997733693006A6E56E36EC99DBFCD97C2CD9BB9FBC2D6A725218D9E77B5
1104	1194963	036F135D875E5E482F8B0285581133CA41B5A40F7C8B90A737EABD2E9BE0A85E
1105	1195507	B8660CBC58D3DDD8083A2F107C6AB894EB0B61E753DDAB12310347D7806230BE
1106	1196395	0F59A016E563BA063FACD25A6CC8C2A169D0A4495AD37B02521ECCDA3796166E
1107	1196419	B7DB9A2468556D9308B53F3960BB544B2C811325B302A7985883BE781B1EB516
1108	1197817	2F430E49B4B724FB63D36D25A8B2013B32DF767F03C389CC482DD7CA48075E90
1109	1199113	138A2E6B5A871D808C58B8B9DEE48511916EDE88A9489F75F694D126564E3642
1110	1199173	0E38315BB7ED56A8B14CB703CD960606767475008FCF1379342240311E778681
1111	1199931	0AB190677E6E4DEBF3E0D945A263DF727801439C900B3B89B1708C895A93A0B0
1112	1200555	6CF7696CD528EE40223981CCFA0E849E85BAF8736F91FDF410CFE24CB32CB12B
1113	1202522	A3B9060B276842C9899F1A16226E1373CA1F1BCDE3956BCFEDE8A601AB9C3F15
1114	1204143	7983B9BBC0F3E514BEB81A516FCCEF55636A4195B2C033F3950BB29010392B42
1115	1208703	4AF77264A82120048321848FC93E37C290D507C1AFF6A7E1729B52DE767A6AFF
1116	1208763	C136AF3D7915B2DCCE679CF09B753E10AD67E3D435D857749FF370042094B2A1
1117	1209373	75227F0A5D540014D4D483D74B0F2FD19D01B77E219FB3532528ED92EBEBCB8F
1118	1209450	0BE95A8C770FABE79632CE58D59B62C1C9B658DDF574B05A85518FD6B043CA08
1119	1209462	67AD5EF029C0618CFE6F08732A5AC6AA239355E1180FDA1410A0E3F994A6711E
1120	1209749	395AE441F2EF8BC8C2785B48906160DE04C21F59E90BC2DC5D8FEB23A18E0D5A
1121	1209757	63CDC0F505301E20003E1BA80C26E58A516A6615D52DAA14784B025E7C293313
1122	1210267	442D6B91FAA1C608B7E74A4912901DF6422816881D1BD963D48F070B0659A8D2
1123	1210274	B0CD936B5426FD5AEB819DEC15C35EC364A333C67C82F30C39FDC2D497646536
1124	1210379	9EE98EF4A77161EEC6F41E59C8D0F9D78AEDC8530DC5D0237CCC74C44869611F
1125	1210443	87BEC42E3B06C11A4E242DB7125DCB980E3B1845A1E03F4BA97E131AF59A7C54
1126	1211059	7D1DA58FDDA694E77315C4442599D2D68A23882C3942D950D5FEEAA9BF119AA6
1127	1211875	9EEFA5B5139F513FF827AEB27C6D4E2DC6E1C9CF8E875D2781DE140C8249E445
1128	1212307	9F1FB7020610F3D613EBA323EF8B4744D5C55FFFFF2198B7C45B732D4AF18B80
1129	1212484	4CEEB7BBF22AA5E2F23192EDB36EFFE5B0F97AE188C655D14C55774D55F36431
1130	1212918	1096DE6DB7837BF8EA0C89692671F3ADDEC6C1223851095F80B5FE3A2CB39A17
1131	1213025	CB449091EB56CF40B55263D51A533CE4A58727BA704A0FA379148177F44E6C37
1132	1213209	E4B599F71E0B3E48076F267E6E0FA0EF327B76C4F7B9746ED891FA7BEA528B0D
1133	1213265	C0531D36C630A6B7E701D923A6E55569F2645401F3B9994F4F869549B36AA38A
1134	1213423	DCB08EF2641ACEA43087AAC56CFA0E7DA76A81B29EF7D50A06EC4FDD88D67A42
1135	1215425	137D163597D7A6DAED5AC81A74FED201FDCF1EBC26A6BD289B2CDBF55EF3299E
1136	1219349	E1A17D9ECAC4011DA50BD41D18364BB9D8D83D61D1928EF827FF3C089A54AEC0
1137	1219377	2CE0DFBEE3E88DE0EA5233C935F3B4038CEBBD1FDAF287DE741F87B9F8919361
1138	1223762	E61F174E48F4D1E5114CE9BE1E16B57BEA328D16604034CFEC20D7DFA81CCCF8
1139	1225719	C324F8B32DF9974AC24FEDE57343FBF797EE5467CBFFFD2E1B42766BC54309A1
1140	1225747	BD2A235539EB5516A45410500BFB8B3FDA5A36DBD7211C4E82908739EA056C70
1141	1226451	426A404BAD00135DB54C2B8086BDCE8A8CB855FC6FB5767717085DED03BD68BF
1142	1227753	3632F281ADD61465357AC26D55D462F8AFB41639637F2524F5BD0C54AE1784CA
1143	1227759	793107FC356A1713108E2DB81A9E466788375FAC07782BE4C63E2B54F24287BC
1144	1227997	2AB4053F590419745F012192FB495AC0EEB522BF234234D71B4BFA9E9178295F
1145	1228949	86574B7C2DF249D677818B8A0C9BAAFCCAF5CE5412385750B9FA8F070C1708FC
1146	1231015	D80CE86979580F908254A9508587E50AE88C8545815A8884BA9F45F4A3440F0A
1147	1235061	92653A97A9725DC41E0DCDBF2691437731743F8328382B150B740F7C0FE52861
1148	1236588	7AFED8697D7A4AC71516511B699D0CDCE7ABAC88D3CFDF3F72626B17A659AC23
1149	1237555	4D8021EC56DCF3D5A377646DF2ED90BFD583782533D8D36895687F6FE79BAD60
1150	1238058	5294032573EC17615B7CBB14F47C1779F12B0143C2413247C15175402909EE40
1151	1242278	6EFBDAD060A66FE0F6F45B90408830720033B51B3156C1E289F62B018D03A7A2
1152	1244162	A24A80C6A8D85D2203530946C662AE842271CA539FAA21360ACBEFF1359C36A4
1153	1244168	06C250726FD4254F6610BB16D15A7DF7BC2A12E1B4FBA36B0FCA76AD5643CD11
1154	1246706	012B37EBB2AD83825A922F5CA4256F1E7C47EE7A612803054D79ECD74EB0C44C
1155	1248724	FA3DB46C77A6E99D0FC2BBC3A37E3F8CBE341619170901C2E32E524608CEF3F0
1156	1249067	EB823FF3B2063A481A321C134D5058A26D34DE0E86045F131DD210D52728A505
1157	1257044	D109BEE9676C13199B0B55278592ACF2D298A4E167A3B1FEF7547601805B5BE1
1158	1257054	FFEFA6CA8DFF26A7438079943223CB81C492768B9C9B4C772FE9E621AE64E608
1159	1258387	073A896CA58946DCD0EDDC6B1DE5DAC382B0656AA4B5809117E44D233EA6251A
1160	1258819	76D9EBA78E845C42DD4AB68D233B7B448BAB05CA0374C4F086B97CA612E5576E
1161	1262186	3212C03A0FAD330EC30F2CDB06965407E6DFDC6FF2B9AD9294C6E7E350980CDA
1162	1263993	CC831BB3C737EF8B4A4D9745B0F569D34D567B82CC94AD293B66AA7A9166A27B
1163	1267548	D6E4AA059E910D5B9A66CA1DC077D3BB34B76E81F409420693BF1243FD1785E6
1164	1267574	6CB5FA844E146AD6C8686E2C2AF3CEAF76F272034B93D0C97F3E1721F11F352C
1165	1272011	B8818C07826CCC12465C3A6998DFF5EE6117F8CE1B41E5E350654148E3C706DD
1166	1272534	1C5C2F4D5C9F1450CE798DFBE4312FA4645A2A50CB8566778A82119EFF839E60
1167	1272861	0AB010AFF536D5A4C1903FD7EA2FBB5A05098B374910D0C1D5E38A73DB0A6234
1168	1273867	431E27C7A26BA7DDAE240F285EAEA711F636677DD00A8E1280E994767178FEF4
1169	1275128	CDBD201FFE6A580C9675903D4CA0A6C76B6DD6094D3CE2AE949E6A470D0E4179
1170	1275443	797736C861771664123D6DBEDD3B0992F2D35E31B3D2D9A65EF9C6CD87E7B2D0
1171	1283028	0C94DBB24C8165910EDC98E7A0FE595DA5B443807F575EA23733827B02AB4B0A
1172	1284021	AE144D1B3ECEB0A53743F6FC382B08E42EDB082C1324C1595F15A9C2F1B847E6
1173	1284303	ECCE3A8D7A7A1D30E93F0F25F56482343D8948D0FC4A75BD437E915B53853311
1174	1287637	6750F0C658A0EB54E993A145C0CD6415CDD1004C22EDD81CE73C8CE71E69DAB5
1175	1289949	B8C9C72C5C9D669B3AA9C6564498EC6721D30F834C7DD783A7FAAC6A22B7FD2B
1176	1290674	ABE44AAFDD8F1AD0763E1FC6F144C330AE817798E86AD0826C3B4DA408DB8CEE
1177	1290855	BD54F86CA14D90B6CA57D5480AA2DD4455B294D189803AAC5D13A5BF6C73C48D
1178	1298418	3B643FA611E696042051DFDB82A313F387EECB37F8DCFFD629548CD21568928B
1179	1302729	3788C5B3BDCFAA36FC1D59E4DE7699E3FE5CA083E80FB45914113D3B67824C27
1180	1302786	9F050A7AEE4020FDC002AEB582784211BD701229CF88B2AFB77993FC88F4088D
1181	1306944	B56DE58A9EBFE64203F637BB1BCC336E914A23BD853D4C055B58CF735BF185F0
1182	1308467	1F397F0B83572FF0BA2EEEB321F593DC8598F10358F2CF7E6166ECD82F0FF7B7
1183	1308993	450D3FE23C76B1E6A1FDE2D3DAF2881DB317E004B537AEE58C2E4FE9F8CED7CF
1184	1309619	9BACC9A449F0E9623F7B7D501B59189B64C3911B1B1C2089ECF917FB2E97836B
1185	1309893	02072207AD59A66C397412CF689FD8B1FE1FBB28AFA486D5A96049EE0F0BE128
1186	1318434	7AF32E104CC3230F8B4DCD5D71B196A03526764BBF543EFC3F95A2AA36CE020F
1187	1326614	3E4C8475FBFF0D6B8D3E412541CF165B8EDDF938761D62A20486FBB800968D21
1188	1330743	C4E26347B1FBCD8C4262DD3EE465BB693F042A74C346BF7DCCFC344ADED0B8AE
1189	1330769	436D30B79BBEFAE8A392A430A1CC9B0E703800D3D00AC28315B884E4504E09C5
1190	1333856	1AA8BC71AFE4CB9546A81D25927A3A86052A3B1B984080E2B7F6C6F5FBF3D091
1191	1334781	AF99370243A5F83D1DBB2BF3276A07C0CC9E5220339351B3BF8F6FE0D901CBF2
1192	1334791	19B75937FA20735B4832D5EA9DD981AD55F8A790982C2EF35DFB70894016423F
1193	1335713	3EC5B9E8EAC925F3E75BDC0A7D8AA8C72F48E2CB8AB40F6D444C5139D6A2BF3A
1194	1337261	3D423AFBEDD7B081FB802E4286F5E07D8F3DB2C0F4D66DDF5B5D7C8544A4F2E9
1195	1340417	DE57AE72C7365BB1C8ECFC66367EF283170FB25D77052F86013D18D9A5AA20CA
1196	1344780	9C7CB4C529FCE92123082C5B26BF0385720345789E24F99586D9ADE50DF17E27
1197	1349384	E64A476BE44A4864F5A17E03F34A1FE8762B8A52A659BA23223366648E4AB2DC
1198	1350261	CE64335C22C0C4D3CDB3BDFC8D8A23005E067FE3E50E7ACD77E883D2585E4879
1199	1350271	DE16DE6E2143E14B5C598F405110169A92D1E19EE958ED2987550CB58D9A9715
1200	1350290	CCA9C4E099E4CADC619B51D7062CA9A53F262BBE21307B969CC6CCF81F0196E1
1201	1352843	6ED2EA5CDB2C0728286289A5561D44B50EEA382720A2D02980313A9D8E85E9B7
1202	1356081	13E3699998F0CB469F39BF90E3F213FEBA9E61EAE49CB491DC7D7BB0A7001E9B
1203	1357865	CECE9DD3AD8B01361D8F0F89421612CC6E93CED8DDFD118911945A571728163E
1204	1359315	2C72E48288284A8C0676372BF332AB7D38F68040682DA27B50B01A65CD72EBA7
1205	1361395	BD887E62A5597D51500B86A0A65CF3D0D7E10C19AC36C69688C7F1F7AD08714E
1206	1367105	EB1C183B30109C13EB761DEFE03C94044534C97D06554653557D75963AFE4FEF
1207	1367349	4FC7AAADF4702ECBAEA377F847B19A8AF09B3E0112CB5F3E590481171CF45680
1208	1372969	D6E9EB45F78DB0476B102C588B1BD82118F71C4184E0420951419084F9F6FB12
1209	1374511	E86F550F0812A4A90551A6A0FA1B2D71718932353FF43865B2FDCB2ED7F4800D
1210	1374821	F2526FB96D295AA07E5F93706492F492FC74B6B15860694AF2A6E949C600F719
1211	1374947	FB45C9987C1F802487A2EA9BF48AE7D6A866B20FBD7AB3C659D1EA1817906877
1212	1375245	A511C5DF041559CD4D8BE4A1AED0F6542C7DA959D24585876268886880276843
1213	1375818	1E2FC84C688B7002ECA9D58CF30EC35A4D89B13F1F60138842273A80C4C02C24
1214	1379091	F3649CFC0536ADAB8467437F5457B5244A2DC1B5DB2F8AA721491FC027D34E7A
1215	1381105	055F765D494B9A83685B8A69EA6514F13DEEC0AA33229A6ED5742E38A03D2CA9
1216	1387173	13071AA46BAA9719397EE7439A8FECE26E306B1F5039F2C974EF64967E1161BB
1217	1387293	7BF12CC2B81E34446CA24D8FC9655DACD9D786573A7E24A4833AB83CD39A6E29
1218	1387387	E0D75BDF13F7314B6F6C14ADAC3872934B20EAE795D3B73207A4B4F6F4B49909
1219	1387786	030CF1CEF3E960B7B596A9ACE7C679AA92F4EF40699834BFDB33F3EF3B238E49
1220	1387918	24FA3F31D55E4055E704F15BDB767DE624A450DE1B788B5DA2C8143F5C96791E
1221	1388656	BE80D0D83DC464FBF7C97732BF4C3C21601B44FC560604E48C0377EB91C5684F
1222	1389694	BA3B842DC020A1D971CF715A291D3A98FF32EDF86983277B2D029F4DA766F5AA
1223	1390193	FC5429C588087F75476CEDBEF15F62ADDD180C4B8934FBD09FC251645B7E9A49
1224	1390770	DA6238B864DAE5C898E0F46FAE9DF915D659CA156218CB0E9B898E86ACFA367A
1225	1395609	4EFB483B1F44E32705E7462C6F7B7F8B14EB385A4F75E37F52C3C1B5B02E37EF
1226	1396665	7C4143F51BC4ADDA4E03388F69231A553B58031103C79C28E7CBB05FB759AC45
1227	1397857	193B2F00E8010BECDF0F4189214D5AD3128EAA4584AD0A55DBBBE97DCBCDC68B
1228	1401414	F4543FDBD9B3C5BEB00440F4E9FE8F3A373AC7594B89B6FC67B15FB1058BADB4
1229	1402024	626EBF11BD1AEEBA8BF062BA6A69463D36F3D44C8D0D6B7C11F4EF17F8F916C6
1230	1402503	275EE982216B0202154736A63A4C7B8A60AC94687CCC0A7D2FEC52822E16BB07
1231	1402625	E6A148B84E379B2E75CB4BEF3FD0CDB0A9E7DED5C97493E59A82C92436B7E41B
1232	1402629	661CB00F883D46A63D0AF7F3C7BAB83BEE57176B32A12435D6AFE6D3CDF7FB85
1233	1402721	4C13CD8F8C96A9BC8D54FFD2833D6C7571DC1993AD675D4D9590BD2DE77D1367
1234	1404242	457342BBC572352AD476A6D6B608E030BA97E3C525B3B52E4DB0FB0CE1EAF00C
1235	1405027	F05DBFAEAD64EEE89985CEA1900AB33C7DB9F2A42337CE22F8685F6B3FB5EAB0
1236	1407827	C65C4EA8300D12D9AF7014F9E0B4F879DCF7CC3EC9450746EEC2BA0996CCD910
1237	1411354	604D13138EDF52315ABCBB3AA37B10DBF75BEBD77660A7790B66CE86E79F538C
1238	1412509	078025EE5EC32F9A344E2DEC5A94993E4EF8B73ED34B95FDA5EE6F6813E10128
1239	1417185	021F854D0F2EFDA0614D93CE7981B74F699C6B67FAA1F564239BF41E7BC31A79
1240	1417187	9B4BBCB71469261A4380BC03550A03241D9E1FCDFE56203CD5ED32813486BE19
1241	1417188	741D3633F69ACF911A1C215A625C59F42FE740E6F730D964B3A89728018C5A3F
1242	1417189	3EC300BD6CE3574FB1C46AB10F95DAC3CC423B5831C7EA0163C41F1DF833CEE7
1243	1421865	A66194A15CFB8C097C516C53FCF1920B7D2002572C27958446BBE0B9011D76F6
1244	1421866	8A1987B4D8242FF5901EE63EA3B6F508B932E847A2E05461E3F593C5F190CEEA
1245	1421867	825629A65DA60C176A7572A47368A674F785E0FDFB58231267BEEA9ECDCC31B9
1246	1421868	475E9D00302831D22B52493ECF64206F00A1249DF6F4D2372215B9E805108A8D
1247	1425092	8B06330ED8EA3BF074CB21027F19792C12DC67B161960DEBF96A27BA8DE12B3B
1248	1425968	C498704AA3C9AFF96BA0AC6D4FAA974F60546FBCEB1B0F6B3027FBB07D058D29
1249	1426266	9D9AF7959A4F8A5D603BE5D60C795F07735D1E79BC09C834754BDA466A838EC8
1250	1426777	527D54D5217F835EF126CD952BA6495470B7467E323463AC13DC00BEA33F545F
1251	1427656	94132285D93A4C911C2B6E308550A9757BA6919A780DCE029E485C47B5D3F0F2
1252	1427988	C8BFC84C51D4F43050185137D618066CA38E5E920C94DE8A873AB77AFCFBA7CE
1253	1428464	3EE3651FBE0BD2BCE010D1C8A36953520528F428466A62F275307EDAF71AC003
1254	1429108	195822CDC5E2F6EDE4D0E5A64B018E74C84194A1E5FBBC6D5AFB6B035D8EBE0E
1255	1431534	F4A1B1B78347093C39F6480AFABD4444022BE2CB503E406E7530E48129A0E726
1256	1432891	B230BA04FED8EB937B6C76C670DF817F8C4BF0094935AB0F2423DB2026E4A911
1257	1433029	61AEFE467D3849804A50BF3A079FC92DEBEC002AF0B45104B6FC212E2163BD7F
1258	1433576	BB626FA89EA0843B65C77FF02F395B85BC0C96BB9F6123E413A975B88B23BD1D
1259	1435292	BFEC3F84C26B9E3E29F64EB11D80B77A0D51EF55A3DFA63A6759DD8BEF251DA4
1260	1435626	08281D0BC51808FA149E6F989804720AE2A9A8230CF3C5F49A3C4A239B03AED8
1261	1436168	1231CFD3B780C81C2FC9AB22A07B37D2CF23AD7D3D542E15A213C030C1E973DF
1262	1436466	4EDF54AF71BF329B25D9A199266DE3289A023615B3F106D97FAEA5E4D65D61C0
1263	1437389	1C2A65BA5B0ECA56BFE47FDAA263808BD0855BB142994BB20D6FA9D376F3FE97
1264	1437856	1736075E2F71842CD8DCF3825485995FC09CFDE521A0B64A56CBC0619D413E86
1265	1438188	661414D8C3B89A47F8F15B666A4E392F974A34C2F5812EE2EB11D16EE63E7B55
1266	1438664	3DD5D18EB7F5619220F2FAC142EA811D3B0C5F365EBF1BA54554510DD0E80FB6
1267	1441732	36E7F3CF95D1988CF0B4F6249A5590CD91D48D6A40AAAB51D2BB8DC7572DDB0C
1268	1441734	84A572538799BAC29AD50CFCF28E4D1B2EF3E0B929484340760137C368A7FB2A
1269	1441804	121B288C32A0977211A9CD667E9C78D1A924958021394272910988A39F080551
1270	1441806	86FD967497F1440474036D19059B514D003D36E19496428D22449D78783F6016
1271	1443229	068DC700D259C55B551BA11EB258841D554433F384027A33E1063D7626957814
1272	1443768	B7F958E5CE8F88BC04968CF32E23E46ACE46DB059D89C101375110E7CF378D6B
1273	1445826	880FD90BFC906BAD4240B2FED5E832D546B30E8F095ABE393E6A34D6EF0DB724
1274	1446368	C0186E2A4C9AF37ECC3399A3CB3B15BBF911AF4D14C70DF6087EC02B81FC077C
1275	1446666	861915DEE1AB136BCED5F988889815B887578A6BF02A701384AD98961A2C421F
1276	1446966	DBF407CE9EA4050A67CBC91AD252B535EFD220311AF3DFC4C154BDF5AC3AB61B
1277	1447177	32E071AA1D8C32631EB1DE6331499D9BD5EB242564467B873946CDB09D427515
1278	1447974	B7D24D902F07DFDAAA78312C77FB68833E8A0C1A61F5A828D29EECA3E0A5AE1B
1279	1448388	72C0829D58EC0C9F87F31C997E72B7858ADF3FE6BFCF0164C918AE03F5781C55
1280	1451005	A127EB5B1C728A48071A27AAF78048455A578FDEC06380EB28C0A2972E5C3277
1281	1451934	2BCCAB681772E72AE7B1BDCC1C493B54EC80EE9C34EE2BE2EF5BF413D2E11368
1282	1452004	04081AE9D516BB81802AC4876F1C82997B8247F328EE1BBAC1B9584FF36135A9
1283	1453094	8DFFE411DABA9E176573A399DCB107742DEF44372787C8FCA4888AD7F8F82870
1284	1456026	05907017E4025343889F055E3DC7417EFE6352B1AA13E3425C05B8AF625939AE
1285	1456568	476E4137326DD9D6BF3FAD78116FC6F1BA4CAFCDAF798EC87DC4B42CEDD949FA
1286	1457166	FDD7119B3EBBDB1A61E816C8C966CE050A65E09018E346297D9305F3DCBFBC1A
1287	1457647	39B7C733A8AFC6422D483BF7F7E177ED7A749E062DD80B1CFFE89A32C500FA9E
1288	1457789	2D74D768923670200899293B254C61828773D1FDC138B8C491592D879F44B3B8
1289	1459064	6776B704BE1FF44925A0F68D9B3C7115988216CEB9FFEE37C02359D6964900D1
1290	1459781	EBAE81AE7E95F5C73855FC45CA3D1B3CCD3F43D1131544D80390CA96A4A34D61
1291	1460087	E58AF39B083F6587775287151CA98053301084864DCCB255323C616CA2F292D5
1292	1462132	BCBE115514E6BD2E48B020DD91222A155AC1F5DE03E4E364D84FFCDC4DEBBA2D
1293	1462206	617F1E698E7230EE1780B2F9461B3B8F57CF9B69D3F336F560408CA66BD11D73
1294	1462860	B629CE6D7FE00110BB3DEDD3D44990B348E83C58935B2038286EDAF482F7CEEA
1295	1463038	60EA5F0B520E37ACA3254D6016EEAA19E51E43A20A43702A8A8D66B9677EF3BD
1296	1465047	158D58EFB0166E478945DDAD289871B7CE6F8A2C3F51B12EC734E66F711BE37C
1297	1465893	4E2741B33C6567E76118DA16493D6460F030EC5180EA95CC972DCC4D1BCE1C12
1298	1466226	5B76F2C80C9D59E217ADA1BAB2BC0C5CF08C4500B473BE99718E0F35F704D402
1299	1467576	C52214D223F564524B1A913E0A5EB8E9E194DB4975E7BF1342F38347731B6637
1300	1467989	07EA33C174A2BBBECFBD0B9D9A07322880D7133C2D363CB61DB06358ED59D824
1301	1470176	2B2B027ACCBA4FD9CAC3D47E07EE6E0AEF558D3252F09D71A22E9F4DC80A41CE
1302	1472332	DB9C8D95D912E1E3A59DAF7B88E98C5E040F17ACAD97DEC692D6C73F9FB59E95
1303	1472404	9301C7DFC98A21546DF11C87EF24B87C42D3E6BAA70248CDFA0B2E8C47B2C444
1304	1472406	3C8C9DF928C41D0BEB20E8BF6E60DF708CF2B3BFB5C605D96176FA466706C6D0
1305	1472588	60B7B01B39694004A6CF9DDFD88DCA4558A2456AD6D0B99CC24C5C329BF506B4
1306	1475663	744635ED4F3D306C799CB533F1279470AAEB4E348DF210332B8114CD59E8AE78
1307	1476426	305083603A52F2DEB6E852FE5D6F77285317324127191AF93D26815AE6BEB0DC
1308	1476968	95FB4C4EF7C9E041DD445E505294B6EB1212EE62FA22A4A897E8EC531DBA5257
1309	1477266	8B246F9D8EDA31B9995272D240784530BF90A3B49E4F9DACA34A78D8B9795C40
1310	1477566	366374C16C321860E3816F8633B6682FF15E0F1859C35448FAA10F26C0EA2920
1311	1477776	34DB8D0CFFC0F0CAEEA356C08B7026291D77BDAF8931BDDBEBA5102CED62CE54
1312	1478189	E7AAA553BE346503C7E0A7AEC98A31EE7A9A2D6DB159030F18A82C1CD956A9DC
1313	1478574	D299DF77552F92ABD54ACA07C686DF8CAB1BC2F5E2F569384176BEDEE66B3636
1314	1478656	9533DF63C99F36A5DEA0C98E37E7680D4CA166F1862349560F5D2B717A8F72D8
1315	1478988	7E3F951C480B66B8B795164C3266DA4A48335470382BFAF80EF2EBE85B7B117F
1316	1479897	DBF95F716867D47DDFF37F6D59BDF8269CB7EE1AB3CAE0F420B34BD092BF459D
1317	1482534	3E0F49A7BECEC5BFDA67CAC426CF78D1E2258976DB9A13F5BD063694428C7CB9
1318	1482606	0D18A476B3D744A92C5A50B318B99ACB31589AC137E0E26FFB1670A1A09A5FDD
1319	1482788	8D73CCB9B9AA4BA2F9C136103697F6375960B905EBBA6ADEBD6181010F117D23
1320	1483260	3196243FA1F63FD7E16B8799BCB9FC0C8A76B38D35833A6FE35D1F6B36C98113
1321	1486418	5AE426BFF28968A79E1380420F465FC35C6F670CEBEB322F1BE05AB859CE39D0
1322	1486419	5C54968B549ACC8A559335A3CAF482C0BB4015EC0C7E2B50783F6969AE3FAEA0
1323	1486594	10FA29DDFE354C5912DA72C0B3F813CAA6C3DDCF510030EBD7B9AFB60B2E4CAC
1324	1488233	5431B712D510CEE1979788A913F0D941FAA3A4388FA1DA319FCBD5D6E8150DB8
1325	1489092	1E81BF949BC151238B9DB7AF9D37F75290994DEE32A1C8864988FA2B7E1C9654
1326	1492676	16274EC7DDEDC2D4C390F0F3CFDF903B40ECA76DF62E5BC0F6F42BBD8BA202B3
1327	1492678	8C6FE2F74F3C5E9C50422BC292BC27A5D2DEE9F575207B36A8D849AE96DF0CFA
1328	1496987	2C57B7B223BAAABC0ADF0781BD0C17C9D56623846AA67F45DC35931837E941CF
1329	1497282	07AE5E5BE025CB2519EF12A5D7EE8DD0B88E64A68C62D2724F9F84D8BE61D2EC
1330	1497752	5369A6DE0567D4D46F02762201EE04ED3B0F0682E74AD08324623E7CA99A81E2
1331	1498008	0844A9509F46AF112D6215911EA34088D0E06E2B80D95AD1D89A4B35680D12A9
1332	1498198	AF9A64F2C40BB10E7D56037F11FBB55886D7A7D21D3E088B2AEC2596CC4DA078
1333	1499108	63C812AE45F89AF0A8E49355D4A5A74AE64D9E1842FFA8950D139DBE2051B85C
1334	1499292	E635C1BA114ACC6FDB81A3AF986941E76D8FAE6129743C152B20C02159548CF3
1335	1502876	133989754F105DACCE341443F05A36EBBF22B5788F667EE1AE9A7CBB56CC5B98
1336	1502878	272D3CDD52E0FCF9BE5BD20A8FC8AFD71A4EB9F05AF8CD8456939805C85C56A4
1337	1503010	E5572AD2268EBA681776A69E87BADDC119472F7B47614CF6BED0539D69E9B207
1338	1504891	29A761200E924625B2F27F833882EA801C62791F01965DA1DCE1B8CB07EB99B0
1339	1506283	7BAAE623CF1E6D44256ECE275D96B527B175C4929E987433E4FA37ACE5FA994A
1340	1506818	108930B47FB9CD3BA564C8951984628AC80A5AA7E5257CD2D0E6256B176DA0C7
1341	1506819	6318DB456F229A078F8ABC0BEEC3E2C1EE07637C535A2ACF230D44DCF6A088B9
1342	1506994	9E9EABAFD8207C711A497AC2FDC7FFA8D65B50BC738884A2C3C1D7CE7CC6D98A
1343	1507482	B11D967F7184F903F1E4063C0521A501582803D8E5FA0BD49D4688C1C7B7CC9A
1344	1508208	764EBBC2DEB786A8BA6E92A64AE2CB29406D0AB485F95CD4AF763C5F1D520478
1345	1508399	6738BC5C0ED4043174174720925666A64A1D9E828D0789DC819A304AD44AB678
1346	1510972	16424551DE8E74F0B47262E4BA71BFC9AF2BF5930F919092DB154E053BF5AFCC
1347	1513076	F009E8C9DEE52F22F89EBC8601AFB42E2EA36ACFDD4EE7CC2D4A848D35A7E7A5
1348	1513078	B8752223F6D4ADEB98D151392B21664EABED972F12B679528D11DC8537B2016E
1349	1513208	7CA0E914766EB227BF15784C59BD0E288EBB44C893B866F796DE04E6C5144843
1350	1513210	458294246F22D1693F4F5430C33F20DCDC600A101D7964594337EDF7A4A184B4
1351	1513344	123D2C6FDF80B91BFD2BCB31BB9AFB6C386ABC7A13451378245A4BCEDF3D864C
1352	1514240	68012DA48E85FE9A37A908E0F70399C176762638F20621689DD171180A501906
1353	1514621	F8E80B2771175BA51AC0B1503A2CC82E0953F04E227A997EDDB682F688AA0AAB
1354	1517019	AE870DEAC6762846B768F148A02E0865AAEBD0E0718CE11A307A9425206DDE1B
1355	1518152	73C813175B7BCA0E0A54FD2B66B1A5BDDE6608284615063B6371788FF9A62BBD
1356	1518833	5B0A31BFA417F409B05C9301BFCCFBE2BF989B58B47D4BEDD23281E980D282BC
1357	1519089	D03D7F0DEC70CB4E7789748C88DC393D97B7536CF9CDF26E13E1FFC56BEDF6AF
1358	1519692	DD497492EC45538D4D5DE4D9483AFFBE5B86987B0C9B748A3A5A8E95775A55EC
1359	1520260	2C1A9BBB8CBB154A0EB92F01EA8D97C75C020D3A8FDCC810B881A719322748B8
1360	1520524	B158C43A2FAAA745C0E35613E35C480494E5B990C34798D085D7124DB7643B62
1361	1521172	46ABDF7511A74DDFC3C8574408D6480ED18C98F3253666B2389932D02111F3B6
1362	1523408	F2AAD6734521D525995F7DD65F54DBDFCE4F5ED4B56134FCD97A2560CA521314
1363	1527219	92055B059C12B24CF3C1D5D15B7F05237B8F24E5A7F27B81316CB91D5CB42932
1364	1527394	9B9649D6A2FC488611258B417ECF1F5A4DBBFCB3848BCAEB243AAD0D16935ACE
1365	1527882	64AE2A427A9731FCD8D79159A116177FF9F6D13AD1323BA37B19D53EEAABAB9B
1366	1528352	158EB8EB5CDD8E509572940D14CD8014D339734A3BB9D5C4FB5D7318639A9091
1367	1528608	1AD099DF8ED01BDD614B0DFE6BA6B7185A880EB335E7846B2AB8F30918C3D9D5
1368	1529033	BE9152CBFED0A6AA055F798FEED67668507DDB5A5AEE528AB9068526659A4307
1369	1531372	3B6A796D1AE1271591E1BE447C138136DF8B2E8DEC699660AE9A737BCAD62103
1370	1532145	6A8421E68E32B52D7921D2976CAA58DC14A3548F653F3689DDA1505EE6C0B49D
1371	1533476	E50D270FF26F241AA295E88A4A8F584A25462E70F18A53FEA7F16514B3DE4584
1372	1533478	D3431299FB226EDF25BE3354161D1BEEBD2D92450A765FDF83C6FB9D74660D86
1373	1534513	35A9364F02999E2BD1CF9242BA082A977033F00E16E362C71AF4369E314B9138
1374	1535021	3E8BEAE1A464144359029C13649B7493E16C595654BA8A0A0CA39561B82DAF2D
1375	1537594	6AFDA592D8617E722064120C3B126EFCE8808C78A8AAEDE0E4465CB84B7D048A
1376	1538082	2486FEBF290E645ED85B4AA5C08CC97E60354C1205BCCE98DB2FCAF6BD652BF8
1377	1538808	31B08409063C928A1D5BB1BD9D6F2E9A559D3F13930960BBBAE5EC7087AA301E
1378	1538999	467E684CEC96A3644C8084F7AE7B3931A62E956400F090E892BA59AE35413D2E
1379	1540092	B11FB6FE4B39160283266999B7CF18186B256E28A363FB2EA5EF928775BC2A91
1380	1540469	A1CE084A7D754A14D5546767950D5ABAFEC2AD79796A7D0BF2048E19987B0BCD
1381	1541572	EAC0F639AB00CFF856F7FBA8F1EC07E78BE8790CED94FFBE2673345F8B2CF249
1382	1543676	CDC46F1C7E4CFC0BF4F090131A06E8489EC5B823BA93AB3A5E0084E00EE74BCB
1383	1543810	8B5F89E57BF15F054EE042E9B8E39DF5277F77F8C1A87B7E2A25E7E1A86D9914
1384	1543944	813252A5E40FAA58ECCAE5ED62C2654B217BC14945870857CAC9F594605567ED
1385	1544642	F7450433C91917E01214468F1000295535A803E3003E89C44883C2AD22F46B67
1386	1545276	54AC49654144CEE4F406C4757E61D0A7035ED2F126147B3A49CF3D0D05FE5E05
1387	1546102	44EB059D1632C73ED22B7C7E31114B72A17AB954D0274741A93109EAE0D86FFC
1388	1549659	7B2FEDDC4FD2744DC46B5E601A843D99AB3332F1C641BF6B9647A7A0CBBA15C9
1389	1552373	914F497DBCD768516FCA8B7B83B86A816149AB0C1B3F766C1141566E87EAF2D4
1390	1552586	284A2B677455B06D3ED99A0860D9F1EF625710F2577F86A91070A77386E0183B
1391	1553054	E116A4CB12095991722D1D7AD27355BCF12A84C09C1246D95B1CDDFD5EDCB6C3
1392	1553477	FC334B7B529214C2FFA5E1DD01C1F4C6FF2050395807C2BEDAE0C0327B94E858
1393	1553485	62BEA98C3E2E065A3A8D769057AD0626DBA1EEBFDE60BC5161AE877859138E05
1394	1553558	A5FD4CDF51C9F3CB16D4637B6C2660C299B7C8E131A9A4465EDD0973EFDF2489
1395	1553665	FAFD22A62D4580B6269DD3B8FDF2F6F63B52EFC91A7317806EB185375537C5C3
1396	1556784	F19E873780DC5D4B3808044BC33E39E631EB8F685E704AEF9AA622DAC7F7E8C0
1397	1556941	918C9A021A1D45104A886D3C7BCF37158831D3E8843972AC595C7D14311FE7D9
1398	1557392	BB83FE1A5FA3560B8282966BA0EA38B59A9E29B08FCA9DE97928602FD6783B5F
1399	1557393	11C87D2DB25D5B70E09E55377F82E2B9BB5DEB796C5DF74E760F0DEBED5F62E3
1400	1558909	9264087929E52B24A08E1B12E6D8FB5A5FACC21C651171C85D3B3A2E34BE72DD
1401	1560044	EDCB0AA5E057F427A2C62202E17E9E74458D1EB82ABBE4648F96987EAED2BB31
1402	1565177	A1FE14ACEB4013B9E68BF7A6BD8C22FDAE65EA82DD275BA13ABB3287549C8C9F
1403	1565947	B9A98C70111E2AA3E5373FABD2D7C4943F59AE43CC11E2B139BEAB02E249727B
1404	1566675	C3B76DA66CA260D0F3CAE743DCD341BE9EEA0B44C7D9BD788D712CA895274A83
1405	1568441	58148F6AF311843D9EB2951FD6A161CBDBEEDE755629D68ECFB51716CBD3A493
1406	1569267	CA44B3D5D1A7606E45C32D38A58F849CF72B02136AB4491DC9C9E833B59C6B13
1407	1570540	A4088EB0605D8D2EE002ED75CAC17B904630F64C3C74B0B32BA652BA70FCF773
1408	1572264	9EA418371AABA3FFE74EAD26EC44DDDC82669A01B4E485B3442E973D744566AF
1409	1573468	E9DBCD5B8089623878DDB48854A7FE72DF03682D7A9AD98DF451413AF2957CBE
1410	1574742	84E9740AA7283D60A14B7D915DEFE7983706A34B1E036CC640C68DE0F2E99DF5
1411	1574991	36A3B0C6476693860132D139DDB8C7630A2F7A5E1C8AB9B6789773BEED19483B
1412	1575576	030B56D66F82DAC5708602FBA91D3CFC2DC0042ED88E785263504BC593F79558
1413	1580955	1C674E073E19C77B35F97CBDE6F9DBC283D8D42241530BBBCDAEEA2F2E2214DA
1414	1583332	B72D83635EBE23CCBCCC0EECE749C114CEFFA2323583E19E220C728F519422F1
1415	1583834	83C71D8BFFE20DB232CCFA318C65B2BD3B95D6E9EBEC9869DBB448908EC71254
1416	1583920	6ABFBB6A0A87A61DF528C91072631F9C1A5654295AD2B2B564767B75F4D4359A
1417	1584437	B180A8F81CFD7CC217BCC297850A23FDDF004184A594A0CB681B9524CF8C5B99
1418	1584624	F72FBA04CBC0B7E76891A350E118151E7BE23E404F05939A0A6643738541DEDD
1419	1588352	8B24989C9428D4DA76AD429BC75FB5FA80399068D6AE536D8B79014AE1AE38F4
1420	1589958	EA0DD6B00AEDF80143A696F776C97CCDCC111FD0153207F67F8D2BEA62D69AAF
1421	1590992	C7664D8896E0C655ECDB07CDB1FE68957971B48EA4D2A6A8B0A9AE9141E31063
1422	1591049	5DD38C667462F91A0A5CAA2736DC282F409585B6DF70AD38CC55300F16CC8D95
1423	1596273	C688A88F3B204740F7E2AB72151DEFA21615B5A6553863D201A1306E18EE5F97
1424	1598812	AE61D7F1B29F81C9A799CCFC43D176E0E376FB1322100C0B823244CF74DCFC16
1425	1599400	D13E074A0B5A329060F3CB9E51D9DBBB04D7E69E60C0B15267FA14933E5D43F3
1426	1599465	C6506222D238FA2F9B5ADDD5981D7884D63CEA7B8C6A5F6BCE577ABE1AD0B58D
1427	1600104	15347F979EC5D9BB4C311F17DE931428AA82F5B5C8D77C679759CA8E10A0320D
1428	1601685	399BF956750DA75CE8CBE20EDAB72EA79419ED06D29DD4C8F29276D8E33DE6F0
1429	1602792	0BB8234AFC0A94ADA54C5F95FFAB55780E15CF2CBC4FABC16E505D40022F20EC
1430	1603724	905372D9047E02BE3FE046FEDE5CF2130EBB17AF710C4AF7BA5D04F7834771D2
1431	1606536	77E738CE8FBECCC71C925ABD8DEE85F7268EEA862520BF9021C917A1E9292072
1432	1608917	D054E300A334BDBDF28936C70BD2CF4D79CCD5222F31DBDEAD71D3FD2D9FE493
1433	1609716	0BAFEADC6B9D953D7CAD3836932AEA10BD4D3A1CD9C976E1B763D7889938DE0E
1434	1610670	029F5C862402F3DCD6C07023B99A11D73DF06F161EB27622C73D507DC13A378B
1435	1610930	7BD2F87CCE8CB9A0B633468363831F5B7DCA46CD386D0BB5EAEC346F7596B3C3
1436	1611705	8CA03023AC2F122087B8528F9A73242668BBD9E94304AF74C0D04BB1DEEBD573
1437	1611873	D0BFDDBC2F156101B69FE901238FE932E33F5BBCA904B9453246A30F105B2EF0
1438	1612088	B5127F763ADBE12254D9F9E4B7D5A9F673B8CA53949AC543C3ED16F4C335E415
1439	1612188	A7421C5608E93E823CE5B66800E8DEC17576EBF33803DDE8FDC1614F00D3A182
1440	1612781	335011A14D241B02201C18C6641ADE374912F876D68B51C5363A5AA4DC5F638A
1441	1614893	57FE19253172ECD74B9D5ED95A508330BC2D7F98E6BDB4B407128C1AF8089597
1442	1615780	40F4D2C6ACEE56D3E16A76897D6C8BEA92A52BD95C690C51322885E0826C53DF
1443	1615782	82F243AD90D3E2339240FD48D746C3EABAD7831486E5924F14AD1355F4BED251
1444	1615892	A8EBB7DF618BB84C429920A4215EC039F6AD7049DCAB92C046FBF972D25F5FA0
1445	1618302	18CAF8B456651F3E53E7E499072442F530DF3170A6EDDAE25A7F39500B581AE1
1446	1619916	A9611FF15F342BB8004BAB7E56EAB8D47EC747F446806FEF236E43CEB0129D8E
1447	1620403	4362EFC3E7D0DB86A8321C90972EB3950183094CE554F6BE0673E13EF11128B1
1448	1621009	FE633D7E1531A3A37321B6B4C38507F554817C45E266BEA840186A062EC0380C
1449	1621130	276C6DF10C60211C5C5AFF021B84A34790413D57B1EF0163B2D785D348AA9FC5
1450	1621905	B2D6CFC638B564928DC3AF8ED82F4FEE7E9F716FEF568D07732FD22157D4EE64
1451	1622073	14A6DD2CEAB8F3B6EDECB1BBC747E94AA17857105BA095F32E067F8E4D8E4A32
1452	1622388	DABB236F9C07269E50F14C2D968157BE61E1F28EBFF2EB78B96F2AF070F979F6
1453	1622981	4EF0D252D2BEB408E449D7FFF88560FCE45AED001FECF0EC0B48FED8DA18797B
1454	1625980	88AF3C84C3F72ACE38A05E53AEFC20DAD5D6A8AEE90CC62B52A185EAD259C576
1455	1625982	5F94957A34AB3046CC65EAD3EC8CFE9C319904A58A6EDFB8D4046F0974E7C239
1456	1626092	94E1D755AF4764BA2F1BBA1B9AB2E963D0F8550170BF8A5B9F9CDA66F2150A96
1457	1626094	AE0BE9DC45C751D3F160BE42F8AD1DC03D735CB96C3E71E6D229843FD413E06C
1458	1626998	B2B658F7FE16C72823B3D58B4D4BDA416B00AB04FAE103ACFB90A843006EE387
1459	1630603	1D5C06641030BE42F2A71EDABD5D547B352D276EFB6F63C84EE1AC3848F6D1C6
1460	1631070	9A0FB997F2007CE2ECD4BBFA2D942805A16607F40D6F103E541B8D8FC7A9FC21
1461	1631330	B4F1013D509826752E83D953514C73F401903CDCC60975E5B260C860A720F59C
1462	1631540	8CD47AFAE2A88030A81BF222F7DDD5E0F9C90FB2D20B5DB238AAF9092A35B522
1463	1631745	834DF8FABDF838C41425A70A4ED92B70D251363FABC02846A6237B443350C888
1464	1632588	C098FDC37F058694AC7875157FBEB8FCEADFE1DF94DC4E582BD5098E34F90D89
1465	1633569	557FCBD554A05D79870F5EF8111BBAA52DBD5A76F31EEA982FFA2E7377A2AB49
1466	1633780	E4DA8F17ECDB1109F156E0AF7A6D00A48E870F7FADB4E0E5FFBA5D481FB3F782
1467	1636180	DFBBA257D61DE99AA57C016559FFECADC04F46A3E0E60003577039A9F79CA68A
1468	1636292	99834B751857C8D78B4BF11D8CFA14B5F42451E32A9A44BA597D9BCA3DC5B03F
1469	1636294	94A5A1192EC24477333B6512A0D89994C16405EE603A0451779976308AEF8550
1470	1640316	099CCBAC08FA12E830056C484599689AD8D6635A66807813D21BC97B194F32C5
1471	1640803	49E9505521E679FB2468E024DCCE69180C95FB040C30F0748A3F3A509ED93608
1472	1641530	59362F02829990931EE4DB77ECDADAA0C2E63256A5FA46AAD90B9984FF45D3CB
1473	1642688	2CC461ACC4EE397C2C6E43B92F4A6CA0E928F8E0B1679E808AD8D4439F0BBA5A
1474	1643381	4C88EB31BAB117CFA18CF245BB9B307D872C19B32CF326CFD6BCC9C7B0521F4F
1475	1643980	0A3CD80CD0F092682B3CFC04A1AA6404EE80922DC205E780D222FCB8D94552F4
1476	1646666	E25A880C5839BDB033023E44A1A0B018232E01246F2757860BB2CAC24F74980A
1477	1647556	9E1C95631096F6BEAA7C25A1262AC223284BAE6DE4431A058D17E846331F4454
1478	1647883	077A1AA293B2D8248F28FB165A3068042C6CA509E13321A07B221C543A8AC6B0
1479	1650465	CE4F6406BBDCD756012B2E4947A90C10955B5CE4FFCED85B1BCC8998A24D4E43
1480	1651003	677D318DD3FA496FA92CBD303BBE489673EF1B52127F895970AC6394B9ACE480
1481	1651470	02410649460DDAB790C16AAB29793595333B52BA61673C0E1F4DE6FBBCA46619
1482	1651730	6A5774AC3B44C893533244B3166F11B9A489C2413C38D553B83AAE6C75EFD27C
1483	1651941	7B032C27C34DD1B64027E44995744FE65D46C2367BC69FBA30640CE4E9B393DC
1484	1652505	55DABC5BB72C31049B5E71812874D04CC672E6C8D0D3EA6B649BAF4A2EB75EFE
1485	1653581	01AF3E5A6E074CECB0B924F1065D8290314EFA450A3A4AC8BD7B509BEF31645F
1486	1657860	F17261A15D6168CF6085A87FCDC732339F18CC667A11B70E3CE324313B438501
1487	1657987	EC463CB9072D17F4A386CFF604CD74610B58C666F34D5BCA4408F9DA0733DC6D
1488	1660716	E49EFC516699695142541A637B124F7D07B09B13AFB4AAA5C452613FF72D2589
1489	1661203	551F2276781D56958239BC61E0EC0EBA1675AE6792637DD4510FAC17FDD6E3F5
1490	1661670	B618452583F365C4A6FC789F6019B9EE1E58D58F6A8F156437B476617CC75462
1491	1661930	BC2043FA536147CEA68F9FBE8F10909EF36DC0A1F44B4A9936F4121845F373E0
1492	1662140	24E2044252189D8C95093775016153579A7F5668BB15610FB1B3DDA7525DB51C
1493	1663188	9F68B23D5519CF5220F97B85E88FF2542741B38CF5CE4CB78D29966553079E12
1494	1666782	98BA7D69F0F67336A7984AA70CB8A3CF92DE14F32A2F74D46BCF1AF7962F7215
1495	1666894	20A353FBE01C143B4F7DB12E4268D38643C7178ECB72F36401E3632A1586F505
1496	1667066	70E0CE0B37DBEA9CE6D85ADF3F5EE9CBDBC36D8EA7D45979BA1AC87875A315D7
1497	1673208	635AA29CC348D17FA5073E289BA13C17549A5618307A8D0982E8AAA19705352B
1498	1674539	076343008DBA7D0548227BB150FE72B1EA2039FD8E50B17D58BF3B9083FDFA94
1499	1675306	9D79AF9D65F27FF3064D630532388701E8171DFBCB7B6953FD555D0FE19E0D11
1500	1675513	C68BF4FF89C9D11CFC34C824F4F72F23A18C2A0701CD25BBF85E817ABC10B3EB
1501	1677161	34DAE9A1D230DE5799262A64FDB88FB8BB5A50D8A7B8A18713D0EFA7DD22E0D5
1502	1679836	A8B1866841660C4DD5B2E602AEF62182021BCBFB40EA337C5AF7499B19F595BE
1503	1681525	140035C23ECD9462F18DAB43A2FDF0BE220096A434C54D076C85A64EF2ED1833
1504	1683434	BC3133474DBA874F5B40C9DC92F50EB6A727CF9A9C7B93C751A453506CC74F3A
1505	1688639	1673DF20BE66F338F7371E7240E35EA3C4B084AF869220D1BB9DFF0042B92D22
1506	1689154	9C19837FC80E569926C3B18FE85AB7BF0EF10F0EED99861A9C9516BDDDF26D7A
1507	1691365	AFC14FE204E920C05E5F8077E1C19EFCF762669BE228D947907079CC525C253A
1508	1693076	80832D697EA015438B1AFD5BA6A58620079E857DB0F704B398C92694915167CC
1509	1695420	CC1C16E69CBB3B41547A5DB08072B10EC17DA4EFB8F12267F6389BFC9BA2E5E0
1510	1696532	3E83742CFA6D2DD2E61A3A092A67B5E85C872601A19F3132223567665A388BE1
1511	1696534	C84B164F7BA3911D7022E0F26531B560D8BB2DAB9235E598CBDBBC044F9DA98C
1512	1703724	5EB2F50EA60D5C3270FBCFB8BB4032CE35EEBBF10D74DD8ED3A8609D7359F82D
1513	1703737	96617B787595F17A4FFCCEA1BAB1F8E9A0DEAD544B8EA28C29A8E8C7A66975E9
1514	1704948	BCB1F14E85BAF330D79EF72B730DE78C26E1601A9485BC5A932F018B4597D1B4
1515	1705916	22499C47380E6C7CD2186C3DC96F22C01828514AE42CFEF7F63C237BDF57AD2B
1516	1706454	1C55499604EBC58C1308D99263CC77C99F551C9292DD4D350A2B346B600775B4
1517	1706472	35A0382E0B449AD5BBC72E56502212E2767B305AC4EF03EB387379141B59565D
1518	1706624	191F3507C4CF4FCA3FB6F42C0C15F4A44624E4F4B7155B3BDC06D25260C7848A
1519	1707490	4009A142B278FA4A35F2C8C2CC15BC903E42D7092416837B747353586A8FCEAE
1520	1709400	A3CAF012D4E28DDF90C7F2780728DB30F38641E97A951301DDBB4AC6D4E83E17
1521	1719468	D6F0B5A7F9D09B32207B63EAD2EBB81B6BFA602495990774BE2CB2FBC9BEFDAF
1522	1719729	D3366799C0C8DD35EF21B0E06770BC7457333411AF66802F9631AAD7A1454A35
1523	1720628	3E87997DB2457554EA5375ECA048B097FCCC2FBAD31778E87F47740B629AB1F2
1524	1721315	E2652D3F6FD16E628A20CC63133BD91F37742C5CC82FDC2D3CABE49613B2EAB1
1525	1722522	8B05F85C21EE8DC71B984C55FA1E01EBD5B6651274358E8EEFB91CB9625E879C
1526	1722662	B8161FEC5CF40E50248D81BD44D0CE194B0D5BBD2ABD22BEBEC7860389F6E3D4
1527	1723768	2172D6ACB59ACEE5ED640D98A6D67F48DEF67D3EED82432E8DEF8D5962164FF1
1528	1723820	C5473B87C7742763CF237520632D2715C78EC7F57483FE7CFEF3B758DB20CF38
1529	1723939	61EB13F51A8912CB6E011FF2886107C8398B81CE0899D3012FBB77FEB0BE5BED
1530	1734227	3DEBC4D294902D8862CA5B70BB6953D40EE1483A032CE23E1ACDB2CC0A7D398E
1531	1736031	C4CAB129F0E99CF689B31256601A24F65848CE0F8BE8088160A16533F10F1263
1532	1737441	AF4FC0AF7FE36A68183D3565EA5E11CE1F3035C8EA08DA0464255070A6439758
1533	1738864	E01F2A4727B56A7218ADAC73CE547B417B58056FB711DCDA84FC7BBA240439EA
1534	1739030	6A77624907E87AAEE85772687510F61FBAEF52FA97DCF02458CD094A10F974F7
1535	1739451	926EED0AC9DEDC0938B4C9F0DCE7FE7EFF4851F41079246A05476B8799B72C14
1536	1743317	18120362147BB064805072EF612B663592B32F18D32E2C6D322E811A6DD5A517
1537	1744093	F32A2C165A4E28817696EF20EAC7454BF26FC4874815D2963E07CCBBFE0BE553
1538	1744971	9AA66D4257AB4BDBF5D3AD54D1EA3D5DF2654B58BCCF5D6A0B77FA4244E81050
1539	1748299	478B627E8FB6DF69D791B8E89F356CF61ABC04C1E17A0C98F7E7E8C797138EC0
1540	1749186	EDDBFFFA01C26C1FBCE20815197301B5AC2E86BCC09713DB3BB0513828202BC1
1541	1749214	0300BD89C74C2127786EF4932CEED2E0623567CAB52D367E0EB10885159E1B19
1542	1749517	8E97EF2E1F647AFCA7FBB3391C02ACB2E288205A9A1ED779DB4FE4ACD870CDDE
1543	1749709	855FDEA75B2B817EB17DFA7F5D0691CAD6E7BF7453247010935AD9EE8AD72615
1544	1749916	89A6BBC5F993CA3C8852424465BCCC63519ACA2E33403B71296BFBCDB495B6BD
1545	1750894	915475E678270C748DB554B1D4AEFA769C6FFDEB867F1EBAE339C21CF08E108C
1546	1751526	299E2ED0AD15ACD4BEA2E20B588CD7CF42826471B8FD147B61E682D816289AE1
1547	1754996	EDA1E48BCE4F9424830EB0564FA31D2BDFEA69C5AB980BE1642B6C88CC5C8B55
1548	1759421	5B745F736DEAF0CB43A5887F71F2C9CF5350A16B7BEA59A7033447D6D036D4AC
1549	1764766	C5FE91660CA198939F7FC5446617F047E4E989AB94FAAAA2395DD26ADA983DD1
1550	1765197	4262527344B41B9D1BEDD958BFD70B504EC440C4F64BBAE0AB098A6009CF2F3A
1551	1766857	9110106BBACECCF4904F0BA3F418E7912F535A3AE6D0691CF442613CDCA8C0BB
1552	1767720	764706E117AA80661C413FFE8456BB97D9CA51002BAB9061AE4C6E2C2C93C573
1553	1767954	83842DFDE34A65B56159C2A06F79F2A20C6104932231DDA368663512442F8B25
1554	1769865	DF520E6D34FDD326B948B0E292ED1E33759AAA49467E2475C06C8A7E835A3C0E
1555	1770306	B4D1221A4380619BC2471A25E032846B8A56D0BEA1D488EC3189D59CEADE3A55
1556	1770843	CF459C4E29C4D9BB6C0B45C55E8B74CB7FCC6315D942593F5FC563AA7BE1FB1E
1557	1776154	07AB18C0B3FD98CAC6A6E0983318D3013FEEADA1E2869EA6967379C7FC14CFA5
1558	1780668	E1B8BA69CB416DF41450629B9C4F8DBA8A004CC40C61987097EB40512B61EF48
1559	1780877	E5F65E38FE7D6D965D23FFF8403CE651E2E499ED16E74A0156C1B22C95A39324
1560	1781088	033F60357F6AC5376A318792AA40CECE3E78AC32CC9B0CC06C284396B720B071
1561	1783174	A4ADF7E7E710CFD046994D268BE2B3CBE197ABD87193D46E9884BB17FCCC58D1
1562	1783977	A1CCCA1B3270878074356CD2988A55D75D84C2A8849C6D97573D17CFFE875AA6
1563	1785106	0D2DD8CA20C9EEA1DF9F6E713BDB4046DB92D8173783A81CFBD4B49954A76349
1564	1785585	A54815F86ED4EE4B702F016482308EDAFDE8B2EB3EFF55D784C7BE9DA0F2E053
1565	1786322	DB6D78BDB564CA9E652755332886153D5247A652E6893DEC7A03E88BA4028125
1566	1793387	ED1D20B557206D3BB5783E5A4803130D4B5AAEA1BD272289CDCB0459580E5123
1567	1794999	ECC6570E234B5072136B972F9C27D1DFFC7744D373EA12696BEDFC785CF352D6
1568	1798551	C5AB3DDBC60B33994827545C73476967465EA755C1542119FC494092D3E7A0A0
1569	1800492	3CCCF9667CFCFC30C66DE34956C25483486AA70EE74FEDF00BC9DBA9D822C122
1570	1801833	278C83F2C1C4F2FFF00466307D712802D0CA994788CAEDF5EE81880B557A79EA
1571	1802024	DB7D9EC11DBE56A954DC96716351490220072050CA1EBE218AC497EBD204FF42
1572	1810694	810894BF54C9A2C81666B586A547B837685F6A603934E65180D866060282F3FE
1573	1811191	770AC3A30EC7D3E2CCD4A587868534EFAC169B6155BCF304D7ABB527E3B499D4
1574	1811452	73CF277BC0F7872725C35FF149A89C43FB3C22FABDBC8B6A011704A315D89349
1575	1812220	36D7896A620B9CD86677506C5B5093FCBA3F2800CD932D19BF1A390837BA7152
1576	1816317	0D9F25B0333902A730737558C97B7D2CA32994F30588CD59280E0D0459EE0D64
1577	1816449	A28627AF1A75F23C67DF1F1E0FAEFE1D2B279D287A68BD53B8B13DDDC148DF43
1578	1817930	4C0B47DFE1F187FCEBA4A184BBF11019A72C9E948FB8FA16D149D78B016F060D
1579	1818845	954B96B1B7B829619AF3F35F91852B5CF6868554F55DFDBDAEAAAC3BB4815DB1
1580	1820894	FBC98ECC447B1A416A737CCA1D75D9A5DF02AC46D2CFC7D4500E79569ABDFEE9
1581	1820895	21E551BEB697B396188083F878A6917F8410A0447B105897CA67A1CD55E9F1E0
1582	1820926	80B2669485A54A68919FF267AFF166ACBC64CE7C57FFB7212AE5889B6B63DACC
1583	1821391	FD639177846413EBB28D483AE227684C226E7DE1E40D704B2DD06156E292C1DB
1584	1821652	EBFAE0D298D7776964B71D6084842A6472AE456B06E2B21E199734ACC6204C8A
1585	1826517	1C1911CC65AB23408750A6299463E49ED6DA5E1E08D036F48CF0DD5148BB34DF
1586	1826649	9B11EBA715883E2C4A8642275BCC8D28E0040766EB4B70B58546F2D2095D9B76
1587	1827678	1F85FE728C0237EC1CD27B4A6925813641EDEFF169C356DC2B476BBBDA99A08C
1588	1830633	F7D04940EB601F7FA6ED7F8DE8A46C22CB4EAD5C799996EA59B211F833D6F048
1589	1831094	C8E40B2E389FAB2326296BD37977AFEA9C60AE83B8134BC38F2503062B044E3B
1590	1831126	B57AF4D76A678164F4BD28AE326FF82749906A37545986FE6295B69EB414CAAD
1591	1831591	B5B7CB49741F00E15FD452D19FCC8681B3F423EEAE9F5374FD875F4DCBF031FF
1592	1831852	75ABC31E6B77A404D1A49F21A19953DF7A1B08A4B42A6770E48C2B7508A278A7
1593	1833005	D94F9594DC00DE63F9124BA4CADFFDC835E63E42DE9F53446EA5A2489A8AE0B4
1594	1836717	F5863F3E5849503DEE75CDB14A374A365F91B02A4E9810D637AEFE3BEAC6CA1D
1595	1836719	D800FFA9F03A4CB204C9A81084A8B92076E8F0A599715917523AB6C0E94728B4
1596	1836849	DD768429D237E1307E45D570A2FC65DFAFE3A910C81C8BA57550D54B72DDE222
1597	1836851	46FE18A23D5376EC2CF8E1B2A735EC50B5F1AC057535E36473218A3336E47FA3
1598	1837111	2FEE9C6C148870B08AFB410A91DD2DB62846DA5891063B6BFC11F9004C899E8E
1599	1840833	F67064AE037769B0251B54AE9829D3AB6DFBA35B03FC0621F9506E52DE62A440
1600	1841294	69F0F556F7F3B16BC31A53B12E977D9AEFA9908417C389D2656BE67B48D1C972
1601	1841791	4C59068D6A43FC32C33112BD2A9291DDFCF1F56B26D67D37B1CBA1368EBC5CAD
1602	1842052	8CC60BBB87743E74394B6C490F0F447838622F0F289348EF37732B5EE7C0F48F
1603	1843085	4672ADEEAB1E5903F12685B4554E4CCD968AE718F757582E6FF81892F6D1C5B1
1604	1844687	51044C30B771D46B4011357F92768A6C71AD819EAC2C2509DDF0CFBB41DB3632
1605	1846919	80A3556CEAA9555E6960C3C3703870AD01659CE60189BF7E4F13425119B3AF0F
1606	1847049	6D27514F7F8BDA9FE74FF1B6FE9CD9E91B33E143C641464505D4DF8E305ADB87
1607	1847174	83AC23C4DA9CC3FA99CAA2C6DB13E72A30971DE743505234C4F8B61DBAF2FEBC
1608	1847486	F7519BDD9900C94A260C98AF53885BB485D097D13C52BA57A99F274C1426DD80
1609	1848078	DF754D995A39E8EE8CFDE0A72F49F5D3ED9502DD7E7C13DB6B9A5485C50A4D8F
1610	1848819	CB8C253B258E51B925AED30494707288ED8E6CECC8ED6C0C5F640244905B7C92
1611	1849420	A9E9C5E1DE38F62146CEBD8A8C5AD401388DF6A328059B00A1D1A9D4EC651E44
1612	1851033	28A2285D3EADEB75C4965E6CCA3760ADE1296A7E2361F304D5E2E0DB0919968C
1613	1851991	D0C323863A668826A2FD429472B9DB455B6E65173E2D6E9EECEEF61AFC26521C
1614	1853405	A03F91DC716FD7F836B991082EF5033F2D23FCB41CC4DF5B4C9FEA0789675CAE
1615	1857251	A843296F3B624FC9028C19301B5DD805411FB95EDD0964CB74A7A82D3E9016F8
1616	1859897	9EC8866F9339070BA42F5E0F417A1AB1B32436F80A20348503A4B09F05B75E22
1617	1861233	28B5FCB5F802915C888D70B9CCB49A3DAB0E863C773F9BD351B8F639408E78B4
1618	1862191	F64EEBAD1072DE50388214E1EDB4C07B118B2070FB9A5A2AF6B47478A9B2F55F
1619	1862452	15FB2EEB3A0DE1C80662B5AB1B2B797DA8B104B48108E51D0036D61E26C98F9D
1620	1862705	7EAD41F85CF7F4AEAF31E63BA796DAB210D7A9987B81AA49CB927352DCBA917D
1621	1863017	DD99934A38930E52578A12966A2BB4DB7A5F790B0296968C3CDBA06B90FA1CD9
1622	1863485	E1F895552859AF8C95FB51B86C803CC7C031BA6A0159607483ADE66D65AF5E2E
1623	1864233	F1FD0A252B66603AB84A7A0FE743043ADEF03A09C6CE39EA1E624B0165AFFD41
1624	1865963	4EE9D060CFD93E363AE6EA1824F328F9AC33667E4C3A536E49276F8EBF52931B
1625	1866391	41B2D94EEE6281CEBAD54AB7A42F56ACFD333F6B088C782BEF5EF05DD46C473B
1626	1867319	94148AF7E9DFC3AAB63D4F879B5E733125758D48A4903F130C60EA24E6C838D6
1627	1867449	D7B97BF3DF85BC388A213B91440E138D6245174D6B3D2A9B9B6E4A7DA0E393E8
1628	1867451	31320DB39126612B8F714F26FD508548D10DCB43DAD0F9D36A9782CC14DB37F4
1629	1872647	8DA45A0D2128A39F5783749EABF0F0B42874934AAB22CB0DAB77D95B2A72F871
1630	1874711	E18648B07898FD2377F5BA71AE2C2F96DB8D992773123ED8E56523BF8AD16318
1631	1875334	990F550051BE451FF491D32B1E9058A7767E0D0A2B5B9B47CD149AA3A701C58F
1632	1877095	B82882DED527430BB03DB6544F6314CB02CB7DAE733271E2DCF922DBF8CBB2DC
1633	1878051	4E3F9535A5DE66DDAF6892664B360965613F4C0360A95D0F5C17450AFD4761F4
1634	1878481	B7C6FD27F4C15B82A7D95926DA8FB3DA24D261D1D72CEB358D54783E70CE0D8A
1635	1878957	3012C3314F08D4157B8F317DA8379AC3B0880A77570DF7871BE9DF36CEF4AE4C
1636	1879341	1C458AA3CEB81D8C13826A2D3AEDBA6CA06ADCC8F5CADEEBD53D29999DACFC62
1637	1880687	5360B3575C230FB4F49125A1A43330E93E792566C5D0CD28A1F6BA8760487346
1638	1887784	58F19424B755C9906ABA02E6B700C39B1019ADBA7A6DC4E2AE650352C97799F3
1639	1887942	7CB62D2F7FA85AF62960A28C5B962194E90C503C904D65727EE10C9331D0EB05
1640	1888127	BF1A4D5BF18015C026A1913182285F06C3FD5E9B3A9CA6BB6EA6000F85FBD628
1641	1890191	99D4D0A6D9DAADB9259CFEC81B739D468F8D7FBBD3C050B0182DEE440AF51C9B
1642	1890548	E4D4EC8723A583849CEE7CA34860DFF367CE1020467C087FF5772796292B86A3
1643	1890856	62775C453A4DD0FD62BFB892D59C94073C50A3E229E3968F12CCBD29DD5CDC26
1644	1893110	368FF487E2CE9FB19D2C2F14D6C1F758548FEB2CE545367718EA32024350BD24
1645	1893907	A162046FBDFEDB342517E4F13B0FCE46CF2B26474DC647015B8ED55AA7625E39
1646	1897507	AEFDDFAC49D45CDF67C389966B224ED556D4C671F6C8F8500771ECC8E104D937
1647	1898209	5048B5173EAB73EE74501AACD654FFADBF9A00C5C83BAE64BBDAD03273950CB1
1648	1902861	093E2849D76E260926874CEF387A480600C2CDFA6A8AC32403AC14AD6EA4AD69
1649	1903788	5066FB1C14E8CF906FA48ECC5A3CF974237E6D642E218755E34C01BF63CCD86A
1650	1904471	1FD2C13AB87436E865F558F081F333CB6F2BC5DB6B80E55E86CC3FA07268D4BA
1651	1904474	3C9D11E161CEB07D5F6A8CED3153A72A533FEEDDD1B0671B0FF586CAF08CCA50
1652	1904546	43DE08ADD7EFC751B6B43670C7AC84BE12B9A36F8ABB04EF86A3BD0FC25AC867
1653	1906170	621FA970E0E394C17A8FD1C0974A3AC07830D2C46C2D9B2FF1EC5C5E908BEB07
1654	1908129	2655D00623F33E9E640B713FC34A2C65AF6C5B89F914B2B4ED0AFB11948740BD
1655	1908223	A0A742D08169E3BEC8A3F99F2106183BE228ACA14F9C0320D52611578A177EAC
1656	1908427	6511E42C26A124A6619F6E75073CB55827B5A9B29BA86C3D8F69528C6AE637F8
1657	1908952	6EEC8CFAE6841468914BC91B52898A424F88C6087E85D6F348A41A4EE3C2DFA9
1658	1912557	477E83577D276879399D18C9EE0433CF467AC22C24D4B92CF09F6E0E91EB028C
1659	1912641	73111796484CE3FA25EE5644F4D98DE459AC0E2A3D06CA6BD2ED98888156D14D
1660	1920470	EB5E56013ADB5A4AD78712B9CA5C5131BF4D5BECB9DD6BA2A98688400398D5D3
1661	1922034	8576AAF7DFAB28B4531453D20CA4588A9FA2AC9DC9E66BECD08AC4DF738CCFD4
1662	1923380	5845D274A15523081261CA421B21C2A8083B3E90BEAC4BA02179EC0FCAB19E56
1663	1923641	43A1DDFB3E761537D7E7CFC6CC4B265CB166DB64859B5426BA98C815CDD7FD57
1664	1923946	EF7C22FB7E41E2864E7D0D1DAE8E049213E0A0EB7FA243076150906110815DF4
1665	1924280	A2A02AF7D47A7A45D1DC6F9C40B3FD0E0C8DF46AAD35A1D91A2011367B715CFB
1666	1924865	0E37F91DA533288465AC24357F29D610875BE08210F4DE52F292592DF77D4E23
1667	1925361	3AB729F6CAFFEA9419DB216C0999349DCBF1CF5EE0F74CF1B6EE8B36042D9674
1668	1928903	FC96D3C0726FDA47CD3872BB39CFE806B2FA166C8A94E9CDE515BEE90EBB660C
1669	1931987	0BA39CB1E4E602C884EEEEA4D7C27080A4C5F78F15817D11AB26A83A11B31560
1670	1935729	E145F0136F93A2376C15CAE3C9105B44B75A13F5349BE8E31A714B6C9CC32190
1671	1936114	6F1CABAB79DEAFDA99A10107618A52DC9C09E73FEB76B042AF6F00B03A372152
1672	1936178	86565A538B669A0767098EF2178929DDAD79CD11046D3A16B2994047B1913F26
1673	1937720	DA1BFB44E6496AB391DFCB5FF100A9C77E6810C3206851D11B645BB94B81DFA5
1674	1939089	5028DD0CFCC5F0CED77728806DBBB926981A1338D2E0C7D5BE36789F98B00C9D
1675	1941183	9077D0667D13D1A14AAB8BED6B12D1CED80CFF154F3FA08C2F7B39A5F54165E6
1676	1942276	BF2305C50D20E139952A924059BB0827547EB9E82465B18E9CCF37C52C8507E5
1677	1943836	469901A70C89D1A1C87548CB11F514445A7FE0D6CB7E89CD9FDEE53817836E2E
1678	1943985	06BAB36B4FED424E3C5E99B8925668E2156CE2F873BCAFC389B2F9A12CB037F0
1679	1952640	A5B2D1092C3D83604014D21EF7BC16761F066B35382C00DC1051174580C74318
1680	1954002	742E0495016A2211F5CE6C0D9EBD4C574FD4DBAB92EA54405A21C92AF71B4A1D
1681	1955248	5C2304462D5CA64CFBFA5A197241782F950C643142CF8FBDD96CC7E5612CB2BE
1682	1956404	FA248121FE5F20C984C7C240FFA4DD27EC26178B23D897C06BA737FC687D0136
1683	1956640	846C638031CA90239919FECAC611E33F40F05E072CCCB9E59B22B59A58C68E05
1684	1958972	CAB059D3D0BFBF7BF8F8B923AF0B49A81AB3D3B7B386251E5F25B0490DC5EC89
1685	1959426	1F6B33F8FFE0A17DC0FB6B4790FC30E76CA2592E7A68A64FFC82025436EBE92F
1686	1968049	87918F069556004CF9655209447B6C2CE530EE4F1C1ED1A3CB108867760D9DF1
1687	1969482	6EACEE6BCEE411584F246CBB4BD4CE5C70E02707DA2C03C36DE14FB4DB9F12B2
1688	1970728	EBBB9BA227AA4A8F380A3A17A0D2FE7CE3168C1711ABA54AC31564CA5D589833
1689	1972080	3083D88E9EA7AEFDCD59CB97E050C65D3A96EE03599C89DF688820FF855828DB
1690	1972756	F6E76997ECF82D42BADC59AC571C216CE239B3AC1A330A5385E8E71B679DBBCF
1691	1975936	55AE06E4988F1C03B5F1BB1DEDBE9E247AE43EC5DAF1FC0D368267AD9191BADA
1692	1975937	26ABCDCCCBCC71721907F00E9E5E2BE2D44B5C70DDB974AD3F6997730F95AE99
1693	1977398	34435B4D2C79997B012BD1F4FAF69DD184EF6A508E43499ED7AD9F5FB5C34183
1694	1982156	76C97A42483A30AE794ECDE2B03F56007C56E89DA0551EFA6AB020F91720931F
1695	1984160	485C6BF705591BCC35685E18195CEC09470141FBA02A9A347838F2F11EC01D33
1696	1984392	3AF50AEFB66074327C8ABE0B5592E19C3CFD153476946C1E3D2C9DF78DD96B4C
1697	1985102	E701588E540656855EADCCC9F7F3DA253EAB0272651A1FBB6266C30EEA9C971D
1698	1985300	B7F50D79A88068DCFD333C2295C025052E4E26141A047314375E5BB390E10107
1699	1985529	C15798B621EB2A5CBA6CCC0F3BD37095D94C7E434AF7E7C1FCDF98C54BEC9406
1700	1986102	EC38E8D3F40094736BEC363E7C42EB65BB39A64FE1B1CE7DAEC1F7BE78FC29E1
1701	1986260	A411DBCB252C3A13FB91F8E1B44B384195FA8D325F8C0D5F175E304B9DD6AD61
1702	1988983	D2D54990699E16FA193459556CD260772C24878A598E06C0C531203037321113
1703	1989773	7CF43878299AC5A85DFA227DCAB7CB67A8ADF4B0E43386FC1F6BCBEAAE2E65D3
1704	1989872	E44D99C30634AE3D3C86CC887A50A85350C05C82D2E6F3199C4F39FE4943EA09
1705	1991525	B825A96C543FA9DC13C083331BD87A3034678FB309AFE3F3750367B5D86BA647
1706	1994585	C7D580055AD5751DC951303D63D38B4BA2A574D33B917476495A14C24ADBA389
1707	1994881	F6DD78A91C14FBB03771F054C57A9E43762011377F150B0E050E3C83EE9A1F9C
1708	2002353	9CA0CCDD11F46B5CCB525DD00570C0804FA3A003770BF3C46211147BEA6C29D9
1709	2008503	FEEB7C70CDFDEC4E00C32C5193F2C5223A18FD9147B83638D187544A9BC36E19
1710	2011736	29D7BAFE21D08C07FDF50F80E699A5799D61D4092F06C780AD12A57BDF8381C8
1711	2011761	BA76C47E7657BA5F4256F47D87B02CD9BAA6536BC14E090A95AA1F501BCA8D10
1712	2012069	53CF53227B26AC1F41A8AA510303216AC588D6CC556AD75F12C71C0055545327
1713	2014311	CBC0BCBE3B91A3A5BD8AA26DC082842794AEB44BFFA98F0BCFDF3AD2D74F35C9
1714	2015825	16344BBA526E08F18016EC4BB8B9263A62F040BCF612855E0EA28E4D8E161EDB
1715	2016111	6165CD2BD4E861FE645A50E598DBA4C5A34B16A189ED5586110086A5299B13D5
1716	2016149	79BC9A8A45483599AE2C19955B26E138386FE545E069B91C8DEDFE5B242108CC
1717	2016639	24D4E5482C6B28EB84D8DEC843F83B877E9683E02ACA525F1BF7C3175ABF2A41
1718	2016697	70D47B0A410FA7C726C054F41876C2343A9389D2037B9A276EE9B8267562A6AC
1719	2017449	ABEDDD92849E041A8765C3A15E8492C5951656B342151C18769BFC48D375A62C
1720	2019933	7ED0BC6511C1D67685447491DCBD38AD67FAD4E9DC11BDE7C752F2F2F0AE9327
1721	2021300	0086CBB176952384113944EA1F78251C2F3B4D5F6EC4AD4A7F691A66D8F5713F
1722	2022219	26B1F2962FDE28E00A3B16FE742835FF16AF24A0CD2EEAC64F343D15AFE79178
1723	2024647	FE80989FF1FB7A17330E71478B399F77DEE11ED35FADCFDD5F26738B68E6D61D
1724	2025847	191F2FC38E2724A487B995A890072CD9E6A9A8A9F1D35F9E22456FE529AB58BC
1725	2025885	22752498DC71B701F65792BE01711614622C4A7CD8E6FAE38C8FAAFCC5D2AB9A
1726	2026772	F88DE8550B095F3FDE10ECAADD8D73323899A2F6E6674BFEB3BB514F79781AB2
1727	2026773	FE90388216131A6DE2DFD3CBD17DF468EFEC916EF62D68CE4FA3C2F7CBBE9518
1728	2027216	DA658299A9FC5F2DF41DB8A4AAA6A4B603C6AB34EFBF57ACFAC571A410F89882
1729	2027240	1A52E916690A89371FDF2818FBA7FD153802ED495859C669DF287A7CC2503755
1730	2027315	9B3B25DFA6351FD30814A8AA9878621B2FC6362FF8385B811B52DA50C032BD94
1731	2027339	5C4674745CB9360B92F0A9FEF9A5393E007168EDE7BAE006A4B903F43107659C
1732	2027340	1C58253AB4F60305BB4778A9CFA75D177CFDD6A4366D191CE04729D2798F3F97
1733	2028073	5D386AA46EC20F3AFFA03C75AB8833EAA8A2279459908B7C90842189A8A148DE
1734	2030596	D6854C38D3E04532DF6DA1AA9CD99C774B0D582EBB770C5A0CDBEC14ED4A8C83
1735	2033145	EDEC0000FD4374AAA99705AF834F9E00A468CCA040E9A25CE11B5E52B9888A7E
1736	2033760	631A6A03C3ECB485505A1B65F08C15840A0877D1AE267691C59A6A315B335577
1737	2037767	7E7C90229583B5AB3AC10E02EDAF653A6F0D9FA81AC614FB80320339DA6F333F
1738	2039122	24C2EE05B054A93A80DB6FFA2B16073D73EEF80046E8EDCECF260F7D75398B66
1739	2042999	52D5FDAAE2C3DD01DBAAF55277BE8F5E286459AB990CF4684C53C340DD94B03A
1740	2044917	35C470E1A59E7374CC82A2205778E327AF802DB5670CACFDD88FB7ACD7D56C6D
1741	2045271	913C83C615E920B9D7C36A4DAEC4EDD30171234693DB5EDA07C3AC78D1FC70E7
1742	2045823	E94DDDD2381D1CFCBB92BA737B0B63E24CA0FE639FD4F23D89BCCC5FDF5E659B
1743	2049417	A235A19271A05D9110C568BE436889487E6A367D4F8082418FA978D1611E2622
1744	2050997	F6ADFA6E35CFB81D8658A753798E771190AA4C92EF1C4A507DC58AA844BDA025
1745	2052521	91F69C9088D4746A6B45D714BF1066291770B86733721AB043C0F09D8B0FB3BB
1746	2052649	F6B6586107B6E803D544B0D623D92D24B650FFC6ACC6DE2C05F98B54EBEF2AE1
1747	2054911	E158480E0B054861552A690C6B3A781360101AFD3A3E44FA9CDCC1C1E0636206
1748	2059021	B51A69953A9BDD68BE93080838C0B5701DCEB0C9A30758538FFAAE3DE6C51ECC
1749	2059033	BE12C6CCD5C7EFDE50582FF4DAE06062A2D094BE09D8C60E74890A9B5266BD73
1750	2060058	8511E803DAFD07B3C6AEB992EB2656C311D9609046905621FD237334C284651C
1751	2060948	F7DD02987C2C1D58CA6B892E6D18EF965B01BC4B7A9DDFCE3FB90184AFF17885
1752	2062335	5E76D757A7E61F97E5E1CEB4DA10D4AA22466639564A11DD8890A52F7B305387
1753	2062554	DDFEA4F1849378E469F0804E4F642B17FCDD390276E8685DE984932AEF0C1B57
1754	2065059	561646F1631AC2C388A6066B51D9D0199B64634E6001E736A2282DE693952EC9
1755	2067911	FAB8B87FBE2B137B3FA6E481F4CB7B64263544E5514D52B12C65F5D63636D928
1756	2068001	E1962B0BC0D3810E99FF9F658E534ECF92925D8BF27191F755CABDFF5E7A5252
1757	2068765	A2837152AE6D3F65987ACB459083D49603E0C970440AE65C6DC279615FDD8C67
1758	2079744	CDE0DE14BC561CDA63D0912E6A5500C0731622F139AEFC19CB4FEB634A2865E9
1759	2084294	02D5666DC733CF55AC1AEDA4367B4DA106F792B626EFEA57B32109209A0CE1DF
1760	2091737	FD3C997195501F15EB5AFE0C21EEF3E3F68C0135CD9BD272272BAFF1B6D2E7C9
1761	2094614	51174F9AC3882C4E4CB7950F7BCA2A207DD1CC85CD20E24ED34A4919432EE5E4
1762	2094726	DC96218C5029A48DFB09D5EA1646905FD1B7F1D2AE029E4DF3E3DD3B4738C18A
1763	2103665	DC49CE58EB050402EA2A0A4BE892C750EB17524F8CC94092BA74C0757E031E7E
1764	2104207	3D43C3326336C6E949E97C6983733D7A3C8444EE330DDBD3AFD0BBC079F9BAD2
1765	2104510	403DE794A20FA267B8790C0A4CF9A044031C2D2E7E776D33A0CD806A857DB28F
1766	2104810	02E639DBDC114E0D73B2BA818338E5C25D5C1091295F5C22CABF26E8FFA8DCFE
1767	2105541	6270AFD4231374B91C97F8567BD5F1CFB2FCA6BA852DC1B9007926064C04A21E
1768	2106013	E38776EBA908DAD848EC542079FA2A1B63B40BA64B62033002632C58A6CEFB4A
1769	2109773	5DD5FB0F4607B8B1EB8670E8900F391699B56539D14749E20F689CA320B02C1C
1770	2109845	2D0EE52F49E56CF396EB1081203E91F3938A8A7206DF6F23B808321B49BAD705
1771	2109847	6691ABF083D9A51650B39E816A28DD8912E16797258E9A6F88ADE680797D2D6C
1772	2111809	B8ACADA55FABB0550781D5505027F62BD571736B0A4E2FE507E5DAE84697BB5C
1773	2111892	EA1FDDBB7CEEBB56431867F6CF0B12A24C7253F7EC0455D32F0F2E62812DA789
1774	2113049	7B295A9A1CED846C45E48CE072CDDEB42AE2DC3F93FC50AA7D66A02AEE760E90
1775	2114407	7874CE0AAE89C749A6EE6141D18FAB3D8A7743FD36B59B1348D7E69BCF581328
1776	2114678	4C7F6AA63B9432DAC197DCC6E56A7AFDCEED80AAAF94468DDA2165B5D1953BCE
1777	2114679	4E8C9A2A5C69AB7A8167827FDCFE557E4592FABE360BB7EE9C753877902BCF70
1778	2115741	68D6CC3A58D933897E9B6DA9E018C9107D50CB1A990632AA741F99899ADA341F
1779	2115828	D4C81791E1EF28F27744A65565357A23272E9614A805E00206347631A11B80D1
1780	2116161	88FD33A399AD6C426AD0082214038D9DFEE37714B55640F5573AD6E2EA0D94F1
1781	2116213	50901A75B6175791A610C4C578E6B4FDB6D358B8E14E0D94FC5FC5F19C6B75B5
1782	2120045	45D68B5B26B4169B2225B6DEE1DB9A6F6D0AFECAAF306042AF16C3C8E69D9CDA
1783	2120482	8CC3EFD01668E527D91610C913B64F6780C0FF5EBD5625ABF5DA87B521DA327F
1784	2120933	79E0C9FB4399719A995C4D69D7D24963C2D143DA9452556AFB9A17CE9C0BC0F0
1785	2123335	2C0C4C38DBCD97834385C5FCCF1F5C3F924D5260457BFC654FD351BB7BD2CF26
1786	2124065	39B9B4E1A389488B55150A0BE42C83F4A72E5C7C330CEE4E4E672B84268AF87C
1787	2124607	A67E7F6744B545B8194F24DB203C8EE9409553203BDB7CFF16B753933B01126E
1788	2124878	FD38CBE8BFECF0E0421E69752363B8929603269AB387777AA8934A1019312F4E
1789	2125210	F05A0B86E687804451FDCAF8F8293876CCB37BB9075E617BCFA71B975D200EBE
1790	2127341	557503184E063EF8F282F981725D0E64F9A04559C11967BE59197E5A3C736111
1791	2130245	1E543CBA0E9DEE5551F6A610224C44D64482896ECB41DD9869CC20CD59589ADD
1792	2130247	79035E62CCB9A8086659F43BB7174F3848130BA52C6E384A7CD7A662EF20C5FC
1793	2134807	26F1F32113CFFBC24F6BA11341A2F1B0E68F918AADADF7A4BC6C6C4E43B8932A
1794	2135079	638641D4E9A6071BBFE865942B7AA85A3957110D80F05BF0D96DFE063F2B6198
1795	2135110	320CBC644035838DE4152175E4D2D8AE4B15399D3B13AFEFDD9721388F11B8EA
1796	2135410	59C8B74ED613381843324B38EA1B8441D085CA251E3AC652542A9F0F4004507D
1797	2135589	B4BE9887B35A67B5EDB8B0E2E02A0AC0B59514C3BCAE6ED4582FCFDF363B85F5
1798	2135726	C7326CC1BD308DE746C68ADCF712F53E300E18B828219BFD6EE74F4DDA6DEF12
1799	2135727	37871B1C47C3271FD51A13A4A72D7F0B9D135D39A38E5CBDB43AD5B24DD619CB
1800	2136228	150267CCF6E5C8238614E09FFFF57203F125D56A3AF72FF20B866FC676639787
1801	2136706	A1F423F7C7925E70028CD530AD04DF2F2BA832565157B5D5430C220E1644C913
1802	2137042	5804A7AD2D5951DCDC91535961F62D12A6857B1D2112D021F78DBFD8E5AA82DF
1803	2139289	9771C5F93F80FA8891544F784388F4F463CAEB9A26892DA1E22D542B8E7C4B1E
1804	2140447	7D518F50D92311660C6023F1A1936CBD1B691A30FA0CC15273063EA0B4083589
1805	2140622	2527DB8581C6E4F2F219D88D19B435191CD43FF5C4BB33A09DFF7E21E42F31FB
1806	2141098	1105EB5FB74619901B52F1C6B24541139B0F9D11704A56237F287EEEF4F99FB0
1807	2141147	EFD303D64A14177806F8CEB2477BE39F3298D2055273591D1704908BE0815378
1808	2143765	8A982FED11C6AEC08B5F37BBFB6B7DF3BCCD87B5787ACE55DDFED64A69D0EDCB
1809	2144465	8B419CD4D54F194C21403355F998BF5C13D855BE38ABE00960BD5EFFBBAE0A56
1810	2145007	0BE16714DF37692D6AFCC4597D66C25DA44186F752CDC23FAED02A7EAA864B85
1811	2145278	A4A869B05CB3658CF7B6E1A851FAC070957442FC5A03DDB8F22DBA9E9A101775
1812	2145610	BF388D15931CDF973BEFA389A551E32AA382886360945290EAB72ECDAD240055
1813	2145927	FAA9FB8424D7C3F1611FB5B23F2D4C2D897726496A93603613F464876CBBBCB1
1814	2146813	DDABBF55BDD288D1A6D1CD48D2720F9BA45CD3968B1DF4C2B5CBCE0F186AE5B8
1815	2147242	F2BBDCD9286A9E33BAC16E0AD098FE7B2D202A60E849B9CB04B5367E60A8DCDA
1816	2150575	D780B52EA2591C69AE1188479ED386D6576B10F05B2062D6EFDF8579A37E9435
1817	2150647	055DB17304FE63E35DD1B03F373FDB689BA1723CD9D2A01DEEB86FABE8E5A9D9
1818	2151470	0FE44E274C247DA3A7743F1A12E66816AAC22E4DFFDE84D3741EDF8784F215E0
1819	2152905	E116420F61E2E71CBA610EBA13D990073930497676F64AC60708260EA41A0D2F
1820	2154665	F73DAD03FC36257B4760D9F7BD9FB8B98B6DCF731DD7B4A17E010F599D52F8E7
1821	2155207	5129BE62C89E5E6ECF1CD25EE51B993BF37AA21512791FB1EDA4AE9046852863
1822	2155510	0D4DA04040848C97626F5F3433973B7136F218E787D295A78C8B06BA479189A6
1823	2155810	0C51A0C38A3154FBC845172B45C88744ADD4FFC25AA50BA068F67E269002E3C3
1824	2156127	C8ACEBFE3CBC5781096F124C8EEAC69188F23168C810BFD0BE408366FADF12F2
1825	2156541	06D65BAB23568E1980452F6E60AAE23A4C1B8DEB9DCB45FF5325FCA47706162C
1826	2160775	35FEC6E907D44148B7A5EAA07CEEADF00F25341AEBAAC9A52476B7998E059A1C
1827	2160845	76E9C0C27CB3D635B8F6CB5A4BF9C32DFBE2C2764DBB2FBBC9DDB19F1FF2371F
1828	2161022	2C76D4B5CA14E967C176F4BB8DFA1B660C84856B49F61EB68DAA22FC71430DC6
1829	2161319	EBD073CA0F84CAA1BF7E6392E7DF9E1715118A5E4E269CBF617BCAA0735A7DE5
1830	2165013	1FFDB22ADEDCF4A6764FDAD3CFF48CDA46384E80CF57E717FF9C20175D309591
1831	2166144	054FBDFA8913A6488E4AD2002F253B208C44FAF5F166392A4AA9FF05A87E4E44
1832	2166653	BD0301E875D9AF565C290217F1A583B0DD2E53A8DB5833B429E5654A754E92B1
1833	2167057	D0E90557C48A3B30E5AB268141B5D1D5E6485536486C1AA1F3BF64070A5AD544
1834	2170106	BF462F93A1F8DBD08AB0D709AC991DCEADCDA67222F78565FA5E72637CE6571F
1835	2171315	829ABD32A04335C3C9A45440DE73E12EB3C6591376A6B1D40B8D72CADE6A15B4
1836	2173564	FB57EE4BC4EC91882AAE467FC36874852D7091A6CA11104201DCA7033F9C8E6E
1837	2177003	1920416AE31FE635187BE7BFF1865A16D7086A7C4AC26C7B20A6EC7DF3F0A8AA
1838	2181410	597402A831105ED17CA121E45C3FE4CE4D8BAA0EEB27781244A043368D3F364E
1839	2181650	F42FAFCD1E17E824543E0724C5865A0690AE9FAFC20B59D438F38DAC0A82E7DE
1840	2182148	8E1BEE270DAB6C55B9EB4F9731AD5474D2203C158A7187DE34D5BCD5C0F90913
1841	2182540	EE4635547C7F203E9A77A2A5D6B4C9B2779333EAF9FAF14215EE7F6AD2638129
1842	2182546	9B2225AAE4CAD99C5FBCEDB3CB947DBCDDBA1D831D7A8A645180731ECDE471A8
1843	2185559	CC27473E8689D9055849E24756F9C7E87899D0170E620A1401FFA308AD06AC30
1844	2186641	23E1BB8711CFC414B39ACE43BD11C294DADB5FCAD535C086B101D674ED20E3AE
1845	2186741	836B7DA1617C8953D26BCD00039FE045BA18CB7237B00BB3DE51120FA793D07E
1846	2187885	150C2D4CA542D3F9739CE6689EFC41057F427AA5F293F84869666B80C58E0A54
1847	2190499	CF682D82612DC6F5D44D114F40CF4104E285C270B7F458A63CB4FF88676C1735
1848	2191035	B6CA42B95D213396097ADAC9CD4F747C13CB71CB3F7334F5154C5B4AD41E5B21
1849	2192185	496F2D488ACDFCB27819515D87DEB0A78948E080DF74458857F094D2A2AFC317
1850	2192443	8F941A4E41F84D9CC8AB6C3D59F68A901002F3F57D7B4F6C98AE483A4EA5B30C
1851	2192483	9B1A52D2995E8F830F38BB60723DD3A3CA4717EBB064305437D617642091B92F
1852	2193931	C99B8531DF2446ECE11B076B96B77F4AEEDA2873F35EDC5AF2C3E9AEF8AD7724
1853	2196676	70605624B1BE62B99BF55AC33A1C88FF11A7B5EC3CF002858247741D8B97DE17
1854	2197628	A6DB10F3FE9072FD37DD848CB3AFAB99F58EB6E79461F17FC5D2C999DE8186C9
1855	2198251	A82FADC5716CC54D78DAAE83E70EA4FCA20E9E781DC5A02670F3535AF35885AF
1856	2199069	EA92A22DE1D143D80719166DD6F4A5756FDEE926C30752A886BC19BD989EFCA3
1857	2199344	7F5BBC362DCD4918B008404BC2F0548B10AD7BB946F87972A0594728100D1E6B
1858	2199718	D899AC7D4B9B66725EA9794E507672C7F56246B851B390CAF9A16A4CDEFC3E96
1859	2200037	86427269A50C706FDB19A15C263F5C0FCB36CA8AD2190040C9496339C099997D
1860	2200107	3EF0515BFA00527D045DB7FE579D0B313FFD84C5F9C40B6F7EEBA9D201A51579
1861	2200742	2F33D2F3F59DD8DEAA96ABB14A17A54E984CBF28CCAB01BB910EEA111ACA7D05
1862	2201988	FE16E9B5F00908AADB26A81705E225B4078585D7A7AAEEE46C29294926028D7C
1863	2202399	50114FE98675BD63BE4744CD233C69F2F871EBC5C3133CFF4887FC461CFBCB7A
1864	2207963	4A02391B199051D2423C2EE6B42C6748DA1B801D1195BA9C5C62D9B1270D0402
1865	2208011	BD735292AF43079EFB681A22AA8F4F5173E7409B108EF154B3F9038A41BD30B7
1866	2212181	0D08590A522518BA8411DCA913A8EE5674B35DD64D093F94270EB2C50365BBBF
1867	2213093	F5A99A9DEB58AA8C01C641F232C51DCA5234698231E0C42D9C0790D3D367D913
1868	2213108	FB245560916471837D6A7DF4AC3259CDBE075914D69381E2AA525F772D874D5A
1869	2214365	9DD3E8C4B2C33F5ADE65582C4DCBDD22F333F4C27E04F6C24A75AB2E25C5736D
1870	2216851	828A229F895A95303F1012DA7BD03736FCEC2503AC4B20C10DE9EBE8096E6DDE
1871	2217674	269791C6098CAB898559928030FE42FFFC2E54C58DA57F3216A3141BA266AF40
1872	2220547	0322CAECADD3905BA3B815CAA1DEEB2B3645C34C8182803E2E0E03EF9DD76EA9
1873	2223996	5455BF2A9F70E239C738AF79700D48A1ACCDBACE9D0721EA0B5CA443B1B66EB6
1874	2227736	1F1EA038B5129B9A8BA7F575A73B96CC7B92A5772055FAFCB5D7B2FD7A8B474A
1875	2228167	C9B4A57B2C1B086777C52B5A187920D39A30A29D6C1D6E1B8804B33A59F54D84
1876	2229735	8B4AA1DB7A3F253920FD9E68E948B02F102F85837CA12AD4237AE679B8F1593B
1877	2229853	4CDF12A6BF6BD6501B6443F1532970DD0DD1B864D33B85264D1E802C40D43DDB
1878	2231386	A6BA516F337E38419B784B5447CC14BEB3B4DD705F41132699CA6A52B294D823
1879	2233661	B13E840E6898BDE15D929FE7A1C0AABD9DA6C9C1077B5529378E624D00AF15B6
1880	2235943	B05F6EEB1647E0942C488B639849814BA915B7F8F482066188D131D39ED52701
1881	2239261	BE74FE65FFBD05B1528DFBBE8D11261AC05EADA3E5DB8DF9CCA71A4191265D26
1882	2240647	5728E60F1B7E9F1E2F7EB2160CCD16366794F3B2CC44D5FC8C52D7FFF5DC611D
1883	2243216	AB3FE427F9714158E51B133C1BAE7C53648346B0A03236ACA8B82502A80AB6F0
1884	2243339	CE755E0F69C2B84B1B8501F70D6048A27BEDA144C226330B08F813B32794D934
1885	2243767	6860A7791A0CD4413DFADA10113BF59DBEA0528950D38F8B2ED1507D5B43BF80
1886	2243953	A3A2CF5EBD97A525F104F1FCBD75678FAB509A98BA79ABADAAD476F19566C63D
1887	2244062	99F5F8635EA49938155D1625E3DF8E4D04A692E674F69AB4EE3B6F8F66AC8419
1888	2244073	B1CDB895FBFBD33D48CB2B705221AEF357ACD2248A71FAF53FD091C9C978A24B
1889	2244344	FAAE17481D1399C9A0AAFBDB4BF4E673B1ACAEE68CD37036A3521F3C5250408F
1890	2246579	EE12AE7A18462C7AAEF0A45208D2788B3E03DF7969FA02D9B49CCADBECA2F298
1891	2247180	A2A088F49A4503DF0E9BD5349E2526EEBEDA2FA908D9A368D32612F51C0C8F82
1892	2251971	E42C9B2E72E0FDEACC7DFFCBD3D7A3CCAB49130220F04633DBB0C6C58B7B55DB
1893	2254897	C3CFFD7D2740FB5CD0C8DF5B3DAB6A29D2886DF7F20CDEDEA5FF91EBB82C87A4
1894	2255445	5FC44ED0A0D748E38675193DC507379EABC738455D948F4E35BECAF7F3FC1078
1895	2256265	3268343676B2A298DA986F52931F4FBC835A3AFFFFCAD247B207B22433FEAB95
1896	2256315	6B1D1370F57415757E27B1733F5737FB617AB63BC43A22260DA0903A4C82E916
1897	2259543	B7CABFAB81ED757AAF865FD4798BDF75063DD11D564741D1DDE62EC806F5AAD8
1898	2259759	34B31013653180AF65E46BC6804CA9BF0554A7EB9B9E171875EFBE795D9534B6
1899	2261973	DD9B3B0CDF882A8EBADC36FB6CCFA5A4F3658CB7A32A3BE7DEFF742DE984F341
1900	2262031	A6C5B204803701998B4070942ED550795CA01CC5465A1DFF12AEBB5481A820B7
1901	2263364	DF372CA4B4C3137D1845F016B77816ACBF78D3983E791DFBF74E493881CE1948
1902	2267809	06955B81524F2EE20A85FB186ED25C32D197C11A30F61E8D4FF65056D9C2C784
1903	2271745	23C6199710EA389A0EA0629BD2F06A8EE5AFBB95AFA23411CA0F1E7434403D2D
1904	2274275	DEAC66FFCE739CBAAF0286758A5FBA1CF84C9A0F59997F3BA460CB6C6012652A
1905	2275023	8D459F5F71251E03BFD36D23971919E0A410E3748CB9E33C5F34D78878BC442B
1906	2279134	C98EA98E683C149C67B4139008E9CE5FE13E2D5C08C0C3C7C6F704C346A3CFC3
1907	2279252	701D5B8045BC13C9A1CA99E4670D9CAE750F9C1FD969CC22949A99C502A12949
1908	2306939	4FCAAA20D940FAA3935F01D70DD18CE68F7645660BA7157BBA3C7B82B54896F4
1909	2306978	45DC6302858D699BF439F87190EAFB59FECF5060AD92EF562D610B3E34BBCDFC
1910	2307591	A0E19665997A6D1D6F86538DC4AB92F8A6351807623362C5AFF447C06DD928CA
1911	2308268	295BCC6BFDEFE8795C0A153B503E79654B2B79CA3592A4E85A3D3F7013742380
1912	2308904	C7F0BD5CF5DB2B32F9B14E66C35AF05A1DEA3E586BCD8363194CD39D01C3FA30
1913	2309047	5FC91EC4B9F4C870EC03289CA21C24A824ED3BAB8C6157FF8067AC3CBA1BE12F
1914	2309222	8799C53CC88917F4EB82293E8179C6DB20BC06A11F2A35057CC91A1FFC2AF4A9
1915	2309323	F61A63373F85B8F34F8D0833876EF80108A5259AE53996EC335B4AD0AEAF242A
1916	2310621	DFF7B47F0561040C6864D8F7621210496C5B75C6993D43400B3B41ADFD0489B4
1917	2312797	7A96DBFF8C507CAB593FCD891181AFF3DE24019BEA921DD8A33D723DB8D030AB
1918	2314262	DC3C73A9865CB336A135A41A02522463F017C1BD645C7EBEAFAF7F55C075F772
1919	2315776	35C0E1269DD07128D42C2826C85F6CCB44BC1914DAF8E9287DBCFE5EB92E49BB
1920	2322165	DA82D67FA6177481F201F85FA7ADAEA621CA38EAD5DC85F26C9FB027D2A811CE
1921	2322441	A6418E0A70139B2B70943D4C9EE01008A2CF19E5C3133FDA8250F39E21397935
1922	2324214	1CB6F3A89F9BDC35B7909181D18A269BA5554158D23F80A76351C715AD69C8A7
1923	2324232	4F43A8981C403FB1E18ECB55CB7F7A1F8D321A179D6D37639D0C923CC0DB35C3
1924	2326171	A326CE969DA3C844290B23D3C143E5FE83F2C90B2147F791467B54B7186C891F
1925	2326843	479C64B4C567E1768A5719FB2AF3CC80EAC35FA7131F1823887A43873B30775F
1926	2326967	D1789C9691055CB192EFE7FA02F1C686177D8FB98A534C39EF5498B3778B868E
1927	2328662	8C4058712F065F10BF15E320F937947D0154D933D14CAC0D673027D84B02DEBF
1928	2329017	19A57AFE8119419181AD2B0E5984B08B38D42CA76685F3499D4279AD3C59C004
1929	2329113	873AB278531BF65308480055455E937F0E552177D7EDE4613EFA4DBB834EEEDE
1930	2329774	81BB3504E2FB9764A27D0D10F21A6E87197ED461840817607ACD361B3F5D7788
1931	2331256	BEE7CFF51647969ED2AB596054653BA0171F978E754BDAB4FFFC7AF2E93F2268
1932	2331257	96FF6B1C17BA7B20D870054E1DCF8B9466353526CE58AF4B9B0D412607E21799
1933	2337829	6E70F58062731B02F2E0C8FF2A3760D4FE4D8E0978233910AE98A2AF8B0CAFE4
1934	2338017	E3630E9CAAA92E83537203AEF4F8166FA931F1C91977F74390349C2E3EA9BF62
1935	2339134	10FC68177A239CBFBF2B9F90F9320B8D7A4FF8C6A0015010360E434A6221D0F0
1936	2339694	A29DC94B5237CC4203EB6359B8837FF17BCE97987D98019B9731ECD21E85C0FC
1937	2339712	CDE5D89FE9F5F30C4C15EAEE9A0DA39B4CB96EE56604A8CD9EA433254C443F8F
1938	2339864	32A36A6AAD876784BDD8DE2825332619FC08657734E81E48FA549E0EC57027E8
1939	2340182	F5D317E4B7D786136181C347F2755598FF0F5FCFC3DA65E48079F0CF21EDC9D2
1940	2340232	218B4A50625B5071B3B073F3585F0D22F99A78B54AFDECC23B3E28D4CB894B5B
1941	2340282	2884D1A0F5D5ED6C4CC5C14A4E5E356176D7C72F24C6DD75295624A98A7D57FF
1942	2340549	4836837D3E3C47123B5244FFC4843E1ED8FECECCF574D64184252F678EE4BE49
1943	2341529	A3D7CE618885CD52F36DBF73A174D4B306039B0B2B1CC16A0C37DF78724BD6FC
1944	2342920	E127F8AA87EC20C8D0ED0A62A2FE6B229A892A05EEBF0629047E07FD1D74E21A
1945	2342943	D774546CF3960500BCEFCAA3346FF3D9B6BF2C0EFD36195B0658156769D3498E
1946	2344279	A15AE83BC0A555232D6F1D9DF40FF54F81EF15910C671B475A29F18B19C02200
1947	2345222	A5E10EE9B6DE658A244175936A4E8CA6C62B823EB8BA3E561EE17169ABDBF70E
1948	2346083	41351A342503534712488C84FCE0F77C32AD54669D46CC17D842D42F9203A1C5
1949	2346737	D525C312CF17316B105E487B4C313B036ED8FE88DFAEFEFDB68682B11CAC42F0
1950	2354614	A3F2CE2F865CA05529B802666BF4753496EE1063F36FE96D3049966D7CDA4E70
1951	2355192	FCA0187033D3E81EEFEDCB9C8A99DB6C2481409660975ABA3ADAD6301AF2DEC9
1952	2355902	FE9B5CE2312813B487E0F3D22979F52A0B5C3FC898858C2DFED14669E4372620
1953	2356902	7D80CED80BB7B822A6400F912E2091A37D3976C6D986BC6E7D6A6FF441ADDEBE
1954	2356938	1BA6D998FCB150B44AE27D8E8208DD7859B7DCCE6BAF59034839AEC098784491
1955	2356958	8CC43AB3E71B16E6B50A35938077FCEB9D1058B412A14F153372E3D2FDBEA111
1956	2357009	BAFBD8C282890A207E0481E1FDD4C33CF26D7AA569F4B3F80EA365C48752ED14
1957	2357714	E102B92E01AE5530CC21AE399B14D5AC3BD6D1477AEC0DF977ADF33D2323B1B5
1958	2359037	59083C16B05449551D35F1D7D451304DF91925E381537E04C77597360CAD1C32
1959	2360073	F352C6C607A1B40744C462754D0CBAF55DF9CAD32D9DE4733E070E4C117B58F7
1960	2360277	A407FA88952ADBA670C3157F839BDA9880B6A7318EA855511977593F4CD8FBB5
1961	2361205	645E916BECDD3FF2C74E758BFE016E30E019FC82A76327E7BD5053437AF4446F
1962	2363690	59276788AA7CA8482884D541090F5FBDBA8375F87B5AB14FB4CE237F6B83F016
1963	2369888	6D3953BCC12CF1533C2489269F5BF5B5B7ECE20EDBAD31EBDBC5C2DE75C4E2EC
1964	2369898	BD8E775DE3C73B78267C6C833DAD617364A252B4FC0D78283055967AF6D6C166
1965	2374176	9492C8D522D92331D41071E425E58AD2774F17285BDB7D864DB4F6F5704062D8
1966	2378787	44A16966992A4C7DE8FE2849B02050377905BCBB8C6A53E998986B8B50E9CA6C
1967	2382295	2FAD8F4C0C0B5550E46EAC4AB12866F309DBD26727F748A09044243ABDD208E4
1968	2382802	6BEEA1DE14387A914D360DEB8F5B50612F8305E6B35119BB4A69EF3DAA325262
1969	2383382	4995003F51C2DCB5DE6082990C6598CE8F674C387925EA0F1D9A7662A074CF50
1970	2388522	2B37C20AA23132B046FE84544D5A4884FDCC0D4F97D19FC08AE80267BEBE5F56
1971	2389273	E6C997A8F6B92E568FD56A2C7779642584C84AF58574E406915F9F557F202289
1972	2389483	1145F9BAF7E6ECB6AE898B719F51A5B3BE3F76AE0F14B6F1DAA7CB0BB57D8957
1973	2389719	813C76EEB7630484E702A757C8752D603C87C567828612BCD1917E9779C4779D
1974	2393470	3434F0158571BBBA1976E1E8A58F9C0529BB30A6C6FA0F30FE2A463F5355420C
1975	2400781	E7FD0298686EC37EB1015148B509315350F46D942D4E7AC02EA819BD931B40C3
1976	2407060	C1A5E5166B6435008C6D5D96E17B69B2E1DA95730399319A5D6585069F437128
1977	2408863	0BFB703C3B6AA5A46B8515C39DB04676CF4DA02EAB90AB7C8246C0164B82824F
1978	2415079	8D2F9EBEDE92A07513D7D34D312C2198CB4739EC6C59D13664F0D04BADF330BF
1979	2415346	903D19657672D74BFD43E50549F9B446F1F67D9CB03C58C52CD8E8A251920CCC
1980	2417426	65A2B0A6A9F790DCE8A6248B80FDF050203E5E4C6370F4110E0F82A248ADF52A
1981	2418386	83C5DF01CD1A77EBA9CD1D8379C9458D1E83462C76D3CB4273D15D87698D1C5D
1982	2418527	18161BC3AE15E7965D2F1779F8D445D958D38E68FE674CB9E9C56A3F750ECB20
1983	2419781	20E85B1BE22471762B3558C6E5AC1A3BB2C4197D7001EE962F5D170C772A8E16
1984	2422548	8F22EAFA497334CED1AF2ADA180F9EAC7BA656A21F9E21AE007FF1021C3E51D3
1985	2430357	444642DDA47595001CA91C4F1F055ABA824835F5B249556F6DCE4E4E081374FD
1986	2430824	1F4268ECE39DE4E8DF9FCD78A7BC29A5BD07A77EB2E98680E2488D41CD8105BE
1987	2431633	7547DDB209D705EC966CE8184E063C534E7758DEB1B0BC31BF978BAF6C7576FB
1988	2432585	1F07CF02AC4C0C9DB68FFB40C84984DA4C10E655CF7266AD2C3A50356033C069
1989	2432594	8C2CC6776F61CF058DC1FDAC9896D2D73E7B263C0E9FE162A2CE6A4FF6D71A25
1990	2432881	0195CBCC8C820F0DC2B2471D9B776BFE004BA22D9093FC80ED626BD4D3FE551E
1991	2433866	E31C487BEF07421C77F2DCD3463AA6E09990FB0F8D6974152AC0C0AD13289688
1992	2434318	0FF0C55AC34AC3C5EB9F5BF86B7010CB9AFEF34CDEA1A0EC91F4BD22E70CEA07
1993	2434336	BD41F85EBD38F65C48EA8E11E05EAA75E47B885B0B0A49CC3B636A71EF849BD3
1994	2434410	5D71404204B21C85F0B60661C39CA8C1FED46A5DC19093C2482D748CF0522ADE
1995	2434575	3F4577F0A29DB54607975A71C49377792300E2D348FF5E11954438C4CBACE937
1996	2435576	7FDDBBFBFB01ED9A943A66E9339772737CF2F9FF70CCEBFB8A553525595A6475
1997	2436521	8985508180544E9D7CF66AB4A9E80AFDE0C0F68F88BD386DE880893BCE436D0F
1998	2436952	9461A9FEC7C4518B3963CEA4ACE0921490D1150D5B5CACBE27851E57FE1D3CFB
1999	2437012	DFDEA121C9C0DEA00D298CE9BB8BDF8E185E6FF30BA1DF026B58913CBFD641CC
2000	2437207	9E7BBBEF2E015E34280E180A7D36624988EB460A9B6AB61AD823CE02D1670DB7
2001	2439040	2355B6FBF76DA8B48DBC357025A1DCB4C7920F3403DABB2DBC474882AD18B5F6
2002	2439488	72EBDE31F86DA9822A6AC0BFEE387F45A52EBC15E81F11A81E164FB8608554C7
2003	2446610	0FC19A0EDEE9627D89BB7A2C6E85801E8AF34EF40276BD0C00E415960731BE12
2004	2446640	80B94E3B4AB7145E7BE8FC2A1AEE752506C6F5F12E1089E506F4F9D42E1F57D0
2005	2447412	89F4D2C27954A83E9AD5B1D3EF2242D572D84462B61403E05084F331972AC773
2006	2448418	F1A929AF8890B844C181F260B68DE0872E0071F69037B80B2BF5C08CB8D15304
2007	2449134	98B80B1D0D9DCC2563AA001930EA96280C702D9D9D9D58B9951AFA281C157958
2008	2449264	0BEFB8BE4958F4E618C19E718EAC752065B2445CC0D54FA90583FE486F88CCBA
2009	2449296	93883AA99D926501063B483C77D7D5CB9EB51FB3FFA7F9B6EE71B2CFF09844D3
2010	2453551	D64805457D093D11CDD85B88EA34DD655A24B06A88FF0E8E93351DA68893E34B
2011	2454377	9EAA27B5F8D7A4C8EFD481B517C52C32262456CB219BBA9BFA75BC0BB766AA14
2012	2455303	469442C51E3699C3EC524D6EE957EAD34A013F097C179738734E1952C4E510BA
2013	2455955	E602F573021DA80391DD6038FA0382AF3F4D088D552D59D4BBAFD2198FA98894
2014	2461177	58E159F3913441CBBCB8A594AAB9A4EAE95F74E6B8F7A2B9B3E893461763691E
2015	2465240	8F9C59E3804EED4875F26363EB2DB247E229862E7F55997294090EFA4A1AD060
2016	2465382	5000BBE44121E1D327B625A474D2356120B21AB89B89C5D898040F08B4284037
2017	2465438	1926EBB4A13495DE666524654977D9804FA8B61278F51FA214D620949396E648
2018	2465625	74B1C7BA0038F9E31112C213C847AC468CA3E948519432FC2FC6028F5D5380FF
2019	2466275	64FFDD4361E52DE35355EE1C924A5D0AC0E717741078D6BE093DE509BED95386
2020	2470545	E5F54F864F1DE155E2E2654BF27063D0E7CB127BC1F884647439C3544FF344D6
2021	2470654	154241E3EA2039B6DB82FE7444558AE596F9D846F1422439EAB663DAEEACF2EC
2022	2473595	F170CBD20F39E1C0421B39128719E287C88A3A698E10911BA284CC5DEF327800
2023	2474081	3066C4E4E42C84AAFB7DE92938C22B01345C152CE297D633195780A9D29603C3
2024	2474860	F789CD1AF62190E16C5BEF6E0D75C588ECA88ABC041027A7BB1F4A969B6BAB23
2025	2482096	ABC4ACBAC2CD772D54FE49B887EBE0729D66A532E70DE9AB2A1C41539BE238C8
2026	2482541	DD8D1CF0F2985B57E8F57D97F4B4154EF842A64898A2818058E8A8F2D055F2F7
2027	2488649	7DBD5CE25269188FA156417EB39A07C131AD978693D90418544498F5D99F94D5
2028	2493650	66188F6ADD5ADE0F7624ED3DBFBF18B4452EA99C405D2945B88397D71958DBFD
2029	2493896	418A2527D14F8B52A60C16F867BC7416B86DF7DD14781D5FDCBDF1ABB5A3980A
2030	2493906	183C2AD08821193F488E27E1673F7236AC0745EE26BF9390D2DECB4ED24358A7
2031	2495027	7CD0065579EF4B2AAEE1A45C0F77AD68179ECDB9AD9097A1F6EDD01C8300958B
2032	2501982	17DAD5D58329A3204953E71513ABFF1BBAAC3D17A3B5FEACB5057D64D40E19E2
2033	2502115	891621095334F976C5D5998351E2212117FF08BAB9057497FC4D978D6199C72C
2034	2509115	2C4AF89C6159CA8396029EDBCEECB59BBD417A4D82D81CC6DD3F99D04C2A7B44
2035	2510074	29D70C3146FA4358B9D716C80F77C6B86AA212D4A85B7E7F0E4774779BE4055C
2036	2519005	4DD408AE372672DCE0B5AACE05B49AD8745818159A31A0A4079DA000ED64B27C
2037	2519903	A7F8C0F1282BD887940D9B9E223C780945003DED21D391096FA4D487DDB8DCEE
2038	2523812	682187F24D078E7ACC6BF3C407D8C062216D004278C1EE3AE5EE1FB9295F49E0
2039	2526376	49F49F78AD351F09E4E5B7A6680F9361D2678560035E4A1DE4F58E7CF4E697E7
2040	2527828	85EE20F0FF78A462C8C0E337E0A52A8D6DC99B6AF9B3F1C475C25B35620693E5
2041	2530254	88F6B2F69202BFE5ABA3387BD3E9C8EA9A6128E8BB37695A752001016939322C
2042	2530980	A0F31B869A4B2382F3B60ADC5401DAA341EE0263FD0A8A6D696DB8F4AA9BB6F4
2043	2534012	2A93FE1FF82E1F5E2EBD1E6B1676DD0E5FC7408C249682DE471499B439DBCAD7
2044	2536109	53699BA66288D59E5AF2CC3F938095205492A8086FC1D7691DFE08E5007383BE
2045	2536576	2162128BAA2B4D44F37C5CE73009D52BC7C6C6DA57B21FDDE700FD4E7B967788
2046	2536908	70D3AC28F21A762668261D4EA53074091FA911201E71294A30AF48819A11ABDE
2047	2540452	B3E03FDDDAB18B2504D8CB1C0DB395514750645E6FE2E7A2DDE2A79808611643
2048	2540524	72BDA89DF7BD4D73298F82D171B078B42BB594E6E381FFDC186EFB182F2CBDAC
2049	2540526	C31FE1A4DA6BC0A6F2355138CC5E8FDA171218D06853EF3C8D73374BA1672559
2050	2543783	A52A9409EC23EBA55552E6074DFA799C2D268AE89D0206F3A33904293C46E39E
2051	2547108	FAEBE3F0C4B5CAD73F43153ADB20A12CF3C1BE17F6306A69B9839414FCFF1502
2052	2550654	E9E127F810F68A0478553F49F42E86AE40C2D7E81A9A104117D51C4A3436D572
2053	2550724	AC856CA56C1EEF47CABBDF77B284D74373458B1F0883C8B9EE923D9FDA0B7DA0
2054	2551918	E43F74DA349B1C822DD7CC7E247C417B855ED7A6E0241A2279E433D50046BABB
2055	2553922	FA4780B74CF34C3B217075F04F902C1C0AE3B4F5707A4D3B2CE0350DD3188758
2056	2554413	1969725959DBF182AD7B5AFAD1B4CF8FF22781C7DE38EB6CD4B6DD605DF0487E
2057	2556367	E2275EDB3983302117B40402DC5D1358938FCE3086ADA96E4CFB555007AD69C3
2058	2556509	E6FEB4D9E4326CF3EAD81D1F7BFD59CC99EA6EFA426B4C7845E1D7DE6471D0FF
2059	2557308	CD08BF02C8FE280AB42F95FC1A9ADA5581B43D888511B98C66D8F229B211F744
2060	2557589	4BA0F10E2E0EC0AB08B34BFC31E8582B794389E821C2C7915F5DB288B1807648
2061	2557784	7F062612F879F08A759AC921E121AAFBDF1D3DF3CCA80E3AE72133B9C946D412
2062	2558037	79A3619045FDCD7F2BC48323E78D0F0417319AA5C0D24EF76BB7721909AF1520
2063	2558428	5D5E61A498EC5EA9E395A7EE230B47E4DF73A15BB799003836217C4B7BCFD31A
2064	2558696	A077AA9086104B8B01EA69D99C657BCE6073949E048BF34D79C23CE2FD5D607C
2065	2560854	C680538C66BF5852D3023A50E55A1C82CDA155A4645C5870A5E829C518CC40CA
2066	2562888	369660C7A31BFDB96C3E5FB42AD2CFDA5E63E1B244C790A5C38210DDA591F385
2067	2564613	7E651984A05BDDBD15D33DEDDB3B0DF1186BAC2A2A53435667338F3B5C27CF5C
2068	2566296	A54B0AC18283B21073E58D4D9212A2B1F559E09A126C8EE95BFDF8702D177AF6
2069	2566567	BB909ECC32B7CF78BAF576B4BE8D7F9498FFCFEA47C7068315EFC193F9D63ACC
2070	2566709	3E31FBAB7EBB4606EC5A86B98FA43A59E50098352010E46F1C8265271EA3B138
2071	2567094	BAD88EDC9855489D54B63689C87813CBC4A19DB1DDC4FF5B53CFEBBCD18A6879
2072	2567508	58BB1F1A147AEB3F30A8BCADA7F614744AB72E55BF694C20AD5FC46493B4D0B7
2073	2567984	F695BFF7DCFC3E90B02F0A478AF31CEE5E627FCBA37A40312DD7AC90030B3641
2074	2571052	B344DF13FFF5421DA9474ACE94174C8A7F25BB25729856E1CD75CE848CE755D1
2075	2571124	BFFC547605F722842D3896C05A90566F854BCB4886248BABBF276CE58AF75166
2076	2576496	7AF5D32A78C8D66404CE6E192A9BE6DC02B53F0AAF729AFB8D2BE7134624CF97
2077	2577376	E8EC11BD6D21E481976114082E9BF639D01A616274B7FDD50F8437CA04785D7D
2078	2577708	24F57EC8CE4EA9D1BCE42843089DDE2604404E149F7C417BAD109F8278E71844
2079	2578184	82935F650EB9868FAA8E6E009F19E2279DA9FFF0D6AB9E732D463C4969C6CE57
2080	2581254	3AE78C6C27D9943B54F4CF99857FA447E095F8B417D538430F3EAF44DF0F99FE
2081	2581324	9ED9AE7947E044FDE4EDC7939A9317B4E128AC25C20290B1C07DEF9584D75B5C
2082	2581326	88B836DF24D940BC541F57B89D3B88FC1591E2769D6F55F7FC132461841BD562
2083	2582414	F18DD3E2331D2097A99816EC1D51241409F017E69C45C8B3AA9171199E4F3972
2084	2582518	29117BC43DB6E29FB0E7A4DFEA7C475A8FE109B68ADDCADEFCC7B61692DC817B
2085	2583566	B1CB5CBC131B93E9662CB064B262FB6E13A8ABD77EA472EA900389310DA18BAA
2086	2585138	ED88B3896544391A3DF3A9DCF8329EBA3D11CD95C8D6061F93BA118AE4F24F2A
2087	2585139	73ECB777CB65D19DBD829E8F2C98E8E3CCE761CBC2017F2E14FEEE67944DAD90
2088	2587812	18ACB49B2D6D7E15BAC0EACA9CC45AE026A78EA3CDC5B97A7C85CE6AC2A682CD
2089	2589292	A046E797299B8A83076F45658872AAB5161ACE2EDC77A028139C18FB4E5231CE
2090	2591396	DA49A133876B9AABF85291A153507FB9D338F45F01D9BE92B3F47FA58F5007FD
2091	2591398	BD3C18C7616FFE222DD689E1685E1967E8DD874D1A158FD744721A29A29C49FA
2092	2591530	D9A29D17BB7C5D3DF84735DCEF371A8E207CE1B797D2690395E49E87E42B22F7
2093	2591952	2FEEE12BD857D04F99D60C14528BC835A12C27DF68C19A20E32595F8A60C663E
2094	2595338	E97D2CFF1D881B193DB0A7327ED0AE02BA3C2064016802C4722F14881CF77AA3
2095	2597153	C526868CCCE9986CC854A4869F0375DA04FD8BF594CF697578C8579F752FEA97
2096	2597680	0D7B0C8713F518E39305927D8FEF4C01B4053937186C0F85CA9B2A679F0C2F51
2097	2598012	C61927605217C00777749CBAB81273264E6CDD47E56A739080CE96B6CB99E758
2098	2598580	C1433947747DC35E8EB5D22A748DE577AA790B420F9D2AED6F4CF0E0B33DAE2B
2099	2598844	A7898B0BCB8AD31BBAE8465379682A5C34318654AF7D7FDB6E5CB66F783E2F37
2100	2598917	3A4C0AABCBBB5B1A7602F1D9FA3235D68104EBE711C7D1C5EE206B282CE7FE57
2101	2601596	E8449CD318B5F93AD4FDB1B4C967D4313045A549E8AE5A021A258FCFEA5AD5F1
2102	2601598	71A5D4A4CB759D72F300AF351E661A5AEAA1EADD2F7F287EBB31CCBDF51ADFDE
2103	2601728	C490C86CE6E313B68E19C54BA9343826FB03554101136DB12BDF63A3B69F277F
2104	2604384	19EA439A9F52591FEFB4BDDBED5D353DC296B8ED8EDDEC03F7878F481A5036D9
2105	2605538	58907E66381387507E69A643C116B707A18E935B1CE9D299660338745BF99E1C
2106	2605539	FDD4E3811982884B38D16255B279071C0218B9E3CB520225E85B884BCCA7DD42
2107	2607119	55B0DD8BCBC38489D9776085D321CB7259646D548A37F35B40F093ED3212D2D5
2108	2608028	A6070221C692C69968555D57BA0445BDAD1006699D0FD271D79F9539C6913749
2109	2611796	FDCDBC1028F17B25665F9FCA4E3B132D08BF9710788D64AC9854618ECC056F1C
2110	2611798	2619E195E3515B34D9A7BC91061E69DDBA70854E8C36E98EB8820DF98BFE6A09
2111	2611928	CAB0C0C1EA09F9EB12C8EB3EDF2D296D8A565FE97787B66A41A20537923E6DA2
2112	2611930	5B9FF94EE19F20E2693636F3C646A6711DCCA88BB6D560B0C127DD358A29176A
2113	2612960	4517C2E56494FF301B2DB1B7BA170A291AA6E989CC08227B7AA1058DCD1FCA86
2114	2617553	C4ACA009C244A67AA46E0D02D95152FAAB149ECE50865F83F2715D2FCEC57C67
2115	2618412	297739A5CD47A626AE0439A535E6D40C0D7CC5ECF7DCD81DE258622F3F82CB87
2116	2618980	8E6F603E3EF98E25FB29D674F2C64F478F6852E95148D59FACABBF3170992C01
2117	2619244	5F9BA68419E1A00141A071E968B8FF023E7F01FB32CC8BDD8F3F051B6D2312AD
2118	2622128	96E95C1BDA46F5BBB29476311A6A7160D63AB08A15317D97D0C87EE97DD5DFDE
2119	2622130	9A093C982F9DB44EF86E0D31E3912EED5AA886B328F67A964BED30B3E984961B
2120	2628009	D4DE47FF53FCFF59ABDAB74A768B95ABFFD95D069CC55091259AA2C4A19DAE87
2121	2628428	5BFC02C9F681FD9ACF6FF42A587568511F1EC99CCE649127234B040F7BD1BA60
2122	2629444	458F1D78207A52853BFA1C3EF33305E0795E87E4D867A3CD473CCB3CD479580C
2123	2629821	008B7BBE777BDB783D87BB3B2AF8EB68B9D51C5F39456111F8F8B2B6A730BC8E
2124	2632464	0F3FB2C4E0B6C92EDB73A182E56E7313EB73C24AD7117D6DA02CA591637E35B8
2125	2635157	8CA094BD31150E9D73BB2DCEECE86EEF906D834962905F9A91DBD8186C00F27D
2126	2637528	A23D8CB2AF74C7FDE730D06CD5DDB574116BBF0E08DFC35CC604318E213A9A3C
2127	2638209	D1FF67D9C00802C1779E7DBF80BE6CCD175A36ED1D27BFFA79A7A34C43DB45B4
2128	2638812	63A8E3B1EE36D0568F113035E7A264C666E21A2365EBB88241BC4231D2ED4F05
2129	2640292	8F19B7FCA4B8FD205550133B7CC6B5857A88E71E9D2133F53190E03E5E984124
2130	2642398	4E24FDD794DAC46FFB65873297028E4AF968A75B8335F658DAF4D7C3D50BA034
2131	2642528	0D0876E962834B1A3351D2D1C63713C252E765C66714E440BD2B40667566AB44
2132	2643560	644C8274785F067B7712C3D3D2B562930A83197C2DB8F366CA16B769ED8D9231
2133	2643996	0B469D0328E8D4E17C9B6DDB0011932D1C362BDA15015C5B0F7361871298CFAA
2134	2651681	140A37B8370A54E7747C6572416CEF7A7684EEA057788F66B05480FDE98B4ACC
2135	2651774	31F71CF38D98E86AB4189231608B80DC271770984751178180A2ED107C9BEDD8
2136	2652278	AF90938892846B7B014B35A653FD5BE7D61DABCE6D90BAF4451566984E9DDDDB
2137	2654318	DBDB96E6804E4F43C45D8184E17BDD02DB2B6D5298B988913514F3040922B424
2138	2656112	98E0C6509F04A2445B236388F3DDAE0C0B2773465A1C119A52092CAB014C21CC
2139	2657029	B66B79694F65B6AC917C470F100B09C12C13A6481862C873761B9D26F55A49F9
2140	2664348	6E70184DEE59387737BA04866FE6AB13F46D2CED6021D9D659B2684BBC5C3229
2141	2664810	0FDCCE25B89CF70DE1D7E82C49D0A954872DD634514225CF1ABE9267C5652D73
2142	2665987	B7B40E17DC13BF94D9734C5B915D434506B994E5CF5675CCD78FB4BA5B03C31F
2143	2666083	E674585169582513709ED56278C4AC55648E9F2D9045A35946C69A38F96A4456
2144	2667161	631AF0FAEB051269F049C1C5317BAD8478514CA5F9E861B9EF228ACF03313960
2145	2672188	26913F28E0CB60F8605E7D3EBCC4FC3109E3603EF69E701CF3BDDD684DE7AC7C
2146	2674289	B6CD5D02EF146E3DFB05427E07B810FC5B6E6CCDCB487FE97A5156448DA6A1EA
2147	2679675	2C49F872B6F3B9122E0F75D3B1883F76C1C8DDD8C34EA76207C162DAEB31E780
2148	2682335	2FE53D51484F17981B63B981CBB8A06A8E279EF5E12EBC784BF5156CE80DC59F
2149	2683344	A8860B22998D48412C61E95801B016DC4134544F3060356D94489CEECDE53306
2150	2686623	FF5A07A211E36797CDAF9F8F2696D593DED1E9CE0F87A012D0B86BE5CF0D6B2B
2151	2689725	3582BCC19A8893FCCB2534F3D67B3C11BA662F97C5C3EBD6BACDBC4F8FA746B8
2152	2695768	7C28C2EB5C97F16F59DC446CE6FF0234C9536B2C2BD73E9144E8A23CD6F0A120
2153	2697532	6F258E297E3AA8F68D813328F751BE258C60478F10586AE046AD5B2BA00E1A98
2154	2697927	602E1CD4B01B043F4504ABBD733FF24ADC04AE829977A13E4E2BC4266E9D8676
2155	2698215	238767912533C04562E843E92851E2C92EB07277C057725F9707EC3735311DF2
2156	2698824	BB567312C3F3836EDCD9AC82C3EFA1C0580FECD5BA0C3CE828B52A7A412F84C9
2157	2702444	08A350770F7F031A4D677D22E21297360F1230493AC9F07D3CFB1C7A6CD56637
2158	2705256	7AF3978F265A171EA02EA69574EB1BCF8E4AB61AF975FE53AD620F279A0F6F31
2159	2707637	01998D0A0FD5489819E17C6095176E4CB2E752085281A84D22112FBBB464B961
2160	2709860	33F817121D2C07596857E4DF359F41F44E4DD86B3FAA47D480605545A9575E94
2161	2710593	4D06D2121A597646F137033EE83B1F3322B9A979B19BD4346B8A56AF253D084C
2162	2710908	4B698FA396357F218E14B0D7AEB7490C618CFDE968AD227FFD6C503DA252E64F
2163	2711501	09EC8F9778204D21DA7BA0CABD0ECC992C0857F6CD7A1826289C72CC7FB8660C
2164	2711765	9367BB04423F05597F918181603081DFBBE0DEDE42D24FDA1D909C373DE61E97
2165	2714500	92DA09F9D2B24C930520BED5FB36EF9CD3711DBEF612CFF22223F3B90FA207E6
2166	2714502	639A5AF40CC6C6201C456EACD46B09C4C79D75F16E51E238BB72B12D96CBF333
2167	2714612	F7D8975B71E5E5C714721081BA9852440CFAA02012FB74A0412B813660C48608
2168	2715518	F93F4F8213D6226FA9FECECE440AFA7684CB112C79BD4FC2D0E6E317D9AD3B30
2169	2716467	A40522DCC1053D9423DD5169E4181CFE1A3866B66BF386CDF90DA5FC480E536B
2170	2716568	67EB3F0844ED4E62873860635AC5F3C49BDBF6A923E63709EBE408022F510B32
2171	2717022	B0D23FC8D9297BB45C99ED8AD86C76644A867A93767B3EBAAF22C9AF6FF79706
2172	2720625	9A765249C363BAB3954803352906A30B3BD1FBF505344DCFF161309140F721D1
2173	2720793	D1AD62189F7B2883DD3E47E4AB402A704FD111CF067E8A99CFED416618533E2E
2174	2721108	168FFC3038265B9FC9D30161F7CD99D21F716A263CD55FA258F1B1B25F756A38
2175	2724700	6AA9BA038187D9C2773F563F65F274BBF56C6AA398820C057EE12A011A69EFF0
2176	2724702	690F4ACD531D1D9B7A2E9C11727895DE85042D46801854F3410340A00DE75A33
2177	2724812	18C82BF6E11310F5A6D9BAE280B280B302C889571EB3A48D72D2A837FF880C06
2178	2724814	B2DBE258DC4976A0CD1ECF5B8B125E98E8808977F83917657BB8E1E3631970F2
2179	2726768	867E3321B69A30762681784B82B523E1FBAE72C32DEF6FD74C1395697910ADAB
2180	2727101	75C970A8EE7AC8A5B28B9B8B77D6A7600C79C1D170CB2071A01C57EDE2B94AC8
2181	2732165	CE18B988F5867C9DB1E5FA79AC47817A2F1B1454A43590711E810BD3FC0DA5B9
2182	2732500	536BE948EBBFB9D8A8112DDC2011BD96299D87D590035ACCDFAE2E51967C81FD
2183	2734013	4DC4C0CB542F4AB56065F10AA6882A08DCD1BA66A4A46FBCDDD9D187963C9C4B
2184	2734900	42D2E37AB4F18F15578C80E1CD6C1F34257E40F04DA495BA592AA4E480BFFDCE
2185	2735012	4BE008636144651DB31869509A0EE597FEF190F84DC90DB3E078357E2F75A669
2186	2735014	CC830AC717A96C9F885682EDAE58464CF2D949CB783CEDB7851BDA7584661950
2187	2735918	3B6B38242438E07BACD8AA0AD086034E03AFB3F93F10ACF3045E5C886478135E
2188	2736076	DDB5C766EFBF7A2F168B4BBF1BC570E52404695589466087783B91424AA22D00
2189	2737874	5527C156FD29219F6EAA47B87C987E8D356E2293BDDC492AA1B9B899654C438D
2190	2738984	F25D7311DE4B290DA4E734CC6263DC9DD96E4C6616ABAA8A8713FA697D42364E
2191	2740461	EB6B123F49DB4208D197F6A909818524E6F8F30A4AFD5BF214E575830472B23A
2192	2741408	E3E0420E0C664584B84C2D92FA27515D285307FD51E5789D7693F8BD7CF2CB3D
2193	2741508	526D47EE3720C16A2C098085EB2908EE49A3F515524794CC0403D972159AC62D
2194	2742101	EC212B038246234EA9D7ADAC0FB81BEB18EA4099C24873A787BE67FB38B838A7
2195	2742700	E4051A60F87AD002BF907A6BBBA4F1B8EE68848A9FC51D05EF5E244540C75893
2196	2745386	DA28850C8E466C12BFDBC143376730F4B0A9F1BDF3B325E82D3F653E4590923B
2197	2746118	536A582FD3E0CD6ABC9CB2124484826EAFCC33684B2F67EFAAF011FE9B7C456E
2198	2746155	D4035B8DE689A42B7D77A02D9AF3122F5A749C0F9F8D72206A5287A5711F86BB
2199	2746276	188564F6EC7DF3F5CF10C6FBB9B1C17D5818410BD9A5725D121BD4B51B807CF8
2200	2747622	FEA940C29A70726761EA248D6AB4E25A72922A419AF27234A5C9D8FE373F178E
2201	2748437	A7EF90EEBF0A441365B0DECA11ECA735FE46E81CE40455176594B6F920B1FDB9
2202	2750660	FEAA3BD98A281EFE9FC02B90EDC154B542D9E3601BE4A23014381155DEE1E8A2
2203	2750661	98263C603BFFC1393A7110174279A726A78B605B0307BBC140940BDD6B142754
2204	2751708	0F8473D905CB70ABA189E05C3473AE20B04F7EAE9610D74C4A8BDD13B031ABD9
2205	2752900	20C53D1BDF93890A4A372896268ED8705E9DDFFC4E36502FB8084E46ACF36F83
2206	2755302	1CFD454C2DBBC1116E631642B45C9A8404CE41E484B0C28FE4079FAFFAE209B1
2207	2755414	EE1BD37906FB47B76E0AF4065D7A9EC0CE0B61790A6931A1DF31D23C252A7861
2208	2757822	EF7717C5C580209BD391EE4651284CEA1303FDC99354F89A948387ACFDB1289A
2209	2760861	297B2A7C8AEB7BFD099F77B31D32146544349B10247EDF2ACC9CF405EAE4223A
2210	2761908	0578D9F9FFBC7E053AA9C6E576A0A66A7345A0B7A2DF2608E8933CF9C046C49A
2211	2762501	3EA3D439E6B72F131EA82F01EC960C67BF2F1D7C710F00D995F43257F8B69092
2212	2763100	407BC715889B6B5D2E05711C26163592F576BACA5AD69CE6020901B3A1F2A609
2213	2765500	7F590D3CED31F67E606760CA207295EE4CB9B2BE186D0D4561008E380DC9C7B6
2214	2771585	29B4F937C843E13E495F2326D891C4CC91DED1B719A7EE38E203E00F853D9DA4
2215	2772286	D7C00AA77083FBBA3004A0A4E0978BFD51A59B6AD493466780D6CEE687185FE0
2216	2773071	C342B734C25CD5997072BEF8F14B17B94E63768BE679A7979B7D819B51930B3E
2217	2774215	803C09ADE426ECE8E517ED335AB954B878D8F1F3A8F9352D27CD18F250FB19BC
2218	2774803	F4E8FBDB21AA83A489462F43964ED35054441E872C9C3859034C620E15C2FC06
2219	2775140	08016C679A85A9D61C99BA006D77CFE9FBBD9502176CFC782F1892CC305FA09E
2220	2778556	150FCC8423ABCA051EB61D887EB2D9FED544DA0E6D8C8C9DBD1DA1003AD89C45
2221	2780265	971FED909A6EFE7B69C4E7DB6E111959CFDDE38725750D54A4110E39056BB989
2222	2781402	586ADAF8D017A1EAD5384978D9B2EEEA4BC3086BBBE0A643C495219C1EC19932
2223	2787359	2799F74BD91859C62BDFC945E7FF2E3EACC690AEE735B74774CC55DF10E9D092
2224	2789267	64E680046ACE721C606C52C7B92D199D5E7E357346E6D0D615F516C02A71973C
2225	2790620	F0A09C337172B4D7A7BB055A043EA6EE88316858D157C53FC13EB3C34308BB58
2226	2794140	A7A61A72B9406E0573413825AB8EE904B51825C8B4BD494CAE1572D92DE4A8D0
2227	2795252	0FEDE60F85FAFC5C50AF689A1E8A77934DBB68D77C0D51EBF0A894D85F7C4703
2228	2798060	1895CE5FC371BE719E4BF077DD15B0746297F710176D607D68CF010646B3B64B
2229	2802839	FB1E867CEBCC77EDBD2544DC0A6B7F9FC0EEC41BDDCC2BC73075A50F8510F463
2230	2803838	573C6BFE803728FAE5F4FE5E499E927263D93ACDAC8ADDA3F3C1071E24E9C257
2231	2804039	4D49CC7B1237F4EFFDE050AA82F492DF4F363DC87E71649C4433352800BC1194
2232	2805192	E24DEFFD0012BA0321E746E915A49C3257C431140EF49763D58A92817821B1B4
2233	2805252	F5B369658C1AA1F3B9E3F1FADC02D2186A549E55E27EBA56361CAC4928D128A1
2234	2805557	95E197579D20E947B04CDD80307DE3E229FD5E172476731168C1801743FBD071
2235	2805823	09BA6804DB4FE432A529CF919F5C29E006CD8693F1B1EC356B1D2B8DB81B0BBF
2236	2806185	2C96E189F1FA795B33BC60E912A6DFAD6C9802688319C59DC557BE3EC2380176
2237	2806938	6C3C82CFF8DAFA82E6314AC19C7AEBB01F00B7AE4BBC4521A3F7D475091419A6
2238	2810276	0DDE03F7768D865D9F2791268B643E27D2EFF66FCDF855A4DA267A082D98099E
2239	2811189	B53A5E35B3ED45223CCB01BD98E0195FB38DF4E5BEF0873CDBD78172CDF9C3E4
2240	2818052	67B51E91CEE0B6F824564B1CCC33199BBEED78D32485DC19B0C3C0C7BD53B4CA
2241	2818116	E1EBD8EF1C985E3DB1333E43E6BA4A8E0F9373F92A2AD7B79124A034C8BD004D
2242	2821192	3EA691AB59968D1DCC500826D3245A62DB522F2A9ADA90D567A4BC459223B09F
2243	2821242	BED09DEA9A70CDA2868657B14E8783E9D2AEDA407A12A7F2D8BDB2E1C32B9641
2244	2821263	7984D1B4F4F2D9E550A003D5EAE7505D1D5E1119FBB24B0C71A9FAC93A4512CD
2245	2821394	DD1033F840D1B03B95B5EFF9B3E1545EBA4522F2DA92D003F85A95A243512D8A
2246	2822301	6168DE0E1689793F8EC7E6229D8660755CDCA8C1D5D6E91367DFF43CC17CC6D1
2247	2822488	1227A3288031AD7FE5C29C7456AA58580F80932DBB9444C344AB736D3D42F7E4
2248	2822540	085C0C3E6131C198950344AC0903510E3FC1EC793F78DCFBC6A3A00BD8991FD2
2249	2825318	FEE2DA63AEA6188FF51656A54D42B245CE1D671C009411305753161E4299B95A
2250	2828019	40C62B60969C0C7DA6A2F4857F08A33FC90AB3F4DFF8919D23DF4170407C29CE
2251	2831144	0235B6500BB97C59D029DE1A2713D127D1EC7F399EC9073C5185B9255AD17B8E
2252	2832556	81C46467B484235C88CCDEFAFA9F40A813FE8924471857D18D0B85D22EFE1236
2253	2832722	B798E8029F13E1DE47FF02940A42306B8718E9ED47F3F61EF4FAE7731B5827D6
2254	2832947	7F93C630BA5C7A61A464C0895CF69CC514C1C4121A21F68A43A7284D1BF30D63
2255	2833988	BDD8F211D6A7EA04301FE1B0B4BD89C8C6CB540117E588B7A75DD0FD99634998
2256	2834813	6A767A8D4BEE527F31F30ADCF9A7197DE84D3459C941A5A65D0CC69DC30D48AC
2257	2834831	A5B83BA38D2118F6D547942BE44AED09A653ABB472A91E8B82AB6014C947152A
2258	2837914	71723259FF61B7BC968167A231AA7F13CD5B156FD808068989B0D2BF389A80C6
2259	2837951	8FFF71337CB8E24E39FDDDA681574D2DA219EABC0EEF0B4DBA436DEE353DE276
2260	2843691	C76066A1882E9C27725E5E3A3F1908A27468A0B789419DED7260E8D22C9F3981
2261	2847021	1B28A427E81659CB7C642BFAE7959F36FC0E49D5DBDAA1A0778D62AE8311E2C2
2262	2847500	1A92FF87230C5FCAE8E6048B8FA18F0F3EC8E41FB182BCB2CE4D5A1C5D33058B
2263	2847906	1B53D0DCB468CAABB7C4924734D61CB320CA4A1E8B3760F1ED4E795ECBF2B752
2264	2847934	091E959C79D134CF8A8020C992A13A2045EE0B41DEFB38796208DC05201EBDA7
2265	2848429	ECD3BC787427750830A095E528D7B38EAFBCB23D25F337CC0D99315B74E969F1
2266	2850081	FA6D44B0D16AA8D33BF0E07D5C4DD4AA93757DA42C9C7934BB1883FE5FF8697A
2267	2851359	AB05662D64FAB894F013B358EDE537527B5405450AE9648BE7A344FB8A30A506
2268	2851403	539A603895B51168A916C210D7D3365CC9AFE02507ED02E69FDE528FCC5C9BDD
2269	2858293	0DBB94EC3AD5721ED22B3E5335743318F3F7A92ABE452C062EA71E93CF1D6F26
2270	2863514	7D5CA61F31292536C8D6F94AAD0839A4E4A749B6EDF3B285132C7B9B04857CD8
2271	2863533	25E455485601B998700F7D65ECC097476924FECF6D678EE199A8178CFE0E07F5
2272	2863918	D0BEC0113FDC6D121F41265A8AA1FAA3C9E506A427BA96773157A3D69CDAD2FD
2273	2864126	C0393B4398E7EDDACA4AC4656E36EFB20719BFD1EC913040E84D108F8D22FE29
2274	2864328	61C62D43EA307A4B5C9CE2E2790980EC4CF66F3BCEAAA91ADE373E3F56D51EB1
2275	2865791	3CE8CD9B9F1B92DF09C3A3F28A59341E5EB2930FFF67200F329A0BAA0CB39D56
2276	2866674	AC3B54AFB16CCBEDE9C816E88BCB25AF7EDC56BBDB50E731BEFEA2261C28377E
2277	2868265	F78C800B57603CB2DC12D12272998CD51EBF86DCB31AE674BB48F0C14D8916F7
2278	2868652	A0160B91490A349B5A51649D54536594ED31F6FF1AF9A7E6F03A25F181E691E0
2279	2868710	53DD76DFE494D9E2A639D3B85D955CA7151C5A6DFA6901485CD4BA319CE8F023
2280	2868920	3B31285688D43211DE381ADF1EDC863C11FE843601411A6B8CE1571D6FA3962D
2281	2874723	772B0571D7AE4BBA16475E02F9224219285D12E449232CAD1A261BBBBD1B278B
2282	2876302	D8C8B09259C254C701DC84EC83CFC807E43ABDB7BA20A162D21549DEBE3BB9DC
2283	2878866	EF840D780A32B5F4E2A1B237E2073EE8B4FB49C3DCAB00297EBE28FDAF36AAF0
2284	2879207	8B955461FBB33E22EB3FE040578E7D97F7064C956BD8C6A909C84D614674C80B
2285	2879597	F3BD661CDFA250E4DB2375D3AE2A43FD1BC7E0B0E4F60619625BC6CD03722ED0
2286	2879808	B32FF76D20A95FCCE128C5C7973567F7798D33874D1FD36DC31624FFC3184EF5
2287	2879818	DA6A8D5B73173A8934544E10E896B835D93E19E02EF11F101A8750F13D637045
2288	2881736	03608DAA84FB9486D9C2414EB341E3BCD0D33FAD2D9831E46AA6B6EC4361F33D
2289	2881894	E1EB7EC67D89C6DDDDB9169502AB3B58864589F0AB22A99CEA96002EC0FA59C6
2290	2891601	E4ADD192E23479BE6012474421089858B3A6E33830B3673C01A4A8EAABFC6285
2291	2897456	9973138707DE657B3250E12C08ACD7C715C9CA164EC06FC47F486AD7BE51E73B
2292	2900553	D4AE39F32FDF77504ED721B0C0D993F5C29C212BA5FCB935F97630A013C2EB1E
2293	2910940	DC0E9C18F0E7FD016F6DCCC570231EAC24B53950F4FE424F6067F05762B0DA70
2294	2911325	F1699A7B24BEE05ADC265C758437B935D610A87B809A09A3FA7FF44FBB33FAB1
2295	2911541	A4CC014E26B516D2C9C35B6D7CC37A2B38B684EE4C4E350F25E9111FCAE5B114
2296	2915037	8F703976B16B08FBEC227FF4EC868DF381F8EB352CC7EEF96A018DA963928F44
2297	2915169	B3180BCEC7E8BCB83F9A29A0E470756F0B4001D472F211B89A932A2DB36FBC43
2298	2915643	A1F0C644A20F7997A00D188AFCB5022CA21FEE894180E76F98CD12D042B020E5
2299	2918359	610C0F94C09D2E789A409AB13415C5A61974C32EB7EE5F1560712CCD321C6A7F
2300	2919614	F2DBB9D6E8EA8A771BE15EC5E1051756DAAD5CB2E1C1BC817782ED6123A0DAA9
2301	2921140	9F1AC36F988B4E36B99C6CAB20F0D1940B741963A892975E29C5C93E1BD7F8C4
2302	2921741	407B66E4E8CAF01EA7BA7F3FB715F79A98CC0250A17722D5225A1D42C4BBBE73
2303	2923883	68F638A6ADA3083F29FF4F0EF92CB949F199CAF10B0B0170045A4830EF3A2F0B
2304	2925237	670D03A62DAE21F5A8CEF2FCD87802B0496EB64A3D70374C11DDCBFAE796CEC9
2305	2925239	C0E7FDDB809B9C27AD12A81912BD83D70507BDE466322C0CAF878E55015CE274
2306	2925369	2182204865D58950A4350069C6F6DEEFB121FBC15BC189C3972FD12DE1DD3A8F
2307	2927305	A0D7C87071D4FE99F892C410CBA6BBD683B43E8971823F9DE7587F7B9F72986B
2308	2929814	45B11B30D7F43C1F0ED9AF75953F3291DFF677FA29EF6C6C408B3C2A5D2B4B0A
2309	2929815	1BFDD31BCE3A3F20B5272583686BD3B850E276912A7F7AA8E0C58298FFE68F37
2310	2931941	3115DBE3BE35D911598C4CC153A75178B480EE8F8F5F1EA423036C1F34C95AFD
2311	2933401	AA50486B6B7785ABE2A2DAB9411CECA98A192B4E0F8C1459A91C8CAC2A98C6ED
2312	2935439	EC61806F5A853C144727E08FF0159D57C4A2EFDB544EAA39D37344D1BD1C7333
2313	2935571	03E2F1157BB67B037112EADB677127BAEB6260738CF695C3786FD7290CA51208
2314	2936598	95505253A1A384509FA8314B354123DD43EBC9E7DD784C239B18BB546FEEE3AC
2315	2936647	577C80EF82DC61DAA12F917956B92324B7E03CC19A720A9919E79A88D1631DB8
2316	2940015	DCF0A37FEEDE15F3753017C5DBE9BE0A2EBAF2104B92FCCB9EE3CB501A48EA3F
2317	2941805	B3675BFCCD745D0297B21BA06236A1425E4BB475963837D95E4C8DFCFF32209C
2318	2942965	E0407AB312DE7461C745B68159CF8E0075608BE146839A04BD9399CBFB8D06CB
2319	2944473	695551EBEC3D4745B2ABA9C4836FD7415198018A373388A091C5799DFF669101
2320	2945639	7F8CB3C85B7FE1EB9DF0D5E983BB416CECD888AEC4D4F6D5CDC4C19AB07FAF18
2321	2945769	5DBC7ED6AEA5C38AF50CD2CCF1A67AA6428E745CAB4CD3029168A3A6C3DB063C
2322	2945771	F924E8F9561517EA08294911CB188CA6DA0B4AF23C21C338FC768D63B6253B2E
2323	2946206	4AF6B387164BEE66DB33AC7609286ADA072CD912F41952F056C5EBE4581A74F0
2324	2946294	91E6EAD7CD65912769C683D0CBF27E6126653E9B5D184F9A818C2902D23014FC
2325	2946798	BA9F13F60899CC1331C1F2C1470EB07C6886C95C4C30C4DEA7741FC0684D83D2
2326	2946847	15F01E9819172E32A9A1A6F17B5D3BF26044C8911305EB14392DF81B8CC6A34A
2327	2955971	072F2003FB9A938B782972B0FB01BA2573B2BF27ADF74158A466BBFC1F06D8B7
2328	2957739	652238AA4DBD50A1C11CB9B9F40447DCCA256C1F602939B6977FED483455CC09
2329	2961425	B05594F6191F60AC82220508B59237CE94028CF3D1069F24863F756D9C4F8925
2330	2961737	05998592CB52F25D90FADE8F2D475C8EEF4C430408171D26FF782994E9D48A1C
2331	2966171	93D7B0F19F4EC64D77DCA461986F1721B169E750226168BEFAD95DB664B77507
2332	2968540	53325F7E6B405B9FF24658DD876B0130F26F8F07755349D082D0BC139B297076
2333	2971156	DC76E08FB3A4928CA5F4C95EBF6CF4EC0A72AE67FE978FF5B3E7A8A42B1CCA80
2334	2971357	56DF8BEFF6E0B3F8928B68C35836BD343FC5A7949FE6A3F47E42D96EF9609583
2335	2971757	5BC521F8A4C361562229D0444633A803154A79826D12C0162792B9A05AEAEAA5
2336	2971968	AE9048752DA6524E5EB24DABAD7045260220F4E5427D98742EC543F90EBD5F7F
2337	2972585	EAE7E92533BEBE2AB34E77A8424199F84A32694D753B03402BB0220A6AD52857
2338	2973351	8D95B24306C04B7598BE42FF731F8AFC8E796998BDDE83A88FB1437AD8654E8D
2339	2973431	78213A2A7066B4254676E1B06C978271B78451DDFD9DDDC3D5D145049E78ED5A
2340	2974473	E0542B5311D403D5DC71BF12D2227196CC4FF0A0997386C3F39E2747DD827889
2341	2974523	780BDB3FB775FF3EAD2B7672D416B0876E19D49A333E67B3E8A6832B25BF1DEA
2342	2974939	0D87B564CFA244637EFCC8301631AEA84A29D8EBC600914D4AABAC7687E6C665
2343	2976186	DAE8F09EA506EEDDD40EE16CD449716D933C85201277C84765B3666AD719D688
2344	2976350	2CB704C4196F6C18E9CDCA2D97D07FB175A9E474516993BACA5B4DEC213A09F5
2345	2976712	C7AE4C7200D4118F8A6A0F14DDEBB0E354EB73AF271D79861E3DF1653282EAB6
2346	2983130	1CBADD36652F910B5B2D068C2031EE489265505F0E9D386ACF96C2F44787EEBB
2347	2984759	32870343B1AB3CAE85CBBDB944A756E7E4C55436EB7CAF8D2D7A712EAC365AA2
2348	2986504	0AFC5D5A76FDBFBD3F76D4AC38EB278EB66A79673F0F7001D99E75544FAB2B27
2349	2986506	86FF7780BE79FCB303D77EC626B4C0E33004BB83A0F4ED09C327990D674DD123
2350	2986636	FD732E940D7C07995FABCFBBAE6F05EC2DA47C65EFFE2EBCC63A944BB23BDE6F
2351	2986847	D18BDFCAD7E741728B027454E2473466F3432B728D258191037252D43A1E8CE3
2352	2987714	710DE62B5F6EEDF951F5F003081FC52DE1B1B48CABEFE8D3A70C9A2896F5D551
2353	2988214	D3889F722425ABD60190B33747F26E2B63AA5A4C21FD44E6258A8A6E17653552
2354	2991286	02B8B6FC0006D6C59DD4A93E7BC85F60FFC9242917BC8BCE11669BE54F32EDA7
2355	2991295	304735FCB48DA2F74B665C28636FB8A0145B471A1BE78FDCC56EDC8912D4D453
2356	2991667	85BF09D5E6ED01C2B9F9BD0BF3C281835EC63DADFA60CCC725B5D481C8165BC0
2357	2991704	3A6AC5C9D3279B8E15C058ADE709A8EBCEFDD7DD0BB9516E143735DEB5EFEE0C
2358	2991772	152502A6605662A6557A72C15473BB459EB42B821C9E6BFBE45F62A14C83B148
2359	2992269	BF0D9A8434CC68CD25A14D6601ABBA8F02FDD069CDD9C5A950E866181D46535D
2360	2999335	6A460BDDDF4602BFDB417B35359ABF088A12A54D157E15E32573598D884DF28F
2361	3001581	FFC45ADEAC808F55CF08DA07DF5050E49E22408FEC7156975331C0D39AEA4A22
2362	3002508	4DD95CAF77519886950AC95D15276B21AD94996823FCF9C0881BC59CBC5E49AA
2363	3002726	5D9DEA0F402A2960A7E8A88750E2227144E3F0049C94B84BE301C691AC9B324F
2364	3003194	8F5E156C3BB9909271978191CF35C12E4152DD5F6675AECBF270E657AAA4E05B
2365	3005040	CD4E76A6A912FDCF42B06F4C28D8D6004F69E25528DC6D73DBB6B1CB094CAC8E
2366	3006766	0A6447DCACB31F2E8C5828598878B589D969EDA76A29C872A8370D90A938DDC7
2367	3007185	12EE45C3F86D459C408EF5B78BB2DC93EEDE684BED3C337BDF7B4B5C3FC28FB9
2368	3012221	E3F4F804A9ABEBDE07A8E57CAB48F323FFFEEF20F7EC88B3C41B350F3A4C73AC
2369	3012597	E5A33C16EB8CB9D8853E1EB8C8C6F40DD5B20BCD9A5D9B4B9B3C0EE626C2B5C3
2370	3017807	F13AE1EC0CD9E911FCFDF0C909159BDFAEF12348BDBD29B2E06D979A556D01B2
2371	3019641	A07BB972D9CEE93F5E381D501E94EE6A2B40030E613476AF64D8864CF06E06D0
2372	3022100	03EFC716605FF547FB7317E4AE334A0189A8C9ACA7EBA7FEE8BEDDBB943C6307
2373	3033602	BBC13B4F7E7EEED90784E9121F29228447A56EAF7AF06049D93D3B18925B87F7
2374	3034052	43364D6E6E93A7562F7A2D1F4FB9C37DDCAB384BB972D5D28BFACB0259BEA6AE
2375	3034125	FE454F30CEF10EFD8ABA23BF00B90CAE61F84C8AAB5BB3300F7F9A6777207E27
2376	3034449	B689AD598D5B08F66AE05C4CFEC4063941A71B053898008B0C97BB3BFAEA14B1
2377	3034898	CAA990C1F3FAC482AE7C04CA8B7A7DBE47B551816752193AE2A84A21DF989587
2378	3035367	9390065A9EB763CACB1DD0FE305434E9833CABE56EE18CB980DE9546C67964EC
2379	3035571	E57E04C315471A35FB689DB3D1E69CB788AAB3E7B29DE2794608B15512DB0695
2380	3035934	A30998DD48A2B08FF14CE2F81A7A807FC4D4B456B7D425909C854C91E52885AB
2381	3036018	AFFFC49F0FCACE5562006E30AADD258E25B211CBD294692CB2F37C28BD44F389
2382	3038321	1219351D52DED3E9A8FF7879E14D286B608DE6373FDF4A4747BAF76EB6BC0736
2383	3043408	9818D539BF9EC72DE31FC6B0FDB19EA50763F7EADA7DAC59DA4243226B36AFC3
2384	3050361	65A1CB13C60C7D350ECE96EE845D7E382B89C424AEB175DC36B415A00E7BF5BF
2385	3050376	E9D03A4F4855C2BC3B24865826CBC4C97FD4082B64363A2D5637DFBA0726BD85
2386	3051398	A33471C4518F0EBF1115C389AB9907A8A551CA5298EA45AAA562E4B5351C1D76
2387	3052212	D30722256CF28EE571F1FCDED912B6C19F507B9F587038B9C030953075C18BD8
2388	3052336	8D50151B2A6ACA1C76C2DC53FF7A937FF41732D93459224028702C366EE287B5
2389	3052722	2136F1F15FC67D64497FD178DEC42FB094A68AFBE4B3374DCDED3B7FADF6D928
2390	3053968	097A10DB4D382C724D4CC388C5AEFF8467D44C00C403ABFBE96A71EAFE9B4728
2391	3055996	CB830F0CBA78C81EBFBDFABF61BD24400BA73F290288C4F3F1811B476EF3B92E
2392	3057692	80C20FCA0AA844D2EC509FC0865B97AA44A3C49C01C1214D36AAC52C91562713
2393	3059897	FF5FFFF8F2DD147B9B056752C42FEBC3DF02A286F5EFEDE7CCFB89D50E458B2A
2394	3065279	51A671DE2A2AD2A573C7C32E356D0CC23582DD9F1F65D8E7E971CE81F656C389
2395	3065690	1258FCF297BC6534124C9C9B7D72D8EBE064F64DAAD9F4C16CC60D471D62CAA4
2396	3065737	F374DF1543B6BFAECC97C7D8135EDFDF0EACB842C9D61BAFB587FCE3D17C503C
2397	3067632	D9F75EDF143335A107438C1632D481B70E1AF1846A0333687281B43BF33E196B
2398	3068202	25806E4C8F03FD35F2F74C38FFFF842B6E576CBB5C021B176BFF3B6D988358A9
2399	3068203	1243987FE8611AB2A91F25064832A0DDF0130AFDA332EE08DAE61F7BC498DDDA
2400	3069448	CDAFBB3AA7FC1A7796006DA62C34FB697AE353257166D227E8969799740CA8DD
2401	3069449	17307DFBC18CD27A5DDF5C869C9CF4D2CFA53FDBEF7C85B2332A34C142DFBEA2
2402	3074708	C1972CCC9CB5CDC20A8A3D785BB9CDE4B82BBA40411350EA1D3925ABD0DAF7D1
2403	3082358	145A266FFE0BF49369078BFD5ACA945C3BB2B69573574B036C772D4C4B31C28F
2404	3082880	9C5973A83921C598916D6F9B21EFD02AC5B9D89E17CEA155A8CF72A459694CF3
2405	3083112	8359CD6E208B9A70D0B0627224A220B1410A7CA352238DC0E786CD90EDFC7356
2406	3083822	342C023764F0FCA5C424EDE14794EE00BA2BBE4A729E6F725A0763DE8643A8E8
2407	3084020	ABD6817BC3047A6D3ABE6BDC35807F1702A566087B58B04AC8AA6BFDA54EE3BE
2408	3084878	F035718F165D25F796D7408C8E0408DA414031A7EFED29A2C85AF8D3F4E2D725
2409	3088493	99E63009459901C42B19C2E25DCD050797C724D9576884EFC5C84BC50EC94015
2410	3088652	3234AC49A51BEF2AB0CF280AE35CBF7AA2FCD47E62BF3CE8F7502D4254FA2804
2411	3090188	633184AF25C1525FC291AA407C797877F0424D9B23939FD9CE9E796424B171A8
2412	3100979	958B599957D25944E85594A4AF4EEBAB669FCD824FB04B8163EA9AABB3D91985
2413	3101073	05939A57AF7CF07153979C8109B66E1CE8A67D3D67E5E745FF0D9732B060BE40
2414	3110454	A26271B6B29DF0EFC693B20FCD75F98B240B9CE8C2F0D0BC81A4B6249D818411
2415	3110456	35AAE4D55B7E98FA731B4653894F6F6BDEF75EFA7B1783F5320E4548915BC494
2416	3110481	D7FB00E66E96FD59B479980337B3640AB0A50EA628AE7244FD5C81D8AE76A9D2
2417	3113022	74BA0CAC11A5C1D2ED66C9DB5D52F097EFE11B297C57228E769C0CAFCC94827C
2418	3114308	51AFE00FCBD48B14DFB2A502E986796AAB7C5614C85066F1BA19C95B823E7D5F
2419	3115415	F7660F9C3999FB66F46A389F9723FFDB3769ACF474E035AA3DD5A98861365381
2420	3120066	AE49C038643D39394A784B837B7C37883D68427EADCA8E7FB2C3FAF63811CFAF
2421	3121171	D86949C2BB1EA25DB7630B26C67684A1A90B768097A5569BA9F3198375EAF211
2422	3121856	B9D9406B8E46CAB87ACCB403CDF96DDE134341FA2282650A11360E17F8243C7C
2423	3125936	B802326AE2A616AD1F23ACE31DB98B0F677FCD94BFCB15FF0BD82063E0B4C2B6
2424	3126034	C99F62CFCF26AB32F27AEB1610CBD907295DDB43553417D3B4788C9D3E1FAA8B
2425	3126035	948B182277BA6057BDC125C413A239EC569B2D57E8EF279D8E8E3DBA6301CF0F
2426	3126059	265B7ED550FB4D63DE3AB05F402B85931DC8E7362318EF7DE04850D69E6C37AE
2427	3126060	1A2B48DFB5B74BB59745AC6ED225D1BB6F29B79C0A97952C12DCF690ECD6759B
2428	3126338	CC6E08E2A8D0E6A768E2D971F9555DEEC6956B1ACD5994483C80A4D8B7FECE66
2429	3126498	E2BC1AAC9219AAA4D8B2762E7BB35BCD0402B6B83B4F57EABC246A4DB608D9D3
2430	3126683	26FE75BFC0E55A7837BEDAB2AC034655BCC63EEB8A1A5AF2D333879BA3CFE174
2431	3126684	3174DA42EF7DF7413E0DAC98DB41195604B77D9CEB4011799D109F8D5AC8E9CD
2432	3126793	C7BC901F8062DD7FDC4037BF9F7C6568EAB12252572F4D39BF17A0B8B9642490
2433	3129213	81821CED72BAFD379DDFD9805FE78CCC19B5F44147C01209BB64401FB0858D81
2434	3129316	A98B57DBDCAB37466FE1EB7B25DE8B2B5B3EDFB22FD9746235547E101DF65F39
2435	3130613	1FDCE42E64C02DDA647A77E2076223B830C979490FEF3E5B6CE4A2945EEF48C2
2436	3132819	07EFF2C2AE157403A398D8049B6B82AE9A6CD593D67A7D999CCB2F97A2BE34BE
2437	3135761	C52A28F402FDC093192EE3D73321C057B14D24D6BB468814EFD7C888840F2E65
2438	3136487	A1E887652E440A47C4EF5A1C378A7F9A621C262FE12F7BF1E12123BA233D61F1
2439	3138985	5531F8A35C23EFD8A7A8EFF303B92FCD5F1B75BF8A142FBC96D63E4899746A4B
2440	3140809	80255F4D1DAAF8A7D171575A4AD8FF1A9463F6384781761EAC2EB043BF46E72D
2441	3141818	E3C94D776318CD23BAD9B2F0CE8D9D7FD4968F9B500DF6D811DF5D95A04411F8
2442	3142479	00E60EEC3BD2AC4B2794FB271937CF0E8B961B6A0100793CE4584B91846F3E36
2443	3142806	29D2EE9129757C351A43FE20D108E5DB7AF98B73484B2DF2B6AB4A9FDD3F4729
2444	3143541	D2E8C3841B1BD8A4E877AA08DCC1FDD586747943523EC17FB3B4FB82E67AE786
2445	3144796	3A80C778EA8E5B03D63C7E303AA71F9C6558CA1FD86516DA2AD61278D19F76CC
2446	3145505	0F4807ACDEA6308687BDA83574EE55B593CF3FDFB7906033A7B9006D68B46DE6
2447	3146111	DB502A362723C31D8FA1B79953FB6552F3A5B30A16DA9DF9075F0901983482B6
2448	3148092	38F7AA086C41AB1D2B479E4AB0103BBF65BFF8163D5B46C5993B385C0A6F7913
2449	3151203	1831E71983F0C27447E1D323F55E9BEDF80CDCD53F20CAB435587F13A6EAED7A
2450	3153073	366FF1B2C3959BA370DDBC4B1FCDD97BD1870E9183BCD479C44E17E0D40C1446
2451	3157199	1AEA349B55BB43698C6976441D2793FC2A02278DF742952B98DF9DF58DD2685F
2452	3157753	4063BB53B542EFA8103FCFEA7A05588EBC28DA6538F466FEAB72B20023582FE4
2453	3158492	4F806F13570229B351E41DB1B219EF4023BB526629BCBE520E39FED922308869
2454	3160757	3DE3EB47F95DEBA588A2A308B3E4C279369D201DB8A380246361B11E81763C93
2455	3160860	079968B0CD77ED99621B339FAD085E6DD3EE8BED2026895237186C6D9AA240B2
2456	3166721	CC5895F2BDD17890294559F8CFD10BAF1A03572F3D6D872993BB4C42DB60F9AB
2457	3167389	7471698A3CF695DB747F0CAE174E1A38C13DDCFE39388A5A53619DF23B2EB0D2
2458	3167447	46F14F3A2226B1D74CB9566F6E625C4A29A39E0335A10237E643FD87E16A1A54
2459	3167485	D70E10CE273B350325C6AC774F30E0FEBA155AB46DC93256DCBA80A13CEA4F47
2460	3168905	25D4AD8EA331E47BF3F7AEB045E5D51C485D985CF9FB01737BC12091BC0A04AE
2461	3176567	97D923BBD11E8D0A8E58EA7DDF028C3F57D3ECF6E1F95D1F339E8FED4EB38B88
2462	3177868	BC699EF9CD341724B6968DDB3B521DF9AF114E4752F32A57EA29F1268D4761D0
2463	3183014	B512E8754E6D310E11D56B88E22AA6539A35F14CD7F6A76640F03ACBA984B73B
2464	3183510	90E19F9D91EF0485C997A1C92938849EC4DE067A5D21DBE14485EDC802A9CF2A
2465	3189575	1EC896FB2243DCE5EFC944F6B336DBCC65CF9F8026A97327A288DACF6AFDBEEF
2466	3192493	DB535692CA28334763F15F3D5A23453DCB7CD215915697A534389F6FC7F1EDF0
2467	3193933	03757DB51DF621F572AC53D7FF201B6FB7F1A63044DB2534754ECA000E89AA50
2468	3194593	D3D1B3474AF8888296BAAE643983995E43C706D685B913CA290E0A0666E6283F
2469	3194695	CF5C47807F235F46191EAC5635C910E3B215BC80946A5EF521AA828411245D99
2470	3197077	19E507DA2E900AEF5DC6C163EFD30A7A97CE486530C1635D5C24A701F35F59AF
2471	3198943	9472177E52E76CF3E43419DED0107C3516FFA5218EB74BAD9CF1EE090C23425C
2472	3201449	36B6E46511A343EE95D135074C6588FA3890D2FC1EAA0A7BC5BE6B05CE221909
2473	3204261	F1E75E653A56616D85B7946F2FEBB99FB9DA122ED3EC1D376A971A614C48AF1E
2474	3204733	58EFA82F0A7DE57F93E977D8494172F78A22E8BACD85461AE3FA116F359ADE88
2475	3205377	565587881E808BBADC9D1E37AA0096ABBF81D32EF1244BDCFE1C0AD26F3098F6
2476	3207235	3C5EFA4EB4412F038BD7524FFECEFECF5C42F32EB0990D02C789A44FB9E18F44
2477	3208493	5F24D2A6D0EEC4BF71FB45057D01D671C8D47E38FA13CF68A2CA6202656F7A8C
2478	3208495	5D8EDAC5A78AD0A6DF014A4D22618C53D6BA5FF1B2962F7CEB3558159AF5E926
2479	3208565	0F3E1D7A1A4472D6768782DE2FC1EBFF4BF12CCB04695D5A1E9BF4BE787837C9
2480	3208567	35DC96C2F16976455927FD6EBBB7283B8423F600BADAEA8CE89868400DBDCA2F
2481	3208742	3B4803C8C2062D145003E07B2ADD6DB3F3F5A2B33745DD6D66491E5D1B307CC7
2482	3210612	7407BC82C51E76239E360AF862B620090617D0478E078972D935CA9B1F64E585
2483	3214461	A7A99C2C2433ED579063068A7BB514580336E7D4B9E2B8DA771AA270AEED41A1
2484	3214548	E8EE5C60077F0AE0C75BE1D05D67D6D114F79B5167396EF9C0F69A47AAEFDB7F
2485	3215577	B6D0EA9D484AF50BCCED814045779E159B67B992E6FBFD3FB877A75675387B8F
2486	3218693	7D76B1BA0ED5AA9B84D97D88DDC7CD41B65872AADD6EA298415E15F29D434CD2
2487	3218767	11303ADF40D80927A745BACE48586DE3715C38406470ACEF2B4FEF20EEA0854E
2488	3219467	30DBEF912DFEE617E1975ED0F9916461FC85C1378CD843E68E6935B5F3F9FC7A
2489	3222055	301AB9A561B89A43A70D650C33204BDF09471254E74F0AAA38B24396E2FA7D69
2490	3223598	1FBE6F5A03561EECCD14C2BE88DDC5F1D17AE3BDCA875A3B70A15C67568F9D24
2491	3225081	EA70BBEECD92A5C6566CA855553EF186AC5759F290FDAE47975BAD93AF641043
2492	3228965	44BE162ACD2548D900CADE095188DC3FC0121B6B76CA113A8CAA4003C711D98B
2493	3229142	8802BBCFEC9186CF29DD3448CA31DBAAF85FD2A3D7FBF26F6DF73A842AC8792C
2494	3229235	A02E84AC9FC6988873A8295B0921357DD60EB3C48DB09765B72AB3D4033BB824
2495	3229667	7F1C5CAC3A0A3CBA2AFB37166D8E2B02EAEE489A53BE567B4EF0AC9C9230A5D3
2496	3230765	8037D9490F80B309CEE667C9602300F06F65660A45715EC8432D9D6698C82ED6
2497	3234446	A64C67F85B3F1BB84FBC30FE21C52FBAB55B2367FFDDE790100316083211CA92
2498	3234447	685F479B2B607DC247DE31859EA409B331D5B85D2FEF67CBB102C3FB5F8A4A7C
2499	3237009	3E85D1A436CAA1E9B9AD3C91ADF570AD82198371145274E80454E384CCF54558
2500	3237047	ADB98DBAEA79D0BAF22A0CDFA1DCF8C198C4F020A6E49522E0F424E7CB6354AD
2501	3239165	85E55997C8270E8B275CD20FCEEF34B8AD3A793D9AFAE29C50428ED3DB1D47D5
2502	3239167	866A1D3A7113EDCB46C4E869C4338B8935CF37FB55A4C325EC3ACF6E8253D85F
2503	3239818	0D55636C4A889596336039DB2F54776E54FFB5B2B9BC63235F047765034ECE8F
2504	3239867	317C1D5884B53AD11B28CEAF14542E0A9CB5F246DAC62F59F288C3C2E6420EC0
2505	3243998	43789048AD287BE73F1C652CEEE7075D7B00720D94D3E9D3228FB9DC02216F6B
2506	3244647	56ADDAF4AF88EFAFD0B1F08871031006692C9AF43BC0D072A5382476C60C5DE0
2507	3245148	3E00407A5577FAC92FB98BA4BD1DC3B179224B9A2C4A8CCF52D8AFA90DDE7A2E
2508	3245481	7BD4862F4DD31B1EBC77742A909D1B02B155DAC649670C748D5C5A0F540210F7
2509	3245533	93ACF0D2A2A7B838C94E2A07C78B0C091F319A993A88F8C533EB7AE1B88A07E5
2510	3249295	69A42596297CD5878FD176EB808D721EE8A4BC83D3822B61DDE70B3A2BE498F7
2511	3249802	EFE17D8D07DCD68A64548D3BD4690A1498AADB4C2871748D54983830B8150BCB
2512	3250018	D46F984305F48A4480921C1428A0BEE5AD470EB53F1DE5EBE49E50C387FE89DF
2513	3254847	4644463AC7E26056BA7B5A0BCA6ED8BBA67E3EE8CA95F40F4BD2FE9F3E5D19C1
2514	3255261	5F46A62810617F62F2A891437CDA84E7C4634C745DA0B2136C419B474066E410
2515	3255846	BBBD926AFBF5CA664CD7E92A1A29DEDC100345DC516E14785F86ECBF9F037B4C
2516	3257447	689F064C43261445ECC38FEF9221740352F1B0CF01646AED0ABF6AB782FB366C
2517	3258409	B7C34967763B6EFBA7F34EF78054FF09257AEA145EFB4EF449A6AD1772A20207
2518	3259495	9539CE2CFC3EB792A138EBC670FE9F59DF6CE07BCA206CDBE9C79D8A52661CD1
2519	3259565	B51BC6D522E714C46F8E534338C7D486514DB2BE65C57572424D7CAA07E67FF3
2520	3265175	AFF42EA12960B4614F5A6F8E2D3676DD1E25FC190D3174AA982B031CEA871E01
2521	3266709	AA44241C1C8A56614F7E3536E2899E3ABD6E2BBF93F2206AD8E4D86962884A91
2522	3270351	EB7E79980BA61944A8722B486446C75985010C0E4B92FB288AB3D87D577D0531
2523	3279537	B73BEEFB16F0262563E78686FCCFF51692D9796A9DF6158370EC548A3F118848
2524	3280853	9A438AB5591A0937212769D4E7AFEF57A68C21588B8A7884CE28BDE12D3A089F
2525	3280866	768569442F1DDCC2CF71AE60BC83AAA612AB7B2BD1BB6BC536EC909472813C84
2526	3282320	31412B0F99CF3B9130BD96D561F4BB02349F7088DF95E532722C55579A3CC2BE
2527	3283277	7BFB6EA368715D9C7569E2C52EDA148B95BB3252E9EEA6E2539FDAD85AE21F8A
2528	3285228	9E994E00DBA8A798B63955318EC08225CFD510EAF1B3B17C3140272AF8CD9FD4
2529	3285951	7594238049E22FD15FD3C14F506B71E853435C24C731414A6F39CE35D51A2A31
2530	3288231	4FC646FE4D1FF448EE370E71B004F6D7AF67CE4BD3D59E8850A9C73B00B21DAF
2531	3295396	F2FA4525AA8937396317A5461E70007A677C2FBB54CAF0798E3C5A36DCE30452
2532	3295609	B53063D5D654524A21BBD887F970EDA8A7D5CA5A282526E40558CAC2DB7C9628
2533	3296106	108F187909DE5A0107B71245DA6F929C6633DF04B8D4CDA12E11B67A252AC5FA
2534	3296137	96C5C712E1277F7A1A845A2FD05F7AD7263C58C8F1BD8FB7701978E4E5744DF5
2535	3296878	6AC962C113BA7CDBF1959E96DDD963AAED6D3ED4C2B163BB1853B9AA77BE3110
2536	3297266	203DB13CC0598582FD381A855D55CB290C98E9BD4461FF099781A5CBE6953BAE
2537	3297557	3C6D2F40498C061124FE3B3D9C4331D2825DFFD2CDE6AA476D99BF60BA8F9D25
2538	3297789	B4C7A8C432BA7741ECE44C822AA0B896979D2C9386ABA0FBC6A68604D1BBE435
2539	3299840	8A1D6FEBAF970309F1F7EB1538FCA3840A1396CB4292C73B5955B9CE3542FB1F
2540	3310876	D3196790C88F2386EB98FEFE2CAC5A0BEAD62B215098FEF6F0D56A5207FEF6B0
2541	3311274	94E327BF01E2CD8F1B31CB19730B1F3F6DE2BBFA9FAA5625145565767A690F47
2542	3311813	5E0D82AB70C79E26847F7C7A1984FDF9D3FE2615FB5D0107E4ECEFE862C06281
2543	3311828	4D870C8E7F9C86ED98CF07F20F0D0AE8B4B44D2D8715F5C9E0AB66A57772668F
2544	3312048	C0D4771A3CCAEEE972611AD7A71554612155A0A18BFF8183952EACD0EBF29D0C
2545	3314796	C7BB52050C3CEAB6DBE24DB32A06CE94319961AF5B26F43FD128532027A8E7D8
2546	3315361	B545E8F0D2CAA4FBAD6E723A96165C932067F02E6E21BE1B3C5B3E7AA05E6CD7
2547	3316321	26CD2E61CDB31863415335033A4A64C639DEFED7886C8E350CE7C76AED95C3BD
2548	3326013	D5919CD3FC090641C3683BABB4E0CAE4B349D31AC1905CFD8E720174ABB647C7
2549	3326456	1DC1CD60277C4E74861D4B190DC17BFE42100DD1693036194ABBAACCEDE6ECE1
2550	3326789	286E0BB538AD104E82E4B80060BC063A37D00C7C93199E75EF503A0242EBD4DC
2551	3327203	71BA69894467B44C716D23F445AFBEE274E61CA8CF386261285A5963A37C5D7D
2552	3327927	F4EE71E27E0CED84C48A465E08D8543AB8C8BD5B1A5B72DFC0900589E08617F2
2553	3329733	8FD03CD54688E417F2EB0B39A77E411D46D41EDF0A68F280ABDC20B152D5A880
2554	3329819	04E4C6B65A3B2292107A023660B58515CD4C1E0A13A0AC38E0BF558EFB98CE17
2555	3330068	B6AA228BC47333B153074B1AC6F9806944965A32330B7FFCDFCC7EFA70D3625F
2556	3338224	20D5D12F83C991E63A6BC912B895C2E640408685DD659B4367E81D42754ED520
2557	3339473	337CC0EC370FEFE8DC1AA4694BFDCB3440A79B9E0FB6316AC3BC80B1DDFB69BF
2558	3341936	495F037C58CC2483383AD249ADB9AA174B2F27121ADB6B06D97CC50BBD3DF1AC
2559	3342487	1138052E30B9AFDF71E279A0F3B5A2E341ABEF76860806C735845F5566BF81D8
2560	3343541	98C4FC94EC09D4D6703B7E13D1B7D317535F31084D798D8F719812CDA5B84DA8
2561	3345225	3283BC9D531FDDB1F78A532A42A394995775C32352358F0C6D1DBD6322C03541
2562	3345271	C04FFFE1B3481B106DE668D669589CAD6BDEF05F0557CB19F56314C266E9490B
2563	3345900	7B4FA6D00A670BAD55D57FDFB9DB3F8C7B471BBB0183107013F8DC92BC13BF3C
2564	3346232	10C89344F311461430831CF875B1F838B0112BF0C1491E4BA10070BEF9263DD6
2565	3346604	CD4290F88F9119695318DD03BD58A4AC9D31433F8D914A8FA9EC1C8C2E48677F
2566	3346791	4304EC09973DFE51859DBB8583645262A5A3D304DAC387087E34DD46E6EBC463
2567	3347012	CCE19FB644E9F1EE65234BF79510FD42B39DEC926EFDF3D509DC0CF508678254
2568	3350691	72F5EEE942A4B2DB0DD5984DA13EA76BB2E346DEE52BC8EFE1FF1D74FE09002A
2569	3350951	9AC76C8718FE2D8A57F45B2D17C9D5F57AE776CC696C24B4DFA7E99394A70975
2570	3357416	2731B7A468F2EB5431C4EEA1FF254DC84CBD531BF9B35C263322783C1A2373DE
2571	3358164	AF7A691B6047A8AD5C87D8FED596512BEA3C86D0CF6496D86B2E32DB5A8E642F
2572	3359982	E38AD31A9011FFF06382DD89B0EA77C2531D06A7E32ADA6B246D134435BA9F50
2573	3360192	2DC490DCEEBD3CEC19B626462120EC43BA8943B25641BE611CECA08C98FECAA2
2574	3362280	10CDAE6C3C1911024892CC3288181A68F1CCADE11684ACE11B3E618C5D7C67AD
2575	3362551	10D67B752C4B227EAB2F8004C2FD1B305B37C7834446969774FCB3F6F81FC635
2576	3363222	4E94DD173D92EDA3D29F6E18FB1806458FFEB12804BC98CBD59276CAA027ADA4
2577	3363413	9CB90F673FF42E0BDB65E2C9A8BF7F6516C0EB160CF329E99C62D9ECC4DFC5FA
2578	3366529	CAD17D0E5F80BBCB891A9825BDF61FCB9E27D63F554A7D1A53325304F9165A7D
2579	3367151	1DBE5964E23BD2C26DFFF277F3B6EF7062C1B57BDACDD486D1EB8A9F348CE067
2580	3373020	3CE64D95792A6300ABD7CFE668C7CD88943031ECE1A1CB2F2665EADDEE5CCA69
2581	3377055	606048B964834538BC0FD87BCC13C25F94E9CFE80FB20CBD30ECCB3F4BC3F755
2582	3377854	B9366AEFC6AA7F1732EA9D9C2511899BEDADFD8C03875E48E77A9F8BD52931D5
2583	3392225	B5958BA9DA47795109C524CE4E9384505D0DF4ABD535B91D708D41A98155E398
2584	3394579	06D6565437E302F3EA3C2FEF9641D07F8BEC950B19F31A44A580F2A0A9613E4C
2585	3404929	743613EE72C89A63E113D279B2048726354F45F9181663115AA1471436C67A0F
2586	3405119	77FB5A489FB9E0E37711B74AD04E56C08BD241F914CF4023FC221DA366B5C05C
2587	3405530	2995D923AE76CF03A4492EED73C8D90CEE43458320C9A34237C790108990D5BA
2588	3405698	F77DBAF07661EFADA66AD910A6BAE03142EB4F957DAEFA2133A44C1F11948A1A
2589	3405819	9093B0BD32F94B774592C7DEFE53C51925303F2F92F5AFF88292C5210F8F4C33
2590	3406311	9DF243AB396A9415BA1D98B1A8FCB58C135DEA0535B426D7F2A5D6631A444A39
2591	3407942	E99513B1407AF710F704864116A11AA5672F73238066EA9FB84E9251F1E3BBD3
2592	3408043	C2B2BCD70747D0D0FAA51BFC739A4C8C222EA3DBF86E6EF7D57267E5D509CBCF
2593	3410703	B0029E9EE5F5CF1E0C4659C41EA188A6DAE81574A7516AA17C43D4A7718DC815
2594	3411517	C378551BB657F669E6FD7E1B7442E251F2821EB2932BC281E2995F0D160900D7
2595	3411796	AFB2FFE7E4A07110DC2F482043A3175B7AF4D4D297E321274CF24FC26F24397E
2596	3412352	14A40667CB37D0CAA983E5AFBD70766A5EFCF91FC57305E8A2F62986613CABBE
2597	3412982	7481A99338C8A7B598430108D2FA071B01BDA3DADA047F9735DAE88133C8C321
2598	3413264	D364FC050DE47091DCC9E584E2A5C2A909028C03D8FAA70C72DFFD06876023C4
2599	3413485	E7BBCAA9786A05D8B155A81AA8DD45444E3B04D87C022B97622559BD7E778855
2600	3414562	BAC99E6D1011FCA6C3FE9E315DFB0DDE8A67BD4ADE7E99549B9FC96ECC7C5E46
2601	3416613	FA839B3FCFF7BA6F501F52B3CE96FA9320BDF800913C30E16BA246FB26E7C5C3
2602	3417004	72A8AD405B1D5CBB00CBAD0D1FB6EC55D3DE3AE94C9A867D8238B11B86CAECB1
2603	3420729	43D97F0C2443083468A88D1DDE719BE81A3B92E3A1AC791A70879F6274C6FEE2
2604	3421095	82D46A3483921635A2A5B5543E0481916E8ADEC5BD8F9ACBEAABA16BC899185D
2605	3421257	A3429ACD13C2F69CF9D8DD62F4E70EB159714ABE98F391302D20E90E2A4373F0
2606	3423422	D0832B5CC38544C0F9073238DAD3391F14943E88E28A692228E149B408B738C1
2607	3423486	59FB9BC576C49719769703E965151EE2D9BE761711850E86AC2D5E9249F0C9A2
2608	3423535	8DA99F685E4BEFDA14526F57A22C5D42C1F3C697D80BDEFDA18A8784F4B55DA6
2609	3424718	92AC80A94774279C629F184F0741068C600D4D894E84E8604F9207A8A01B673E
2610	3427833	B229271F2DC6878A8A4D61EBA3D553FF804ECB554A2530358CE8A689C9570596
2611	3428462	0CF4755C403A524D2EF343014F95C48CAE10459886C940A38BCDE42D0882CDEE
2612	3437954	4620837F71D304852C6FFBD7B8976B2913F2456C8D0BC86C95313195A203145B
2613	3438414	A470C4EBB5011ACF50DE6005F3D74427166AB0157D5C8BFBDDF5400855EBB647
2614	3438432	80AB738F3C01B4E32CCB80A0BDC05DFC2530EEE549896CC87EDF3635F543FD0F
2615	3438902	C005DD28581F52CB896FD5984E4C917AC5FE9A561C76737C021345C4E4E9AE7E
2616	3439003	C513DAE8F70812D1BA3A7842AA7FA5B47256768829F40DB3CC377036F44E5F42
2617	3439647	66E9392001EABFBEC2B5CA98397177C429BD7C517523634B5FD4A50DBAFAAA47
2618	3440249	674E50EBB54EE1E19B426440696E5864D69A8495A5421C9F4CF310E28722B28C
2619	3440788	64BE0463A01869F8A1CC7F89D704016BCE03BD8A80E74306AA2CC68D6E9CB8D5
2620	3442999	15B9F49D82614BA7C06B9785124B2E65B76759403E189011449E0814331EE9F8
2621	3443914	1CA9920C94C2E1F50014F5DEE3090E0102871A08C8E46A64D57CCC53AC9E4673
2622	3443996	9A4A908CE87B45ADFC77A68CC2A6B15CACF2AC0546B2894980B46D416538996E
2623	3445044	401F5B42F50225BAB9F6D86CE950A17DAD67A2D0972FF29197889B6C6D6BDD37
2624	3445457	26E04261E87EB3174AB172638A70583C21674D91F0C9932F6E10C56EB6C039B3
2625	3451365	536BB072DC0418B92C39DB1B7F2BE8B6E5221B53D76F98D5FDA5E429AC90474E
2626	3451676	3130983DDA2AEB7CF157EFA0D7760B30523480F0FA0219FFDA6CE5BDCC4CB711
2627	3452607	2BB134A326F548932E008B8B170E1E211B72D506B8AA87DE1FA7A21FD0394643
2628	3454905	2697F883ED31355655B8C857823516984FA341C980C5182410B770EE68353C09
2629	3455622	18704ACDE275393F6099AA86456BFE628DAF80BF9CD12864D4490090CEE119C5
2630	3455658	088E19F972C2E701792BFD81696DA4B058D30E7BAFBC40AC9DF250ABCD2C7A8D
2631	3455678	F1FD1BB270A95113CBB4C7E210E77602A59BE20E2FE209E7D03BCFEB6714E84C
2632	3455728	9A5C6A4E96B8880142835D19BFB68562E946826C9BEDFDEE37A227B653AE5A52
2633	3455781	91E1CB1C1ADBE7161394F0B52530A944131FF1B2662BF124704D2413808EEFCA
2634	3457442	4C5477A23EA35CF4602DBB4D10F8FC513BC1BD7D26DA3453979AFEBDEA7DE756
2635	3457757	6A67555145692AD356FBE3455B8F119E653D396CE6F28959BBA1AFE6B1605EC1
2636	3458793	81C0ADB24F717CA77C4ADCFE88301CD8111AF0601D2220CE9574D337B7F90C3C
2637	3460989	2DE6843EB7E21433B13BDD348515B3EA493EBF9D8F13925326115F9286D8A7D6
2638	3468591	1A448DA34892076334F9AB2E085CD42E84132A781FAF5610D0DAA63955DB3EA9
2639	3472896	E232E211EC618B0153FA9B03AA6AD6C333D683301B508761A65CDFB9C8F952C0
2640	3477507	F1EE2D083862E801F77A2EA776EB04E22F7168BB535F1F06103ED9C8153D2C9A
2641	3478857	61189C1B0CD8CD92134C06CBC167712AEDFD50FA1A70D8A9AA6FA05CFBAB3884
2642	3482112	7E3907D2AE272CC0FCF37EFE71A0F4B675A5B5BB24351969C8FDC58C4408B833
2643	3485085	0DE83C08CB47408946FA510D9A97A50E30186AD82E28E28D9E402603CAB10EB0
2644	3485105	DD4445FA337816956576248671ADB86F60CDCFB1D79A28C515252237A64AA225
2645	3485253	F540232C32F8F63008FFFD747111A6703D785B024B1414545E4090CD24F5488E
2646	3486174	1FEE40E53E97F02658ADA1536CE808706B4772F949F388310CC247C98E3E4385
2647	3486230	15249D416C478F029F231308B402A75BDC493961699BDC841C92B2FAD2416BA4
2648	3487993	1F4FC4B22A266174B82027A3AE12D3BB21FFAD92B457D57D45E9BBC2F6CA8074
2649	3488203	212B6CBB94B6FECD24BEF5F732D4244831FB3B2C0F322751643B4C0A688930DC
2650	3488275	5733743C7064FE4951E7100270385462A3D102EADD73E5DEB008EA38778F7846
2651	3492525	1AE68F164992B7678C2B26FE063FED181FD93D38E57D0A538A5353BA8F6B7241
2652	3497713	7EA200224978335BE62CAFF15D35AABBABC178DD795CE7A81E5BD32DBDC64B2D
2653	3498199	F3FA22A9169F6973E35A108A86306DEF0ACDA6A2E9191CB95158AF26D16636F5
2654	3499457	38889A572F0AE12195324DB80D1DF1701BE7C09EC46E4D401D2E71CDFAFDD087
2655	3499692	D475964982FD40AE53583F5FE41C94B21897C311422B586A4BBBA20DDF0CB47A
2656	3501534	0070BE47F3F3640A5D8AC2A1A77DFF466E62024154C5B1408E2BAEB73AE3790C
2657	3501626	379310B53B5FEB5C0A176FB0F4F7311D90D1820E2137319D6CD11076C4E61EE1
2658	3502170	3BB75FA3B95738A5A8052B30F32BE3E07E7C458BF9D7A69F0859A0DEA7AC0DEB
2659	3502171	6BAA9735E133B2575703ADFEDD5CBF5C0A2512DFD65FAA25F7A10B6222E74AF0
2660	3502201	DF307D47F2B233F1E4E6EB8A5B2B26FBF5A327E15C13240DFB12B6FC0F3E32EA
2661	3505780	EBE2A2B05A1B9FD47E7BECE368C417D8F341411E1E9E3EA4181019EB419ACEB1
2662	3513799	C53C795D4585FBEA1E40196BE8DD205F7D2EF36D4B4C1705359BB0C1C38F99C3
2663	3514064	E1F98D94950E93469960D3017314DE256092B07CD3498F6987577941BF5CD239
2664	3517106	0350FF527DB40F98F228682FF4F6A9D625AE37036A898F6A603936068BC51096
2665	3517247	DEDAF83D78C3FC17D25026E2C80FC4B6FE3880EA5EE39050ACDCC478D67D7B6C
2666	3517600	D716B9759738FD9D8975A28E5EF9D45EDD67058C3F7776B364320836083DAA0E
2667	3519761	9821411F94F9AAEE019916306F6D31C276D7064EA6C0CCAA7F02943BC06AE9D6
2668	3520254	EF1CD68B22908502ACBB1C443C2E90B308DB007721C62C6CCD16CF8A779CBCEA
2669	3520905	DB9CC94F6B76A049535352652597A72E738F01840472EF70F2B4A9CD2B416E60
2670	3521268	9E5B89AB725770B9FED9AB84C1899BCF12599FBE8D5B9A521C7E1DE99C9ED6C4
2671	3522110	DD751186FA129D267856E3E317D3F4482FD918C96B74407980C6BCBE87E5CA76
2672	3524230	C82EB7E5EE4E58974F37A341D7DB17E13F7673C7A2F3E3BF53CBD59EFDB8DAE6
2673	3528821	AD4CF349060D5F1DF1CA046D2DE29F2BD523E382BE952B7BE5C7AD21AE9ABF6C
2674	3529161	EE02E38D4F3A13E615816C1C864364A48ACF68A15449094C28457E7A0F83BD50
2675	3529279	B1490F99F5EA7A36930693DEAADAD64492B9A6666221F140B9C437677D3A385D
2676	3529544	E799955ECDE1C0E1CE7067D1BFA592E555D4D86D9AB334516934CDCD0A1EECBF
2677	3531314	3FC896DF7ACC807BBB179D3D944B84620A73FAD48C25AE3E8DB496763100D83E
2678	3532586	A88687AD046A4138BCA5D52CC89E95D75AB0B3479A2331C49421E462502D665A
2679	3532727	35B533C6BEC19218C7D20753BEF136251F9860C11ADE7DB38AA9C815359F82C6
2680	3533131	FDA3B930734E181B704A890D11EC5CFF0C13DD06DAE3D41205CE23520F992B1C
2681	3535241	991750B7FB95A2E459EB27F97F24F82FEDE9C866A975E4C190CC8CBF2130BBDB
2682	3535672	89725E5C13E3BA9F0F5430065D51786534148D44DF41B77BBECFC9FB80AEC8B3
2683	3535732	7BFC3E8AF2A5DB9DE5E3AEA879855625135D77BDDA78D522608D8F1BD6218FA4
2684	3544917	D5CFCFFDFF58CF80BD90DC71A7B4D71387EE3F22CC2E965F3D195BE219CEB795
2685	3546238	3008BB09980BC8693D9ECB894C8EBDD7CA0BBDA3875461A3CF08A82F7DCB451C
2686	3546996	9590DBBB974F35F82855CE8A52A6983BE3C4B5A1730DD77BDC6E8BC8D6C4DDC1
2687	3548016	A858C9856120DFF041DC241D9C618826263A82E7E6AD3A00911E59066DF14519
2688	3548207	38F600C6EB91D6F263212760D2E12BBBB53ED9DF8924308D44B3244AC556409A
2689	3559210	B656A2E5D8D58B3D78734D6C57BBFA3183A212B53EE1D02827714A7BF20CD49C
2690	3559609	B84FAF5D4A6FA17DADE886C1CF2258D05D18241DE6F74037539B9EE0BC7C6FB8
2691	3560976	8AD631DFA24D7AFC2CBE73206A2568C7DE19746F4F081DECF6B079A41E7254FB
2692	3561538	5F9DBF997430D1D9B7FAB05783F222207A4D86FADF137A878B4B3B729326B05B
2693	3561648	FC718B8536927BCCC8CDE97579CDCA2CD7E054365668AE618E8531CCD28C0DE8
2694	3562311	4F95A107C9A0F4972A9E6628D55543DB95B25104CD855F3C91F1E05C1EC8B948
2695	3565786	F15C4F916CC565578C18D5917E30665490DF8C592C52ACB4576E2349791D5AF7
2696	3572313	CF0EFF1226F5A540B8828602181985CB4DF17DB83267C647F4DB7250E6473EB2
2697	3572318	DB74C0D4FDA04B55E960552AE7A3FF192CFC55590C860FF19450EA2A53602561
2698	3573976	2BDC35F0ECADB03A2EAAE0AB511CC25E0FE19D68E801BE26BEB7E91FF7406CFF
2699	3576884	F12927C5B945DF52CFF8523CB8E01B4925654E4FC5855703983E3EC6069FD470
2700	3577136	32884554B287285B8A41E44E225EF4377AA4CE35F78280BFCBC06AED7D52ED11
2701	3578884	B108E5D5463D8770FEBC753274B4058B9E4611BFA25B5A610D3777943DB2A3A9
2702	3579416	DF1949E7A2696EE44F88D1B25FD958B8CD95F361723836CFCDABB9E9F79FE3BF
2703	3581261	B5EAB1AB55A8BA2EDD30A3FEBD83CEA56A727442519E4799B72ECD6A84A80689
2704	3592364	08EFAD7D1C9240B8AE0210B310EEEBFBB027E4B13F6E9E451261F967687A0008
2705	3592721	1E6E020D880037B1B79E9D547D5F4B192F99D4455F6C39F193C8D467AA8842AD
2706	3593677	6AA954DF2CF1E3353539ECFA4875ACF5D9DBA108A85A378F1B622E8C9138C7D7
2707	3594373	4F875F0E9C104F1D6F7E667D4236F09EC812FFF261431B8416F028E76409DC49
2708	3601863	AC4E739BBB5DC144C4FB16DFAA369D5C995628048B20CE3A981FEDAD88E55DE2
2709	3603693	FDA57D5346FD1F83C5F727EB7AA69EF55CEC4D987E5D7C60D1EB8505C62D227D
2710	3603825	4A36FA0BB1275C30CF2C6872D93EAB261898C3750076FFACA44224977A37936C
2711	3603929	4F9C57E823F7A2B01ADCD1467AE1CEB29224EC9353BBE4CA866C13D22E92E1C9
2712	3603994	65F6A9912CB2DF3FA8664848B9E052B993AB24C896F6A39F228979DAE37687AA
2713	3604151	7A8FD6E92DFE80CA92D1B5EAE90EEE7FF15A750C825052F785CD1F71EE104C2A
2714	3604206	D7458901B85776720C33253C4035D0C378C0071FB2151DF0F59F2747EEDF59B4
2715	3604555	5EEB9412F634BD65EF52B98C6A1A29F6DDEB7F68691663CBDC990BBAF1F47CDB
2716	3604692	B1CCAB1EFA61BE1D7872B83A66869E098E537D4A9ECED015B7F8A3C1EE0B4FE3
2717	3604823	70E4594208003D8A4C6B5E054B18ED0415E8FE68C2F8F78F04E14B02C7FC8C28
2718	3604950	E119A51A5404D74CB41232CA3B4F081F78CD3F966CF71080063B7D1F936AD01A
2719	3605055	BE20EE6E9C3E23D6E5DA47FE04379590EB455FCEFEA439B4C092EFD139F40F45
2720	3605271	5CD2B63D13B502D8A3B64A683D5ED35A8E891850969323CF9BE066898F771948
2721	3605444	3AD1C0D3EF7FD545E289F3CF43F4438E0657B78B62761625D6A39F2BD38E87AA
2722	3605598	605F0ECC7BE054D8A39F94B03F1CCD3B1CB4257DFC4B6F5C7C34450F89EAFFC3
2723	3607095	A00F4766E23A9CB521E9ACDA972D86189F3A2E513BA69A673104E914950F5DC2
2724	3607101	870427CAE7BF5CC078A6F6378BB197BABD7C03ACA4C839316C14B38820D4F154
2725	3607587	C97555F3741C337A7A88A81AF41C7BD7BC6CF8D1B5D322BC2A5E2B70A9110A0B
2726	3607629	B57C5D0CBF27365FA965CF6244730168EFB4A1D9DDE0B3259CD2A252C7A33343
2727	3607637	57C2A3E58B569EF1C94611AA838F448D873AFB6880AD6615A5EFAD12D4D87840
2728	3608002	BDFFDB6DCCACE1FDEE9D717BE85BE60E2C90E2D0834421C0C16766FB7C93C0FC
2729	3608004	C808C78CDF420F7D4E2CA925EFAF5D7772841A79079CF84EBF3C76B278FD3BE4
2730	3608031	3FB7D21A72696069650F2981E15FB91AA6548F72D35AB1C2BF8EFCA8234FE527
2731	3608039	D7865172373CB82C2FB762805B42FA2E3A331BD2164CD562FD647511E63B21D9
2732	3608306	18B52554A959F9C418F82492B0FDFCE400F6CFB23474449D3E0A33131AA87DBC
2733	3608309	AC7A880EAA59A8F0EC7F357FCCD7A6FBA68F74AC394A74619A6E355B45414774
2734	3608320	CD15780AB4967A8F0B8DE51D3E8DD07277FEF2DA83E9791CDF22330944FD302F
2735	3608328	65A78BFD1FB63497EC0C256CBCF29D83DE30B2EAF56A6F531B455CEB1F233574
2736	3608542	0ED238EA0DBDB90C657F872788AB3201C2DC0B534E9660F441140F9166D45A22
2737	3608544	ECA1197A6128BBD79089EEB00D50CA62984B205E1DC1081C179FEF9F7A343B37
2738	3608556	E025132BAF1B3FB1F797938F7C1BC9EFD5E37545397D5F035520C70BB98F8187
2739	3608562	04E2143F5DB9D5AF06DE22352A0528E1955E2A9D0D9AB1FAB1E940542203D736
2740	3608825	14D77E31FCFB8B21CBA6B89ECB326CE1F7A4DB23A059E429165A00F24E4FED45
2741	3609016	BDBB9625DCDBDAE515513C8D248DD2072918B023ACB787BB0BB0E420944C5235
2742	3609057	E15DF5632B0E86909D12B11DF631152A8F2CF13B8AC0ABDF1D081F11F3703D13
2743	3609065	8017C438EF2CF01EF0CC2325422CACFB6E473263E64877DDF13199AEEE265C62
2744	3609202	6C03F91B31D3F426D3E0101DB3CF3B08364E974796D862A2D670D333145F560C
2745	3609204	B9E178577D107052A0C43898E0D70DFCFD1E71D0DB265547A45F1F7A2B680AA0
2746	3609231	FCE343E949A64F0E20350C5AC4CF15BB9C9F4F80372F59776783D79735429A30
2747	3609239	B3F3CAB8C44DD5C0A8E049D5D54352C6C477211B6720DEFDE08F08D93D9D735E
2748	3609314	6D0378B4A4EF893062C967A6F030DB78B6CD0C8B981187E2B2D71276E21A0FCF
2749	3609317	790FCEB3DE4C4033C5A5BAD677C19FDAF106FEB302E79D6A3B346CFA8A086ED4
2750	3609384	58CCAFA45BE740B5222107A53A8EFA58012A661171EBA5C2BAA795442DE103CC
2751	3609396	30B6C611BCD87F3AEBB2498DADD7D3AB885F53ADB40E2C39876669541CA435C1
2752	3609402	4BB65B0173E359C823B93110120603DB634C0E8B9765FB29701CD6E890A3A8E3
2753	3613665	6F5FC05547E7ECCEF741AE359CE518492D50590CA99607519CF12B2FE786EB4C
2754	3613889	145B5CA0D3349CFAFD4F4ED8190AFA275B2468EBBCEEBDA1C46CC2144E89F2D5
2755	3613891	363F36C753F3975EA97D63501F5BB56E851275C5F37488DD4443136527A2977A
2756	3613893	DF14AFE8EAB8838147DA56777C1C2A5D224EB7242327178EF220CF20FEA3F30E
2757	3614025	84AB300C71CA6A6E07528AA080347DB6B5992FB814118B69D7F7800B73EB2AF0
2758	3614129	0792A1AEBD10264670B4CEB2D9E891AEC6F617253A70EF95984F0B44DE346BCB
2759	3614535	2CB19668FD5A41B94E3A8ED4F333847D3F2CE9A472E2479A9014C9036953A5DD
2760	3614558	888E8C107D4D8C8B4380DF3757EC4DAD0C3758BBB5E39B5C32C2EC7F3B22F229
2761	3614892	F06B11886C94DEFB5B1C22BF60F6E8EFB535394DED19981E5C19E7FD8CD2FAD6
2762	3615023	10843AE6ECD45BDFF2CEE1C6C07DB71EF390B7F483CA200A28FBE28174CAFF53
2763	3615255	64C6981C2FE20BEDAE90B1F21AC9545AE450E7E5F87C47A15488EEA5AA09D86E
2764	3615343	D886FB5FC67AAA55FF94B97C8B6C56924E2478525C7A14B87264D60821952573
2765	3615385	8D040A755FCECC53556D70EC55ED8C541CA712B841390E6D650ABA437D4C2D4F
2766	3615471	151B274AB4E7124ED169F7B309BC85F6C6C8381C47612A40B3D51C58FBB0E35B
2767	3615599	BE929D1089C1FC591D9E19869AE092FA934CEBF92390AF72780A6930C4EA0BF3
2768	3617295	31C3DA76520922EEFA3986DBAA6E1499B3E12389BC567A42E33BE69DF758DD48
2769	3617788	D2133E0A6A29E75AF68D5051DC1832ED68497C02937BE7ED9148577D51937FEB
2770	3617837	5E87DAFF533B30CE328F63B685E7F4BF8F0C3568A95247D06486EC2C2E861EAC
2771	3618202	387339B0CC5C3494980FFBCD3ED97E8661D5AFAABA573AC348DA7EAEEEBA233A
2772	3618204	440111B9C9EF06F7D8B3E6D553AB973186DCEC322D743FD5CD0112E0BA55E06E
2773	3618509	A76D62BCA4D9D1B135E12684801551584354757387BBC20F726F11AE55564A6A
2774	3618520	DD6FEE9021D9F6F56FBD92A3BD3A26C5AB60DC61BBACF5387C63A7490E65D8A0
2775	3618744	7F1DE169912EA054A6DDF6161A27E8ED0C3CA7EFAE8A3CE8770470365C969250
2776	3618756	F26EC10DDC3B91F6035C98C0C05EE874F7F9A9AAF502F3AD4A3AB9AFAA8723C2
2777	3618762	9F8EDBB32C97340AB8E16E45324FB569FBCE768C0308EDB231CBBD1387525AF3
2778	3618999	F75A9D6736256680B8D9D205C5246175B1F5708FB4EE1D32B5D8FCA7D9B76B87
2779	3619005	5A1C40799C274753928EA92424FAC9B6226FD148310A8EB2A68F83853880E250
2780	3619035	6176C9928BDF143ED199CD1C7C390F0DEAC87FD476FFA9656D6B5A497DBE023D
2781	3619215	252CB36AF00CE7C06A65E8488DE58FD166387F03DD462D8664A84208F868F5CC
2782	3619216	8A8A03C9E03A4768731F535803B2E674C718C4BB66C712ADD51E928A02523235
2783	3619257	9DB90EF09C2301618DC14CE321B7925B453BBAF0FA559048A35AA1849A5868C0
2784	3619265	A8CCCB3A2E5678D0D306ED6FE6BBF76EC652B12B9E9C154C4382CB9C3DF458AF
2785	3619402	6C492E4DA5C56AAB5AF63042EAD8E789DFD1CBB01CC01E058C300EC12367CE53
2786	3619404	6CBC20E8923DC1E75F7613215F87AB4D7E87728C87888188984DEFE9B15134A7
2787	3619439	1D527B67533B21920775422803EC878EBEF9A1DC384FE158BE836DAFABD78F44
2788	3619514	3575F3606FB336C21A9CC9E6F61C10EB0425EB9C2238047BD3121865684C8A14
2789	3619517	A77B07C1756FE6FA79D6DC9F648027B53613E66A0A8DBBBB847C64ACC7EB0058
2790	3619582	4F327207CD091C637D965850C3D8AC52533B38BB1AF6BFCD7AE58883E4C01228
2791	3619602	54EF8F082FBAD4C1BDFCD0250EDD0EE230A0F741B02CCC238375A748AE155DD7
2792	3624394	6D966D2BD9FCD971E6116848095E0842C264129B4D0B67EC925518822A9C7FE7
2793	3624551	0E942798E217C0CEE04E7E1AD1F85665FE8BF62B2CB3A50CA85EF09102C7C180
2794	3624606	0F51D76FA07D20CE82AC5C4C12A8B19AB5CDDF6A3A68E837ED942446B6C44539
2795	3624758	218B1784BE73B617B829D0434616570F3C112ADDE83FEA7CE47897FC3AC39B3D
2796	3624955	4928492A2A40BD68B9ACB0817AD74A6430A99E16485EE515AE3040104724B177
2797	3625092	BE66FECA0264E9090BCC40F730EE5218F1CC5334741C2BD096D4415087595E01
2798	3625138	AACDC5B323A6BAF11CEF48E628D0E5F8768576A5D200B2FBDB318E42FD171B81
2799	3625223	F9C888747E600EF8BEA5E1F0817B348F433F127857EC16F44BEBE62F9E5F4769
2800	3625350	BF9A21CA08E465F58DD1268A0796C55CB36F8CA7F52F9F7C40F4F9D40D243947
2801	3625455	A320A32B1AB049995FDB1593524EF87ECFE0E5D6D3348B9908DEC59CB25ADBB1
2802	3625543	74C172BF4F30E1D3FC8B6276DC71C2D3CEDFA042B1402ADE3707F848AC99567A
2803	3625671	65F9EE6D4713022CA7BD2866C6CB7E3CB925EFEE0F2188E94681DC540A6053E6
2804	3625799	82EAAC6AC24EA01487FCA218E8F5E784CE8662E908C174CE59ECC98EBBF8F551
2805	3625844	7962B54748928728D02DBC5D9379B09E70E1C4EBBF61C861531E280B0E6D10AB
2806	3625909	3C66D43D02363AE2331369B87D7D03C6D3D5C10FAEBFE11A137B7B5AA8DAB8A4
2807	3625998	71E0EC3076B7AE08FB7E9037B8609690CC8CEFA1B38D362FE89876A0169350B7
2808	3627495	86F18F220B8249DAD740ED3AC798111B8D7326FECF9F77DA121C1AD902546376
2809	3627521	A7057F09DEB0923305C20CF124E419FA88A794BC6E4F2326361FEEEFE013BB9D
2810	3627531	041AAF0F091627C913F1C769ADDABEA1B6120FBDACDB742D8BD62CBCC597CBCC
2811	3627987	C68912133D383F56149A2E7FCE1B0FC97D62A9FB5DDD48CF8FAE0A7951DBB552
2812	3628029	C631DA3204E2CAAE62EA6D8C88429B75EEA1B40261F79AE96B90C03F666ED64B
2813	3628037	01A051D599BD9477EAE89FE228619BB9402C1AA3C2FF294CB2096F18620CC2D1
2814	3628402	F04198A47BC5D3B8ABE36719481A1C406F51D7CF346D69425B9FB84B7F7D01D8
2815	3628404	425C3C652A5AC1D8AE92BFBA50A9E84E34FE5E9B0D19ADA9BE6D26CFD62C6841
2816	3628431	6F39B08748B50B9B6E0C6B61EBB8228B30AD9D60167208018D22B00805609F2F
2817	3628706	79CFD72CCC9B5C006C3F47844C2FE0C7734DBF600AFA260233A56AF624920D2C
2818	3628709	A741C35D035DF3A983DC61A423C18A5B5A2631BE1483FDDE1F4C45CD02432B07
2819	3628728	4D24A9B572152FDFFEDFCF841E222820F5702C0BE7589015F47A4CD508853F0C
2820	3628942	DCD5478486D224F6E85587549342A76CE5713CAF9054D44AFC9A32B5115CF4AB
2821	3628944	B4B80F55E86B6EB046470647B6CF2D45FA1E665CEAEECE252ECCEB72D7FFBA0C
2822	3628962	D0BCC34CA68642F35E0A606291A4BC70DA65298994C7B869ED17E7A072023DC0
2823	3629199	8549B7EE118B7844564026A07E6764FDA01CC143708476628632895020A54561
2824	3629205	C3E7382BCBE442392621B6CEC3E4F960FB3BE1E51603C58AED783E8888C48EDE
2825	3629235	180F2D5D5811F908A75E6F954422ED506E81ECD527208163E72E240793D62615
2826	3629416	A140E5BF975144D588E35A948521EA2BBF0CB89D2E5542E2A7209D79F345F9BF
2827	3629465	A0A2B131165FF678462A244A77F07CBF0AF512565C6416D9BF06608E9BFAF337
2828	3629602	935163B9A48A58C7EE42CC22B2BCBA630D6A0C003D44CF38918F660C2D183D12
2829	3629604	8673437A96C683B707AF09A09810F91C69677167BD3FF956AD2EEA854E454C18
2830	3629631	B97798E5FAF6CCF2A3AFD921098369DBF31D88B7C9747FB5A33292CF495819B4
2831	3629639	C13E923C6DB79A150AE6F76BEFB37B76447E888BDC45F49D29D19C9783408E4E
2832	3629714	306F5BA5FED7B1A22D6359BA9C5481087DDDB8006DBA5E6C5C2328537AA93BBC
2833	3629736	BD649E36BF5D51BE6A3251C15D7494027BE32ACAE539CEB8C3BC744646F19C64
2834	3629782	F02E68A5CEED43615B373B7BF799128D35A34410E1C765336C1B18D5EDAA02E9
2835	3629784	1811C57722EF100B4A7667820754621051175AFEF90FF770D476AEE79177A803
2836	3634529	25BEC1E7FC708A3F68036494A6A1F695B54ED2897D3305CB6DB8334BABACFA9E
2837	3634594	A7E805EED12C3688D400834166799924356091F6FB250BDE40523437012CFCD0
2838	3634751	4F6FFEA48AD76C5BFE90EB7BCA5EAA9CF6675482DD2AB0583F3CFFC8D1B73B6D
2839	3634935	43F180272E21232DD292238B08A720723C9CCC84F2193EB2E0DA6079AAE54FDE
2840	3635155	85BA9AE2CBBD6BD33EF191A2CEE92A5F847F79BA01C4583ECEA3B154C61DFA34
2841	3635292	6800004DD562E9E48679748F24F9D2F23E754FF3DFCFB1A368312A7EC0AD98E3
2842	3635338	66A71D936D86435D79DBEE1DE656E55FBF86092C03A6A5B517433A9C177F1A0E
2843	3635550	E29D93C83D571E9C310A26730096D2C96AC7A5660743ADEA989D102401182FDB
2844	3635655	0E35A79A51CF26726B9C7FE7369114D8FAD8BEB45F5140DBEE22399D6E9E816D
2845	3635785	4A8DBD084BC72BDB3884B72FD105C145A9E78FC10285F6F6131A07B9FD0DE28D
2846	3635871	2A63F4AD61EA66893A1E7469D6A943E1EC603754BD9055699346620EB79960D2
2847	3635999	53B794EDE16D1561B9A30211FA3C508025DB5217025437DA7C6F97AD8F25D9DD
2848	3636109	E0FD02CECB921AB73181C2BB96933704081023E4E80420E26465BED062E84934
2849	3638229	9D9158B502193A5F9D92E845DD7813903579460DBF1F7480829E09DB61FC7ABA
2850	3638604	501461334C51E7F5DFFD077EA8CDE02F09BB428FBD735C246A2B40D9CD7C43B3
2851	3638631	0E13FADF3C750EF7A6A56206A6367EC91BACAD72A54DB506567A0088E7E83166
2852	3638928	219C46115474EF052CE998E3546067451FF60F5789F8AAA8713D74A8EEC42D6E
2853	3639142	B5847C16CB6937C369BC3A5F48BB6DBC1044DFB19401E6632AADEC14BFA720B4
2854	3639144	7348BA47CDE2F9D451975135F7079D9BEDC001D62A11DAB48721253F96869F4F
2855	3639156	1819ED1E6082657DBEE9FEFE2741EB36719447EAB3207E29AB2DCD4F486F98C7
2856	3639615	A883FBABE202EDF359D42EB14414C78F3AABF33514221E1EEF3D8DC4B1F40FC6
2857	3639802	C3019D12C7DDC6A9C5843FACEA40BA82DED43E286794663C9AB292013FAE20EE
2858	3639804	42EE18561D5DD143BEB2C6F7AED3CC1639BEBC795F6E350B384432C0E9D4CEC4
2859	3639914	9B7F5A040DA9A97558191700CFDB6BC37DDEBF345F0C5C70360D21F59333BFEA
2860	3639984	9C3C107DCB895C4F7C3FFDA4BAC2EB642F4BDC9FFEB8F2360230AAE176091096
2861	3639996	C0CDAA35B799537261A30BAA54E71DF346CCEE2B0B0E7D1603CD4E50BF3B8C77
2862	3644497	2BA46C0BE6B8708C8548B40D6CB5C6F502ADD936C580C58E4986EBE01EEF5BA3
2863	3644498	668052DD2D4E72BB7F3907024DC12EB35A767B98515BB93127ADB11A5B9A4396
2864	3644499	F9B4B72949354BFA69CC7876CEE8283F5C4CB2BD907473B54105D07C0F5C00F4
2865	3644729	0A02D3D4A0A41CF35204DA6198A36A66E72DDE895539B0F2967B38C32ECFF571
2866	3644794	9FC12D578AFDDAD6F85B869B8BF8D74684659912A140D0AC2959697B0C3161C6
2867	3644951	8AEF6272B4CF40ED7CAC2D3D333AE91981ECE10984BCFEC3B61E76B912C74A88
2868	3645006	F18A49FE088FF6D6F065731EAB64D36040BAEE513F21268526FEFA3D3017ECC5
2869	3645135	AA5D72AA25B97940D73C9EC00BD2F05AFC0CEE9C77A3638AB13026BA0898B52B
2870	3645158	DD549FBA208226B32004EFEF80DA0164C260181B23757ADF8868AFD7369A40AF
2871	3645355	9D6C513D38A62BE745E8C995766C03F401567282EB4627EC3A114CF70C2856FD
2872	3645750	28E17C30EBE68C7E6FE4BDE065B006F65DA92C495B7B032F66E36722379D079D
2873	3645855	69DB1727E90F0A60E5BA46B0A3D2B9D18424000D51BE09D5FDFF8CAFF05AAA79
2874	3645985	AB237081FCE40B20DE2EE293385D687E8B375AA0E79E44EDC13023C070DE1332
2875	3646071	CA9F8BFC11FA195308CE64B4066BF764C73EF3FB68E2E4ED673942F962B37CEB
2876	3646199	5974351EBADBDFB81CB3999FE1BC50FC58937CBAF703BFB5F516144B0E55BADE
2877	3647921	8CEE78FA5658ED51AB6E1DF19AD8239E67E83303170CDFB62B185B31214E9217
2878	3647931	87315CF406CEC12AD20E2E144640269894C8CE47DC618BCD3C0DF79C848CC7F0
2879	3648388	4B2FC6ECA584F1A0ACF56C76BA1ECDD088CD59E2EEAD349BA7BFC595AF725B04
2880	3648429	57AB030F0CDADA648A34908F8140743672C5B2C0BBC4DF2EC649D2006DF37F68
2881	3648831	FEC922D5745CFDBB010358793AA822BCD38A62FE776FB37502D7FAF3C71C2D11
2882	3649106	ECEA02D72641987CEA3F2383FB2A848D7764E59686D47E0B904F183E24A2E0A5
2883	3649109	3E1FE5C4AA7D5864F400EC711F731DB161462C1F02BB59A473EFADB42BD6138D
2884	3649128	3E8749DD041C9AFA9496A79AFA1B38A6896FB1CDD2D601D97942EC630E32D1DD
2885	3649342	5F21BFAA3563364FFC0A5C67404BDD7A3C1ADE8644E5188EFF34AE6A847C2A62
2886	3649356	7367B84B5172B27BCB0ACF1C3264775D39430BDCB17F560EEE9F607E10DBC4A3
2887	3649605	71316E6A18BB78F9CDDA152D1CFC126D7D1F1CDD1DE02AA2D6B675DB99A2E5F8
2888	3649625	502BB964362FB45DA83B41D6A77A2FEDFA3274AC53BC46A680E504FEFA824470
2889	3649635	150D2363A36A5A5B88C2E2BA98FD1540EA5D5E9497CF36803D5B7BD2FF3A3DFE
2890	3649815	4B38329FF5406541A697E74DCDC30F8DE58553D8740F4EAC3B90495D35314ABC
2891	3649857	D669D0A5F31141D673AA68AD9D68B9C591E388B3B8C8CC328AADD3F1012E113E
2892	3649865	30755436F4796284A566A7037C96C55C52BFD99FE28BB2FDE90F5E8C099DADE9
2893	3650031	4F035C1D0A7BF4817F23BD6DD5A342071AFB9E40B27A659B4213704938A8B244
2894	3650114	FAA429CC0020A3AC23A885C6B0906D55E6B2B17AB74F8A824A55DFEF84FBAF9F
2895	3650117	C33EA295AF386F2C0A06E19B1B52C81323C4F36EB50B1C5561FDD6FCDCE8A44A
2896	3650128	804B1A49F8479B1C78A4F7887F955069F2C618B6147D736938EC0990CFA4C290
2897	3650182	45A5642AA08E3191674145E3D0DC19213BC23604E37E5CA3A02396A1C3D9160D
2898	3650184	515ED2D97DFC61E93BE06892E7F6F4FDC5255D41F9DF76C1C7E8C2B7DDCE1D09
2899	3650202	6BCE91863B2964A9134B3CBE00BFE781599DDBA6EDF0C7794D6116ECCD79370A
2900	3654464	BDB5F8B2477996B7E3558BE99AB7BE1279E142BED00D65D742BAA08518E4EA12
2901	3654695	557D571CF8B970CE6389F816C158143FF2BB319B61CFF69E22E648D0E7CEB7AB
2902	3654699	E603E672CA73049A24A3A787F116482DC3BCA8CC2591D7C8FE8E4CE78FB14036
2903	3654825	770CEE694E2BF631A2C0DE69F0A5F98287D1CB805954930DF3E39760D36739C8
2904	3654929	21A5F759985B8152E354F3589977E2521B3EEB4E1107CA04D61771B2AD5019B1
2905	3654994	E89736D54B0C7F34EA24627610AAF0224A33565014D428D6CB491483BCC841B3
2906	3655151	00B3BE935678DA1AF7C9B4A740659B62CAC92DDA4AB9FDE3925400479F9A9C71
2907	3655206	14BA798F99B4BEFA245865A4B8181D004EF0AA5E740FA6394FCF166CC60DA625
2908	3655555	1C2761084623028058A2C3C9E0E37C0E1C7343C8670D06A0CBDF2F84707531B1
2909	3655692	54229D389E43664486044B907369FCA090208418425B6242643A94B0D8CE426D
2910	3655738	CD448FF9CEBA54894CF992F9533D2B254265BB5FA1CAE5427E031F91C4B36C25
2911	3655823	3E8A2DDB745AD4CB9EE1F5929DE5610482C5A2511FB80540D46B5512E1BF274B
2912	3655950	1DEFF5B1478EA5217918FEA7EF2CB55C1910530D1959FCFEAB38772647D8D5B2
2913	3656055	E0AE243412E730479BD62E8188C3567C164BC3ACE37BB61FA72E772DE3649960
2914	3656143	1F821BC37F89F4BE2CA47079FC7E87916517BC744D39B7E64F9921B405133DE9
2915	3656271	D6B35180651433258B0547A3AF02BA2CA6B53879752D906316AC15FF7B8C5726
2916	3656399	DB841243E5E71E0B677809471CFE39E3F464F1C7406524C65C9E855E13CFDB79
2917	3656444	0B32BACCA1D6D62A197F18BFAD107004A95F75886B0ABF97F9B9914FFB46DE4E
2918	3656509	8D874912414D2526D355F697AB4792774DC086F6A9E5950AC14085B622B39AB9
2919	3656598	4D4B2B133223A58F6F6545D3FC0EB5C7D01015B4A435FDF9D1AE32FC7752350B
2920	3658095	B708FE289255F49F59DA411CB1C6BABD0BB36E44C548DB2E91D83E4CA5DC10A8
2921	3658101	99F3A4A947BBD64DE59FCB99E9591DD18A1ABC3B7FFBC4D8039870658F2C3FB3
2922	3658121	522060D0799D01E97F353CF23C56369A70A3DE4F89D6F460E782E43C2E5DE728
2923	3658587	31699C0C20CB8EBA60BC4BF54CE3F8CB0E018D9139DFC0BBB064D99FFF851326
2924	3659004	8AB624E4957A22E530F5ECDD78826289AB144487280FF4CD2FD00C71B5760D10
2925	3659031	0586DE56945A13EDACBB8A770011FE29572769287936DFA7A64D269E3C900E58
2926	3659306	9801FE508961F9C21092778BDC03442539BBF829B5A1906EC10909E8D4845A7C
2927	3659320	17122274AD410B5609A070F5FA87DD5279107066746589CB51E6EEF899DDB5AE
2928	3659542	F880A6077585A7FF6147C04E1D5560356ACDD5910F855EC5BDB507EF445743CE
2929	3659805	3C7945391C7A48CDA76CA19B81FC939B61CCD02987ED46BD0DAE2097741C9078
2930	3659825	1489A58EA5473C961B72B7647C7FE8AFBC5ED7036E4044DCA6436BB98131B526
2931	3660015	F69141D780C161A87B7F910747CE8AF5BF3CF02330B6962F26A712C991B474A4
2932	3660016	C7C743E57A68D4C3C3A7CD1F56F901F97EC45974F30120BE3B14D768C184009D
2933	3660239	95A02CF0C3B72B85BCDA6423CE8DEC8044802904C503890E925976E645697605
2934	3660314	9B3C49B27818B52D7EA9C61544B5FB8BFD13131715444E79022B41BBF8CAAA7B
2935	3660328	BDDF8757B16544E4F0AA8F9263A90671B5723D1DC017B51F3E38A9F021131F85
2936	3660336	07B988225CB9B39DDAA5896501714BFC16BAAB718BAEBD923F959A9675513FFC
2937	3660382	81614B93548BBAF5877081AE6459E45A01161CD30D5DF9FFE3F99E39EC0F1C51
2938	3660384	DE037C1220F48DA637B9B406C9A39C73B82F740485045E3B66E6600D76B3415F
2939	3660396	8F11AAA0F9331D9C022EB21554E48272CE84FAAE1D3C9E7CED3CFFBA590D2B94
2940	3664110	EC39B318FB4FB3DA6AC03299CAD65F0C60F83A1BE7A07E8ADA1818A08F687B18
2941	3669287	612032704A274F97D5585182DD8E47E43F5ADFE51A01DE646B89675AE2866179
2942	3670840	4342A87CFF59902F84C2C86007A80E624EC2BC80D82ADE2EAF384E03C4BA18CC
2943	3671985	BB362CAEF70332EFD4ABEE0258867CE9900B2EF21590E03A25F77A7CEF472D73
2944	3673401	AE8ADA40116DC240FEA63345AE659D15DB730FD0159B4688910783D3FB143A46
2945	3673582	6979713D62AB2B197F671F006EC0D020ACF3507DE58C659F04956507EE6E615B
2946	3674109	3220E8F21FF59D867EC94C13866DB3657A30F1D30E22912DCB37B24B6C989725
2947	3675968	920F9C4BEB1AC4A5B504EA99560D9226ADBE8D9B8D2D03BBE3351633FDE87294
2948	3677152	4CDCE260444DB3A570D7FF835E091CC0D830A5A5202E05AB4DE48032A7F0C4E0
2949	3678540	C3C2A0AC9A6C4D980065E34D858CFACAF660B39B00AE3C59D3D3DB40110E93D5
2950	3679300	F910C88F0F6896FD9AB8883DE3D597C7F293484FEC716ED80345D26005C90246
2951	3680150	71B754747BE41EEAEADE2C8161B6365F759986460E7CAC0E65DC40B0D5778337
2952	3680295	16F7964B1E9998282160DC3F0738AEF63893BEF7F44AAA1C7855C65D0651128E
2953	3680679	20C17EB87D5EFED54CD882560FC736FA1C3AF1E325CF83B99057CC12567CEBBA
2954	3681908	0538E0E1A898F63AA2D7B4490C63B1890AA939BD1ED3A473AD3D446A94765C91
2955	3683215	B90700954AFE256C6C90BB11CCC1512E2319E04535B7EEF5028DD17235EEBC8C
2956	3684767	B55B3B46E8D0A404E614513A8FE18AF4044B32B6D9B082011840F5C529D8BDD6
2957	3685605	AD96F54EC5A1B6E6F6F82EE740CEA717E708F83A64D1734C85985E0DA40316CE
2958	3686320	69BCE6148C1D0C92534A7D7C80931AC1A8CA6704A5384CE92E0267918B203A73
2959	3687298	D0D6D6192958CA53E4AC5700AD63FAC544C5815F85980DEE31647BCAE3468525
2960	3688881	4F20FDB766BF3EF466F04FB6C3BFE14306FC51445690C297AB9F28DEB828CD2A
2961	3689083	E6B30AC77640FFEA47F2E64D98CEF756EA84C46B3C415896FBB80C665D13316A
2962	3691448	282B4713293BFB9A9BE0CBDB886BA0A0B5796992F5286BA9F4A9EFFE4B9448B3
2963	3691528	E447CB4E76DA9552C644EEF48A4BDFFE11E6A09967E7034B089E8D984A098AFF
2964	3691584	D4A24049CB9E2CB4111C60C2F745C97A8A0085F13CF33D99BCC3220D84162E44
2965	3694405	7B172A09B96507959AC22ABF8DF866B2BBB2B48735DDB40FDEC924AD380FB232
2966	3694612	305BBD0403A5F86E284DB6E0F36FCD103202F6E74A8B18295A1AAE55BF43F92F
2967	3695215	E1AB8CF4918B0F63A1F4DF039FA05A3D8EC9DC58DA855BBB6307CE61935D7C9D
2968	3695630	4DD2E78F469F8BF4263C35124C0A0CF73D62B46393124053019EA64AB97BCA23
2969	3695775	F2C299915A110C1239681D2D0C417A6FDC47CCCA0592FD92AE5CEFA7F16C47F4
2970	3696226	1930827F8A4F2D2C88717FF8610C724E98C8725EE8CFDF73E8B0D85288217765
2971	3696539	B7795D2E912A85C5412C24289D7076C75F58F6433384F6942D7FA68509419215
2972	3697073	F6C54D5F685F0526A266A4C08625430D09A698A4205DD641CA08AD926A9EAD04
2973	3697079	562B6AB9CF73BB2130C99B0F10D036BF2E08140E9E5D7F012846C21335EF5075
2974	3697745	C04B8401B62BD2E3DF6E69D5C5C67EDC28987AEA86739B76C59FD8B052F25619
2975	3700094	DF7992D6422DE5733C9C4F0D4CE4F9D2A3D6AC484935554C5F17A2093F437D5E
2976	3700247	0AED132A27818C95EA5EBDC497C2EB18483A93BA94A344FEA624C2C004B79DA8
2977	3702464	878434673F2D07D727A96091809E7BC740250645B658FCE6CCF700536EC63D41
2978	3702778	901B4D495B71F58100313CAF1F3B36BDC0F703395E3784B04B9A03A83E1BE2CE
2979	3703170	CF7BC83DE91DB1483FD35407DDFFB152BD11FDFE916A321630A16710E592DFB8
2980	3703578	C1514D52D1CDD34F01B48A54ED4CCE82508425D62266C1FD5051F3AD48B86BCA
2981	3707064	6A5A73155AD645AEEEFD9EDB94B49B9AC006D1D74417C753C6CE462F334CAA59
2982	3709320	2E54BBD6A33082C610C3DF17E683F2C3276D89C49A4154AF9B3E6FBBA7D4186B
2983	3709655	33086FFBF4285A2CCDFB25B9048FAD65DAA34BDA1084D005D47F588814B41F8D
2984	3709679	03EFFE002B6515B13DE3407A0F714E76AC56B14A0708A6D599F5B06B734647BD
2985	3709885	AAC6ADF65A2F5716B0EBD4EFFA7627F2D90C8EBDD871A4B1E932B13860A0E598
2986	3710092	FE29D8FB5098116C24002B4864D2624A751297D1DBBCE053E3863009BA3112C9
2987	3710695	9C8547A2DFE2F8360AAA12DCDAF4A472235B353552BAD6C8C91530CFF47492D5
2988	3710946	AD5BA9ED952C089F1B790264DE71C6E68E6ADD4BFB8BC8E746F77B04C61F91E8
2989	3711255	ED9BD741E9FC120EF923DDE734C2F08CB5714F1C9823F895CEA8899B45F2AB27
2990	3711754	155EE5F9F496F1E5892B0D2620464E65E60165421F959F373FD6A84992136D94
2991	3712167	6553E5558D5BFD1C9F70D2BB75A8852E6E79EA1942A213E0D31D0A5E8D8DAF95
2992	3712551	0F11560C899851C17FD641431E9EE17F46C229E2334A1991333CEA25E53D4A6D
2993	3715924	FC932329824D5EE9804923D713246A8B4A9A3C64112502BC6F14C638D208AE5E
2994	3716565	218E6468B84B13AB8405B24337B49D6362B9498B873688B18F7A53720AFB4D7B
2995	3717259	1AE08F61AC8AAE2072005A470A8D8AA1550649233E86BA2765FCFAD430E6BD02
2996	3717641	35843855F010D6A320B7FFF3826166133CC588494CE2697F18E8A9FD2DDEB721
2997	3721152	0707080AC3335D933CC03D71EE59E6F8B8DCAA6BCCD7CE41B5DD8DAE2A506EFF
2998	3721498	21B0D72FE6837803477E76CD753922664771A498498BD69A9F77CF1679C1A3B7
2999	3722196	DE5DD962F18F3B776C114AEAC5E7B611F2D794E974FB41A525A9B722605BCAA8
3000	3722448	363787029D2DE360246BB53B500E2F1BD07AD568F98C63478789B5BC5752FED5
3001	3723592	A04784BD370375652A4B857BB78CB75B5D64EAA6628A9CDA695653765773D3FC
3002	3725527	895E162ED576FAB0FEF1BE5AB9FAC8E94853405CFB296B52B6F60F8767FC85F3
3003	3726075	C8F2D3B1E820822D4F9CA63C9D39E5383FC907CC2CD4156EE77C1C9C49647D60
3004	3726737	517C8BAE3D2A5D21F85564DB5C542378CBA8B8ECC7A90B7CEBAA921E67879B01
3005	3727087	ADA65510B048BA02F9D4CA80583A47C25FED7D6CDE3DE25C3A265F46E8549E86
3006	3727331	3735E2EAB3676577327EAC94637267963CF018C4338082A7ED0F5AA8AC4B50AC
3007	3727649	11112CCBBD35ED95882928498CFD7925591D9B00667E70713B968659884EBE94
3008	3727731	A62EE5C20EC7ACA4ACC5483EAB3F639CBD69707BEFD51D23D160318D2AED60FD
3009	3728600	1DC8CA57C7C1E510CFC7C761AD92473DA05C3E9E9237D1BA142A08AD17231909
3010	3731843	82F484D8C4EB57CF181D35633E51DFCFA5C0084277E40B2913DA657F522717A3
3011	3732729	6392E09F9EC022E061D7D93166DC9F7DDC4374DF806C4C11305485DABA184695
3012	3732986	AC8A15D438C5838118EAD4813C67A11F6281A72EB9561024EA57F8A04F303152
3013	3735823	30D1863F324681CFE0DD014D0422A245A6E8A01A4D4D55BF31590E840FE65F36
3014	3736596	1E7B33D4DA60370905AAA94680A75129558440A8605B906C6C17F5EC6998B5B6
3015	3736658	6BAE6CEB429202A8E521D2D3053E6F5903F8E6816B73B15F032727FADC83B6CF
3016	3738025	2D24A9FB22108B3DAA2584E02067A6D25DC104EFF8F2CF0852A6C59246CD5BB7
3017	3738229	2D7854DB4D5A29AB0213F48668B0F9D2D6E6ABF792695D506E18A4C81D56C525
3018	3738654	F64965D91F712D9D5C4C275BF3A58275F72AFA7B31660A9B61208DB54DB16E87
3019	3739434	827AF30D5695E3077526B6902EEBDB10A5063F1953BA9A54E8FFECA03F4CCB87
3020	3739711	CD3DA62EF134522F97827B8CD01F4EB3B0FB6A6CE7D0547DC6BB802B6D202806
3021	3739907	093C296648067297D1F5B4590698E3AE77BA32C5EB7AE8D9467A0D18CE7EA147
3022	3741259	4914C3070214B604E067D3AD18D8FEC78FAA01289A66F8F6DAA79F243E3F80DA
3023	3741519	93DD9F9DEE323938AF3474F61D37FEC87FA1254C1DD5AF0F33085891BA7AF61C
3024	3742071	15895397B8113C24231C43D56735E083E10919270ECD217378D85E4CA86D39E4
3025	3742567	F72AAE6008BE78D4874E6B9CBFC9212CD40660ED2EDA6E5CC593289CDCA42643
3026	3745129	263C7ACC4C3E97E9B90732F93D10E15D66A397894E43A86997A74532D8D112E0
3027	3747540	BDFE6443CD06808A8E420C16F71B75F1246D0D9D01D29EF68EC17B31778304DE
3028	3749153	B75C626E10B9F932CA0A7EE0C867E2A14F9CCC3C14A60C2CD4E95B838B8D1C01
3029	3749566	9B3C1DB08744FE27123298785F94469ACF693111655D960675A06CBA91138A8A
3030	3749775	D9FCCC5CC661FE8C7764D5544EC3DE9AE4A66DDBBAFA8F01A457168003311847
3031	3750188	6FC30A3EBB2A369A8B70728E41612C72669F9B6AA2766ABC6C87A2BE80424FA2
3032	3753958	C88962411A75A24CCC1D423E62A32609F41389B398857D652957C11B64BD398E
3033	3756999	535FE9E4BEF7F3374167978D284607B58B3ADF50BCE5AEA963FC294D2E944507
3034	3757137	627466F0E9BFA19D75DF575273E882AB1007084E475858DEB11C13E86FDCA46B
3035	3757700	72B6309F4FEB7A5E958121D6B25C3CC7E31E38D6F94B2DB7A9D538CDCEE6CD42
3036	3758047	3D295CE98E643CE2DBAB8B44C0D3ACB6A45E5A0DDD46E8D691C6CFDB1A740E4A
3037	3758150	A1FD0E90B750CCBED052E9310CC4055661956FAADD5C10283A1177D7A95EE0E0
3038	3758960	B961B3DCBB68CF87C9536E1F2A7113AB59F3E4F168C34528956109BB8764AE9A
3039	3759334	1CE3C412E02888F8F76E292F92FBC37F34766F9278B88FAA01855DB090B65AB0
3040	3761498	481D10D37E5A260E8773341D10D70E9FA426FE8AF52C4F38A2F6DD8B22942ABE
3041	3762348	21BB8606598D80D9AC9D3675525E991E0B123BA95962214843742463865C859A
3042	3762803	4D831587C59E1E66E9361C9337988B743B5F6C0A9D04340F971A7AF2D249B31A
3043	3764633	5D4E33554CBD7FBDF94615DE5392153AFCD89251F92A8C61AC56F39D78EABBE9
3044	3765433	AC5252CC89370737DF00455B17936496875ECD3A86BA9975C1413B512BDA02A3
3045	3765641	C01AA7146FFBE9174E04A9C87467C302F28367AB17B69433E9551D53A2E83000
3046	3765730	B3C72B54EBF610CDA1A27A3BBBA4308498AB85A883C8CBE64F195E667B70521B
3047	3766271	3B11393A5C77DD9BCC5F929F9B46F566B142ED02FD71001B1E70FA51B995162E
3048	3768545	640CB14EA8DE1731CBBFD92FFBA9C7EE712E97CE859FCD753EA8119C7772C8A7
3049	3768616	E3AFFAF2CE16A7119CB8D74062F473E0C1949EDCDEA9BEB22932D1A7F3AB50E6
3050	3768718	AABDAFDF2C1C0F97918ABA98DFCA3C06A8A9C5BE83D68100A13910C59E5772DF
3051	3768744	F01DC831845F7F15EFEBDE57269C8998986A3D4B284D0F0EC923A4F5BA0424D2
3052	3768929	8A5DDB7BD2CF7FB0048B9B9BC9597A6EA9F085A089C35EBE915ED5C5F6D10FEA
3053	3769365	3AF0258731C38B8400653D174BD2BE7DBBA3F8BDB380854B63E934FCE2F89299
3054	3770394	CD2EBD6C90AACF0B360CDB771A1E3F6105E919ED1E36B5F98F39E3CC856019B0
3055	3770424	0B53A946706975A1A1BA77C042B375FF6F7FFC9334371804B1B1C8A0B83C1B1E
3056	3770684	6759ADADE0943DEEB5BA91CAFC59FE3265ACB1F8915E6BFC3F854439999D7BBC
3057	3771477	16C718EAF753EDF3F484EF2BD5B39B26EAC271CAB5ABB235D51708E03CA35B7A
3058	3771497	6BBD57A4ED735F571FC7DEBDBE95FE51766615E4B55379293474838FE3EBCE92
3059	3771758	7DEFDCE07180545108349BA468DBE5B8DC85A207EBB0F8C9A3C4BB46D79D9293
3060	3771973	5FA73EEE53C190B0B1FB5E6207E63C2ACFA68DD1C7F4D3C002C2BA7A9A2A5A3C
3061	3772018	719F9C9CE8DA9F5FDC9E574A954D98F893F83D21DBCAA1BCEBEC4F6B8A1E58E7
3062	3772515	57E362D16DC38C924DE99D77179C9A5A23826422B2AD7327FB99ADC16178DAAE
3063	3772617	605E398BE3FE7F4D6D0EBFA1426F77D6554FC1BFC57D8419295A7999E0B6CC37
3064	3773627	7062A059D1510E3CC0C4F57915C127A6565545F68876155609A1A952E142E849
3065	3778325	F4BF28A0EDDB41F69B84AC4DA771AA1E7055AA2361B6D4D787167C7F4ED0C1A6
3066	3781015	EFE4CB6FE468B6AC6709E63A5916E5363A0E87140E9798947FB1EC39D468D282
3067	3781395	358770785BE991E085C7C2D52ADB8431FE2E205AA91504E34B996465C0E79901
3068	3784248	D9FF21F9D74C732D58308DF5A9ECF112BF8F065D6660307BD7AC6AA23E8DB3A3
3069	3784955	F2CE15CFE87A7304DC291EF7AC1250ACD87DFF65CF15D8ACEB72B06C5AD945C3
3070	3785001	11537CFA506BEBC7E4ADB58045F31FBAFAD4007BE88C91F61A1B15ED8D0CA66E
3071	3785904	5CA3B536B6920DD2469CC09916CE4898B8A0AC700F486A530E5B4B95EC2B9715
3072	3786765	AF9B29C8256C8E2D68C460075F1A29B012C6199699B3B1FDCA1991B0EC3AFB03
3073	3786849	B82A68564065BF61776216C2F7AC17F1E8A15B76DF32C7909ACDD0BF58F86627
3074	3787166	73EDC186F3F18FB294FBA1BCD5009DB16535CA16EAF74BC23321BF2C40139EFD
3075	3787284	AD339BB333C2C18974B059A67FB1A3B9A1081F8E3BBFB9B54BCD30045A702DD7
3076	3787453	91BFFF7162C9E7E6A92D3C1F41BD8F2E57245A8BEF431EF50668BD0C792BDAB3
3077	3788037	79F5B90CFE7C47214F570D5FEFEE5A539E1A26454468EFDAEFEEEBDCE12B960F
3078	3788245	A11D8F16D3735560EB92EB0874B0F5904C2B8901A8577EB8F97913AB2B15B20B
3079	3788264	3EE3D709EF7057E71760E4586F9EB35082D7684FD8AECB26C79282FA709BC7C1
3080	3788479	1A58F57ACA7F673472692C57153BB302A46D61F2F4E398DB3CCD0BC88AB9CA65
3081	3788613	935C07B4649247324D5D9E312B6647B1A271CBF13DA813317460D95287B93FF5
3082	3789446	63C2F4D6CC9214D12130341CBF28163D7ADDEA444BAE2C8A1FA9B67DD9114D69
3083	3789850	B372744E09262AAE8B2899A3FB3FF89953BCE552437D5E9E339DD8080D3316B9
3084	3791282	BC8CA74D2152DB78DB366CC315455E077609471A5ECF3BB857FC2DAF24FA4629
3085	3792203	C5182F96C8DE313E382F1A6556377D1A24E8DD92FAC77AD53C1B9CE7A422CEA6
3086	3792469	CFE7E12F073558E73B97D7EAB750EB094B43B75DA9FA07F8EAF5B4DF2BFFD327
3087	3792825	D2A3555896250A4B23382EF6AD74D9211D9818513EDF38D42F7469568D5133FD
3088	3793656	4459C98EB1B95238DF11BF937915A2EDC027C06D081A4DB4542EE4834BB906E4
3089	3793893	363496F86650454A3FF31D3A8506BB584417BEE9620FD71A58F1A3A138D97706
3090	3794160	2D854D4FA79A2B90CF5F234F9110244D95F761A046ACF6DE4CD0D304A5737E7F
3091	3794648	FEADBB4FD9A1257198504C82DBB5E0CA41C5923F32474DE401CAD9182E1ED698
3092	3802861	C7D9C4C7ADFEC56358092BC15210C8DCC2E7F27DB641EB7832DF42E3B059CCBA
3093	3804567	C78EC2A6E25723415DCADD6F31D71DA8B3CF517489E9EA12C2595F0B7F4B1013
3094	3804751	880FE20CF931CD15EF4970C70FE9E95887CA7918D180E56496BCCCB387945C55
3095	3805900	4A1D7D3C1AE700667EC3F2D91E4DF74F98DFF5EF05D20E521E3ED9745277A682
3096	3807243	3D9F56F485C22D1FF06E84559638291C21E892F2AC7A6A6DA8CC9150E823D769
3097	3808519	CE99898A14A817846C79C70CE6DBF2EB1B2204D3A267A10F1DD49FAC91AE37BF
3098	3808717	7ED18FE20919DFE0D721E0072557B6827EAC1077264D648AEFD1D4EAADED6465
3099	3809188	ED260C76422BA81CEE7BA51FFEC2B9E2678F1AACA7D6FF3C89F7AD82E514CC63
3100	3809198	A4BF64E2C1FB915247872A4D98FD5D483CC53F9C980929BE995E3EA3FDB2299E
3101	3809264	BFDF5904711B2A009975ACCCBB3BA7C638FF2C3A3CFB115B15E2F417D0FA4EE6
3102	3810132	42EA5401E84C515C460D96BE0220DBF18F4F48E8AE2B4633C190E2167AD3060F
3103	3811364	788AAD3ECA3590E2BFD00D13F2BCA62A573B17A4D25911C05E4D42AC293B1F7B
3104	3811371	2F84D354E52961266898461A522AE8F86E1809913B3988595B82078F857ADFA7
3105	3812973	FF20DCDF64CE28943946F087872F4A65AE4865DECE676D2B33D2B4B04CA40750
3106	3816184	EC50D24451081811F3AD1715ACE0FAA3659A77683C8C2D0855E56A96387A1E7F
3107	3816550	2EE5F671F0A2B1F09DA47B18B34084CE95C0A114F946673C228A5C744B2956ED
3108	3816559	C583EFE712AB6E78D4365BEC47B55F659D71E142CB55E4E5F0F2E82C38F8F09B
3109	3822997	7FB06E595CC5486326FEEC8508B8412E0023C4EC434BAB9C79BF44812F61EA74
3110	3823251	6080583CAC3AA3F1A3FA6822FB2C6312DACE987E4719C332F6ACA9E181E5DB86
3111	3823461	09F47DCB820942219C5C62E5FFB497D44606F4C67059BC13848C06ECD9A60BFA
3112	3827347	D8A51E2229CF6E3195C8223FFE869038C6F5D21F93AEB2A378F49508E40AF45A
3113	3827606	E5B8E59838BF071623E9D935F0B8B87613A22284DD953EE9AE690AFB6DB93AC1
3114	3827937	12E1988D5D066E42CCC580FFCE7A5FF70BEEDCEC58A3248DCDA0C6FECD7DBCAE
3115	3832857	0CEF990FA1E1F3F74350804AC245B1F494B05574EC3C00E708D8002C53CB334C
3116	3834080	415EC83C8670618BAE039259A5264DD85359E8BFE85CC37059593E0CE6A1F1A5
3117	3836719	328A00FB0995B67D75C8F7BE38B84B4B2DA340A59BCC83C38CED5FFE2F5331A9
3118	3840214	E34DC7235508449E6B370DA457D8D378C20CD9078C8FC693AAC274CCFBBE532E
3119	3842465	B46F06E6A4AC95A7DE6E6158C8EFA2F8E1FD637373DAF8EB7F10024555E51643
3120	3846126	DB492ACECF6991D34D6A30AD1183B80960E288353437BD8C9A14A609B8DBE65B
3121	3847144	97715B81A2A935A77D75CFF238F4C980BE5FCAC2FD3A6D63C6AE9918A6C2E47E
3122	3847319	4875B18F429AFC412F2F4F2E0E0831D1C092FCC8E4A71583E0B8E9DB368393DE
3123	3848070	88F430374DA8AB71574A705F5813B309C261EEF0D50C2BCAE0DDFB1071A3309A
3124	3848337	DAB9AE8E3F8591C0A3E7E2E638E7EF48373034B780F033C21BEAE8A21A37405E
3125	3848669	750EB15CED1519D4870DCF6EA1C7583F403E1BF597564C15459B3B728BC4BC77
3126	3849062	2BEB4064BAA22E0DBAE57A1BF8B858AE1FC70EF30853F9912F963808A509114D
3127	3849156	51FDFF4F6BC58DD14352AF734A78D5260EBF598DE3C8EDC03AAC8E17A6D8A82E
3128	3849409	EF30A2BC728EB4C79D3194B00015B60554BB3F37339F1AC86B67FA0E69847F7D
3129	3849929	A9C19156FF48A94E062C09B272B09A848186C0D0466AD1742564C080D1F4B15F
3130	3849935	6FD62AA6BE2B65FCB3C5695C0A5888639EC309DB1EB4D78B71F7C31A6312B8B1
3131	3849957	92B248F3E06A14DAEA30F61B49B9D7660C0150C9F37DC5F881A92D423808EBD9
3132	3850038	EA4B9CF6D211DBBD358611542088CC002D9FC907D6A04858332E9E4EBE99A6F5
3133	3851510	17DE9377508D5093D108A38D01F6DA48DA5EF69B402DF5F15F16179489D5183A
3134	3851791	3973960BCB75057054EC2E580D4340D82F126B26837D319CAB1E38D2BB65123F
3135	3851793	C35D7214FBEFBBB2DE0602450D586E2E1418EE87F2F4EA38E833CDEB89D6AA8E
3136	3854959	BAC0484DAA99FF17AB1E5AFC4A2415FD6441341BD02DFC7C92D1E1FC0FC5AA66
3137	3855677	03E70DF01F3241D5A4E3595348F290D845B606293BB9B6607630EAF98A30FC84
3138	3857906	753C0C479924E89A5B6AA7B4BD411F5BD6B6DA746F1FE1EC86316758EF8EF91C
3139	3858445	6F9B065E330EE87BC23AB752FC87F7363447553B167E5FBE63EF539266CC0258
3140	3858599	AC0E61A6E0BA571E65B3125A83AFE97122C0CABF82268FFD4E72CE03F291065F
3141	3858664	46A55A033D2D25618EE7E8F9D49DDBC524B9E05FC3CDBFC2A5FF3FD72D3332AF
3142	3858686	E866164206E25566056CBDA7A3AF602E20D64675A7F2B5501C748FEFA06AE29F
3143	3858835	4DE3241C31BAB4DFC02F9E2FFF0287CE2C8B75D15402B1B4A220E852CB946F06
3144	3859676	35AA5BAB0D7412C3784AA397EA71D342660168E70734B79A906652D16B67780F
3145	3860412	FF8BD323DD2DE03F27616A5D513784FF2703C12D924EB3BDD59F4AA0EAC37B76
3146	3861649	8E7A96073E3069EB33E6828524978C47905F55AF6CE0D9886AA16F34CB8B9E9C
3147	3862312	281183054A5D2D91591F3B1B1C8B1492458E9362CCE0950770F8C8AF5C5907EE
3148	3863237	EB6478075B002959943B84B84B84E4952EFF0B3ED4FD4BDB6C0BFCC88180CD67
3149	3863258	99ADC584410FA4391F0819C1827D2B405EB425F58651808030D63B3D7CC49B94
3150	3865040	9025908DD35CD052A2DC011C58B03DBE0ED4C7ED9F8BD7F76C22938AB56A6A9C
3151	3865687	77E48721ED5E8548DADE4663367D8765FA32A030432082948C17599F5FBAD82F
3152	3866861	1B5B59D9D53CE2CF1E720FE2119C25A766F9C461F7FC195BC257149D5415A7B5
3153	3867148	2F448B9FF1F1A4685780AD3932B733F4FC4140D4FE54E8157FCB84A20CDD4933
3154	3867348	FF84A058231EC39C43909139E94EE894D5BE5F864FE32078F3A2B59A18326B28
3155	3868100	57CE2D48F371104E1E99C2F7003B731A05298F7D3F5AF66B2DED296CA6E3112E
3156	3868213	999EFB0C9A46B240B396EE2CEDE8EA49B9D71D202389D8E11825D8C9EA7676EB
3157	3868226	7FDB859CEEA86907AF29D7F147B47E44739B70BAE1F9DDDC3AAF82197C4CE9DB
3158	3868907	1FD5A52C693D5314A9A88BD6CAC6B14B626F17D29101F6DB828B4D6A9420A69E
3159	3869071	0A88E74A433E6639A9BA29471BBFFB59BC16C835A6C3154F99A5DF37E0B7B670
3160	3869728	02EE7474EA8419005C1C5CB547BC7BA221237186C30472123D961C9DE5A253A4
3161	3870717	226E5E6F9C57A633A08C6504B87D323244C30F948EFBDC1950BE5D11911C8B1E
3162	3871024	22F74B4EEB2CD981DDAF16DD1D63C933C4D324A5B9B19C972B71D9850C2BE139
3163	3871158	774611609BC2DAE332C8A5E5E1C2816A66B5451E325DB37305D4711BFF56E336
3164	3871337	C151B11D02E91F8EFD648D1442FEAF6C6C2AD788A8DB5C8EB4B6BF4DC1DF707C
3165	3871343	C7B5F098AB7F8A841438ED9547D3F6C4E690B5C295E11052C6EB6FBF2EE27446
3166	3871351	C1553B12B5F62AB45F70B5E7A4BB0D54237900296D0409DA71ED44CD1139FCFA
3167	3871363	826C6EA1C7CA051572488B3CA1DE6789C70A33A8FD3EB4C01AC255E1016BE6E6
3168	3871501	902D8BB1F2A2ABED61378E4699F2A22FDE69B3F9F6D0C8BBC3C84D0DA27FC37D
3169	3873493	9E82972CDBFC1F0CF153202FD035F94797DE14A8B1E79C1469F780BA2E5CA777
3170	3873591	2233C69E3A54CCEB9308892B704DB539AD6407C9D3F890BB00FB0B4874E0D8B1
3171	3876623	8BE5A044E4D6C43C346B82D05EB7D025CFB17869B80874ECD6AE119944C66492
3172	3876734	A8BCB3F6DCAE8D27D25536FF41BE41DF9E80D4A9DF1669E45DB838B239673841
3173	3877842	4271BCEF26FAFA2455D7398BC454950462C4B31534AF43098184BEB32B702456
3174	3878161	D5060F6087DDE3138BAB51E015EE3005D88A6394805FA0324A138BA695D94525
3175	3885354	08000003B64B1AD6CC20A0721A7B813E8650BB22A03EE9724BF296B55AEA0523
3176	3888978	6F72530F51DE96FC5205446DC80CDAA84271B3F41686F9E2A38F8DBFA96C3E2B
3177	3890768	9437BFE0330A98443AE6E602B393736F7CAC36DBE2682A9A1ECE30D2DF7C5A8A
3178	3893721	38459AE4E59E3C06AD1B2E9C46A80F16E504840060604B468961FC4F0A67D919
3179	3893846	37B9DA5DFE7FEC02512FA3994BAA8CAAC75D773D9A5DEAEF209621467A7A0E4D
3180	3894338	C8D26D20535F34C90E8FA7FEF382C95264DA41AF906419D34925E3D56362BA64
3181	3894343	BA315686263684EF330B8038A23C5A7177432E094F7E51764B5906292534B802
3182	3894886	82676592B1B55A05CF22CB3BE674AB6A51CF07AF47D9A76EF4E5437297D56A72
3183	3897081	54C687C97C818ECE4A5E778CD2F8A72D24772F96FF66805C3E75153F4C287DA0
3184	3897463	54EE065E16190E927979625770813D836729CBBA87CCA62770F392BDEC1FD10A
3185	3897930	E7D793BFDADA5F572BEC531E54AC9530799439E4AED4791C22E22D09D75C0061
3186	3901594	C4102DED7CEB708B736D02903B43BF4B0269C008BB0E16C05B4D6D68FDA2049B
3187	3902071	5B25CC26A5E27FDC9FBACE160DA626A99509B037280EC082641348DBE0171B02
3188	3902076	5C58B8AABF8A4168F58B7C0D2F1B00859A297A882E21E209CC3F780193CE3215
3189	3903050	568E3430735D0CC528F24BF49893EBC52459B528007BB31BC724AFD2DA191BA3
3190	3904965	928548E3D9EEFC4767EBDAEFB482F560F0DFA77446A568646AEC9919EEBAA010
3191	3908300	21620AF215BD5F6472A4E535C18DBF9E0CEAFDD2C3EA62B712BDEB09D4777FE1
3192	3908919	89AA03B87C6B2D72CC6A3111B2B4D4B9FE80C76D1FBB6B8EA4A02EC7B1FA7DFB
3193	3909739	32EF06F2671F61D6A4FB22ED523B17A81296185FA41BB8626F88DBBA652A31A0
3194	3910508	CD345B3258525A3DECF177411ED6845F9377569C471482D08E07AD9B95BD8AC3
3195	3910948	1656FAC5481C34ACB858D69BB12C82F3533890286E0AC26D5164D4182EB4F5D0
3196	3912035	9DCD61DA0EE2D92237F75E4188CE6E0F8A197E73C800B32AD1C23A332F564F20
3197	3913095	39967A2AC56071B7FFBA2B5D43F5452A85EE8F14B990EAC631922B51EBF6915B
3198	3915075	BE9144F9576E569782BF47C68245E77138A5CFBC0F1877D621133344E209B391
3199	3916226	F9CA2D9FEC022CAEB3872DA88CFC3B182B93B8AD6F6A73B994515BCEDF51F8C1
3200	3916356	07920FE609BFF6E7653E1D33BA0250B6424442F385491ADEFD9B12A4657512B7
3201	3917074	488746AFDC1C059F742A505D9B72483F1C27CA7634BE9889FAFEFD6D768D73C1
3202	3917657	7B0280C01152DBE2F61F4A5B024D60A1C14E7E84539852C92F799E2385A59521
3203	3919092	95E78F3D630323676743D6A02452AAD6ABC677779D08D100579F4CACFE5F18F1
3204	3920362	E2F737B93CE1EE9E1911C2801C0E6E776840C242F9AE09BBB77E4791E20D4391
3205	3920525	76447A7183BF34F36BE3EC5784B32697967DD243188B063281A063E139BAB1D9
3206	3923356	FEF68B2727F44D65998E78B19BBD519939E66FABE4E5678C307C42F53C3FB34D
3207	3925577	B6AED51120758D28965D596C09BD5BE577B288880FCE6C2F5EF8BB64F83CB103
3208	3927829	B49A2EA15B95661A0FB1A7F7BF02C403F34FA34E8EEA5EC4779EB614CEA499E4
3209	3927917	390D947AB0F193D1FBA7B6627D4860723BD3BCB55CC20BB28B95BDB503EF585B
3210	3928893	BDDBA9B5904747D215F9320C5315C7F0D3FD53C29B6EDC3904263090507EF3D6
3211	3930742	C3E87429479408CB13F0239D8D65124A69EDFFF66B3CCBD383109C3FC98E2339
3212	3931836	B264EF8DE4BE4D91B3AAAF6BA465272195FF34AB6902C33EE586192E37A0F241
3213	3932087	CECB4E424789CECE66023967E14AEE692C6E8D97A600EC46DD34C3B97F25D0CD
3214	3933765	05AA81370B02DC17164EAAA652439184F73FF8F5CFFB896D894185C4484A0E31
3215	3935842	E870C4154EF37DA44B3EA1268F46EC73D16721F088B36F174CA6D902B941CAA8
3216	3936248	1D124FDE0142CC73257C86CA9EF269F8CAFF3DC1A42B4EB0647CB5B279D2EA63
3217	3936604	2DA7D520F7ED18165E5FA37B5EAC538F30EDBDA263B20E862BE7A3297618E803
3218	3936850	ED0B4824CC7D82F96693026939EB7A806A4C1FFA78CEFEAF67B744DB12C668F9
3219	3940313	04B3A503A42056584345BCBE979F70B51245BF3AC3051001A9AE2B422226C824
3220	3940664	EE0905C8FDB8856E09A17D9587AB05B1A0706C863F619844BAB16F26B6F159BA
3221	3940989	A7011E96BDFA2E127FF4C17294404A84F65012BAE289255A6A263F0890482FB2
3222	3941967	BA40360B47E9CAE5DE222C51E3AFE18C262241665AA081E1B84607FB3A40D47B
3223	3942107	4FB0A230E67EACE05BA42CC0F4B255DB2329CA052357D62476D5CF1A7F5AF649
3224	3942246	4DE2B2318971B9F154512A2506C470BF68859119D7272C35B48CDD0DA61F0B57
3225	3942344	D022C8F422DC274ACCA2746DC221EC28BE2432BDFAFE1FF6C6E416506E3B062D
3226	3942792	9D45EEFF3CB536B0261585A3FF692394530ABCF16DA0701E8E4CA757276331A0
3227	3942852	DDACD4D71F52173B12510100655AB80186F794D3BF0965370268B2AF6A4A2B2F
3228	3943309	9451B6494EA9046C411B70871716C5A84BC8E46CCB789C9829816D8B51FA3E3B
3229	3944593	A11D1F3EABF35C4D112682AB3DD57FBFFA265C397F56092F2D29A98258FB769C
3230	3948617	7B0F49BAB90C59A69F91B2FAEAD59C3F592D5CCCA0D90E55E7E3054DC073A820
3231	3948773	FC0C3D529087D6076300F0266207CF99909996ECCC6C7D4350EC818EB648BB9A
3232	3949404	3E17E14B33F00080322F97698FFB375B92581B066E380F55673BC2A553DFC26F
3233	3951443	EEE94673508BDBB48439FE2EAEF6E230770B0D7D39383FE3EEA702E9EED69C42
3234	3951475	283D563D39EA9689B627395FA441FF386BC090C6BA0FA8B8EFC697337D9E2EBB
3235	3953309	22B554C97BFB8F68907CEA04929AE91335459E8B76AAC69C224FEE7C35841C42
3236	3956000	81D02576BAD260520D0D1EDE866B0729632B20FCD5E57584E216D69B4629D6D1
3237	3956537	FE2744824532AA8DC255B61B165330ADDA1282961002001A7053F1FFFA310171
3238	3956696	966945AE5C87393FF23655695B88BC77522F132092FFA8C727AFC2EC99A96E1E
3239	3956908	63E92A74309B4C3223BA122B00F45EC156EFE978791BDA037DADFE0FE0A13B4C
3240	3957364	7D1364F3237144E3AB5857C789BF637F8367EA6F02E34BD68D3D3A98C949C02E
3241	3957587	FDCAB13F88EAB6FE9BC89115C9E4D4C5C772771452AD9485839B2BD2CC5DA32A
3242	3958076	11DEF6C9861DF1CD2D54C3E58128435AEC220FC17B69C9A3E70923D0D529EEE9
3243	3963388	D8D481C3F9A7379B166F5C023337705B385D72A7B09DE93488809E340CDF4AFF
3244	3964393	6F59292312CA8D6F01FDE10F1AD732E963691B9E6414785FD248361E7E04FA37
3245	3964418	48E8AF94FDB3BC6E0FBBDBB8186C8ED0B13872AC8F6AD2360346842A194E3212
3246	3964767	56C8B9838BD0E463E59D6CAB407248EEC6A8AABF96A219190B8EB23688E52EB2
3247	3966509	EC48D080A1F7B6C4C6B11C4D2AC958635DDA13B39B71F6E28454DE3A734F86F4
3248	3970176	156302F1A6734930EC80D711CAAAD9CF7F5CAFBE5A68DE4C3E07254671E15801
3249	3971041	0DC2B18DE2D9A1AC2EF36340C49E813295568BA6810C887F9D679B9A3033D015
3250	3971497	F32D2178E4813A1D7FB781D3803F0312CC16AC8C65436E37F1310597565EF3D0
3251	3971759	61CCCE90A7A81B99E0466C794870D38B5A653CC2B9E282AE030164B271B0124B
3252	3973840	585ED1FF73395D14A2E06BC665E1B9B2DB4B21E4144BC1202BAB253C2CBA3DC9
3253	3973843	20FF0506309975F16203923F0CC14F2C8B3940D4632929A196DB115C10B5C06E
3254	3975508	9B6FC6E96D347F6E0A37DA9720A4E4E3C595C8C2B59469599B93D1BC316FDECD
3255	3976560	1324D45CC8802A79216718DF9E5A846E412CA3524B404D82B0D763D956320617
3256	3976591	B5434310EA0FEA99903C5C9EFB178AB20BE02D9A5BF31D70C8B25813D8F17F2E
3257	3976606	97C53E81060E75E5A176ADF45F11EF54B89FD4DF58882E40972911A3EF5AB6E8
3258	3976974	BFCE72AA6137D1E6410D5C24E65C50AE2B22E63C22ACF735238FBA87299E0B95
3259	3976978	1AE9DD0FE12537D3A97A50E7937020ABA2F505D258EAEDC6B2AAD244B7E4B8C7
3260	3977981	621E54544904B64ED2ED248E6C4DF14F14A3F2C9657FD780F0227800CF910892
3261	3979697	354C93D1FA1C422C04545C9ACF3D7096BC39E0229D0921B23EA1A4AB54BCBC9F
3262	3979756	8BF28F5D1AD43DE99A452244EE182476EB6F53196B953931E21E4D1CDCCFAE21
3263	3981870	94591733DC07025924E8F73B358A54312C88A63201501D705E9CF39E928B930D
3264	3987081	B188E4B585146142975CFC2415474A3001DFB447166B90B7870E0EF69C5C0ADB
3265	3995507	561C64934F6ECF8B5A7D4E0362B2403E9B7951FB1C87AAC0373F17AC2A95102D
3266	3997083	A5D9093C3CBFF95C000B3C1091D8E4DC2E69DC74E7AABB172D72D74AADD55EBF
3267	3999020	EA9AE6A02087C0F9DB89797184D8E7B2B636F78DE7468C25A1901537400186F4
3268	4000084	DC09F0307033F523F3F9E8047DFE4FA4E5DEF73E616FA92CF1C6E289B3ED554E
3269	4001890	3D2A034026026A5A1511A6B817FF684438E279AAB48FF791E2DD33811E69CC41
3270	4003781	C2520A999F6D28994E1815AF6BE9D6BA8C31A262EBB94243D18BA24B9DF10BDC
3271	4005568	7696BEF7FC6008525F5E1D7BADDD1C267DA7C4BA06C8CD936068AEB1788D93AE
3272	4005973	72FFB12678F412ECBE96174CF3684A6CBB9E858AEA511203DE76CD2C91F3CF8C
3273	4006147	2BC0BEEE16FD8776FD7E56092720F587723C98C1E213E86A169598B8A9E1183A
3274	4006737	1F38ED5E06FCC3590C4367A005E24430456A15B567AB13A8FB44BE5F3F98E1FC
3275	4008895	392BB89ACB6B46E7DEA14008D8D947AB3A6333CFF660E2A2891ACB22E57109BC
3276	4009113	60228B8356A2DD672A22FA8EEEBC78A5736D13182B801BC2F2F0A4C7AA040AD7
3277	4009849	507E176C3961E451763B05265690CC8CB8AC23C0B9603C3D7E11B05063DC1622
3278	4010427	A61215CD2C0969A0EA73E9D56093EEB08D50FB32C3E79F8DECA342CBEEB7D95D
3279	4010470	C38A772BFF24EA6F9B1DB8A026FE4E42DED2713DF4ED67B9074B633D0C1E1101
3280	4010697	ADB0801D7A8C9225166BB9E7EEF170B3DF9E59C703DDFEE251F5E5720694DBE2
3281	4013455	1C11AF1A6B9DCF68D9CF69CE96AEF4CFE8CF6CECFA19C4C7A18718EBA428D64F
3282	4017295	309EF90A630A7EBB60B34E05C910EC5CE0F6EB67B032694AB9619E32F6CE471D
3283	4018604	CC19DB498980D9EE44477DA84B6666C1329065DA3F1E6D55B390ED3BEC8CAD68
3284	4019676	AF3660AB5E29F11C5B5EA9AA31D06A3A7A777A5B83751489D11EA972288D7FC8
3285	4021305	A35E8F1DD0D5204B02A674665820852CD7BE5DA71263F451DF6F94635082991A
3286	4023773	5EF10E03D4CAEC146973DFCAF4749F7E3ED1DFB343A5BB3370E354A537C30E62
3287	4023814	24C7DB5642EEA98C9DD372F6F9F4C08E65E756D0A65C5757CFCF38A157258889
3288	4024665	E87FA47643E6B9A9D6ECF02C19CA08D393FB5553FA1B337F66E1A030B64F46C9
3289	4024722	5CC756C6AE2A1CC4F1BF49302352A115510BD90D60E4772DC0D50FBF6579D7C0
3290	4028701	5627C479C3D1C3BA08F969C6CB52A9C74EABEEEA8B66A65EAEDAE1AC722977D3
3291	4032035	37634526E0983E36E90251239CF1DF8FE7C1E652FC541239BC6256123D4B8A6F
3292	4032141	5B43B69C6840E298BD1BA9658692FD17292B68EF582A6CBB3A0AD570100211CE
3293	4032811	F333049B1BB9009167693917B0B1611853B21740A3881F1704905860453FD2F5
3294	4034052	B6E2F52D98963BCDA7022B17FB883B817081107F66494AB7A802066D0D55D8AF
3295	4034309	7264A36EE13AE7ECA9256F507A3CB90B56369FA737D0BF42C61284CF52A7D96F
3296	4034390	3C8B8BF0A1D78DDE4E1218CB544806567CC4B7443CA2FC2A4C7A777B99BA6966
3297	4034871	F66D9DF9346E882F44E500F2C2FAF61EC93396C7E8F784BB96840708A6803A55
3298	4035633	14C2972EB92CA7ACAF2816736378D47B746F9FB22D3C2D2ACFA3945BD7EC8C29
3299	4037432	285FBD0CDFAEDB9FF21D94A3F3E947B3AE6B411D246990F307F863FD70DDB89E
3300	4037697	F9E5F5D4F77EA875CE079796EBD628CCE58AB3312CCFD46C222FF7B6F03BF094
3301	4039266	584FAD014BAD8F72574BD34C27AB3F6C10CC05F2193A6F56022DC156143E2716
3302	4039305	E5C73906F0F329FD67C221F3BE3743DC2FCC50A3450E2F419556DE3E4129BB07
3303	4040202	DEB6E61B6223E367C0723C39A218D00FB86ED250456FEF73C54A160350CE10F5
3304	4040920	BED07B5CCCFADE855F67F43512ED97863971C96C4970A801B8D666A980DEB0A8
3305	4042713	A75939A18AEB8D4014996748EC274256482C7B434D3C4717D77B320E0A43B0A9
3306	4043262	F09BD3456E2519135879F81A85769FCE59B6771C3B51C6925A4727E0BD24EE63
3307	4043776	9624F65965089C3A39889747C73BE5C9A508DE44E9DBDC4CE290F666688FAD36
3308	4044181	AFD9FFFD955924D98CEB54D120B3536B570BE71127453A60E96DDB517E4819B5
3309	4044814	6C17CCEC2C0B1A5940C40BE49D9BC55DCE3748D94FD4F4AF06C03B728C8C19DF
3310	4047647	817FF0F90A50FAE4CE9AEAED865F37844870793C37E72A531EF2C54671BF5537
3311	4047811	921E513C2919C59C051007EA2D9675D109532395AFBAF25D6DF7585912728CE8
3312	4050466	B45B21B8805182CFF885CADDD0510133CC68C07CEDD9078801CCF4A56D137FB2
3313	4050696	BA22E9B7A679D8F0EC4B1DE83268CE5BFAEB8FF2486B83CB041B42CAF2530B03
3314	4051117	16DED105DF23125638CF9B110C1A51FD3EA7449E5061B57380969AE5DDA29F0E
3315	4051675	A058D628E45F55F46CAC15BF46499F0A440FB20E693342C2AFFDD2042AAD792A
3316	4052000	086EC7CA3DBE1C9692EC855FCE9E4C26A045C5D1F49191E915D76CEE628963A9
3317	4054832	DCE5BAE6567C7D5F20DEC680C8B4816893C802C895BEDA77FF5C62652E44DFDA
3318	4055458	503C09AC0E4E1614CC31211CA84301103CB39E1646618E3EDEF0CE8D7127F68F
3319	4057775	D295DD7A48F0AB68FE67414D2F78F8CE12A84551892A347C2A8F45097317B4E1
3320	4058750	5E96F971059AFE8EFF9B312EC677093516B7586676D09A0D77B7E40652D99293
3321	4059256	B138726522C07B14382AA726E9B1CAF9FD9CA53213F60AEFF30DE9144E935B14
3322	4059809	8501BA17A370DEEC6E8B5AF321452EBD2321F91E17E57FDA5399E514C6D98E08
3323	4062995	B63C1347A64C14A5840247318BE1C5B73139E27E5096D2FB4125C479D3A2DE79
3324	4064805	ED155CFD13CF3A7CB09FDC4A24AA49071E01E872FFB40B3BCDDC33BDA2D6DAC6
3325	4064957	6C6EDFD79CAAB7E2EB0D47535D9EE5633DA68B5D76BF86ADB45A54E2EB284213
3326	4065314	9CD7E60796E40A02183315F8DEC5DA5EA5EDD46B18FBDDB4770EA22FCFDC9891
3327	4065532	106F071276200C407965296D3A143300852CE77741D5BD8AA3F80FB22271D487
3328	4065898	BBC267F4C03C0EC54D130540E876FF66E05828FD980C8826F874DDB022488CE3
3329	4066092	2ED369297172F7689C2FB6A13713DBC27EAF55F77E2E266B31BBA2362F90B502
3330	4066513	97F4401CD12813060581739D1C5C98F518493B20D6E9FA481E4FA01CE12BB4EB
3331	4073959	58A905E5BA9F8BC58325AE5C48F5DF0FE5832E06BCBAEF3C3AC7EFA11EDF1250
3332	4079169	F92AE060F0CAA74709FA5990C2FDA69F457840113BBC5BA860C4847B6EDBA4AA
3333	4080496	C1AA6BF2A7008A9A6C2BC947C0C0F2EF98D16283576FB9846665C7DEFE06E7A4
3334	4080554	0FDBA3C839799AE5D344B78C733B7002B60747D6CA2EF6F3C41AD9B9751B1C94
3335	4080624	3D9FBE056821B854FDA65AEBF8FEEC546A30914FA92F0F5D7C936E52F5995021
3336	4081083	1CD421665EAC9C1B97CE979DDB21A3E2A42B0119EA4F17983D757685D4E41218
3337	4094793	C37B10E55F6108868B5EBFC8A4132C13A25E1F64B3B3573CCFA97C6563DF0DE4
3338	4095142	5062D4A5B0BFB38E95B0C345DC3FAB65B1FFAB6384351BFA7329B5D99AB5C216
3339	4096568	C3AB364E624D4A8A6378CB5AEB9F7C516C5C87537EB0E71F4FD192110575149B
3340	4097539	FC1EEDF119905177B8BF56A31712CF1E1230C2B8515D038E48BDE2C19436294B
3341	4097676	CCD53733F2BF736679F711136B989499BA4E2D1CD53F73BE9DC0C07BDEAA8708
3342	4097680	0C3CE6CDF8F4160DB0A0AD93D2058962F1F1F52CF73C15CDA527CB8F966C549D
3343	4097781	5F5D2AEAB5F4FF7E538A2763B4641580C31C0A8F1148D5C6C72D83B092764E38
3344	4098489	834167964BAF19EB7D0F4B7559D94D318A15901AEB0930D4124688052B2519C0
3345	4098687	8C387BE48A06FC834DBA1516539EECE54795BE27BCF27F21E8B1BDE2CAF4FF60
3346	4098773	F2B7ECC7BEB0C2A6AFC5EC502EEF3AB17A335B9A1102B72928AAF0D44999352B
3347	4100307	983CB3B0AFED5DDB503EA1FEB07468A567BB68E47306047B30E636D22CCE0DB0
3348	4100351	4E4F2D7039DF89690CA13B9B85E161AB72A890384B04F9DB764472FBFB0CCA66
3349	4100386	3237E222256FC1CDC24E416C93464F479F0AF9365AE1D412908184A917045899
3350	4100400	0C28AD7938865804293C82A4595653B498ECB4324A485648C1A77DFD7508B87C
3351	4100413	3136F2171CCDEF6611CFDD22D68189DD86D1627D377E8597C5C6A938ADE1CD92
3352	4100431	F31C479BC83A3E5F8E2AC8F3F3EE55ACCD646A3AD372257FA108EF2415F6247C
3353	4100444	97205C031F950C987E560F2F49298CDA7B6DEE68C202AAB3237080CA3B25E6A1
3354	4100446	2C2F92AD98CD7946126187B8C9E933CC785293AF243A9BEAADBFF667F6BACA3C
3355	4101257	7322B9EBC81D4007CCF5580203DC64284FD6674137AABCE61ECAD05458CCEEED
3356	4101821	45C6A331A8EC47B0C543E43C50B5A5A19DCE99054A4DA5506393DE442374FB60
3357	4101823	7FD9831EF32B671C8E3D5404724C6683F3815529ACAD6B654C70038290BF7453
3358	4102413	B671CB02A470E9B57B40682F7FB49A9680DB35845711913D1FCF4FFD9D06ECBC
3359	4104252	F397D7E4D8FE8181619240A3FF789484CC1EB65122EB47C48B8F75C2A4D2806A
3360	4105693	1D8C3ADC074F72E2ACA3142C31EF80E6E8F39048DE67486E7ABE7A8635C76CBF
3361	4105710	EA60927EAD529E7C7B83B1BFCA779BC6FB575E80317C55E78C28CA63CC5C70C2
3362	4110280	623A77050F764C4A9534DE26767DAAE458347CF2DCB30256EB6B5E99A12C8DC9
3363	4110433	3C2679B300ACC5CCD7BD0D8FA34D5EB76E25FCFFCF2071175546E02CC2AF1D91
3364	4112481	B621BEA5E037FD4890B63126009A490A6A55DC14C6E0788890081AB70E11BABE
3365	4112584	6DDD80EABCB5CB978CD13DFF1922917DD5EC8D18F9D2ED205DCD75690F30FD49
3366	4112760	0AC9E3BCC81E1A507F72890361C04083C66DBF27D5BB5E1DD5AAE2DE5F49A225
3367	4113130	4B895C01A1FBF0D5D576D35A8C7C443A64495B0CFF0AD10400A832F57362C1FD
3368	4113173	8CD12AD41CD1CEE60D519FC4DDC43D5633547A4C48CE5E2A625CE823B14FE941
3369	4113176	A0374A36B30000DB3779A206ED5CE386EEA083192F8FF23A6DEE10D00037DD9E
3370	4113312	9F26BCFACDA54B55BCDE89344CB39CC4B95BADF7990F5B2CC3B9F00DAE2536A3
3371	4113572	E6EC9C1F89C1DFDC03B9E78391BCD661C825C7429A74F487B47A8D8678B88504
3372	4114087	BA0EE39328E8758CC4044625458C24DEF50EC2AC6AD0DC49B8D0CA868A5415FD
3373	4114791	177F1DA7678840E65A3D41981B79953E54B566057959BBD2BDCD898B0ADF6709
3374	4114792	3B41273034A034A11499A14F246EAFC07AA5060EEC876022EF68A73FFCB3FC84
3375	4115247	0B07F23542E60D018B20D3897D8A39F2E6AF6869F6410308565CE1E67C3F0D1C
3376	4115669	B119A904E64C470B69F9E3F5DE5CADF4A6A547B74E44CA40177A9CEE6B57E418
3377	4115744	117848317A81D20F529A35F002B0B12EDF58B98782520F805F8EB1E6EB18B2DF
3378	4116909	CF7AC49F7D62381EF8AAE3C2C9FE7704BD0DEEB3A5E8DBC63C1AF4DC0F7ED1CC
3379	4117016	98411AC15F50589FAB424116E9AC55F5EBE9389EFE509F4BA9AF41B0F253C837
3380	4117311	FDC8054CE1A146D971DEA298D29A77AF36365EC2F62952AA153E07DC2A584C9F
3381	4117563	BE5C3FF1A5EAC845BCE07FB2C65FA3F3CB631044A64398358D7CE77A2A1B856D
3382	4118193	C1C57962FD5EA95E6A13249E329E074CB93098ED0E49D865ECC3E4F3D56D3314
3383	4118842	2F954CB93A735E88CD91F498DE4997FB77DB7C816CDE18EB402E7BE743A9167B
3384	4119185	8F987B98D15C2E9869E7DA158862430B16107E3A385A9164703A2063559B595B
3385	4119189	6CE129F9A2B8B2970840F4670B9B42316A2F676198E28700D2CEE45084C5A454
3386	4119191	4CF84DFBE826F8373F9B80C3C852A26AC8CA9729C0989A92C4886B025185469A
3387	4119201	7CFB847105DEFE9F5935449A02D5751B44BFC4DA003937A581156B9440C767D5
3388	4119211	068B6573FF292E7DC875D6A06D0D0FF379D7A363FC0E9081CF334A5928B25907
3389	4119836	42FFE2465745B756F28F4B5C170E69A6EBF7A9AC7E41D1B3DFC90C8DCFEE2543
3390	4125704	B177888C198BDE181F0B97573E58B63062A6EE5AD4F45930D0AC44C0D6717378
3391	4126501	092045C4036E8ED7EAD4C595FD6B8BA4A2D1944213820D6DB2DE9FE3C00580A6
3392	4126565	FFA5F6E02B38ACFF0A243BCB8A47D2BC433F2951EDA91D7599414744F345FC3A
3393	4127085	BE45646B54FE27DD7E9E72B76339378A6FA411D1267A500F28A96AF0F8A07131
3394	4128072	C3CAC501CF8B2ED11B08260098E4EE3F235963B670A49D1649790F76397AAB7F
3395	4128233	3FDA389B121E775C0E788FD4637AD7663A00693BED7F6F32A0E7717883DB5DAE
3396	4129745	95EE0EEDBB1DC9922DBA04F39C21EC9FB802E621B5D8881BADB69BA7DDD0A6EE
3397	4129750	EB7208AFE65E82E2155CB73649A4A3318C2D792ADDB27053DCB7DEA73480DF6F
3398	4130350	4433D9DCCD703532E99B5B79C6C7D9E5323DAF0B209634F76F8E5802E1B67E2C
3399	4135534	4BE3CE04386B75AB5D792E6D3BADA258E80A81398B02D74C404CDAFBB5660E12
3400	4135810	65294CF0D640DB04DF542409804B115ADD8DDBF56A9AC6450D51605E3D07FF7B
3401	4135834	CEA0774FF1337A83BE03A79FE5A5F277EA0183C9BF90DCA2D348FDBF41C588C5
3402	4144424	96CB9867BF48AA9993287C9C9E40D8C8BA597298A3D28F12A6DFA77788E62DCA
3403	4144426	326A6BB5178DC23B94D60020D0A9D53E744F4271DB8F8CD5A2688183E0E99714
3404	4144436	0A1A3BF36F2DFF08BE7BDF0261BD998C5FC16742DCDCAB71E17E899D597B7128
3405	4144487	240810962AE54EEF48137C8A7521921E01489569E0040CB6AE4E67586D63AF0F
3406	4144531	DF349ADC1B5ADF25E8627A5913B088FA1F14796816D85AE2F9570F302D5DC328
3407	4144535	66AE525FB985C7DE79EE9430AC29F4866CC2421E5A31872C8ECFDB8A309D1CCF
3408	4144578	7DEAF9D3B06A17D8BCF0A27B7076507C79150BE8EB5F5079D90158DCD70E46BF
3409	4144651	619E550091E0AFF2D0819BE9E6049CFC4AC9D38FB9497CEF74E90F23F73BE485
3410	4144654	B88BD94245595BDD79DA48482BAF3A3C2D6F102FF6B4604FCEAAAF54D7C94FBC
3411	4144655	AF9ACA2464479C9D4AF5B4AF4EFD95BBE3B42AC7B06D581DFD081E8449C3D8CB
3412	4144690	C26EAF3A6C2D02EB337D67A1B07FEC21DB68FD6320ECB9B30791B402E6BCBC50
3413	4144733	9B9D7C4AD8BA53071161D4A631607E421C23C4AC963D27C4F3F60EA50578C6F3
3414	4144964	B6D466ABF58369A8B33BD47DC2E95401218BD9CFB312F5F11E80FC70D92E4E25
3415	4144966	928CD82D47E17B85DEEEF056A8E5D5BB05458A2DF8E9AFA7978E5069D056CD62
3416	4144978	926E64F3C90177584B6C55B2B2231B7F04A5A1084D4BE2335297FEF12AD0BF74
3417	4145041	E80E35C7D9055224501873C86F1D883803937E05EE9D7583324E4DAB637FE331
3418	4145071	81E1C2E5B121F46BF040B2E9E29F84A767A9687FB3F67A2CD44456406A9580A0
3419	4145167	D1B47ACBFF49542145E282FAE0CCF4E05F7BE13E531ECCE7E1E7761F5E2FBC8E
3420	4145176	117EC46655446EEFFF8E7DA51ACCC5F71C4B6A5D63AE4F8A3FBAB8E6361CB210
3421	4145190	80863F4AC45452687E432A47C0C9D9D03D6B80AAD02989B2405AA48BC39339FC
3422	4145191	F460DCA72AB886BAF06EF37F9B1B5D80C5545DC0AA954F6C0FBAD47E63FBBAFC
3423	4145194	4B56AAB213EBD5E0270F19991B33101A382E3D36BCF2A775BD4C00616E9E3868
3424	4145195	09E92E653FC928144911B616740C674F33C52104DC8771E6B68DFD3FB7F12E02
3425	4145226	D776411EBEFF630CC10827D23C14125F9922FFD221EA923E937A54555D5F4A06
3426	4145230	920E05EF5A87E8D60AACACEA266D0C5E9A65CA85AF327B024756F5A4D907ED96
3427	4145567	8D2F7CD3F497ACCF152BB4673D17674E6DB4C8E9EBC981198718DB6B62C641FA
3428	4145730	4EAC7C97182091ADB2CC7EA64A53ED0100C42796E4FC11A9A40C6F3D97603F14
3429	4145731	96A7369AB0491081BB7A18BEDB501ADF7E1F7D3E2474BFD46176311D02E143AB
3430	4145767	F1519D8C261272BA0C05B77E46487EAAE2534D4FCA2817544C35DF588368FEC7
3431	4146072	1A19F71F7BE0A9B4B7C4683301BFDEFEF806B3E4C115EE9FDAA56F376ED1964B
3432	4146150	F16AC2FEB4164099EB6A6B988BF01599D175DF8E5EE1BEFACD9956CD50883AAC
3433	4146249	8B21ECB4A7C06B4CE5DE77DB6E8C165045A100100DF1799999E4E8293D2504E2
3434	4146270	9B47D2F3FBCD565B3114B8DA70F7362C93A322690F7D3EBF7658387658A48FBD
3435	4146274	C33642014ED686BB39890AE9E41724AF4D388A1E3DE4555CF976B61949DCB13C
3436	4146307	B19DE51C84F8721810BF7C5E57EE728BA534BF0E603C260DA1354A83D92F3E28
3437	4146311	F632884C0B13932A00CA9BD209CEFEBBAC443356F5FE8EED202E626D6919BA02
3438	4151405	2C7890BFC17BD24DCF9AFB8C2111405A974BE8C26C4CC5ADC90F8EB7B2680AAF
3439	4151429	0F5A51DE209595F327C006B369989F30D4B6F3120FBBF6710C3A99EEC3D15E23
3440	4151710	0B844F740A387FAC93B50009D82A6F9D46DFDBC11FA0E3D8F5AB201B4FDB80E7
3441	4152005	589F6C8DF04A4C07010E603D0780532490CB6B869DEEF791B9419FAAE02748F5
3442	4152010	B0FA9B20D1486A8063DCAFC51B404CCD3C197BF60AEA2675E23563E0CEBA6D2F
3443	4152034	BC1A3C8BD314F8AF699E39AD3D103F1BDDE3A9592505DFE36C6EF891E2DC854B
3444	4156665	5E10487775B0E1B5F30ECDC5F9BE37FAFAA64A8726D7A76AB0CFD6CD0E024C06
3445	4156728	0427854D0167D4670DC5B45F104F88091BFCBD8AC642ACBEED108950D460678B
3446	4156740	5DC707352103FF1B6823BAEDF94CE67B9C3C24E7132B36449E086141441370BA
3447	4156775	87279D6FFEA8C7EAA2308E80512615DA8F98C367B8837289B493BAA9E3A2F7EC
3448	4156850	07894E600084633B161A533C292BBDE71DF67320E7A4FC31A701FCD0738A2345
3449	4156926	C16A6395B6F757EA766C8D7586BA159D88730D9FDD65AA827CFD9B3EA8615848
3450	4156930	1AC52CA7FCDBCD1512138013130682255198120B1E4013A35AE6482C16CEE5D5
3451	4157278	9F6AEBC1811E2DCBAA90E06C6736A7B32CD91F118A2B720EC5C5DA045C8C0C13
3452	4157281	20FD8B9EE0323DF3F29EA1296A1060AFBFE43570F0CB7B2580E9DA2E798948CA
3453	4157310	1E366800039433C8902971C158C1FB1CAAB704441A5BD66DB7B54CE694E0CB95
3454	4157314	7D4693FCB3A9300745725B3B71B1AD10E1E00FBD616414E8C617799836E38C10
3455	4157409	9A3EAB158AA0B8618247FC4FE163369F98A6C309423611DAFBAED44A066598FC
3456	4157430	7DF078F93ADDC71F275F38B4E1FDCE97B535B857E4115F93DDCBF375ECF8015F
3457	4157431	BCD95911F134BD73C4D5C64CFCC80A1598896F4940631DAC09027CF2CF47094C
3458	4157435	22E1496FD4FA682F7C72F4AA076A227B6275EF1BF74E19945449063ECD0C3370
3459	4157455	AC8D31855BA4160A7BF557AF58D1CA04C64D7F3F707421B9FBE0A43C7AFD6516
3460	4157471	FD6C2B52A69F744FAB2C1B52F42B2F026FEA59ACFE358FC2AB6D7448BA7B6ABD
3461	4157549	394FFCC915A9B0D5A2BEB4F8D098D60D17427CE6AFEB6679F228B809A99C6A77
3462	4157745	C285B3D285FDFB6B5D1F020354B4F174E02BE2AD06537A11F691A45EA62D3858
3463	4157746	5D1818CCEE247BCF44B67011CF15D7EB2CA04CF4235ACC8E931BD437A98E1DE6
3464	4157756	E76E889138716938C97856D9ACD7F1537B222935E72F43C3F248841B233118D1
3465	4157806	D324174F9B128690D1B6BCC414683537CD7452F58C93334CAF6CBA96F41398E9
3466	4157807	C562781C284DFC4E7A1A9D6D6CD65C17782F41CC3D2A8747401B9B96167DEBE6
3467	4157818	1706BD872E8CBE880740731137C92F0DD7401137C0E540FAD4272DD7209E350B
3468	4157820	27CF82F72BB1568529DB1578304442711886A55B03B18AC7DD8995801482EF1A
3469	4157850	512F0297EB7265BD7E38722427B17CF93F735F1D62ECA44010B12D586BB6C1FF
3470	4157947	C73D3B3D02DBD97C16E4E90695EE35E53F1247D598D14B56D833354C3CB7984A
3471	4157949	74CA3AC97AB5E6BE1A1AB8DC43F523139DBA32E26896592E7140C8FCEDFA1B51
3472	4157956	9FC5EE08CD5BC48BBC70B21707FA85BFD79FF38FDE2A20E2E5FE25168A63E502
3473	4157970	3EFD63A75603CE7A5A9E2EAF3023BC88C4A0CEB4CE45AC3902CFADEE80F3717D
3474	4157971	D180A84D79E38D5862E7D51390F49232D9157865EB85A5DDBB728E243760427E
3475	4157974	A41115A89BE3533D1200891DFC8346CADDBF12E9624217F591DB59DFB9628604
3476	4157975	13CF3970B4EF640C5C526F956D2054E081487B258AE22947681262A8F88AA4DD
3477	4158055	28EAE0FB4EC6A668E88A710E9E474AE3AB378B20F5CE025A4961B979A75CCA35
3478	4158299	E438CF03094772B17F9D5F53C57D312D36EF2A304C8A2703168EEC2E5CED1205
3479	4158390	B5BCD66D73DAD0854E86BD154AA482B829A6D5306824233F86D67A0E24BE0074
3480	4158394	FCA4074DA69FB14186C5B7B3F533090D4F5992EC8C89AC9E021C7838EF334B8F
3481	4158460	1F090CB7ED4718FE4B141458E8ABC309BCA1316351332DC270AD63F751FD4EF7
3482	4158489	C9DA718BB8B7AF30613A09B57575BEA467945E6C669E111C5D5FDEBFCF9D8DA8
3483	4158499	0DC6E6695EE2598A3A5F11D685F462E9503239660BB474B0F687BC2BF51165D5
3484	4158511	A66DB335C17450FF2C117792A3C65E29AFAD1288BABD39D4B6C16C9FBA628A15
3485	4158515	66253BA516D15B63EEB0C8D4450130F1EA9AF557C2C9F634BA2C6E333B751B8A
3486	4158543	2CEA913AC107184D7960CD29D43CCF8D00C620FFB8088D4B3D66F05957840250
3487	4158551	B91653783C6E6357944CB289617405CEB4DF2D619A9398EB697089B3ABEFA729
3488	4158628	BF60FDF424EA6008E4C09ADD408EF4BB25436D7F8B2C481DE51C8DFCCA11C76D
3489	4158816	850DD6BB34DB7706403819C4E9EDA48B92C46980D1641F774D5AF6ADBB0130B9
3490	4159092	03F218CC1FAE094817D7638CD12272ECF5AA93ADF29C877DEB3DD4054F4A110F
3491	4159392	F2BFA97350D3CD58A9EE406BD291B7A160B50EA90616C7B7270B19E5100B6C5E
3492	4159416	FF39122FA92A22FE073E0EAFE036DE4033F939A6A77E2C88DE8305457B5F62EC
3493	4159692	680FDBFF08C277175EE585CFED76A939B6B1F78AE2805943B3E7E16EC4C10CBA
3494	4159716	95F61BA0490ACF74C477EB1A10E30636463B1A9091EACCAF800F3B205716EA2D
3495	4164344	A76E8415FAB614698DA5D79D1FF558D82D08248616A76E8CC158285C3EA71A4E
3496	4164345	3B286EA3FF80A7F0EF6404B4556104BD2C8417D3725488D2FC29C5ACBD5C6867
3497	4164356	FF3193C2B3DE5870BC8BB6DE8462BA2C152BDC98B42DCF4FFC0A4FFC263514DA
3498	4164357	70CEDAD5EAA5230CE27249F508D9645F89E3D2428B0A5F962F4194BC091E6B6A
3499	4164451	FE6D5278091C92E850E291D6571213F2096DF10C0CCE4943B357C5497F7D1653
3500	4164455	992C1FE618141391083A7C4FE2769F38480E171BC9D50685CDC3B50DF2A34293
3501	4164557	11947F922B6BB1ED420D5C8E84F3A66469EA8E80ED0D593CF66A4FDA52046BB9
3502	4164571	54C08C7FEF76BBCF318E4581A3AA948BBCE2622E8E4EAD01F62E47572A52A116
3503	4164575	08E28A345BAF52A9A3FD68F0AD831355C3155F42E876BA998E0C3AC0DDE79B1F
3504	4164610	BEC1321C4E40E29D08C36E04AA0A965705F7C21C2AB1A63B485816DC5730BA23
3505	4164887	7E0CE4CF57DD6BC25D49167FE125F09672F74A513F301405924F5BBEEBE52DF1
3506	4164958	ED0C884D5FC77874CEA7D9FC1C753D2192AA75A984757AD3E240776B62962F94
3507	4164991	B38BBEF969DC76BDDF5132E3805F225AA7BEA4E3467D139D607CC0217592F678
3508	4164995	B10FDD4DB34F73B5A1B79F14F53B221ADC64A6CC389C51580C76D910E50D3B46
3509	4165036	3F456EE18F6CD917AF5C50C44D10A94B2705D7E404DC5C2EA6DCD2EEC444E114
3510	4165060	6886B8C68589753CF537CD1E3F144D7E1A750C747632122A14D96BF3E5D88289
3511	4165097	2174257D036C1C2E156EA12228E5E94363F755F20413F191E8080CCAAA3C17F8
3512	4165110	1F3AED7FA30CBE16F5BF3013A8CEFA3EDC055DF814C6395B8E0798BA0C886BE7
3513	4165114	6EF1D805B496DC7565A8A5E64D8308053334599DD02C2F3FD1E4A154D9CBD8C3
3514	4165146	C90F28D2B84CE9DB367CB2646075F496FDB031DBEC584E3ABD1172A56BFA4622
3515	4165150	94740F7DDC9183724CBD4495C8AEBC13FDE7079F0362141AB207D303EFB88EC4
3516	4165151	868D306D0E4A4E47A3C85BE714A861B42000C06F764475812B661626E15340C2
3517	4165439	D837E0CE95628347302F5D1F50EDDAA9E56ACC357BEA61682BB7DDCE53A6F547
3518	4165486	5EFF2A11DF9708350B05568999CAD47CCCFC9DC5F4F7EB8B59083217C1F83F35
3519	4165498	14BB486CD5D2F35D47B683803944EFB38ED8D4B1276C427271C30853CF24A747
3520	4165626	7C79C18132B226F2FE05359C00D66CA0ABFB30327678598E228E43046168F0E0
3521	4165650	61507C014AF5E886EF57E2CA74630B87BB2E87E9E66AB788560D3DC77C36B30D
3522	4165654	4EC58FB4EFFCAC8CEB60DB1F4E8EC42A0A6BEA495A6A9952FCE6B8DFC8B432E5
3523	4165687	9B3FDA87B8FDE6E826777F76045460CF6D97AF59FE70886666A8285113DA1D4E
3524	4165690	21D645CC4D53D4794BFD2C355B820A250DB1EF855FC8328F815CB1559FFBCE63
3525	4165691	DA9C1C387F2EDB32BA8E77C76DCEDF37EE7E7552414999854496C04E02B6C571
3526	4166190	FBEC6CB0513BD09DD1A0561B4EF5E0525B553B7443483FC3A16FFEEE933624DC
3527	4166227	7FF158019242AAED41BE7FCB75CA40B479614A5601C4B958D11D6380D096717F
3528	4166231	B4A816C920C01399CD2B38744EEA3E3354BE006B4956D3504697103FE9A44A31
3529	4168665	EA822058B927E367FE363FA2E12BF23F42F11FFD53896DC7C8390C4675E4F600
3530	4168677	67B5C22B333F87C1C17235EFE63441474A17BC1292478489B4CB44AB6AFEDFEA
3531	4168729	6774B91B284315ED8DC9BF1EA2EB3FD9E09859275C6207102FC34F54B98AA5BC
3532	4168732	42DCF2D4B0231DE73733781E1A03AFA4CA4DEBBD5BDD80B46ACF3CFBC4D4016D
3533	4168741	9C1EB4AE78AF3B0CDC4DA40D6842B7A2D91656955C714C04AC56E62D148DF26B
3534	4168770	A20DDC9A7736539E6D15300A82FD08B63583DF42775A20952FD98FE145921967
3535	4168771	B7EBE9EDC1A7C7C5D62577D32C96FBE8EE46EE3CF9909F8E58B69A3DDA448FCB
3536	4168774	FDE24AF6ACCA6C925D2521983FA91FAB985152197FAF46D705ABCA03D1156566
3537	4168818	09DF9298C04E1AE8AF7434996BAFF1E8211928D8E8457627DD62896E445B82E2
3538	4168866	ACB926F0836CF03BBAB297BA7B595369A53A904762A2C94B1F09AF4CB11F15AD
3539	4168869	D871338CE348A039C88C7D5A28AB418BC28F8A26466EF778E29E18BB60A7A62D
3540	4168877	1080EAB52C67CF145A2359201D6C41B2F55210ED9F0F83106B1AAE635E00D27C
3541	4168890	1C0B69AD3D27F59A36513CCE876226410FBB2D820FCC7960B699C9D1284958F7
3542	4168891	1DFFC2804D251B770620C6728CEB975275E1BBF8944D6C7D5B00CA8A250851D7
3543	4168894	C0395911FE213DD29F1F5EB0FC6BD885501E09BF262F2EB9BC62E3F78D5A39FC
3544	4168926	F8187C5B6BE0F58B39F82736C3732339FAAEAA38654902EEC6D2CD59403B781E
3545	4168927	DD3E63024AE67A46CE20E08E5827811EAF2F582BBBCD734D56A55AA6B85FD719
3546	4168930	EF6A6AB9974E00FA1F0EA6A0DF9FF9669AB222A52F9EC0D27736F2ED08183525
3547	4168931	3C481DAD4856D48C67F995CE4198AF77585B9D55AE8F9B7EAEE507EFAA675E10
3548	4169278	F8B2B6D457A1C4E79B94086539E45DA66F610EBFCADB89D0997A3B7F5824B516
3549	4169310	283EA43F7B804BFBF948C21588EA33274C99E80CE0A386AA1BFCB69F6F9D812E
3550	4169314	1F71E75DFE0AFCC7AA3635AD8B8ECBEB8E28E2BBDC5724A22B21333CAF87E0AF
3551	4169390	DAD3EEBFF838436BB758CC610F07FF00B9268811C962EB1FEAE412EDDF4A3E19
3552	4169408	7962E4B6534079EE89026D9EAFDF6E2448604A614BE9514934C783FFC92F9456
3553	4169409	EB35D3E26CE3FFDC371728A169FC53BEC0DB7FBD3E640453498D941F3CB6CA4F
3554	4169418	CAAE179CFA4FC9FA55F1D15AC73693D76EC3BA27F28D1A81AB791203D1CE862F
3555	4169419	F29D215131D88B81D31D435A391A5301C4BD0D8DADDEEE4130859CEEFA9ABD07
3556	4169430	4E664D694F21D5726E17C47B90BE7EC67DF6311AC6E2372BFB8EF0FD03D5F7C4
3557	4169431	99AC66F3225459CE15D8671C728A9A20AEEAA6E304BA9B8437F9C0A24B3492A2
3558	4169434	63B3769688ABE87E1B0FA4B78B04C4137E90531C9B68B32DCFF1DFD5ECED3287
3559	4169435	325DF3C980752582ACC1EF8431A93EBEDD494217DFE636B372A41340CBDF8F2E
3560	4169462	A09A84C0B73144C00796FD2700C549B4141AAA8ED824EF8F8FF13B50FF05C8E4
3561	4169463	E600371839C25036CA7BE55F7B4BC76FAFAF92B7209CAD71A8DBE9A0B5F1DF73
3562	4169467	EC1D91D3DBBA90FDCF557F049526D0C0620BF408E054AFF1BD057AE08B55F4C0
3563	4169471	340B5AC182AB28BAFADC6DFF4616C6EF226C958F1370C4C82F268CC299257718
3564	4169807	861D803B923654635CE20EB76F3ED73ECD788ED76C7D70537527C9E8512F092C
3565	4169818	97CC4BEF2EF01059831897020BA28C113C1549006C7C88A09A805EEE3BD43464
3566	4169850	EDE059A26F3B0412236ADAE7029CE4ECA94C72BC166C1E4F54C3583F0A8DB25E
3567	4169854	CFA4A95DC93BC0AD70A3706DC65F62B44608356DB9F5950C5BBABE13EB3CE4EE
3568	4169949	CF3C4778518A3B17E2A29843DA212FAF9EBD933A77C2472B64E30055E73791AE
3569	4169959	E81D4EF701299A26A072405FB92653628D4D4CB1C08259964250A72A80AF0018
3570	4169970	F2A9ED882739D8E0B4475469685222EBC05AB7FD3DD2237C0E19A9FECDEFF47C
3571	4169971	28FE7C1E3E4D2AC17F3115FECE5BD47EB7C6A14CDCF09C77B98F72C3607E9A51
3572	4169974	DE1DC6427CE4AE4E76457DD4570D3FC156BA4D1FBD0E3312DB6298E7524B6987
3573	4169975	70F08E1B45189E2EA1292A5C2AF0B6AF4EAEA51FB9FEE4FF302FC25AF9A685B1
3574	4170287	964DE81DFC552A4E5D2944C46F576AB652F39ADA53A45AA811F9829408D07456
3575	4170349	40473564BE8798712425AAB1083B64F3E7F5812AE1305305B51FBF9317F75C9B
3576	4170352	885D038B128BE9A0014999669BCA85DB1BF8BA29BC8CD59D432B575DB8645F80
3577	4170391	9E490B6FCD25D9E725E8BE823D6C0EC71ACD613E2644685F5E1E3A863D076B8B
3578	4170394	E09F888415BC5237381825FA2849C52414E98930707B0934931A473BC2AD9627
3579	4170395	0E648C6FCEAC2F4EB70ACC263C1DC6C79FB9107C382935B34A67731AF452681D
3580	4170487	11211E9F4DE369136FC83E19B1533BE54EBFAC5C304DD93073A9FE2CD57138F7
3581	4170489	E7F3D3AC85EACD6171D60BC50D8AA5E9FFE286A9FC378C9A17E8E36FEFECA00C
3582	4170499	9D3FFF4A28E2E0184F5C1DED036DC96A91AF2B9CB74584A2C3534084C9650714
3583	4170510	458034FB54B7E6FD6327219B585A98DB0C45B1B654AFB8D9BD8BFC3067DE305F
3584	4170511	3C5A2E3A3E9B0310C713E4E62AAC3F58AADB50A140520569850A863A0E93837D
3585	4170515	F173E91849D25DC98D4F8725445A7DF80998F633DC0498D3E6FBDAC76AE46D6C
3586	4170535	4B0EF6EF108A885BA0B57E891AC795061B617221B2D1FFC06FB81F0510C0722F
3587	4170838	74D0F8B78B4740D30A4A05C6ECC3F6561F651FFCDE6DD24A423ABFC779229E2A
3588	4170839	7838A34805CF5ED2E38C33B8F2D2E5238AA2C967B260FA5689E29C26B40666FA
3589	4170840	0FD67DF5C709C3BE19488C8D5158F84063AA0CDFC62C85A5D69F063F9DB9DE97
3590	4170887	3820AA098B2111F9B48BB38CE788DCAC6C2E6131BB72748E101B3D43BC35CB11
3591	4170900	A471AA0C921906A43AFE1DB6EC40A662928AA9C28CC9C076E309DEC544476113
3592	4170930	8D18186746BAE6238D862FBF485661370DC85F1565F8A8100A812B7F8932947C
3593	4170935	B21F5C47B2B19EEC7F21D988939A1DCA795EDAC7DD24A97B17730467A0AC2B7E
3594	4170990	CE913A48F039B5521BFF35BDA1EB7A1A44553F0FF811B1D51C84A6FEE22FD597
3595	4171000	04F29BA2048500D11439362A18BA993FFA5D22D80746686E7712054D0F0FE0EB
3596	4171054	9BC7AA3B9917ACFD46D4AF7724A1E31E2270B84BD66042F1FE9965F9A1B2A86F
3597	4171379	1204D67FA30046E849D76C576739052B454450D9DA6C45C6C35FBD5E32F5C095
3598	4171427	5DAF955D22C61AA1430E8F75CF3157DF4F4B1A8186BB96067B848CE12B2F4238
3599	4171439	1DA798BEF2F39A671BD346308C56F39BFCA4BDDA91A6AA8D19B7B879D9B8E176
3600	4171470	2BAE5F42BA378CCCE2C297DEEA876CE099F3B8D97772FBF5DC5FD1497E24887C
3601	4171471	031CB53B2CFE4C03E63CEEE9655CB12FC67402A2E448DDFA273B3D1D17A5AC95
3602	4171474	E1E96BE0C90F0EA4A504D721D1E1AA292A7087E4507DD9A83809207740FBFA54
3603	4171475	44167C457ED65A2DDB3A8D72FA91F876AE26476B65764BB14C8B3697DB16427D
3604	4171595	6726F94CE7D5B439399D6CCF0D6917C37551BE4140A501E010DFD826889FC998
3605	4171615	FC5D8B436CBE5F42E41CD56E87265E6BEFC793259F794F23F7A91BC9EAA29936
3606	4171626	BE4F33AEEC59D1177F0F0BE44C7F72B3568C31EA50FF2A2CCBF4F6671098E043
3607	4171627	D4F4AF952505C9B4F6BAFA9C65EE4FD7E91531BF0CE5ED25BAAFA15620D453D7
3608	4171630	0953FEBB6CC7261FB4AFB53A2D5DE803C8C83D7D4D043DB0869C877CAF248066
3609	4171631	80545643E0904EA3E0A0387FE03E40E5913BBE034CEC2631766482BA3D25DA11
3610	4171966	6E96D4AB94C35C2E91672E0F833BC7488F806E737BD13347DFFE9FCCB8584C13
3611	4171967	1585BCACD941B4FA1CA72029BA15F35AA2E4FD78C7284DA4CE0D9793A4D48562
3612	4171978	223AC4644509256F68D1E32182DF6DF4B6278E95767CDBB04C2F0804B8D8772D
3613	4171979	3EFC0A2FE9988EBFA17A54A81F0D350DFF5B6E28DC30337DA1B206B387E18293
3614	4172131	0F42199F5ABDE6E0203CD42137D32D0C627275EB70231BA2AD78C26C39C51D18
3615	4172155	445E0858D43C37B4B4BABDF3E2A1F403F16CC017E893145C7FA62EA9848C4F1D
3616	4172171	906073F13B7EF60EC7B47627C6E85942E287023603A95DB6467332419DE12517
3617	4172472	E0A5827CD90DC8D11F51DE68EF288D213DAB9FF3603B89C247E6D077ABB6B089
3618	4172507	F9C85216A87B3A685527673A70D4B24321F9D9F51852476EAE304477EE703F07
3619	4172512	8084B17FF449DFB59F32E1F76E8497969F3C2532F8D1D0FF2302BF487451DEDA
3620	4172519	C4ED529B8291EBDFCE1706812DB19A346A3C5B8D4A77414577E1E399D7C01719
3621	4172551	FE529E0612993B229C0C45093F51B8D8ABA3F53834182180CF8FF5DA8BABC4A8
3622	4172554	A85DA261EA19F6913064204B153201E94349E6A9AA5480D997610A2C3BA96C52
3623	4172555	ED4A1C0850464DE65CC3B680ED3BA52217B86FC9B5AFDDACC15BB3C2B39C68E3
3624	4172646	EA2350E40AE06AC7B1478DFDFBB90419FAA79EDCBB39DE99BFF30B4D28A49D7A
3625	4172670	042AC79341142705B02F1510AAA0775CF067161207533AB42980A47E6084552C
3626	4172671	B3BCF9447BC78F3CF2F8F59C0ACEBE6DFD60FA68BF45C9EEBB795B1E3C9BA746
3627	4172674	4C1B11BF227B0C4ED38A98F48BA8CAAEB0886A653FFD25F47C9A64547FC6D227
3628	4172675	94E854EF37F37DF58543748BB390834FE5E8FB20C2FAF4403E449EFEBFA3ED0A
3629	4172695	4B7FEA0A25971FD376038D156FF39A8D0E93E2F05A3352953330299D08072C20
3630	4172703	C2CE07491BCB5D0E88574B37B3B44D838C65889919B5B33B29F10FB4BA33160C
3631	4172754	B65A5017C1175502F8D45A6A9AD535B7F5DE7473B4435EB679DEBE23AF5A137D
3632	4173018	B65B4ED85A62CF4928C623AC086DDC55745890B96CC022634B03E3CDC3BD5DFE
3633	4173197	AEF6DF93F59F337DE3CB399137C03558F24F78476BA3514397715DF8495147C8
3634	4173510	E9F83C9DF35B8AE899A5478661D7A9EFC177D3FC70E8E4AC929814076EA6D6A0
3635	4173512	351383597798242FDBEFEECEF9138C0821ABA61A03F3F51C401ECD3338227BFE
3636	4173810	681AE8347AB83078DE4DFCAEABDC9B1D5C853B44E3830986119E56AF86E3A771
3637	4173812	F630F4AB0C4B65EAF0DC8471EAF677FEB2711DA1CE03CCEC379D024E18600C85
3638	4174110	E9456FBADB98A7DD5588F4E87B1D78FAEC2817A43CB3643698852E2C927726B4
3639	4174112	A3366DBAB7551BDE25EDC5E463CD5803FD7733D314061C3E8669F6FCA2FCF2EC
3640	4174410	B59CA4D0EB68F28B2442620C5CE6787B93636D539B5E1C6BEF4E709ED136E96E
3641	4174412	692BA011DAC8CA217A1CEEDF696C25F7A6DA602BEE7A5718A988B040D5643149
3642	4174702	91161C05F4201D80C865991D12D56AF786C7A94C11B8421ABF95B6D49A7AD9E2
3643	4174704	80C4CEDD8E6F9F7E9F55268768E926B90F8E08C9474C3F7DF03F1328EEA89A7B
3644	4175002	E635BC43419331937830F4534500D56D05ACAF0BD04FC04EB2A70FB5D765283B
3645	4175004	1661160A282DF257E56BB96FE2304C0B9BDF4B5F3BB9D0BDCD1C8E865B675FC8
3646	4175302	4B0153A0C6B1C9B59120DE3F70D054BDC1E35669DC963B97B84799389C1AEAA8
3647	4175304	A76B7B1DB554C4862E3FA7C516ADFBB4D728900658C6096FCE3D0DB3AE0C4A08
3648	4175602	674F607EC1CA126C98FE35E87AB49A2C238DD33A1160E785DCBEF8FAC5D5F6CF
3649	4175604	E5F61A41910D1C2F2C50726ED2B74E174199E46F5F88176A9A53D4BBCB59D931
3650	4175628	451CBFF6B2165EC76CE52317F1A4E66F289269C6D2249374E886206C25B463FB
3651	4175636	AFB5E97F4AA8F0EDCA5DDB4FC1E3C7892418DCE368C752760C302DB9BABDC56D
3652	4175696	5220F25506C2CB94F109475A86D65BA53CA8F92E5B4C150C9A1BC986BE3C2062
3653	4175941	254DA8512EE0172253AF380B37D19986EBAAB7AF93FF59277F270778DF27CF90
3654	4175972	DD9A833F10A409547B6247E00737C5B08E2F410640C12A1C076BB93E04FA59DB
3655	4175988	95ADD771C8647C00E29B8EED73FFD47C9E1A90F08AE3B95DA0B7B561FDDCEB7C
3656	4175996	B26220768A3A3C03D122AC56E75FE497E0186E4AA1481A273FED9A763BE688D7
3657	4176038	087AF163ADD86CAF4386575E2CD1457E3E13BB0924DF601CABEF1A10AB9BD3E2
3658	4176056	55536F27AEC0DE57C68DE945B0D4CC2CD60AD219E0B1A0787E164EBD180F1E1C
3659	4176301	ED38618DF5F2A5BC0BD460E5E4E52A8B70FD9BA63001E19A164491C59D84827F
3660	4176313	C9AD649B7AC715424B3262B772929762E9B309502AEAEC33DEB099D1CABBF004
3661	4176328	35CBABA2780C48996E370629EDFBB23EED8FAE33C9EE2FE922179E2E77F64769
3662	4176332	F2198951EBF5EEAABCEADED5546F5EEB7EAB12D51EB0CFAB648C50814B3A8915
3663	4176348	33BE7D7470549EEA5B8AC4EEDD0C94A797232CC2803C8CE7E3FEAFDAE8503179
3664	4176356	300EDB70233D016663E6EAF697F77E66F5C54E3C3DB6AB6A637DB627C05B8DCC
3665	4176688	C64E1F67EAA43F5DF1DFFFDFA0630EABF79E13196497E5C187C4DAE483B0400D
3666	4176716	AE758A218E0B40B483928951411801AEB166E4DB253CFBCE850A11B348FA8961
3667	4176776	79F7B5499F95B1CAA2C072530A9766DF1E2BF111A197862ECD6EBC948E97A641
3668	4177021	F135AFA5D99AB3FCB83F906F95C57F534C694F75696D848C81A7505EEC33551C
3669	4177068	FE9E4EE83E3F691982B3F1918D321E9B08118B9B0BE686B6356CD64FC73E6008
3670	4177078	5C02799D1D50E23D058D97E52FAC7AB639DCF8C2477769DA21DDE47F95B46A2B
3671	4177118	B2735F9A5E220648F67814469FF179C8AB9F156A2A7041BAC813CA2D392C00A2
3672	4177136	DABB0DAC0E6C49FC55414ED20A87054E0C43AE6B4F4BED2B93AE58D3DD7BF7EA
3673	4177428	3C0D3F09D1EDAC3255E5A294503ADC5CA971B5E6468892000B2919E65CCF68BA
3674	4177478	08CE12C9D2707AC881C33E3BBD786F9577782211EAD5C0D1FA4604DCC7D35A33
3675	4177741	FCD555AC0BB440BF1103EB439D77B6C9E151B1096AE6A2009298826F6D2C5EC8
3676	4177753	3FDE0A702DC623B83AECA2783C13AD0E612F1D54F2B8A5440534DCED0688B30C
3677	4177768	509CEE3125968AB191DF40C7FB37D9C2E722F3726EAB4502DD8AF47F6F911621
3678	4178058	5AC87B96654DA429AED61F7F50BC276D5F29303C228012694092272772321D06
3679	4178066	EA5D840A0C1FD42DB28EB7E0950A972E194337F6ABFFC2A9ACD2C32CB72F62BD
3680	4178358	751623827E9E587E8328005698D6B6E4453D0124C9E51FF89F66ADB5AA61146C
3681	4178366	84FBD87CFD8ABB80A9B3BB038990E704532F71D0082C8D41E87D6DF2AD6F84AA
3682	4178658	710CD94AB13C886DF598B780060031523A50BB1AB20D1AFD0DAA252287FD78A6
3683	4178666	3DF87E936160F1469885A638C42D1DF713503D9513CAE42656C607063B05328A
3684	4178958	2015A98A53E605FF4BC4A914F9D9B8F637ECE6E68FC86E6A05B2828D4439A787
3685	4178966	3A493C668124189E8AF4893E6C1CCECD1D436ED05FC2E06C74704A01FBBD0CF4
3686	4178989	65EC18CC19C5A9C2E2A709BFA275B8025D268CA189D656D975872B03AD681D1C
3687	4179059	20A3F737700AB7F3190517EA93D6D1A46EEF3ED702C7CECC27C5CBD20A55F79B
3688	4179084	89CEA5219074FE92A9307A13D47DDBC571433108AD1C6582E0A7888DDCFA8981
3689	4179128	7596801A3500A70A286B263CEA3AFF308F3C896F39C9456DE3C4E8B50004FD25
3690	4179325	5448AA4FCFB4B4B079886960450BAD8ABB65F54376C4B1EE099F29834837137F
3691	4179329	E27537110EF699FF4563FAC80B86C7F8BE8EFE75E7B859FF42EB3649A9994585
3692	4179336	ED091C6C1457CE394E0ECE8ADFDDA1DA4D96E004DCC9B60210216AEC499016F5
3693	4179349	40264D3AD5C5A2221E43CA0D2922B42B0E99F6D9515E2EA3DF77FEF1950854F1
3694	4179357	CB408EA52CAF3A7AEC01ADF38DA9691B804BFEC4D140C33611774DD3FEC35E51
3695	4179444	107692EDD491B8EC3ADCFF6F2377272C11943F2BD66B293EE64074015308111C
3696	4179663	2E3A8843CCADD168FFF7212C92E9D1E58C0C7C6080FE96577DDA0103FD9B6A8C
3697	4179696	8D57ABE63E7F78CB000DFBDAAF3B0EEA4450C49BBDE8499C53E1BA6E8383259C
3698	4179709	51C3720417C4C19D0CC62A55AE12A61D8CA99D66493D2D3DFCCEB00A81E4B5C9
3699	4179717	D1EB9560E117F7166D69AC5F6B50976A73558050E5EC409539C0E505562C36A8
3700	4179804	31E4EDBDC89FFEEE6A06EE81A50E741E309ADCB0D5B41457D0B7CE4E53C3C46B
3701	4180049	968D77B24FBE8B4DAE03E0F2924296B6BC09048BE2BF9320A6F4261DE833B5EF
3702	4180056	E969E14F9FA851C1928A708637234322F845BE4690FEA55C4AD6FB59AABE410B
3703	4180069	072E34E934CAFF83F07A2A4731C4EA5B4A87F6D56C2E44669C592F3016590A09
3704	4180077	ED68F339AE1B4F092D8B3B6A51CAAB0EB7F93B1D67B2557222E78A58B27A31BC
3705	4180090	E1B8B87166F3E118969ACEA1C010341AEC5803517877CC9461775416929953A5
3706	4180164	91506E957965047EFE4390F5E76ACE1209A84778DE53EAA914ECA77966D53612
3707	4180192	304A1AA33609063C6166F1A4C1FCB4E436BA638A74A29F29CE364EA4D9DEB822
3708	4180383	CE322F1093809E7ECDB93DCE8D9DBE8A983B38105116D6E8F9C642BF93DE6571
3709	4180437	2635732A133F2FECFBABA4EC62C706CA27AE140691A3817FBE7738502919D2AD
3710	4180524	F06880A0A45D0DC97C28C80983C5F10F921B3352B8BAF86E8BC1CF6214B62493
3711	4180552	3873EA37E274126AC43D752F65E4CD7B58B36083F983A001D43E7AFD69BE567A
3712	4180743	B07389DC0BBD85E3E51EEB65655A75E91BBFC32BF5AF9C97E3F06FEA15DA6A75
3713	4180765	6F8A61625107D636C810CC0E82F49529F373F7051E102A67C2E569A48A01601F
3714	4180789	366A04479537928A67601CB89D83C299D68830C30E313E78A5818D9D574E725F
3715	4180797	2192DC7AF19E6A0695A2552035DD011A687F18F99BACBBDC62AEF816668B69DA
3716	4180884	40BF781AD94C44EA25C7E09AF75364E390122C25CF9D823DE218565D0D1D2542
3717	4180912	72CAF78C913FFAE413D12DBF12CB04A9D7C39E422ACC19257C9661C35C4EC590
3718	4181125	D0D4AD8CD2D810AEB11F5278A4849B7DE1FAB6DD319FF7B53B80926FA17E5E34
3719	4181129	47B8D5F505BF04D5C6612205F1A38D625F4B111A3E4A8342ED489A7121177776
3720	4181528	9EDCF4A6408D3DAB908DDBE7195C26E3381626007E5172A48614B2F3626BAB8A
3721	4181957	E17F34DDD1005D83EFA5FD46884B360BDD0B2E400B4669C847BAB5C85805EDBE
3722	4182330	543EA5DCF2929A1E408373790B17D7AAA7D60005D790D2987A1A6C49ECDF6832
3723	4183408	A3D326B3967ADA7DB8A9E1209AC235CBEBD3D65AC55BB76F117B22C4BEAEFB0A
3724	4183409	F756B3CE069726093CBEC1C6D52C40E2C5150D1E45C21398B5A1C07F71A2AC9E
3725	4183623	64B325BCFDCC7210B7AA2BBEB3EE99082FC594AF723A3D7A1D2E7799856C1FEA
3726	4183948	03270B9B3A65A2954BB557F7EDA14C113C151678D42594A69DF3875445F52EFD
3727	4183960	39764B3ECC7CF21EC7FCDE54050987C7276E6CB27595C43ED5118069169B0AB2
3728	4184162	BC8D9C2197106A33BFBE39F765692CCD597166ABC20CEAAEA6E434D78D421CAE
3729	4184163	AEC13336D3CD2CAFE35678D521306352FF1F4B77EB2600FFE6F02DFD06E39B02
3730	4184326	D4F1398D55856FA8BB4A1A9F3B6CB4AB2342F7254306E18B8731EAE7EB5C671E
3731	4184327	631877FFE3434592A21A5208F4A90D4E74E0D0D930409EF5590A4D91C3556FEA
3732	4184488	0ACF99EB497FEAF52041751D3532942D871E8538CDF5A3540811B7910A842643
3733	4184501	D7CE67E9601755DFBEC89C7C6C96A64814359975F892FC5240DC23A998D6C903
3734	4184549	8324FE02033E6E226FE5B2D4E52162AAC86464C2EF04A288E3A3182FDB950A9C
3735	4184551	4C0384BFA5FC70D2DAE6A274858D720D14F080C85354719B042FE730A5839ECA
3736	4184553	37BD82C77C5E231188EEE399A944A49CD40E84FBED1B03B0414FBC400C0635E5
3737	4184561	CC17EEB1B8EB97E41FC1677950724C0DE7B5CB3A48F9E9D34DAFD87FFD8470CB
3738	4184617	D1D6CC61F6BE27753E5519025EE6AABF1B1E6025488123FA4EE529C995595A8B
3739	4184703	3ACBB9E66F468EFBD67BDB2E1A8DC8D412307DDA828D490285206F80D6D4EDA3
3740	4185157	B44CCE0E4502F3C9F68EFED25575974C63BDDC2DD845DD8898D35A00A0458188
3741	4185232	40EC1224FDC4B4EB93FD6DE3258F743CDB5B2E0714B0107781618EEF0A41A2FA
3742	4185743	A031D09D8B20057BE4BB3237AF35768ABC504672378449F7BFE6E5258A576834
3743	4185745	CB769365F788EBD822BAD100CC9FAA35B9D0FFA6EAC5C686239AF23FF8F1CFE3
3744	4186043	C1F22AF566AC11F431225D008F4B0593180E21161113C62F4710352429CBD589
3745	4186045	69FC1780E73D203E1A6B34235BF4A616F9FB3D8BBD92F3905E8989F5AE63D2F6
3746	4186343	FD7F3AC0ED1290B40B8EDAE3A87363682A59207C6FDBA48169C0C7A9FB06AC90
3747	4186345	4C05F23B1CCC7ECD5982DCF6636C9D391888A73B71FD24B81047216537144E59
3748	4186643	468B817FB455D6D3591F20427C9730EA23C5E794C2246655D57A2EA66C189405
3749	4186645	989C750F1B0053A25F07E9F9400EAD1A73E5E6FAD45B69CC831E08C85C84FE07
3750	4187117	C0B6FFDC045EC84B00A50B6B4F28EC0B348E729B82215A2391F06D460E0D6F8A
3751	4187883	69B2B1E671B14F6266921B2B96C580CB2343B4C6190134374DCB1B5D351C66D4
3752	4188837	2EFAD3BE8E68D47F26AB71A6521BA1122E9B9ED7C138AACDDC683638086A5B67
3753	4188952	037ED39B0EDDE069DBBAC82F5230DDB2230331F72C642F53523772D8C48A744C
3754	4189015	5EB1019FA7DA270885CC2A47B7E933000C57B02B44E5C0A68995D9705DE5BD82
3755	4189143	A9A3F4B13B485B0EC6F866C3DFD72BF266F7A38652E4BFEAC53BDD60E3B3935B
3756	4189165	D20C2A6F1515B4D4655EF63580CD271A30EC50DAE2ED7A7173D52D8AC579B971
3757	4189189	858509290429CF072B9F090D0805CE48DB8572F1F63D935AF6A78A56946966D0
3758	4189197	9573E3BE6A24A43C684FA88A67CB5367708DD2A488084654B4FC57CC14813D75
3759	4189284	EC343CD15F61DE39F95C1223ECD68991837542ACD77F8C06DC8FD9A85D74FF44
3760	4189312	454FDA1287E0AE8FA502885FAC149526455F369F6E7FF9749CE79300834D1DFC
3761	4189525	F1281C4CECFC842AD106F698A7BB3B4C3A4917FFB628CB304A45007A9472965C
3762	4189529	744CFF6B5EC9BBBCAF38D2A07EC829FFF58D670E9F009118CCE07FF8685522B4
3763	4189557	65D3B9600452A787442F0C1A4CC7D10E65ECDA4468ED8AA035E52CBB6419ED7C
3764	4189644	7833D6964E8EB72CC10D279A9122E09FE8234C5E05E67CE2FD4E470FA773DE7F
3765	4189672	86C825AE105E18EAD8119A9B0781C3DB63EE6826E19268F680C48126DD2F7E93
3766	4189863	AED4079108486A4F7292B7B5F29826681BCCC7ED0B6C2514C9667D8D4A60A72B
3767	4189885	53072A6B654EE7CDD0AB4005CE191620BE862A678845A6D1DF8C8ACF1F8A584C
3768	4189889	F56338DBC5582B8CDA5858C45EDA36B29A58089F0362F32F217991D3F1B109B0
3769	4189896	98AE33106489E35399AE3C650EB4FE0393DD8BB94D323DD669E4A1AFDB761578
3770	4189909	85A26CB6E3EF2D322EB41E4BC455391B6094EAB03E90AA35E946239148CA9587
3771	4189917	C9FEB657B53C67DC6CFD51DA496F3C142202F20CC5072E79A4910E8C2FE5E7FF
3772	4190032	C7138AD3370A4BFA3E3E8CA987BD53887978208FC5F216B54C2FF9429C84015E
3773	4190256	EB2F93D6410ED0FD3CA71B8D2857FC55F66A91C599270E492F4BA5A1128B0351
3774	4190269	197F2DEF8B90DC7A636FB7A43D9C340EFD7D3024019BB53DBEBFD10241908007
3775	4190277	FFB7BDB525C71DAD8D5C78418CB8DF6602B049515CEEA523B234873537DB1BE0
3776	4190364	4EDC5EE097CBED6CB729298AB6961CD7DDEE746968C4697BE75E31D3B3897DF4
3777	4190468	8FBDBDFE1242831AEDF2B76DFA036F797226706D8F424F91957D51EBD277E45C
3778	4190629	286927C4D708DFEAF2DD35244B1B24EBA175FDF7373C888EF876B68192FD7AA3
3779	4190637	0E8F18D6D1719B398184096CF49242ED9CAC4FA5AC49E5A10D460C0DA7C27F09
3780	4190752	3DF6C911F01F73FC4FE327C03B66CD7953E079F84FF6441F83A65ED67BE09167
3781	4190965	1854262B81DDA443874B76D1588A3EBD3773360A0875047C9475692E96B7B961
3782	4191088	B069CA26E910E7858592D698280394282F9AAE0CA6F00D3BA697AC9C791F3D67
3783	4191150	2F6C4568B3E12E0BFAA3E97A4C7B39169759AE3346E624ED24DF43BAAB71181A
3784	4191293	0D1FDD3BD8B163ECDFA0BD846CC6FCF2FB0D6E5DA13BFA3FD065A365B32D3337
3785	4191702	10224CE3132BD80F1C59A6A74F69B63F7D1C4D1832D99CE419E0B61DBFF2E438
3786	4192373	5B0E9825994A67306E18D88A75B9B849F0909BED375DE604E5263A9248429C3C
3787	4192382	2B9BFE9E3AA7698C72773C12E340393E22CAC8BF87D482F85C7058737E0FA103
3788	4192770	895764B672FE8ADB7116A3B3FFAE6C47060975EC7E38601E03A02F471EC1A9E9
3789	4192782	87B79C02F4CDAB715EB272E3D0ACA1ADDC39607DDB4015214B0B0BD59634B6AD
3790	4192867	A51723D7E30802C64E6ADA110647E50332300FCFD4B2B2E760A1CA0CE2F45B2C
3791	4194266	D353B969BB6AA55CA131F81CA166C725C4F81A77A7F83270A9C7B7C2F6116430
3792	4195303	CD2A4563A3FF0DA0E121434918373D9CBA78153204503B65EB3D92D2F52FDE79
3793	4195311	688616FCFAB05DCE65D4D98BEC060893885CEDB463026DBB942272DF8D75B41F
3794	4195318	D2FADB2D53F447C3AEA5EFF95E47C52BC7A92840A38D34229F9313A99017F744
3795	4195319	2F16B4309FF89F2BA3849FCAFBC8D29F7B0884F179F7AF584F5357C1705C6FA4
3796	4195325	63B63CECB82A7419AFBF96F42A2676368187A0F93BB386B3BFC9326B694FA4B1
3797	4195336	F6C082E0A77E83E789EBC4B07C5CAE8F60C95EBE2D7D13A5562B529BE0D77C0B
3798	4195339	254784363BD8B9FB90E98B35A3C1E8F78BBA4319035880E58BE4DA7F764FD10F
3799	4195349	D9207E352F75A43FD6CCA69B66D3BB2C4B6C7DA0081EC8124172E3CF929B021D
3800	4195354	E7F8C0B2C9856BF2E16741204F95E716E1C104FE4D23611A43C052B5FC124A51
3801	4195378	ED363CDBC3A70B83838D720CDE80F3B120FD10551084175EC419E42BA177B3E2
3802	4195550	DC158D226579E5213291F1350F74CF57ACED2C3E7A11BADF9F56F929C89A5E2A
3803	4195675	BCD7138EE46BE1EDB477EF6B0ACCEA76366A1CE0A3F9EA3C14CA0B56A2F35CB9
3804	4195841	AC8C2F810B907533F1EEA95977DDB3E7AC3A26F3F22E3BF29C559EFA056BF855
3805	4195843	2255EA36C46E12CA48C0093745E61FEF954F369CDD284BA3611D807F0BD10AF5
3806	4195845	1095675656CA746430B31C6458D71720CC59AAE4F7A225C6A9AE3D44C7705368
3807	4195847	92F42BF3F1D4EE3F61C37492CAACFB98C4B8766922410D32D25566874E4B7925
3808	4195848	986BAAA0DF41B56C70D4E9EA91037E438D19349BAD7025E06F2741611E198B5C
3809	4195858	209C3B155C7314E0306C586227C8E2647FBDCD169179EBCCD493BF4607473A72
3810	4195876	6DB0A0499E16D4A354B30511B6FBA2A233675822CC983D9C875A08F9F2EDF067
3811	4195877	3C4FF7E69EE788081E77F1C60F782CEDC45551A1378D1F0C694BE8CCC5F83F79
3812	4195880	4E5106B8398E5FD8832D2E471CEB4B94BE1156901BB6AB542B626F794F43892C
3813	4195881	BFC1339AEFE320C9F3488F449F83A4D84B9943ED88B27FF39C0CCAF23AE1E4A1
3814	4195883	E03DE8A26B552BE7C24F69984A37154F6CC25DF542D701283DD6DAF1DA6ADA07
3815	4195884	B438B37B14CC0D8F42BE5726E990A7A205B8AF6EC961924A79BEEF84BB7C31D1
3816	4195886	F9E1EC944DADB205167CF9A3C3939FD379DA3B7999EBFE09AF498A05FB0EE522
3817	4195889	757139116B7E43EA76B1744281FB1D6B5C0C48405630C9EE35CA3C94AFE516C1
3818	4195898	D7974A19F9A0A853F6E1CF8BAB0429D74EDDF356772383B5C0641C477992E19E
3819	4195902	CEF370391C13AA326B74EA39B20119E5D850FAED0D95DFF6AC849219EC17EDB6
3820	4195918	3E734ACD5237A42EDC4C3BE266F2C8108F90A3ED5A92B39A2DE9CBE79B83322B
3821	4196136	FFC896437E11BFA1920C1413DD04AE3D2D13A20531244B0307BD0F1F4948E92C
3822	4196215	56572E20A2FFED709E9C9FB4328FC625BC25DEA6DD174BA98DDBB15A514CB1F7
3823	4196387	7879376C6A249F2295A0A6E6DC400FFACA56636011E454D9E3933A7F647314C2
3824	4196389	C4398746D219A20BD36BAAE3E70C8435DCE64333E4EA980E73309552A767E0F7
3825	4196391	B0461E932A8364B05FCCE71EC8F367DB6086D36419C78539D5C6DCCB94C93B62
3826	4196392	9C9A83991109734641C1D232F8FE49A490A9CED271FCC2A7F9B1F29C01773CA3
3827	4196399	4B9DE31D51A9F04F3A881A424176DD0B11A4AE5BB9A7F237E7D53B6A3BE001CA
3828	4196433	7076BB663C2F55C53742D648B60EF97BBE43D8591AAC11E0544E65D20DDF7AD8
3829	4196437	DF075D4D13117CA8F8338417F1D34EEAA36D2CD07FC7FD7E76DDB57D758DD8D6
3830	4196658	7C40CE1E5825AE575967CA3019E1E5F0B22982DB1D3D49E01263F8816377DC01
3831	4196676	2E84D8C7366E367F41A47F6E9F88EBDA03EF4BCADF723A5F3BF72CE998A65535
3832	4196762	4AAB5891529119E707FE185C9D5590D5FE00EB636333D763C313C5F6F06843CD
3833	4196923	6D1E021CB58AF1BA8BD69C9E196328EF48DEDF3BFA6AEBA8FA06CFF9045F3144
3834	4196944	4727EB515A3E32979972B405CC878F2C091E143AC2780FA23D5169404F085FFE
3835	4196945	48A4D4C678E5194286F5519AB13E035109D81A6FBE56B9617C8CA5C35AA0CBCC
3836	4196956	D9B8680F14F65A9D24040EB0FAE0D5300D137B3E9C9FC7B27BA088C2158CED7C
3837	4196958	90011F2871B7B644DAA24B463921C9A3EDC069F79D3A4075E29ACF521DE59AEA
3838	4196967	32612820A2D2851F0F764FDB957C3768A5DC7B29050CF99F2E6A199D8374266B
3839	4196982	BBE969762C1A38986944DDF4287FD0DFFFB521862B7D01937FF4A77196703C81
3840	4196983	D2193DF3E1AF5F5C8D88846E127ECD5C18381DA227E0C751DD08DC64C9281F66
3841	4196998	3D569E20717CFAB1E0A7D12A9356EF570B6C33FA532EE2E38AC09EF6E1715EE3
3842	4197216	4D7A3D21556A53F64C8A9412197B4A5340AF3D5698341E40F91EE80D1451273D
3843	4197302	A20C87CD416F250C1B456B0297F1963894DDB7A4CB51B551177F86512FDC1E49
3844	4197463	69B47BDED91E6F507952EC1C963594F946374A484A2D586BAD9FA994BD783891
3845	4197465	56041FDB1D9158F6FF259277EC08BD9AF70D4D5DBE32DDEF5135E605F9B91C4F
3846	4197466	BBAB9F8B9A95111D4E712E63701C3AB3151118F5DB26CF8DEB8383B4FBA760B1
3847	4197468	5D24C7F70D16A44F6F397A00F8443D45232A94964EC5BDD51EA312DFFE95E78D
3848	4197484	849C44FA0A9A49582EB903320620377C9BBE66E2BDC2CF94DB53F4409705C2B8
3849	4197485	F4D3A8322CE35A62D7AE19BE66799E6B30C22ABE93CDC2C8FB47F0F396DD897C
3850	4197506	9833B36F2F673128E93C0DBDF49DF24FCB725A9A9A7055CC094F5D0D5D329A4F
3851	4197509	AE6C9DA4DFD6F2B41541D0DA080A7350BE0BA976A060F24FADEF9B20414A26E3
3852	4197510	8FEB09DC29ED68A5D7DA9EA30CC98470F687178324D2AD603E74C229CC7327E9
3853	4197513	D7B134BC5F852EB9BDA5E5CE2CB6B65CAA43EF31C69935411232F251D1C6A882
3854	4197523	EB11FE94FFFC7A39A3A552D864094E38F560348F6E4D97B5F14393E9B4C94F83
3855	4197554	2F7F2496F70064E425FE75A5E41253B2C4A6AFCAF26C70EEFC9B6E74E84219CE
3856	4197738	907F6279C9ABAC8A252D0D026EB74B1860D71E9E4CE4AA64D2DF5865C6537ED0
3857	4197765	4968016B0FAD1467CA0C6775E4763F0158B15B8CB6BCD7B75A69E8F47B8CB66C
3858	4197842	366B23C6581B6888BA6DAC81EC084BF85FF9FF2C094590C1170D3C4A3CA0CC2D
3859	4198005	02034E12E716EBCE2D2EAE528F465C821B01C058A82246772FAE56C033A2850A
3860	4198007	DAABB08F399135C46084DD3EF11D524C6687251729ADD745EAF6089DBEC4033D
3861	4198008	46C81034E3B6C625D06D92C516CC1BAA47DACC2CC05F3FBB7EFE3A508D7F5BF9
3862	4198010	4F6A7AAB32C18A859D5F713B5435B482E72395387B014BADA1C0C842DAD3A8F3
3863	4198018	5E192D000CA7C1A8371D354065BF25FBAA1E3033FBF8A6214AD10A73B06BA623
3864	4198037	BCF3B1E7FA2E6ED787BC80D9A76B880A2EE842E5FC74FB2728EA919740DDF6CE
3865	4198040	9A4C032F354241647F49452EEF59DB9662FEE5555129DE69954F31AC3560B228
3866	4198046	6F7E21556080E8BAAC231F17A3171B0814E0B8BFA09510CD714D950D357F944F
3867	4198049	384D76BF23C4F27D83C292FFC0B67A5C63EF611D17D41E770531BF4D6CDE6FE4
3868	4198055	04DA706CD529D76513FB319D8818C0B5F88E7F20C84F91CF87E09C3780AD28C5
3869	4198061	6D5F0755A8F61B024CC4AD62C3FA747289E3B09615C2FD421D96913948954E93
3870	4198541	0AB572FB1D614A4AC655823D13583707AE43D6E81A681C77DA00CC7D7094120E
3871	4198545	B898CBFF2965BBBACB1E77193EEA2A11660972635B746A993775D56B6A03A7C4
3872	4198549	E68392844FF9FADE793D75C0FE9F665E09BA5D721957381F90BF0705F3383B31
3873	4198558	BDCD9977799582B23A2BBE304A3DBA9ACD3040211E091C7DD1369629B0C6868B
3874	4198559	CFB29D77EC31A78FC5B826F6A63A037D11F944E61552AFD7F759454F531F7BDA
3875	4198565	C6589EDE096B428CE336F74615C4957ADE32A6BE2AC7B6B842F03B3B22CBBB9D
3876	4198589	67A667C016F5EADAC2235D2ECCAF5B72CFE2B3279EF40EFE96A6B1437237CD60
3877	4198593	29914E4FBE1638BE50AC0272D993E084B26A21B38DBFE9B8CE93425F9E18BA6E
3878	4198595	2E8A0586876043D1D0C510BFF783FC138F913E93C4D5CCD38E5CDA05FB60CED9
3879	4198596	08BB1FFE633F038B7228E5C05FA9C33D479D2557D4C0D41A5E0A861BF0ACD779
3880	4198598	660D88FEBFB3DFEDDF5529D0C02649460F7087A276B83C9836C8B2458FF48640
3881	4198601	3C5CD5A62C500ED5BB9D06FA4AD68092DC1FEB77DE66320D3B75EA1E14B3FFE9
3882	4198618	BC8D0E627273B6B8EF728BA75B88686AF5FA5A783AB101FBEBAFCDD8A5D9BC28
3883	4198802	4CCFE3D3E7A402E1C20FB5A6E14E185786C6FC8D4B82298D5B9A7690C9FEF23E
3884	4198826	E05E1ED7EDA29B12934C47D41194AFA5F0216D11394D133E3B323653834294CB
3885	4198845	81E26DD7E78D613F300747EA6ED3A9A69824BF698BCE88BBDA31319189BA8E6B
3886	4198849	13EF261DE6F92FF0D04265237D979568DD720EB893D9DF8BE16B845FC641CB93
3887	4199083	B527AF6E210D3F4635D151E38E970F5047450197B98AFA2250FF9E2D590DF99F
3888	4199085	6A0AD62D17AFB51A4354E04A8858BFF47870ADBCE4A79C85ABE30F7987E81316
3889	4199087	30AAB7EDAA33E8A8454B6557EC0A003384289BEDAFA706F5D35D52263FC70269
3890	4199089	A6E65E686BE794210FCBFCE477C5F6AFCFA81D0317DC45369C4548AAF3A38B5C
3891	4199090	2F89944987CE3FE92DD91FFDADCC475621ABFC198B9B894FC3BFBC180CC68BB4
3892	4199091	A27DA97FB7503851FF87A4E8697C1CE9E57074EC118E580F0E748DBB0514E5E0
3893	4199104	2119DBF8C252BF7ECADCB756E335EE93AAD7B5A4BE52D816D5787AE39143DA7E
3894	4199105	0C2A1CE2A888851251F965C8967F16FBF140AEDA7E1918FD78AE730E2BCF779B
3895	4199128	EABD578FA0A6837F7706DBB802104969D5F9925894C519926298920BDDFCB9A8
3896	4199366	CDF8E8B6BA158D439A77E3CE4A6E83DE4BCAFAB542317369451E6C212645F42E
3897	4199380	743249373DF090F341DB9E1427A85E860B31A70932A7641C77B587159BFF018D
3898	4199725	E94F193AE6EFB9374ADADC7EE14014FDB3100B289476B16CBA8952447C6915A5
3899	4199878	FE1AD8D9ADE275BE330C0AFDCE9CD9487530B52353794FB0EA207BE43B3EFCB0
3900	4200271	940CCB9C07992432B17D6E083DCD38E748EAE6D90214F446AD1410F182739A81
3901	4200273	29069AE491B883C690789F58B9385193D19F555FE760299A3C0A8CA3DD11DDD5
3902	4200571	7C6CB7C44FB53BCF06C4B3CEFC9B441A41E6411D23DAD969134D368C1B11920D
3903	4200573	9962CDF3D54477A44B7DF4EB479743F9DEAEEFA8055C0AABFD5CF344620F1F49
3904	4200871	347E48C88184BAA822CBCC8BEAD106D97A90994C93017186BC34FA5EF89245E8
3905	4200873	AD60A6B389A2FA07A90D4C39C874094C2E47E0D9F58DB7E2E3E83A26868BEDDF
3906	4201171	6D4A9E10C1E591E8C0F53A5C75881D0A9D674584F960CDC540DCE3F78D8F03E7
3907	4201173	50A8934CE5396295C81903CF1D13AE4F0B39C1676D15F6C4E47D8F2286A71E57
3908	4201227	1442D261924232C69648A2E68371CD59A17416C7A8B6F89A3BE7D911F61BC47F
3909	4201587	E6333D85B13CDEF6F39C9F922810829300144A7A0B295244C5450CBCE5907AB2
3910	4202443	2FA22C557C273266DC1F243C5B8752A70B5D8B11463DD4443B4A3769BBA3BC22
3911	4203058	8261F63F901D8E415DE41DDBF074A2372621FC4E8B49953071522B69389B46A5
3912	4203141	1B298EF2B9B55EBC9B166976F6BD8652E9339FAB5B06B642070E6A79B3AD41DA
3913	4204155	57FBD89D0DBB0A36DC9C168221CF8214F2D463BD800C5D814E5AD4C095CFF5AD
3914	4204875	DAB456301DF9000B723AAE3E1016E01E512F6CA7600174C02901FFC114744117
3915	4205503	1866E7186ABABE510FCD88318AF70C41A571BF3E67E089FC5A0F0968E2417001
3916	4205505	EED199B6008790704D9B60CB1486135785BB8B4700FCCA0122F4B7ABE07A1CEF
3917	4205507	86006B26FF8DBFD96D5A2A1E40EF7806C4EA8A03A48FC925953937C82983FEDC
3918	4205508	48AB85232BCDB7580447C95BA23F4F2B58FC3E6EDEB23AB171448D234FF9B48C
3919	4205539	B68D5D41CA45CB9BA9A212CA3782DB5DBF4E4EA02C557F8D27C04694E91CFBA0
3920	4205543	87D76872C4D3FCF4FB68A79FA117D8EC7A211083AE6EF3F5800ACE0E44E00346
3921	4205544	03D3B7F666E0EB7D6DDDED84C214EE86D3F20C6859D118CEBE80AB946E7FF912
3922	4205558	6F8853203254CA66F30E94F474AC58A8201F56604F2C8A2BF8430CF552A4E001
3923	4205577	A3D9DB5B4A6BEB2859B7E6B2AADCAC2FF5592A0C07E22AC3EF82E8CEB604A5E7
3924	4205578	AB82BE0F24DEDF2A7022A9F216636C1062F691C82933192EA83FC0DA0294E5E8
3925	4205593	B13878CC6D7341A8D00769BE12442D099B40921F5332724178D34277EC86CC89
3926	4206047	042D21949471A0CE9A66C4F039F5B92D4C3D19A1367F7278BB66CFA788B594C4
3927	4206059	1815196EA8CCE9A8F3CAA64024A3567D15496274B2ACD61F57672251A0F81C20
3928	4206086	43E771BA364645A37765C7CEC806425F821FAC09DAF83B17F7F20906F98C3FA0
3929	4206091	9B1FBD2C6D993D03B15DAC913D5D9699FE12C48D01A03621435D472802DB1980
3930	4206094	B74C3251113BC7740883E4C8D5ADFB191B021AFF004A5E7B87578F1F1A8E2AEA
3931	4206097	EA078772E724201612B7AA553D9057E49A0B9816A0D15F02E3E9486A47810B54
3932	4206134	8DC38C147C72FFE61F98BCC79BE64CD6E6A52C63E27FB1EBB5F242107281A49E
3933	4206340	E830723B9FA732BC437CFD39E5C1DA582B014795215DFFD0FC6D40FC8C5EB908
3934	4206345	86B54E684B96EF9BFDA6ADF8FC381086B2D165B935BB7CEC86468821855D5436
3935	4206584	A6B6E7C29B08BE5F82C77A81438C2F3FB17FFD3A9EA77ED5E8EDA954517BF3D7
3936	4206587	AF33778B6634F8DE67183BB5E08A8AA54F21816BA4DC5F2526226FDE76BF959A
3937	4206590	10C50B4A281649918CF33A1DE3B38D77014C4428F9A09B4829168DEA056F0300
3938	4206593	AD5C4F57C9059CDEDA534C76BD0A9659D27069C5465862673479CD5133B70B8B
3939	4206598	795F0FBAF41CB1586A3E85556990EFBEFB0BCEF93D9DA0C3215EE5940FDF9DB3
3940	4206599	A3EE8FCECDF12E9BD910ED6C490E658BE67F8EC9B8D973A2AFCF847332B06512
3941	4206604	A9417C0CCCF59CB85B1BE85850FFC4F09C85A3B8816062D69D23D2404C0C702C
3942	4206605	A86F6B6A7B1DFD92BC4E41A48E647D74DFF199B7EDFDB5889D56E30C0D4EEC69
3943	4206616	51C9093DE61B0E212F48E5C66446842FBB992A112C2D05F53B45736689B1856E
3944	4206617	14BA4014DA9FEF1A67C106BAE664AAE4AD269C5E164C03180FDDF699B875B407
3945	4206621	881C5DDD79FDFCE0B8E2904DD6BC5F6B74043671DED2A3D263EFAD389C32536B
3946	4206625	BAA5A2FA9D51C6FB5E175BCE442664E199C4B31B04742A8432BFC1E79F274E8B
3947	4206626	1273B44579346D62DD2B7FB35C86DF3E11FD756EABFE7E993DCA0EC36DB37929
3948	4206629	77271536416E841E99FA5717F7EA5B1A08463B6A56387C768F106DDF580B64A8
3949	4206633	DE64DE6202695B8412E5DC2729C8CF2D58C656231C98D7BF4E15507B47FDD88A
3950	4206635	0C080CCA92A94790B61601963D15688C9EA891755F51AF54D5EE2D61B9B64AA7
3951	4206636	C88A24E29D797A834252C2635DB2D8F8B23E530B2E392F124C6DDC74395FDA79
3952	4206637	70916653C924B7E8F023A74D3CD3918FD8DB4531BADF5E655E11B53E1E6D5052
3953	4206638	9DE5EC75C4FDE7EA6C1B0DCC8F47B139198A29EDF6687E2C0B91E2D6ABDEF732
3954	4206641	C94688FC3FC2E8B18C88C2265D66ACBD724271DB9B61EDD8743A9FBFD3582A20
3955	4206658	BEBC67E5E401CCF7E6D5F1E4D2652F5D8CCB89136579EE1F843FAA679B7D3DA0
3956	4206659	316B672A5D5039A85D220BBB9B6C61E60B8152936B7214AF8D06C424DC8F6CB5
3957	4206866	CD0ED21D10B7DC6538C9E2B6BA6A249DFEF5182E7069430A491FD83B002FBAE4
3958	4207120	660EB032B7C48095CD6941B9FFEBEC83823E8A3E37275EFDBA15ED28D558EA52
3959	4207124	C3C88EF8A61B204A23E999CE2664686BA7FA49D83D4636BC119E70B9DE405C76
3960	4207126	6429469E088A1FD38DA30FDD35FCFBF779FAB1D9B64AAD66FF80EE88C8536C23
3961	4207138	5D8577F54DD31FBA39CF67E17A8D55B044CD424ACCDF46074D62200BBD5B1730
3962	4207169	A3126D462196391D37C11960E6CA3C5790658302D5252C7FF3FB54D2929A3104
3963	4207198	D8BAB847AB3C336F92D1AABC78C934BBD3A048BEF1EF3C2F0B9C9952DCCA53E2
3964	4207199	83E17ED9485230E24D58F94F7D9C6F177DD3D6457D007763D159E21C908AE6A4
3965	4207213	EC05671CF552F34A2C5CA27DFDD9FAB734151017FDF0D044376871C2716B0DE2
3966	4207416	587D8434C54BE5AA8D0B0EF0717A6ED7B2660D6CFA13585AC1D92AF5F5EBF320
3967	4207669	E3500CF9FED18C0ACE3A468544CC0AB8E2F096120D5168A6BEA15E3060A3732D
3968	4207677	83BCA1EF3E4AC81DECB360C4A8FBB93881E7118AEB7C991A676C6055014E11C6
3969	4207764	FB07E809580FA690D80C431EB937C486F305282511CB3ECE939B29B6D372FEDF
3970	4207792	15AC31B93E478EF593CF8E0DD9C702F6C10080AA51199FC661C7985D02423DF4
3971	4208009	6D58BCD54CDDBC040C2E034B9EACBA6FE7FA52A49440BE91D9840301AB93E71C
3972	4208016	22D8B78E63D49657C0BAE3B5C61D10AA65552A910ECE21928E29E8A07789474E
3973	4208029	19BCFBB77FD1B10F2041D7F03BAC23288F99D555FB9FD29ADC6896511FA6A4CB
3974	4208037	B49A60C9DCB636E4C91B3E340D4239791A698CAFF2DB0BA61EC8E379E82DF222
3975	4208124	2545F73F5F075686AA45D919184B06B081CB498684DC528F2E91A5E4C7802357
3976	4208152	E6DE679F6B529FB7026ACF3D621554FE21C235CB0F09949486E1DB7F072E6A5D
3977	4208343	1E4E2133AD097616932452CF1EFFD2982B6A5DB650A7E13A7CA7ECFC3A2D846D
3978	4208369	DF42F34C3A2C984340DFCD92A22887B98CC5F9D9B59FF3FE7AFFA4866366334C
3979	4208376	6502B56C75D5CAAF51CA16D7F6BAA784D780F29958C853F6465C9EAEF1238D57
3980	4208397	0083DD18DC58FE502A31B80D4DD0EC72AC73995F9DCBFDB58CC5583787BA4D90
3981	4208484	DF45083590C9D47F7609EE6AEB311C91D06F5B786CE9C6F550D8855D345BBCD3
3982	4208725	C55114F24204D1EEB91EC5434DCBED71A7B711992661B74A49C03B4E715B35E8
3983	4208749	5E30616E791E73F62DBF19166343AD8A0147E39B074CAEAF6DCA2E98A5C2E8C5
3984	4208757	8398C94E79B10B55A29FEBDE5B7EA248ABAE5CF5660B4F9980DF165B91C339E9
3985	4208844	8DE33187A578BFADEFCEE501AB42AE8EC2D05E271AA74A2F8E318F05BF70235A
3986	4208872	C62D3C9588400A89C57F2D24B33F2466880E5FEEA708A83B47F9BAEDB5515960
3987	4209096	666D347E92ABE5D7896BDB421D8BBE32926D0E56CE4312394648D4E7EF6DBCB3
3988	4209109	0FBAA879400D5051CC77D7ADD9BE642230028035181DA5EAF5D0D37F66B6D9A1
3989	4209117	E0CC87FA0F3CE2B9B3F2E1A5A42564B256F901DBBF4AB8D877C1FC322BF982D3
3990	4209204	7105E06A44CA0FFC87CAA99DC08779FE6B0AAFBE8E859DB613997D9ADE6FA003
3991	4209232	296745B0B24A6C12EA4589E1AE904525586B4F6709DF108FA2E182EA05B7BDAE
3992	4209423	B37C195734675026B3FEC95E92220F9A370922BBA83ED9F3B87285C986E8EEB7
3993	4209445	56D03206BEF1956E48FF63488283A6FF42DAB5019BAA963869E4E1C661515C3C
3994	4209456	E4966DDAA58BC81BF5E588C2E935215E051E36E94C3943EC785EAFF52E30F803
3995	4209469	42E6C276C4B20B52D54F5DD69C6B5386BB121225890CD481C2DE1D18AB7DBAF6
3996	4209564	30FD10AC3F590664A6240DB06EA0BF3FEE3F78A303A44D4EB253607F579D146D
3997	4209592	7EEF4AC80896E921E7B1A4422614F78118AFA79C40AA99F7C1D626E6985C9152
3998	4209928	9E616A85C4BE91EE2AF94972B98F054CF2A05F753425E42C38673787505B1D31
3999	4209929	7C16EDABF6A09363FA801F253B7E6C1C048CC970B517C2EC74550AC83C1D42BE
4000	4209990	3227AB8456DAD1AE9963B8AB7C13C07CDE1E718F447BCE31FBD479D4541310BE
4001	4210002	2E1B4B76F31C2FD3712B0A8AA7C3EE3A97B264D1BFB9785E6A5632E658DFE7E8
4002	4210087	45874F6859B8EF71DC031F92B94B60320B05C3013619BCDABDB1E1670B71C063
4003	4210469	54EB314671CEB0570806B111E566582E05836D31F4926B5B7EFFB4BB7CDD80DE
4004	4210480	6286BBAB6C48E44061026763B6C162ED68A7717AE5C65D65D27C83A4991F8023
4005	4211009	CED81C7EB5A331E28126AE55F4425462D6B2A886052617A8ECB9A55FD4E2B33D
4006	4211021	2E69725C7F62827CD1A949E9ED1F3FE6FB03C749BBE986722736487473A56AA1
4007	4211070	C106C49214BC97579E38A67729DF0FB61A6159DF2F9F60D8AA9F8316086A7500
4008	4211071	A2866BF11A714373CBFA3C774367A994698039DFB65DD7B7913495B3A14909D4
4009	4211081	CC2985FA62D38E7730271F5D55BD5517E5C185D1F27C1404EC45F0F3410FEA99
4010	4211139	DA16D48B10061E00C3E42C2744623221ECF517BAD84400CDF6D5C392149424D3
4011	4211763	4BBFA16E010E3A27279F449C87B07C5A1DF958B1A7665E7F08D412B8B7944840
4012	4211925	5BAD0E415388F1121778AFD2AAFF7AB9F90333DF2288E3AB3DE53CF52066D107
4013	4211980	34192FC810748D17F42907AC6F8BA324943B63424CFDCF04DDD17AC99C9FBB83
4014	4211981	EB1DFD03F986F9F2BD128EFC993D00DE35AB6A5957B08C8AD89D0D2146C623AB
4015	4211982	0BDD352F45AA9A9A4337EB986B5D2BCFBC53A202AFB2BB04D7BB3383F050561D
4016	4211983	8F732F4480009E691C4882ACCF72AEB63B703397EBA1D4658141104E43803692
4017	4211987	27F0EB1228D46085E7A66C1CE6DB573A5BA476A069C8EB4630E0BAE0F9E52FF9
4018	4211988	D9C516EC932E4EAE13AD0342B4AC713B00160E19B3D5F92B6A3698B05B228B5B
4019	4211989	5F0E12E5968C49AA3BD0A64D2DC5D8EE40FF0AFE362A56419A5CE324725E1741
4020	4211993	83FFFC44AE1257DC10FF5A509DF5AC2620E9E211D424BC4B20151CE9EFF9D6D9
4021	4211998	B3D3E619E7A9BA0F91BEF2D60CE4A921BEBB281BE7F577A929A67F9A8F5FA6E6
4022	4211999	D656CB7FB7433B8B0EF3CFFE45FA9BA3522D4F8488AC9561C23BC0F407EAFFA3
4023	4212005	F33553775724E1008B85CF33F6668451049F8FFEE42886595606C68D513DF05B
4024	4212016	6ADA7DD3DCDE236CDFB1A4DE3BFFC9C6B3F7B90A0C2E8B9E919F146C727C6401
4025	4212017	99B2E4397816024E4244A6DAD745B5FABF4BEBE4A0EF2D052038AAA8AE747098
4026	4212018	DAE9B85D3609F6317CD8B45E18EA8B007FFE4CCF3150084A11F62E478274F567
4027	4212019	C2593FCFB4ED8A71A591F9D862540995D91A27C4AD2FCF772BB1EF1A07995FB9
4028	4212023	0718148404AE74343E1E8E40577D3CE004C25CA46BCE93ADDC3C0AB638B2C8BA
4029	4212027	0AAD54D2D21BCF543F5CA87ED7971C9F3BC962287E8BAECF5CCCB83A28F0CE8E
4030	4212029	53634E90248888A3E7D261D10D0FF5955AAF986338A35B3A5D22B86D5845ADBA
4031	4212030	9D2D2E9976A3470BAF985F7A10326AC4838B7BCF53B62D64C71E073C426FBD81
4032	4212033	0AEF228F6F74F876366DEBF44C167ABB26333162FDFE26E17F186811B89123EA
4033	4212034	14217129D4606119EE6A0CBE99FD1922BD1239F3EEFBA175606753E21574C4E8
4034	4212042	907AC3F64ABB23BFEBDEBFA5945FF934D39388CD802DCEF503F6DC303444858B
4035	4212056	11DF3A60EFF7332FBF3901BF05575FA8628E8BA5B53A9DA08259430BA32C4C70
4036	4212059	3B5B9B8E5C2AC944626F79165448A0164445EC612B7EA1C833A0B959433326B4
4037	4212285	414A046A2315EEE3901140267D83CCA410250ABCD7ACF9EA983AD4F090782059
4038	4212362	79C8C7A6082FC625CD33AA13D4F3E08A36E2ECE3EABFE4289539AB6EAAD55E20
4039	4212527	D01E2F1214C635CFDF2FD78909104B4E3A4AD8F59E15D9D3AC169E11F8421DFE
4040	4212529	16D9C24AA899BE5F9709D8CFEE94584DBB263DE30324B12B5BFA25BFCED13E38
4041	4212530	D4AA8EE82A0F622B2C3E6E5D1D004F01381370AF4F074D5E8591B1DC2C99F651
4042	4212539	C003C2551054B645766F8B91A02BD652D0E5C98436D7D9743EE7251F408393BD
4043	4212544	8D963EB12A2B47A9995A5AC8ECAAE3BFC3684EBA685D7B531904EBD8F3D19CA6
4044	4212560	EE8FD05C7ABF38AADCE84C44658D92B2C5D1240242DA2360791292E121F6BAEF
4045	4212563	76048B99F83FAD986B7E00C2D54BFA5D2B50DB553CF17AFDC2E59226FEDC9796
4046	4212569	C19D7874598B4C368C9D2F4706684A751B9997481AEBDAAB6A491070B9D3B916
4047	4212570	CCE94CB7C44470396E1BEE8AF178B0144EC0DCEEB01711C70B969B14BD28FCED
4048	4212574	0742A8D17117D6EE584FB43D66894763EACE96780203E16AC25DE67A2E35790F
4049	4212576	312541627D694B7881C39E7C7AC428C0A1B6FDE7F5D2D5D28324532810A4C698
4050	4212578	6CA93BA31FEFD933C8183AAB91CD3FC128DDA769BF1D85CE23BFE74FD32ABDC5
4051	4212580	761794AF78EC50F6D3889DEE3DDC11BED9EEB41FB30F2D0F67FFC84EF89309D4
4052	4212582	173A64A17693DC29CCA89B65AF340E2857BC40BFF62BBDFA86EA2B323DEF8FA2
4053	4212598	204AAEC3834583458C84BFA5D0A903E759A8E2A98FD78FF46400C950A1D37011
4054	4212614	710026FD21C27BC986BA1C23C1A21D2F80A80C3DA1B48FA6D2DDA70CE869A791
4055	4212615	E78F04F3D7129115A2E7EF06BFDD7FA71BA2396C64D942CD10675DB15CEF5C1F
4056	4212778	1517680B132587ADCD8406E16BA260BB69B324BC02C84A9A7B980EB44818828A
4057	4212883	160409C766A78008024A32133C9BF75A1252719BE35A04E9BC067A075920BDBF
4058	4212887	102A179C07657DDDFFE24200EB48C0DF62EE952B7E64656703D9BAD8DBFA52C8
4059	4212895	D685484BD9E054D1890AB3D68B206757871F1925AD6B8DEAE6841909E657A4CF
4060	4213064	CA626645AC88534E38B15436E3A47D379F2E085E27654E03AC96106A4997B33E
4061	4213070	3A6B42EB3B0AD8414874847E91C33CE1209E6C5B20207F544D65D08F06FF0254
4062	4213072	70D49724CA8BF78CAF49FB81838810EACDB6136E2418137404386C9E1D18A65B
4063	4213073	37377BEE25D6AA3CEB3BF9BA35EEFED5B45D595654CAB0FC2D4D0CD8D3C5DD6E
4064	4213078	D03170F29512EB5005C43625F12D999EC33769AAF05722B5183DA3CA233C813A
4065	4213079	B35776FB4343DAF35829C85ACDA9432651EB960896D6D136C87F0697F1E417A2
4066	4213097	74F266C5E2AD3E323E797F867F48A9809FB2FFC525A562A477C94B5F5BB44773
4067	4213103	F9819A2808EF567C3B859F074EF61E27B0AA26A8CCD827FD131BD743DD4C1E23
4068	4213106	BD7289747D5839836B95F6333A1ECC7DA1BD7AB0BC8743B33E9EB12F496CBEB7
4069	4213110	84504061279E110C014C204EC5699E56A0A6BC6D6E26E177239C12D5D9F000DE
4070	4213112	94A1E9EE98C9C31F0EBE91BF841344C20D3A9588B6B884764A439AFE32DFDE4C
4071	4213115	383E724B5A62F8F95441A70F325F4A094F363A4D7D4AB1454AD4F13C84A9E77D
4072	4213119	2CFEE7D0542776CE563A754CFE9B199BFFB0E75F601A22BDA6CBE8647D048AF8
4073	4213122	F300E6FA0D85E50194D1DECF64D88765074FF3BC9EA0FD6AA4D0B6576836EAEC
4074	4213137	B5ECA1C6839AEFDEF066E0F2F8E07CB2546C0DF97FBF861FB7C33F681C915A1C
4075	4213152	53FB39076BD48736A06863DCBE810C56535542FB33F9303F341A6A38D73B1EDB
4076	4213310	74E40E56FAFBB8DB3FABFB9F9292F3D12D29B62C81EE1EF32730A2AC8F2FC51E
4077	4213318	9ADBC908DE2E51863A9DA5EB25ABCA3D54020E2A0AF1FD41C8A80CE0DC2DC00D
4078	4213346	9FA384B4659776AEA7901CB926B7870A7714D94480A84895875D769D32634300
4079	4213604	B1FEFDCA6374C2E53C9064445F759B36EDB9826DB83AA4282ACBB4C0588BB136
4080	4213607	30FC90C72A97F3F3FBE73BE58D20E8B3A6F601317E71C1CB7ECB6181BEA51E4C
4081	4213609	9EFC4093B549F626AAEAAB7D4C6626BE5E763E9E701FE838CAD80FC11FA374C0
4082	4213613	AEC5BC42EBB6010C37AA6A1825ACF4673F62FF34FD144C5E432CB3440F452C62
4083	4213618	E0F89E2BABC065A7B3E90616D528E8CC65ABBAE8F29ED3FAD63AFEC9AA6588F7
4084	4213625	8D91E1B0775A52ACD388B5FC2F0A5C4442B7485CD71C790F2AC92A28E6F73C76
4085	4213636	04F15F1663096F2C21186DC1A9643DAA05512C5AFA90B5C0E1B0502065E3CCCD
4086	4213641	D45BC2F3757F8DD3CC4FE2DF7F44CF368814D4F6A14ECA671F6F377F3984D419
4087	4213648	DE02B0E0590A33E7B3B9ADF7946C1B8E1411903C017CD4051B4CD49A126D9ABD
4088	4213653	92D7DF0A5BFE042CDBC75641D83A83356EAA6EFD0A33D0BCB8170D3193814EC9
4089	4213692	69D728683E45AC052DF27902D16E165AAA99E3763CD385E02C8429D4D74DA9D4
4090	4213878	3189535932D448901D068979EA53EED396C30EB25D74126253F545E995AF1AF4
4091	4213900	44548424E59C57B078589AC77BA8E941A6D0115FD8530C68D75C364C489EAB84
4092	4213995	150742CFC5C84498A4043573BEE831C4E62166E6A08B2EBA99ABE0A79F52385F
4093	4214215	074B3F91A06CA7239533783EE82DF519AF1926843A992340976DFA72C2B819F1
4094	4214250	739F4DA2A7DE6C33318977D5B1749FFA58EBC56737001A05CA383FE1E710D6B9
4095	4214257	CA716668F162922D06C8AE76303FE1F794F0966733E66704D0177051DB9B3085
4096	4214274	EC8B6C55AA1C5E0022C187A0ADB8F4F42CB8CD8C8E53E99D2DF15D3B14B3303C
4097	4214289	3F5214EC61BBC8A05D2E3FD6BF03A204F8751B19FFD99B11F26DE6A66B6BF9ED
4098	4214292	5CF0AAE186127C8F3C20465C0BDC53D0C19594263954025B9D07B4F47D389803
4099	4214336	51375941ADB94DB9709C65EA4F4608494EE1E1C7126DA5A0EA84091D818CEBF8
4100	4214399	560ECDBA371ED7DF14578933B77055C3A79C043F23582604F222757576D1E618
4101	4214605	358459C963516E764E500F197B1B7C068B706621C6280E8B594A25C928F150FD
4102	4214633	3841CB7065E5BEAA29FBD1B9378520B93A2CB7D7FE701E7CF06D429873E79988
4103	4214854	F92B22597FD1184C1672AF4124B2C4E4809258A87DD518BAEB9FF2F3D7F8D19B
4104	4214919	BA488D290F7228EBD3676591FBAF0480D5F687E7539DD33F9F822D6752D9DD41
4105	4214937	E61EE3CAF1D0554BED8CF0A38C4F5E9BB3A25B7A22A783CBE44BEA75A15BE673
4106	4214965	8807202B405CDA7786F628B701909165F008C1A111B1FB96CF9F40BBB779ED1D
4107	4214993	EEB298C4B89DF56B82D2CDF0A18A38A8D9028A22D31A6D642CBD918FF4152E01
4108	4215195	1DC40CBDA7E9735CC8EC9D4398929ECAB4A1E0ED116037BCED1D4EF2008AFB07
4109	4215218	70EE662F2B5BDBA324657FD05CC9CA8C70602B0287C6E4EE7A6F0E7BDB0FFD94
4110	4215279	2EAFF232FDD4BEB66EBD4C01A92AFCAA843CC524E0A028B3F0EB0691354F37EA
4111	4215297	2B1DEF7EACF06CA4B0DA0CCF0C0F4644DF42EA8946EC0C2F987959266BA0B3AF
4112	4215325	B4FE230CF0EDCB60EDA2BDEEC41FF8E3E4F63D932D6DDC6050E3E0366F921D59
4113	4215353	305731ED5C9B6038D353978B203716860BC2733CE313A4BB99E7BF6859E50778
4114	4215567	8E2AFF5C9A02FF8F1810B92F3D08D549D715E60D3C983FE5046A0B921B8D63FD
4115	4215578	FEEE574C606682B6673F6A63813E69A95D562763019B8DEEC92B2D0DECD1813F
4116	4215610	E0F598832F652320021D5F657994EAA7777EF7FE860EE5D2D1FA75983F2D3DBB
4117	4215657	BCF7C8AFCB61096F62F0F01ED2F870C8599AECCDB5BBF79EAF10673415F3AE0D
4118	4215685	2F338C246E5F21EE6911B02E74413C5D85C5679B46EE8131DDAE7E786B084331
4119	4215703	FCEF2529B2285967286E127DE99E0282B78B7ABD49553A5ADA66DB47D41CCB40
4120	4215713	08E7FF9E02C3F8158B562C28BC2B660E3DB007A502BCFE26986A388E06FBBC07
4121	4215927	1F99D8DEE616565838CBFB5601B6C8F1DA0113AE2A93F5B7F1F0E1A6E781D9F7
4122	4215999	DA6DD3F1EBA40C1A5DD227EE523E4246079DA6BC587171AC390DA6E5BC56E61B
4123	4216017	5CD728CE6D4CFD56AE40D5AD3A0FC8404C0CBACA3A473A7761C7178EC2A081E0
4124	4216045	39054F04AA462151C30B19FF8ACBBCC587BFB9E5A800E261BEE0CC8B35609F8D
4125	4216073	54215BD43F3F75A00BD62A730E716F43692A47FCABE594982338026FAFFB8314
4126	4216275	2B9666480453D7483BA9CC800A0459430FFB0C2650B8714FFC83B47EBE72C159
4127	4216359	7642B69EB0AB9104DC26D993A120E7DB8B558B906AC9B8BA843217681C1E968C
4128	4216377	849C991D72E7EDC8E86F9ED4323E84275AC661482DB8CF919A535FBD090F6525
4129	4216405	96EF562D8EE161D0ABE5D9E845FA09933F8B41BA79229D215F34A85F9AC04FB5
4130	4216433	3F81376BC8A8FEDD51126D6DA4F5F3E39D2B8E16BE630A22BD587F92DEE1120B
4131	4216503	4D3F5DFA5AFCD69DA4A3D63DAF8A8609CCFBE33AD824620AB503EDC40A580F6D
4132	4216635	57A2AF67DCE491261EAA19A198B04CA509DD7FC23A7A4F0C6176C3A959AF9049
4133	4216658	794640282C9F4D41E4989D00D3F8BF553666173931DA82856B1F547AF1BF9642
4134	4216660	0FABABDD7F238973ADD1F8AF7BF860C4351E7033543B0FB115D6C80AA61BF2E0
4135	4216663	4D5C406C89D4394A5FCB38418764863EE4A9C97498819F92F51C5F2A21722DB2
4136	4216669	DE2967A6A0DC46BE2A95B096E0464E2AEE0685A1ECCD416D5DF4B5F8CDD77F7D
4137	4216673	AEA6EC6B7BCA4ADECC642C3D0F76D7C2617A348CE4525D2A7A6227890AFFD861
4138	4216684	A856F21ED274024054955D403318584A1325D73827BF19A76AFC706632DF3683
4139	4216696	82CC71978E9DC7DEBE5D3490D605E62F532BA57FC4D3EE7BDA7C0C2F3EE180FB
4140	4216699	C88DC5AA2233F48BFAD80889694E5099DFC9FF3A93C1B32215E12EFC1E0514E4
4141	4216703	3B1E5712B2020FBF29BF68627B6AC64043C1FC8021AA76D4C15ABE993A6AA58C
4142	4216706	454899317375B4FF1BA9F5597500D876B1A7A4FC0B00D09B3647861CBA999891
4143	4216707	6992CE8330ACEE05A83C589FEDA9092F551FB5CD4A21EE76E01DD0B4E17D3DB2
4144	4216709	252E398900D3DA278425449337F18DF0F1061550133F0FD5974F5FC31C6B86DE
4145	4216713	6014FFE6631BCD633E810CC7741E40E45E34DF2B4996251C303C9922E0366C20
4146	4216738	02372ACA40DB3405528D8DC5873082F7895756CF8B4404DFB690931BAD62F31B
4147	4216755	CDF10020F65ECAF1AF4405B5AD01ABB18502D8A57CF1899CCA93D564963C57D5
4148	4217035	A33F040DEC165A1A187F35CE08A549DADBBF2947FCE2186A33661EC9AA42D37D
4149	4217211	E3DD9D781E4282A594506E31E6F5E0F8EA89C0EE7B4218DE19677947AF73BC29
4150	4217225	A582626F0EF3E65EE3133F78BCD578574123C56FDB72E8A89456D5D21D1F256D
4151	4217237	5A6FA45F9DCCFF277F5E5F03E06D20FC83C4DA494A211EECF0246D7B5F447B19
4152	4217247	17182A46E9ADC028C2ED6A347A95CBEA0AE6940312E4FF1CBCD25B23D4D60A4F
4153	4217250	9C08E8CB7F5795CDA7329AE7251803309D46051ED4B46EFCA02CD419ECBB0614
4154	4217255	81CA19A76A303E101008BB618B451B332FF9849BD747620C62D6373505F7DAD6
4155	4217262	27B428C49AF56F1A9A001F07ABEB1EBEC6CC3DA6636D981BA62600849A70BA12
4156	4217277	B1ACFEA6E6522A1933907C48540E480D555443AEF8C2CDD40BEFA1EE89E4FCC7
4157	4217292	7ABAB1866E1C908ED896335428C9B44E64A4CFE5C0AA03640E02608BE27BE284
4158	4217578	AD720E8B4158C7FDE0C4E397991FE7053A0E479BEC74A7E335C069C5E132BF35
4159	4217746	71FCD94D9C0C4028ED8F79A7A3A7F21FA5CDFD14F7B6658F25C3971A1E0D6869
4160	4217747	D8D7375D99D71B9FB097E5B7324E657F479ADAAB0CF05634C6B1B92F580082D3
4161	4217749	FD0C74E2BDCB2AE530AAE22EE04F06206131FACBBF24A451DB754022C7126C0A
4162	4217751	E0ECF80FCCB46C5809FF9FA99D24363E38A9118FF95BB21337179C8EEFF64A4F
4163	4217759	6F877DF9068B21351DB9A63300E786F07A0B9F92DC7C3011B9F16231FD97BA74
4164	4217764	869C57914EA690FA91ED48FB5CCACF53FEBAF418980FBDA8E188CEE5C891D08A
4165	4217765	AB0DF3546BF325D210879CB8C1DB0AFEFD47A2468626543951D8108CCD77E2B0
4166	4217780	3DA43DE838A88D39137D65044136108F29CEE752EA0B070505D7F1CBD4E3C3C9
4167	4217785	8623FB2AF88C64F4FFDADF46962786F90C97FA55D6201F34C6E6ABAB23562AA3
4168	4217795	369AD62C130564B4123C8AD027D23274E322FC13046F7BC9D5FABDE2C736D4E3
4169	4217796	BFB4B12065444CD3C1643073176D321C5A1DFDE46FFB0252CDC14C5817A84BC5
4170	4217797	D44C07E34E3A67426F50AAD9FD01E870DC5C481B97E1FCA25B7DA567706C558B
4171	4217798	8DAB7C33725BC368A3AA49BBC4092A9035F4F78EA24CEC5D32E6C0DCE139280D
4172	4217801	462B069DA135392A7BBFDC580777BA502ED1BA1EBAE9106607BD8203D9F68E93
4173	4217802	366176889E0138C3C1F0AAD9C535FB720E9B81D50D681CFEA5E9D4ADB587E4D1
4174	4217816	6AD413CED6F7D3CE10CBA0F9B71DE50BF5A8FDCEA33385906CE95823959CC009
4175	4217818	BF4E0C7ED1E6C68B2FADA81B0555C7965ECAEE94EC950E17FED028694F7CD197
4176	4218118	4502F67801B5FA767CD720D39AF8680225A34A5AD06106EA128E32492B6DDC39
4177	4218283	9573DAC0241A0E75F8716E99F97193D663CB45E001B0BBF25A1DA532ED9C58A2
4178	4218332	5518A40138815B6DA7EEBA77C72F3CC5DDCD36ECE04A4AFAF295AF24114CFB54
4179	4218333	B044F3150F2ED1643D831F0668FBC746718BCD6B72E8C315484F6DE675D2AB13
4180	4218374	F10B63A71277F65BDE008F7EEA5047EE467BC0075706E18220E4530456A8DE1A
4181	4218538	6F7A97D4F9D3C9344FB8F3C0D72A969EF43999FA1830EA4D30A0DB69F1DBFE80
4182	4218576	6EF620D2B165EFFA0E4EB132894681F295E0A6A0734EE24CABBC67536D2CFB49
4183	4218580	28885796DBF290B81BD30CC4EE279D38E33085BE5B7956F0042F039FDD6EF424
4184	4218585	91CD43A83B0C012D76C63D9F6C4AD0A883FEEFB04E7ED39F7E93EDCD822E1C8D
4185	4218589	B70668FAAD5FF40EA126583A0D7B54FDAB4EF7C1CE86F0963D75F06CA3CF4163
4186	4218929	66EDBCA4DEDE620D706EAC31304F62B6CFD2B55EBB39B8A7771A45B6400E7082
4187	4218940	25745DC9C5CFB6DBB492B7547F6A33979380DC778A122801B6E5CBD87A26B3C8
4188	4219059	27EF69AFDD2330604F86E41BBF721C1CD2290C9F94CC4169BD6A31811359522C
4189	4219481	69712CB6F1331A56B26D62A722087EE97B845039C4946567DB276BE673F2A06C
4190	4219542	C4DA91DB07394A0A9A77471F7CFA469090F4E41DFAA351A5E232A013A0107B3C
4191	4220082	75CF2FE280E40405F5A17EFF2B8F73B1DA641EE46FE6AB1FB6F5D767ED96C011
4192	4220213	0A9B476364E2334E823913A7AAAD5A28E6E116675B3C9DDB697210143A75F915
4193	4220223	AD13D0DA333018CBCE65D35AC1D37D77CBB874A2327BDA12C58A7D1EBD630D5C
4194	4220548	4A6FD16A424C1B1CA0FE96505909BD7BA7CC179544ABE49EEBD5B333A725752B
4195	4220557	AABE6F9E47C7A11CB01680AE52B02272E9DE1566D1CB58089765712E10674C5A
4196	4220610	A62F9A4E3F92B02C4F2F56BB0924DEFFE5E4D1E8E0AAC5D65DC2F178298F5BA4
4197	4220705	28B2BFD26A9D8667FAD3A3959E7D4F93C4D3E901649830D1898EA03727028E42
4198	4220753	7871D0C4F761AA732DCAD450847433A14BABAE93E708CD84E3E413B47809EAFD
4199	4220763	BE5B2F7C8F23690A9A0BB2217C368A133B4B6E6BAD68493D666C5B5B39AB1755
4200	4221050	09F908EA09DB410ED1B48B45895047D2C4EC8E268DFF3C93F4123AB7C6D7DD96
4201	4221084	CECEA6DE3C6C8E4BBA5555F86D25BE8D21DB33A77C9382791190602F017313B5
4202	4221085	AE7F8AF117CF8B799A9BA83AC5F051A374605FD3107F182F983A12868F1A9682
4203	4221101	95C09F4AC4BA9BE9EF962701671E4244E62A22A31A623A222318B275E96D03D6
4204	4221132	E7786F988CFCF7C8B4A96F7E24F5BF198E929AF261E159361AEF8A996B766BDC
4205	4221259	A6E6D3358ED07CAE28B100B65B312BC06B8271479B0D095454A59D8F9220228E
4206	4221449	8F43F20885287A609AB4372E41822143081A3610F5672685A8D979FA12A00F88
4207	4221463	83EE0DA9D305DD2E14A2380B0B3BBCE09FF4F2755B412E03624D0EDFA6F9A840
4208	4221469	AAB9CFCB5315D001F2AB7220F950EEA52C86B8E1A3656F4ABCDB88ED091755CF
4209	4221510	48DE0AC56EA99AC3EABD761BB5219F91AD8AA6F854F3B4E31438DE9EE55F39D4
4210	4221522	D8EF036B1697B346C76625B695BDFD32C3AC73EB6B884AD9A60CF5252FF22668
4211	4221523	378C7F9EBDFBACD078C9394448A1759CA18DC60970D600FAF61290EE13C1ED15
4212	4221607	A34648C9C6C60EC0F7B2426401AD171A5123C06DBF2239C05E056FB550E3C662
4213	4221652	B524E25B02975D123B15619E12F1CDF9FC6BE0F407A20CCF908F9401D1F2EC30
4214	4222000	AF78DA2F3FC48D7CA2AF9CEDC885F303EEB03CD01D55A929F39FBC4939F73898
4215	4222050	AF9EFD00723DF838C61A45588F677A547CD963B471F7E6C628644D6B44520A4C
4216	4222062	E39A958AF6B631B0381B3B2F9089283CD0E13BA912846EE78742702CB885A154
4217	4222063	0AE31F620E9FAFECF5EB80CC4202D4CE3F83F58FB29FED7ABF21EE4943B199AE
4218	4222541	0C341FD3EF792ABEFE37E174050C6F4F21A74EF7A61C04BBE64BB06D0BA245AE
4219	4222590	B94636F0B707075C86DF4407DBB85E9C46B71F8F5F84C9D920C2BBB7C13C89D2
4220	4222602	69408521E6F7F8B5B40AFBB19237A95BEDC5F44367B5BB8DA02C222605291E60
4221	4222603	BB9430AACBE57EBE77E88D1CA4605F5FF8811EDBC8A3723568635CEF3EA33D9C
4222	4223077	FDCC6A0BA593A98EC6658D69E0DA7CCEBBD185761FA55F40A791AE17C5686E3C
4223	4223130	A4E4AFA6C9A861A79D8430EA6DB65090C58B32C986BFB8880D4EB98A625BEB65
4224	4223131	6ABBA40DA86CEC091D296313997924C7093DD7D9AC07D4A9EB44500BE5F056EE
4225	4223524	43A10A2F30D95428F841B58069513860F5EB27A10F72366849BD3FE027C06B9C
4226	4223536	B7F631637FB9F7D2D24F885A2A40F11B4AE147348778D0A57932449661F828DE
4227	4223545	87350CFAB6984DE01630A63B23517F59A9A2A6110C3021A4ED79E24E928EE4AF
4228	4223564	4F24F57D0BD9718875FB64CD1A755CBA595F3999260F97FB5691FF046AD0D9B2
4229	4223618	EE46E1E6ECE60E2F52664CDC89B55F10C3FAB2C3A70ADC18168C6FD15975344E
4230	4223632	C474C896283E266296558FE4E0303D7B914BB069A40E4406BD972624647F321B
4231	4223634	3D2B8623D4A424D8272EC143F909FC1D0CD5F4D36F172E7AED2C63752CD890EE
4232	4223652	51790F81B5D7A58300678F0F07505DA6B0A9C23331FEDA61E6866085EA74DB00
4233	4223660	5CD176CDA1A2149CBFF1D666CFD4871248E0BF30535B4A7ADDDBEB66E565BF76
4234	4223670	C7732C5A19D59B3E300DD13AC651C693F895614FF3D615FBEA32D93EDFC13475
4235	4223682	97E8018DFEA405FB4284FD2E2EF6AC554E127E855E675F970ABE995C79AD188E
4236	4223683	5A82DA70C8C230FF2991718BA32D2DC613133ED74A8985E9100AA995F10D6F5B
4237	4223708	71580E9A845B4573056C9C2C7A5782C0F3812C097410C37D94E1D596971EEB6E
4238	4223966	8F59C7C8B53922D8C617C06FC9099EE27F668CD1722171878C4A11CDADF6A977
4239	4224000	BDCFBFD3772A98C37FBEC7556EC8E3CAD64E3F7A56F5C77D935F3F0082C47933
4240	4224012	2A485BE1FB76F895B7514FFBC14E87FA6F0E3F02DCF8EFF8B66602BFFBA6AC91
4241	4224022	21F3602ED19B5EA05BD83E9AE0CBFAD8EAE37D233CD5C39C9D18C01C3250EA97
4242	4224044	4B2DF8C605B12BA3A3E924BFFA7DFCA0B9E69E38E2466D15E0BF2440F46C0F12
4243	4224055	3E5E6977F6B72E298AA19CBC95360E6C54916D8D3FAC8C570418B185811759D2
4244	4224078	B306435FCCCB4E3D5FBC18A73C1C1FBBEA89B1A998C02F4DA125E13BD8AD8201
4245	4225110	6BFE23111B02EFEACD2DEB12982871C076056DA70419BC3245A8AB93B8A50FC3
4246	4225410	65216EF881A054E12156E38B28DD03C838C74B0D4B5E9B872BC29CD50FC6F099
4247	4226636	5CA112218E8DDD91956428D83955681162E6D2E20742283650F03C8764E36813
4248	4226678	EB595926617C2AA39F639677BA1FB1AED78D5B30BC9042842B1D20FE444AAF7F
4249	4226696	B1064493D8404783E92B282492B8C3AB6E5D3C7C7090FC1D1F43EBDE8E29DB63
4250	4226953	CE3B6D22B8DCD5E066ACBA111A7A4C3CC96C47B768FE6270D392617513D6382D
4251	4226988	1564C071E0CAF164D500BA919E015F9F49C5B133DB9CC733F33D2AC950633FF6
4252	4226996	F74A8D27F0F4C2A565B20163AE97468840AB2711578B85BB20423861DB6910F4
4253	4227038	E7C43585ED600C2461817F755FA836777FA88C4DF7595D285220CA5E8717415C
4254	4227056	320B2EC5774F556201017C12A447FD4BA81D1CAC0BFED2778B152D7D6134316F
4255	4227301	E8C41674EA9004DABD1A453134040F0A5B9FC74E8F01A868CDA721B266BA72B7
4256	4227313	FD7296E4F071997D9BA247D8345760504F728F80944948501E673D85D90A97F6
4257	4227332	44F1CE9CAD369895E836FEAE824BE3B0D7288699E65F25E4D0C0D413FE18C639
4258	4227348	48C391DF8437D723157B9E1D582C93C10145650CEE59F62C4936C6A5D1D76A49
4259	4227356	78BDAD82B1FC10A8159BB81277735EC4CE5913A8CDE23B7358E86F7D1E10B72A
4260	4227688	F68FC0A3E4C627E35E5DCC99192D9B7857680C8093C75DA37626EFCFB1DA8252
4261	4227716	BECD60FD3A6224B4A432C68959336205998EFB82571C87F37F6167DF4E9847CC
4262	4227758	0FE6B69BFBE9FA92C05D524876EEE1B09822076C047ACF0AFA16B9BC5ABF23EA
4263	4227776	F9335E0DDE20A4A1C07248E6EE762C16F6003AA761C8F124FC7942404232483E
4264	4228021	0AF365ED9CF5ABB6E9905F27EE7610DE686528D756C8FBB5312B47499CF48B1D
4265	4228048	D477541FF02044B1FAA072F10B19E044AE757D12B1E32B0C9DFEB7F0C675BCB5
4266	4228068	B8C4BF4A2E59367A7F4F66E4E85FAA5AC3E669FAE0A0F3B24947A98864C83205
4267	4228118	F8DF17E5008119BC9F669B06F51C0417D3CE54B5647A4FEE07F83B51BCD38321
4268	4228381	1083E1053F8B09D2824327D3822C35DE6650E703CF62BF097C671DFB6015274B
4269	4228412	5F178D108A8EC9D469737AC5F7BA73936071F3595C15BFB84FFDD06C45034C52
4270	4228428	A62F66DB3147928EE4CE0D863A5EE5AAE9BB5126616BDAB78736CE30EB6D6316
4271	4228478	F91B2E5D182C2DD504F2CB66F9F5B75A79F636853A019A3830894FE6CAE41601
4272	4228496	4416ABFB5C7CFAC155DDCBAB01C91F2E4AEBC9464AE59566F37AC425BE4984E9
4273	4228753	DAF97281E9BF6C208F51DC71DB37B266C717F0178FEFA97FD5A3BA571226587C
4274	4229066	D4E07F286141B2A6F529D4D645EA21D58479CC98B5C5F1E02067450D7ADF0A68
4275	4229989	80A072DD294F406795CCF6DDEF42008693424B4A394A4FBDBCB3DF21A82B7A28
4276	4230084	9CF1FF2F51FF1898280C661691E9480030B68F79A4CF745638BA0F020A038782
4277	4230128	63CAA9AAA61CF917B5A676EBA5FBAF0F0B307384A064FBDD7500C8257D6FC520
4278	4230336	18D1B132F3D97FF81CB60741C44BBE1C9E93CCB5B9A7D9669E8F8C97B3E4737A
4279	4230349	B86A23C8304962223613D913A9A619987313E1C8C4550CE8593C6556C60D82B7
4280	4230357	90DCADCD1CB8E474099565A19693D957D29C9972BD89D987DCDC5A815D28F53E
4281	4230444	F3591A8AD420F5C6296F801BDDE0821BAD2EDE44FD7A703C9DD47E004492C0A3
4282	4230685	1F9EED1DC72EE4A896A306DC3E14AB6B872B74A45289F882372582BEBEB1B1CF
4283	4230709	D2AD95A41E4F4AE45C5267A5A966C9B3161DBBB62C6A634B26BA08746B54BC17
4284	4230717	BFD264800244D9D6D185B0EDF0FF46F80DDA81A8681ABDBFBDE61E105C240F5C
4285	4230804	2730B13F8ADB45A88A0BE30C344B6701D723CD5F8564C2E452003AB64715BB14
4286	4231023	A8BF6E7CCFEE496A81CBFEB15AAF55D62A20ED4AFD481C68106F58BEA6EAB7FE
4287	4231049	F7EB5346E0E34E210C7E6D33A217821F3DEF4B7ECDD9E3463EBB7BE14E4CB3EA
4288	4231056	660E6129FA77E027855BD6609CA3E54CD8909898386CE17308C11AAE116D2927
4289	4231069	964F2BCEAD5D360421B4D56E8791C005B445CCCFA6362D322B8F173AFF2FEFBF
4290	4231077	875591F4791D83EF2439A3154D21CEB1C3AD84302BAAAB8ED23D7057B7EAB44D
4291	4231090	0D7185E9063491A8428903D7B12FCB8EC1462676439D76CB3BC015504DAC1221
4292	4231164	68C5332DC0B336C30A27CC9395D8E0456DF536ABEA8783766EA6767A3E72DFD8
4293	4231192	614C3EDC16CECD879D2155ED81D8C9667B5FA04226127DEC5320A12A5C691C17
4294	4231268	0132DF2C542E301529A5BAD51F63C571BDB8F3E381D26E213D550F4E5AE87FA3
4295	4231405	841C13BD3B017068298822E832AF670F5518E9262482F5A32DF9B5A7D6F87AD6
4296	4231416	0D24B04F817C30419EEEF26290D3EEF1432207B55920DC9B5DBE912EF0E0A2E2
4297	4231429	025A8A850F73E5E9CEEB246111F5A698B8DF0D202A368F58BC639EA2CE801032
4298	4231437	2E1A8B848A7F86B101A22417185B0CB6FC392246B3913E98092B38C324D27848
4299	4231524	5D7992EE9E3A623B5D92CCC15512C804CB1595677B7B9C1F674D1EFF14B5EC61
4300	4231552	83BC97874E83367C35AB90CD59DF794D2874D899793A562C8BA656BD9CACFA11
4301	4231743	CA800CF05C54F1DCAFF24156D2999891DF5090A071922FB9F07637BAB4DF5077
4302	4231765	1632F02BBECD78DD3D65E360DAE24EA14F7432A7A649D45F6A7F9DA28A706448
4303	4231776	4F5A4A71E60A021327BE0D7CDF4DB702E400D58C6C7214B97798078999C897F1
4304	4231797	781E9EF678A8E38E2695A7909DFD3005CD390C144CFE1E4C179EF837428ED6C6
4305	4231884	009E9B4A373A4966DBC1B06F5E5A6EC5959F39A640E0231F8A9FD55DD0529B97
4306	4231912	66D265CF2E77ACCCD82264B98BE173FCF0E99E1275F2BC23DCB31B35F86E1C53
4307	4232082	71B6852D74F786FCC1A2232E29797B82414DD0FF6C726AE54208F5F499F2CDCA
4308	4232103	8F43BA1E2442D7F07421DDA005FA7D3553AEF80B09157698E2BB6615A0D2697E
4309	4232125	8EFE7687CB12365163CB927B3CC735E64A384F9AB4759949DA60E9C518B5572F
4310	4234409	F20AAA02D358211AA09A793C29E53D0D4060292CDE92C74E68935C901A1E02D4
4311	4234623	24A71C040A84AF422EB6AB28D16D284BAB4157C3A17FC8B35C4577B5BA437093
4312	4234948	0B5A381F774AB6986CC547524650FA9F7B4072FB63808E1088ABF79EF231BBAD
4313	4235077	D7A4BA6CC59CA6178CEE47B7492AE51DA5F7EBA16BB80B26EF280882647526FE
4314	4235162	71E408FF20BB89E65DCB002C3A6D08FD3931276C9086FD9ABC16CA88EC08ECAE
4315	4235326	5B4DE1D7745E963D9F721422942AE524B6DDF7D638256D2ECEEAFD7176B29927
4316	4235561	B9424D83629FDABD2FCE0B35B854BFBA1E2F5A98F492B19138DDEDC88C2CA5B8
4317	4236157	BB250E3050C0E4D5D34A998C45B9D8FC30870C74CD199EB48E71A934B88C1548
4318	4238117	A817BA91F8F5CB29EACD062DE7109ABAFAA3B03131C08A7D7203ED7A6234EC00
4319	4238523	616D72CC5307FB21C142AB56253E37969F42C4DF46FF198F1BE0E7B1105A7434
4320	4239837	D97017A4CBFCCD4CAA2A5763012BC5DBEB2EE68B9283457571FA016C32DDF5AA
4321	4239924	88D30A1D72F29957BC42B75DDF8BD249DED960A347277387E5C592ED55CA9A21
4322	4239952	1AC233B42F93EA6647E9D7D305F2C025CD829A45A0A0CB52A29FA7C8A56B8EBC
4323	4240143	7143227892D174956F51444FCA949575744934103CF942B087F2FB96E1ABA019
4324	4240165	8542C8FE5A07F084A2B8C99FE862D5F688577454A34B56BE7C9F60D0B0035EC8
4325	4240189	A928C01C2C377E02808D1229F86BBDCC1A7F2B7A9200CE7766BC446F8470C170
4326	4240197	E493FE4C546E76157568C6E15E3240FF7C568F7F8B0006AA2C243F656B58FBA1
4327	4240284	3ACC38A61670456002AA27C1DB843ADC2D55C592DC67F38FDB0557DAE5D1CCB8
4328	4240312	9E6AC9AEF47AA944F84333C092AB902C61A2C32D1E9163F25291AAB83AA04C0E
4329	4240525	14E0EBCB5ABC79CB9980388031136B50EE3956E0073B566CCB1F0B388B39261F
4330	4240529	11761333D853F90F4A64581E71E02FAD9525059563BD481F64A8A6D69E6785E7
4331	4240557	25EDABA971F8ECBC2AC0BED3FC2601CD256E82B8B2DFA167D748107E5FDB756A
4332	4240644	CFE34FCE4C53FF5032721A47AE7C35C2A9E2C895947A8511C2CDEB84924383FA
4333	4240672	892333E30E9120353FA8E795687C89B22F68233B750CF746BF73E7A215D95939
4334	4240863	D0DE9D96C9125AF1104A0E4F7046F02E94E1E5AE92226AEA7571DD7CEA56CBC4
4335	4240885	5CC9622D8DFC351FD968AF6BBA7ABB69A69F99C861BDFCCCC5C0A18B7E15DE6E
4336	4240889	114C77C8060E5F64027C33549CF03AD782B4571B2E9B4CED19F7B5086ACC2DD9
4337	4240896	783CA232E36CC9CD7FF870125AFDAD6E3DDE7F4A0A01610C3DF098808B9D0307
4338	4240909	38B2A61FFEB0A00168FC79F0DFC028750B45FA988FA5B9E018A2F1185181832B
4339	4240917	EF93C109914091FADB2ED7256485B4A09B36E94217E76259D1EEA07D53F28B9B
4340	4240930	9E8BF7B61ACB4AA969D0248B44615562BF01223FB8C72D85E50D38F0252EA581
4341	4241004	DEDE73F3241C3CB8C4971D6C37CF80B274C665925A249690E5D58F266ADA3D3B
4342	4241032	F1C52DA51665AF0709132E4B0A661A1FDE110C1962244762FF6CDE664BB637EC
4343	4241277	A5AD95F480C69E41570D3303130AF0E707FC57D04830B898120F19E97BE9AD11
4344	4241364	0EBB721117A556BD89DDF5C00FD7234E6AAEBEF6608E20F3D8FF011E22EB0741
4345	4241392	800E65B973BEB63ECCC64188D5D626DA4C80DB15099CE5EA1E8C74AEFB0805CD
4346	4241583	3C63AAA0C35ED43BD7FCA6169998C026FA652C762F758710ECB601CD5EFBEC2A
4347	4241605	ABB398ECF57D8B3F1DE661478EF0DEE82952B9490E07E2A63C2BD2C8EE8D9A53
4348	4241609	D8579EEEFDE2E0A9F12CAE76C49A38B3BF422010AC157CC645802A9FF0EC4D10
4349	4241616	5D160FB151830CDF528F787E37C8EFDE0EC0C3E1666EF1F3F6F2DD5A837D2A64
4350	4241629	29D4CCD183906CDB23ED057AC8B3E959A4C8894570A30C30E13765DC67DF85E8
4351	4241637	908E77C234D65738ACBC78B044F82E83605D347BE59F8005854B5EC83BB8078F
4352	4241724	80F3F6205D64072ABC4FAAF7A9F1291B3AF9F0FB84B570A89CAC5E5440DA1ACD
4353	4241730	2CD7DAB03F57FEBD9EE88A46E734CF735275581D28EB24B72238343B56FA997F
4354	4241752	EF1F6F8444FC51E83D6DEF6F6031F39E9CE63DF6AF9568E615E9C55C9F1CC956
4355	4242088	92223015EED4B1E94B73F70EB7B8068F46DC38E4D578FA5C7F1DFFABA94E3BAB
4356	4242162	24ED3978212DDE4A80864D0AF1694B68290DA1053DF55FCE700535584AAD6721
4357	4243209	3139E9E71F76C7F3EEF78650FEF7690CED28DCE3F4F0DDF9C6E72ADF4FD21F4C
4358	4243243	24C1B49E024118109E4D655F1D13E7F30FE6CE04D28236CCAAA947555510314B
4359	4243372	90CDC21CEA77C60351B12114058DCD9AFA8D319DCCD9D984E281C4BFD03B5D02
4360	4243383	9C4963B924B766727DD852CC4E0DAB4B578C8993D9AD6FAF495D54E6F99EBB8D
4361	4243708	1544BE0C8C6BA07B14D2A4E7C9FFD1C2E4259BBA0EB5D08FCEB248D519E6096A
4362	4243770	8740C26BBABC37B16394736C10E95DA4EB349943BA67F77EB740C4C62F47115B
4363	4243867	3916FCF73EDFBA61EB886D7A2F6F859326CD88E84627B06C79022B6E6CD9497D
4364	4244235	E1AABE7B071442042B8227E6A9B03B375EEF792B5F8F092E9614AB278B0C694A
4365	4245266	C60234EB314AE358278B5F52981138E4D6F9ABEF07B7056CB2AECAE05C3328C3
4366	4245986	ACA804D4505687058AEF002294E28A8D4BC204D2F65FF0E0C3228D9707CFA01A
4367	4246111	A66E1D938A7A1127A7C5BC76A9E55EB20E478F8D848D362BC54EDCAE750E1B90
4368	4246301	186386858905F8F5A89C093EA76265D82DEEF5DFDFE64C545B5F7AD865E3A1D8
4369	4246303	CD897FEE0F2A9A9F5FDE3D0549B92CAE6A11789A828613B900200F0A91F5771E
4370	4246306	10086AD6E4A7980260C45F546BB67FCC555503BB8AB11521562D770C244ABBE9
4371	4246309	F7985BF096FF6B79508A78D961E53FE33441A20C674F5EB6A53347D3F76E3F7B
4372	4246311	14D6829DAA664BF184AE92E57E0DD18AEC972ED70669F06D39244D2D95D94A10
4373	4246318	2DB5BFE77CC95D9B239A511F0288318655E2E5BDAD09750154C9587E513D7849
4374	4246319	B91C525176643B09ED6C0EDDBC4D9F07B3B94422D553AA85CA027D4F4990800B
4375	4246336	7B59AB4A556571F27D22F1416979BBC1C4825754A6973DF4B6B44E6DF00FC157
4376	4246339	71D635676F6F167C571C8B2C2D80A74AF1695AE801B047B7B85E490BDEAEB9D2
4377	4246349	707FF71CF931D40F2BF1A4F2F5137F1988897D131FCB00DC5651D5ED7AED0C38
4378	4246350	2E03B0CD4DC34F92E9A3427B0E4437E5A9FE909613D33D0FFA79C8CCCAA5DED3
4379	4246353	9440662F42964E87ADD6B49F1DCE39EEBD687F102EB4BAE15BE716F291C267F7
4380	4246354	C0A25D182DCD72356CF232991A09525591386D9966A88791EE36DE3BE081DC9A
4381	4246361	86596A784C8F36744348D79AC904DA130A8543FB0DD668AA8846EF888771B070
4382	4246378	C9598BCD8E01EB555A904096DFA9B9E1E8C0A686E7CC1958BEEFFD7F7605C294
4383	4246392	A57D7BA242063DDD4B262884989EC3E7117DEFA1C48E99168CEBD61626CFF806
4384	4246394	8A66FA05C5F66DECF63BBFF03ABC967460077F4E5FD84E614CA2294EFE4AD4FD
4385	4246596	E19939907D00CA4E36BD13DB196E4603D8A2457D6559B4B6C4A9FC3385F69097
4386	4246600	602BE101F8C599BF2C4C447CF695083DED5F205E6A81424B5E78D0894D453830
4387	4246609	81C9AB8B4834DB0D517F3A0359D3E6FEDE0F09C1ACEE2410C00A4B2E7B63CE44
4388	4246675	869E581C4D93F96EE94E7E26976BE79C9D6D6BA47D225219483319E05B12982D
4389	4246843	4FC6DF79EF70EAA1724410F8A82701A0F0A265688BF4EB721ECE1A36D52B1F41
4390	4246844	620E1204C4B622D20DCF503177299B416E217040496EA2A65FF201B1BB7B6D8E
4391	4246845	7113C539A23F342EEA8E7582F2E1679E28282ECCEB20245C99D42692C45B6B58
4392	4246847	2F80DDA66D64D894274C1C68A27EB64E8B1F5003C4825DD5A1DF37433E65B144
4393	4246850	24B6A644998B8FCF2CAC02D307454CD5EB5167EAFAC6951CA242190FC18846FF
4394	4246858	BBDFC3AE6087834D612748A085E02C6E2B1E812366BC556253BC690B09EB85E3
4395	4246865	6B9AD4434C6E17A6448E1C04B7456673B12A1565770915445CB26C22DAA6C492
4396	4246881	A91652D30FD4EDF29E24464BF6AB7CC47D761FEA4CC57AE040851D86807BE6B3
4397	4246884	0E0D34CC19CCB582E1B181E35FF068B5B0B362BB93A7110CBFA640F7C4543C92
4398	4246886	9F40A0E4EC7E1D2F04DD96E73B741403889E118818CF7EC6FDDCBF9F4942322C
4399	4246889	A0E6EC662C7DFFE5A23F94DF4BB1A4C66FF2726A4447E19A4385A41C73459CAA
4400	4246891	526570CEC8FA191A81BEED2AAFF0DC57FDEACAF4E0ABD95E85F3E7FE604731FC
4401	4246901	5511F3EBDD0F7EEE285A2380AE4E2D2E7174732048AB36E5077FAED04F9555B4
4402	4246918	EA04701FF37AF8958B7F132C6909EE0A5060AF65584E98F63C661BFD74930C17
4403	4247222	0E35A6779A1F835AFF2B2C3E65987A11FF3888B255A9A04917BFF7F95B2A010B
4404	4247387	2DB5CFD48B0964838E0CE42BBABDA1E0E8E07A391769C5AD38FBC197C96BD6FB
4405	4247391	7694A63BE95A1217F0A761C6DF818F5608AE8DF6F980265FDC68AA4B80F7CFCC
4406	4247404	AB00436A714A75F016A9595D0C594DABB458DCFCCAD31AC07068CD739F1376FB
4407	4247420	D54B592AAD72C94FBD2A4DD62C0A96095CD4BFF36F8E516FCAAAE5279EC51B6F
4408	4247429	DEDCB8869917D622A2781122E71D40034105C3123B7E1B385E7260D452008B0D
4409	4247433	FE83A539B615563EA6239831E0F90879B2F0847AE67CB9073F636FB3830A4EA4
4410	4247436	10DAAFB2BF70018D95D67C76D65863F80ED3DEC48281FD3E7119E77B865BA8B8
4411	4247458	E5B1A6CB66AA193979E194D9FFAEC281CB87A0C4BAA47C1D9C011D61BA76F275
4412	4247472	079CF2CA743B8B53EA4A34BA2B1D85828E962691E89C29C526695C840CBC8441
4413	4247474	BE28659D6326E6FDD6A7E0FFFAA79CC76969ED9B3E1E0893354D03CF6F8134B6
4414	4247666	FF0BA963E5140D7A7CBF34BD356AD17CA465F322359DAFB3E6C4888FB5263D0A
4415	4247743	E8CF48E1A0ECD95F4579B18B773A27DD101D71EE3B51E9CE58C53EA346409BB9
4416	4247771	624FDEC0460C762E9AD7EF5DB3DAB553CE906AD5DFA953468927A751B10690CC
4417	4247938	E987F7C90736ADFE1376FE14354FD4DEC2B295CF7B59ED1C5F87C7F764BAE263
4418	4247945	92AA6C14D71BB793F73827F5A9F816198B43BFE2ED85CD5EF091558B0E5CFBA9
4419	4247957	434A6687D931F510EDA53F8BA55D6F4D75C99D2C65918F0D4310DD5A43BD0103
4420	4247981	2870086D61AF2830C7AB22F2716D6D3772DDA62E843494310B52EA2067CBD13A
4421	4247997	11E868FAE754576A6A6E6C19B91100788A6CE0C97D47350D7323B9A70347F95D
4422	4248012	D63AF9348CF2A8987177E7CFB1D6B5D05D8C5AF5EAFE98E85AFA63DEC2E40894
4423	4248013	B1D1B08A72C7D78933370EAC15EAA3F711C2D4B98CF7F75D8FAF15D2F8ECF12B
4424	4248198	5C26CE2CFA0E5CB96592E521144D389523210D2B4E6F36BE480A5AE912B5D4D8
4425	4248463	6DAD28710E1DF4F822476FB068F3056A83C133292D87523F7558AB4A12F9EC7E
4426	4248465	02096AD0C8EF9D7C440C36FF1C92943124094F2D5994B2F952667A3412DEFBAB
4427	4248466	7A3A8DA0D54923D8735653F79E08B6E2B2934361B02E813489D7C0E8881A7EB2
4428	4248467	A2FCFC92274A4107BB95A2BB5483D30253DD919DF194EB366A68A0A84FBDAF58
4429	4248468	2305D9F8D0412EEAF786D6E3FF16081AAC1C60DCC8AC6228D8C1055093903C7D
4430	4248469	45121AA75779E271AA628ECF3A30F728D0CDCE87F83A631E90BE9AC954B40B74
4431	4248478	DED4FA8F748EB2CA0D4285093C3FAC3DEE2A3A467CCF9718339DE2E267D38615
4432	4248496	EE790BBAFA2CD441E57C4BEBA79EDAAF08A8CA3FD9DD55A35945F27649E68C4B
4433	4248506	5E338158D8DCCCFDA9AB73FE274F28F74F15233EE787F8457AFA682309944F32
4434	4248520	2D49C19774BF493D4A851E56C892500B1ED08501BC6DF038823862597B00F9D3
4435	4248760	7CE7325BFC2955C08D092A0EBBDC5F53B2CBB1BFD135ABDD2BB37BD99D81FA1D
4436	4248769	F4DB5F713FE7718668D5235364B3F25111ACEA32AE6BEE3ABDB08E17646B43B5
4437	4248823	E9ABD5973F62386C9EB5AC9EA52D5655DA29F73013030CC86D10579B1FBA65E6
4438	4249005	14EBB0BF3F1437C44EDA59E243AD07DDC05484F932F0F4902487F0D37E8F060D
4439	4249007	512B5F8ECF6E55A3F45F734583B3BC43E45DBC09EC1153541DF70A817625BD1E
4440	4249011	FA9432BFFBBDACD6E7E9726489A5089C947E95383E2C24A857C0E5ECA5A2BD40
4441	4249018	D411BC35399AE050DB6FAE6D4DE73155C1246199DD7EA468E2FA941A0B8A2720
4442	4249019	5E3054032A0B2A5CB7457282F7155E9D5CB1EA0F7BAB3208CDA3EEFC8225854A
4443	4249025	5D9B3FED8D7821032298C736E84BF32B8328D5A5617685624F78B616D02F99EF
4444	4249044	2007484E31EE7E83E7EA1CE12741DE2E2BA9B43DC2119ADD9CE141FF3BD302B2
4445	4249046	7A37F9314470E34BB93E8205AEE1F98B3AE6378A3A914060C2B3B8BDC52E47F9
4446	4249049	84D551C95D6774A2AFCD8DD687EDAD9975AE7F09ECFAAA9C060158C0AB49D364
4447	4249051	79A09D488D8C1BD2420FED211FB601DB452071C1C27E3AC0C1095DF8A82F0BBB
4448	4249061	10D1032E62862268695E3D79634BD69CD79EEBA98F831A4085D06150E487F237
4449	4249062	A36036D117A8641934BEED6152CD1AB7F48A74F697432D2E2C8D008A246379B9
4450	4249077	79B9919FF793C7392857872531D74F4E447A90A3A2F9C759B0739C591D6C297F
4451	4249250	1486CF30C5E0B297D20CC3A4E5D092D71C8BFB35B300D8AD87F0273F9831F52F
4452	4249545	3A45FCF805065D26E5A05DAAC7240A16F237648B25E922B0BC304E7E3704794E
4453	4249547	F11FE55D9FDCFA1214A32612719E5FB3E41B5FA52C7F9BEBEEFDD154BBB62537
4454	4249549	935EC96CF24E7A419111DA6B346E5DACA188119CBFC572B05DA8BFA38506477F
4455	4249550	AB543CB6CECE3E20B7CC05219D5099BAFBBB2DE796C2B9D1905F33E229FD0882
4456	4249551	7EBDB4406876D5FEC24A98BFB1BC979CCE0DFDFA27194297BEF657658C4A1C07
4457	4249558	51DADB9FD24F80D9D96257B87C592A28C51FAAB55322DEA33687BC4F1AFF25E5
4458	4249589	8657AE2F6752F04955A2419C4EA3A0304687431CC451370D6DDBE903AC0771D9
4459	4249593	2167E92BBBF0018E589627274D33634163A1BCF03327B5ED16D485E19E062FA5
4460	4249598	2EA0606D2C11E82CB5F576D7C4CB1400A6DEB3FD43250CF1BC8F10677F45CA37
4461	4249601	AE55A8921D4E345B954E7716CCCDC3BB8A6034A377A134E4903C673542730DD5
4462	4249618	8E67A5E24BC128FA7F0FF399746DB9967DE5A5128BD3BBF432DD67F2B1E5C93D
4463	4249635	BF0057B58CD4131D119D2E658E09BC97A268045565D572AE43A48235B78DA1E6
4464	4249826	3636433B46387A7A4D6698E37C7C62631549120D9404A8171ADC60283093D047
4465	4249845	434C394954F9558AF26A71DAF12B73470D421107D5E52AEF354749AFA4391587
4466	4249849	0711C1813C8E792CA8C5A7C03C2FB099E41C0B7CEB58FAC84E1383C55FB7F4F2
4467	4249902	EA32C4D6BD0FF13001186A8D3041F444D20255F65DD381E79ED434D3F9A1B062
4468	4250080	23512FEA7B40EF7DD8490FEB850BBCAD8F3F59ADCEF4ADC4AC29FA13BF3E37F0
4469	4250090	538899A9E166644EB7D7A8AAB10D093C227766CC9B1A8FE1DCAB2820AE17FCE9
4470	4250091	6C74E085935E9E037E7F80EC6422F11B2D36972BD3E0FD72A06D46E4EFAA7C2D
4471	4250124	BB650DD4364BF1B81DF4CE3F4D4BFDBA57729CB3356B67D0686B12E5C61FFED2
4472	4250129	F5871B61B4F77760B4E5BE5EF4EDA083EC2626984ABC12B6FE22B90347065DAA
4473	4250138	1A4557E83CE0884DAE0EDE21FD56C390D22E9C68A16365B89E5B7BDEA85B13EF
4474	4250157	2275DDCC40AE85888319100D6F17C3F047E10B5C3A9EC7EE1BFAAA1F3F4AF5DF
4475	4250366	20A220A48A50AC321E742C2573F51AAF2F349B69210761724EF2737535EDF293
4476	4250668	D2CC6802BE118BD221F7D9B14B7416CC1EE012F69904FCA4A20810DCC1208DE2
4477	4250685	51F100B89FF43D233F39383DBB7B797DDC693AC93924035C7A1464A7DC38042D
4478	4250730	0AA6A81CDD6061397F170540FE27A4ED27F417474F6EF342FEB818E6E1711385
4479	4250741	3879A1B2BA2CB5555B45692187D216347C42A20513ED833F598094FB5C71081E
4480	4250754	EC6F7FFAF25E2A4AE2B8015C67375B2D3B31E71696B5A21CC96574B4E677B64E
4481	4251871	B19556A1BA42D052637B7D1ED3777E815BC49AC84CCF69CCC1BED08821EB102A
4482	4254058	4A9475370067E059330E7AFE7A02CCD7F12E179DDD4B9BC1BEE4530047386982
4483	4254141	7AEE6544B1A1F3C510ECE6E88E348D5A2CFCEB0D08736EE73368C2279748B2ED
4484	4254860	0251C642664FAE8CAFBE5D2FE8796F896BF8F39145DFE6E192C5BE901314D9C6
4485	4256505	619FCBFDAE741CA1D4D68A2042286BB17923107C9667554D64FDB1DA9E6B2D05
4486	4256507	E8A3E9E8493E19D7BCF41D247FD029C5C8BE4342F38EDD2C8325EC12877997E4
4487	4256510	2B9D8AFD6F41335FB36ADDB92A2505EA4B73ACCF2282DD20259E2F65970F9653
4488	4256524	D951D5401AFB3A013565728A7D8F8CCD46B21BE7BA9CCB8EB781BBE9CB2AB503
4489	4256539	EAFF55BF34CDD704D7E9BCC38C32086B54C1F29BEEFBD9967A82B4F7EDD9AE44
4490	4256540	2818589EA28B7F4BE4C42E37AC39105E333FDBF047C6577366A2ACAC00BA70D2
4491	4256544	040C024A8BF512D96FCC2A3D94536345981106035D36C0BABC7A3796CC727EFA
4492	4256558	FF3F10A2F907F13A38F9AC419E6AFF18EBC7D6A076399E70F8AE0918C344787D
4493	4256577	CCA5F6194259AB7A81237398863B8CC0A37E54FEB7E1E12FA64A10D25F31BE72
4494	4256796	3CBE782CED08948ADBD76607C0EFD79F1F54307B32EB10FD04BABAC4286A0733
4495	4256805	7ECD05D42F8D731F5124DE474F1B2A24A0EE9DD22DDA5A8C12DC37F319D7E42D
4496	4257044	73E1E6AA34C9FD99C341C286EE9115034A920AD3FD4202CBC768B9CEFE8B8D27
4497	4257047	73CE1F8B9EEA7CAA6A4DB1A6947B0340FB68FB1BC55672B3D6847DE1BB4B0906
4498	4257049	D2096F052492000B33B4A49BF68CC9CE473DC02FDF674AECB51537F0A2CAECC5
4499	4257050	AF4E97515244777A9D1DA446945955C28A554B338BE887D98F04E7E2AFF39FCB
4500	4257051	5A01559259D410E31DE30D9D162670C793B5D813212A20547088214C7BEBFFD2
4501	4257058	17C204869D5EC7FC750DA91AA84A75B99AA03C995F7E9EBFB5B0D26F5DCAC95E
4502	4257059	E58B2EAF61C2E332CF202B8BEF9195690E0A40F08F10537F65B072F0A0423AC5
4503	4257081	42B843115620C58E31A0463E070EC88E0D9971C6E73AB966F4723CA062DAE1F3
4504	4257083	D6B2F16700AAB37000B56E0C3CB0A5F0248B551D0066FE707A95D006C2F17713
4505	4257084	08D1C0C56093D03E78344609BA21FF39FB00293431F42DDA32BEDEB2663285CF
4506	4257089	FD5BA72EA351574F90C0E9D212AA4DC88FC28B6546F4906F4F3010453370B79F
4507	4257091	4AC38B323C0711A4ADD47EACF118BC640FABD51630A6BFBAB10A9DF4536CD145
4508	4257095	99265234469FDA152B8026F76A71F4FF259DA02683C943D0DB501B1883BC089C
4509	4257096	58E43A34FBF494F603819E17D18278C26A60E642D955EAF805924C7EEAFFCF16
4510	4257097	7245080CC5BD988D0790008389099DC1ED09F1C7CD673C71903B803E67A02B20
4511	4257098	BE10345551F8C3422A4A1AD0C05204ADE81A5D0D191669106FA0548DCA745820
4512	4257118	6C1B47606025ED41C1502AD0C3F0D7F479462C390F67E3B10241628B4973E3EF
4513	4257134	40CB3E74A349A2243B94347594B6B9FD3E02790B2D839D126CAC389B78ED1CC3
4514	4257135	7B9949881E6527E679E1B12C7C4A6EF850D06FE7FF3605C32F3F38863ADB64B1
4515	4257336	827797A37517CEF0A8AFDF1D9D1B80F5993B02603138187FFCE50A907C1FEBD1
4516	4257340	7C2451CEF495439EA6B6FE6EF104B65B4A09383743CBBDC2729270B80973AAFC
4517	4257345	9BE3AF8CF36A2B6D845E53FE88A1B490A501603B16D10597DB20014B544E22DC
4518	4257586	936D6D2957450B9093E33627D805EA72B46866E03F15588AE7674CA0259E1605
4519	4257589	D8ABF096A65D6C2B4D755B09FBB4085097A22A21605E2F12BF993F3C98B4FA24
4520	4257590	F2368600CCC98FDAFFC5AF4CC0CBB259F52E5A39924394BA070CA41C0F1594CB
4521	4257592	82BD90F53DF8FC4290FDCDA2AE98BE409BA7CEB17537337F77215F482608AF5F
4522	4257604	F4C0958BB094468184B4566BE5DC43218C616F508BEEBA5A7AB7560C03CA2CAA
4523	4257616	133E7C33CCAB6FF141CB04C9B4A590EA3AB38AFC0654697DF96DF8971D4DD37D
4524	4257621	4972C3863C05198091137E6E213B40EF30175FCD61816C286260198BCE64C0DA
4525	4257626	BFFD10C11BF0512B1073300F0509DE97BE168184308B07D5B6710BCA9AE28F0E
4526	4257629	C146911B4160B1876FC4276B74188D9D48635DF54D7553A55E341C8F3C429E1D
4527	4257633	EEF28408D883D163D6ED6087BB5D717F61E323F923F95642D0186906B49114B2
4528	4257636	1821F7D1EFE832C025FB709BC08534F6B2A87A6F1F1EA25ADE43AAC28C7829D9
4529	4257638	65390AB1573E9AB8B3B23B78BE7A16CB6CC403A0901E60B760BE4545D84741DB
4530	4257641	BDBAA0154C5F1E2771F299E316CBFB7F3F9F4F8D9238DDFEFC5200161775D96C
4531	4257643	28E2771E909C1910CCDF15B987C2B1EE8C4206337AA375445D5F239DF1A18957
4532	4257657	BD7F3B5B416593ADA18C9663EE8A211D128B92F7383DDF3B48630B76F19DE199
4533	4257658	591C094AAF6B6040E03A62AC1801F1687151ADFCB14752A63D5B6B5065BBC779
4534	4257943	36FF1B733EC145DCFC2B76E4D09F32C4D8BEF4E8B0FC655F3151A0F493087E75
4535	4258121	688BF7CFC4513102E649C3626053F0A5372E4596C6FA22F9C1D98F9C1F923003
4536	4258125	2349CE166CBC472ED64B97F5220FFC686A461C0BBF8FEE79C82C317FAB386443
4537	4258129	BA26E5122B06B74766E5CF58D6D948561787FCA8B404ECFFF48744B573382B61
4538	4258138	5127EEE9C7EC485201A455C216E0DDAFA19A7149E21633889FDC86CA90B93EE3
4539	4258144	6B5FB2435C76B40B3D46B2DC82BB51BCC37639AC8A11CF262BE9C84C3739FA86
4540	4258169	B7BB1B200DDAEAECA066EC28278B1A384AEB8D447BA6137D09B746DF0696E4E2
4541	4258173	FCB832E211188B6A1B63BFCBAC1E901F1F3810C72EBDC5A58C2625D1968BFFF2
4542	4258197	571C6695E8A76AC37188983A328F6ED3FB64D76BA7CF10CAC536FA49CCB3FBB3
4543	4258212	28CDEC947C66566FB1AB46EE309AB73075911F37BA1149D553DABFC64CCDD35A
4544	4258213	75AAA59CB2AFBD911FF8C2B7CB2D1C3DD0BDE34F40985FA3491C5277128836BB
4545	4258406	9AB34DEE9527F3E673D9F4CD7779C9A13F844B994AE7A1169B4EB2F9EFE6FEC8
4546	4258416	AAD3E36C59DF83D7BFD9C4C6DD01C331B59A2E2DA3DB03DB2AAC90D0D04D2A9D
4547	4258420	F598A98A2F727CACABAC83FDDC8E45A5B947308D01D61B4D8005EDFDBAE37FE6
4548	4258502	BA1EE926F41E399485EAE7C8F9AAD9425B7071BBA6CEB89658DF70013FE77E03
4549	4258669	1D37F6B9B65DDAE1F09C2DEA5A5CF7409F2CD2493FC5070001AEE4B83CB5AD3A
4550	4258677	88507D781A222FC2E01DA006C7CFFF0C90018ED93DEB348BFDA0318DA95EC2D3
4551	4258764	8E22C9873B95EFBAF669195E6DD8FFE8F0C1AF50C12ACE3FDC256931F5400DF9
4552	4258792	B8D28487EAFAE48B167D53545D14CB9881331FAA99D2909753E6B6F344C9AA93
4553	4259005	512B63075F24F78A8F40B7CAC2158694118047E611191130238A834FC1D9D918
4554	4259009	38A6A0CE1B06970A8D70985F469DA06DB2776D9E600613AEBD47AA90DB81CA98
4555	4259016	82D4F5662456640A0584DDAFB6E123238026303442512BE65EF0E0B6EB6D6D80
4556	4259029	FB70753DD7E2AE50A044C8FFF782EAEF6A3BEADD258037FEDC361B2A7A37BAAB
4557	4259037	8B187BC1535AFB3B6EEA41C91323AA875EF811417E4B5206FF8533AED851F71D
4558	4259124	4D4C9EEEEAEDA23046E533C56F358A761A1C5C0F618F739EDAFDA0989D0F43ED
4559	4259152	C39151B2DA78C75C4999EE3796EE14E748DD29E6CCB57DBA0179C7DF986EF864
4560	4259343	CCBC1D6E48219F965C0F108939520966ABD928758D1A7E4951F3C28D56614044
4561	4259376	7AF5A545F87F685F02A4DE111A3CF0CC25E899B94A8E694880DF0AB1F90C8475
4562	4259389	405E83B6B99B91197CE489422C6E834FC574DD46ECB8289C1E76F78848FF870C
4563	4259397	C097BAE9F761A89D9DC8753152F9385087D4625B05F8DC3D1E8CF1D64A3CA3B5
4564	4259459	2C49B942B99996F98D572E0C9B8F86544E0A43045F11D7DB278DB68BA416CB32
4565	4259484	C55E081B3C8DC1BF42B5B586397A9AF187517221A1C69C85A56B04E74ABCBDDC
4566	4259490	75F40C327B79F9F55EECAF066BFFC5D281505AE85FD0032EC9A16BFD957D7183
4567	4259512	D2A47B6445A4133369B2DBA357A7B26BF79DE3255A5D2FE544721F4ED8FE62A0
4568	4259725	0919C5F6DD4744599B4134F0381D8D4D465CD481B95AC5BD3F868C1A905BB095
4569	4259729	FCB521488B7DE6FD93FB22AA0543339A84519534763583588882CA1EAB7B5D7B
4570	4259749	A12D7A6561E9E92BFAB230342993018D0CE8291C7C6DA964139869552CECEF4A
4571	4259844	8D3247438B79D201373CE968B04D69D5E766534262A3E57646C67020F51AED84
4572	4259872	0E59FCC27AE374962C64292D918A2BA897973A254ADC7D729873102D52AE3F9B
4573	4260109	D9FEE7D44DCCD4748991927CB52D69CDB790E08E1FDB411AD13DF9C79010131D
4574	4260204	961DE900C917D85190565FBE838E942CED2BA09BC3D73C10945B376F4127829E
4575	4260232	E6173B5229F885FFAAACAB041959F82E44F91995E184BDF665BA4E083DF7BFE6
4576	4260423	2A1E9DD75B55333E987B4AD4A24DDE9043A8ADA687033C1318BA23D66A73405C
4577	4260445	60880E8D1B8308FF4292398D51DA5DE0E7E126E0C6A9FE4D1C83DB6ED9AF3530
4578	4260456	CE0948EA10C7AEF54C73DE9CACBA6C4C208ACB993FC727709565AD57336B6882
4579	4260469	94DEB69488468299B15088D462DB367605D0E095166D481541CA3AF2AD5C79A0
4580	4260564	208D74A1F24E923963236536304E6ED3ADADFB9545FE7A6A2756D66568D0E954
4581	4260592	6BE225C524B15C440A464F3055A10A814E77C617E73F0AE28D9DE445CB4C2FCE
4582	4260929	C2B1DEACC0CAC5081432A10565FD5BF3206C91D605F9E5F5B7E64591F19C5BCD
4583	4260940	FAFCD57F8C519A419220482CF341DBDB40DC9F6AFEF58080D662F3D312C5B40F
4584	4260941	510F3EA6E25BE4B50E48A7F9A026796FC39D2CC79458C029FF806E118F19EC58
4585	4261262	8C109DFD84FA49B5152718680A97AC0A2504A00138C75F9F9BAA0C7AE092FE71
4586	4261468	7D657D630B1DBFCE4AA75348ED2B6BF290DFF8DBDBA00B41CEEF223753C2A4FF
4587	4261469	080A53F040F6EC29D44134C14FCC7FA06F36D5E2A7F1ED57632930B824D54684
4588	4261480	A468A62B75287A907113D6297EC4CC8E0FAC851440471F0244DB14467A765503
4589	4261543	A16363892AC42302CF75D2C7132C3E0055A4C25C3BB87E665685460B85760EE7
4590	4262070	19AA2D5DE92C37E3322AF836D3963045E04410A72AE4349BE4D907118DFAA91A
4591	4262071	CA0750E41515ECF98E1CFABC7A58E1359D9EE4120802C7545852811D7CCF287B
4592	4262083	01D0DE161E1BB0715D0EABD646139C0637A7FA13E53B9376CD15A47C45426730
4593	4262548	EECA0B90262800F1474ACA8A3F5934669C8385C7AFD1691D752FA6819584AA4B
4594	4262610	03B44F5E644372D503ADE49C353D2DE9263639948928721B4A807512696D1225
4595	4262981	5118863F1A770437D269DC154DC2670FDFF31844A13CA1F92EF173D597AE8ACE
4596	4262988	5BE948D3AA0E7856FACE23FEE69C8B9DF1F489A877B9F30514DFAD6BD5FA2B0C
4597	4262989	32EF12D15963F4A6283BBABC45497995A4798DE58AE4514F240C2ABD03DA23BC
4598	4262993	173A344D5A0B5B8D9F94D79538CE2C0F023A580816D572809A6DFBEA0F575A12
4599	4262998	4CADFC52655B61242CAE514C1E9EF38186C9D56630395CF33139CCCBBDB2DF26
4600	4262999	3020892812EBFF672D8BDBCF3A94CC17E0685A487805D4C60E106DC7B4495FAC
4601	4263005	EE8775B6AF6D32CDBF9C9D6A82D499F8C757B9227FFE94AA986115E4A09AE96D
4602	4263016	0C6B37A4FBECA54E60CE08322A6A57EC018325D6EB39752CCC2E33573331AC46
4603	4263019	18741FE73C959B662C74F51323CEB6A6A5A42EDE2E65642884509210F98E78D2
4604	4263022	736FD1B25230097D2C73AB124CE7ED082B43091D458A9E76FFAF092F6F0296F7
4605	4263027	DE8F29CC58B6A2E9D4035BA1B338DF67CF5ACF44722F8E57D74E008EB25CA6E8
4606	4263029	433BAC3FC6A5BF99D5CB950DF9B7E1E44A5B2DA56AB9D83FE182A4F2A987AD30
4607	4263030	7576CFE77823B22FF2AA8CE48D44996AA4750D5B964FD51104D08941F1597E70
4608	4263031	AED9D2ADEF5E64E4A199F9BEEAE50E2DFAB77822278B72AC7D70919D7364A0CB
4609	4263033	64EE780780EEBF05B6036FA8ED06CB9B5889E87B654214E5D5CA3C9129D29786
4610	4263074	992A35D01CC6FC967A0B1D037476694933861BED2E110CE2E02438150781449A
4611	4263258	11133431129BFFC2DD9553496A1CC1C897B66D7FB72A01932B339529517DFF57
4612	4263280	9E276E7A9362A20976C2C37A85491A4E3D533B626EB17A9A3A8B656A55FDBF52
4613	4263355	9D2C9BDC6094FD6FDF540E48977F67E4F3093021560105FBD4A83657413E7BD8
4614	4263525	B9AE52781A094D8DDDA9EF8399242A8075C052944DFFFC7A9E7A79E10293828D
4615	4263529	94C480FE2C2826D1529B8EBD860C31290071876238D8AF6CA64344793D9D17DA
4616	4263530	CE59A3308DB6214B2741424E41A35280701BA037EDEF52AC94B72C6F1FE992EF
4617	4263531	EAFB0EE1C8EBBD3F477546E6396F93718D817D28E3BE4E9AA0A5AD7767D60B72
4618	4263533	CF6CE562A41AC167211BAD5F623970470712C0ECE5138F71C552DF092E3025DF
4619	4263557	BFBE2BF1AC64D88AB8801BF5D39F2788BB6E1ECE773B52BE10769371B6DFDA60
4620	4263563	DBFE995A42AE53DA50D017EC1B2A83B338BBF4057112078A56C3DB4A5FC99F26
4621	4263568	6D19FAF146291E117D595022B6FC5FA5B049226FCCF0AC70996DC7AF7B3F952F
4622	4263569	D2DCB474289B7DEDABE9E8348312A4FCBAFFCA2CFEF28D76E6E5FD90197E202B
4623	4263575	D15D01341C04BD9AFE91F96666C6C657FA39EDFE2C0D370EDEE53FA118042F3F
4624	4263576	BF4E17CEF3B004D4F23ACE7AAFD0823929F7D1960DA26A2DAC8A6E5AA304D2E9
4625	4263578	CE51BE8B8148D86E7E5ABA099A330C5F18F929729D9617A7C2C5C2F1183C577A
4626	4263582	9319AFEEC2A548564085EBD1C2A6C086A002755A31A7A979AC8D83447F1690B4
4627	4263598	E8F459F9D8DACA3623021D59045F1B471AB70C796581607A2B145C559CE490FE
4628	4263614	73F14583A105EC6477ABB7AD285F9CD06CF17571A8D83F8842BB41A524D23B00
4629	4263615	32FACB37A0CDA1299374B3F67B9968AA93ED4B1B8C446BCC840DB47A322C9D05
4630	4263770	DB927DDA8EC51E75D6828B8E023D0F0195B186EC97865EC6F767D77A490A324D
4631	4263806	0FB55DBA9A572020A55E76FDC69FB05605EEAC05CC20B4436A999F787E41F2E6
4632	4264065	6D3145A44E6F5FF4C212687C5DE3904BFF4AB3018195E2159F98A77CBEC700EC
4633	4264066	37E6966908C683957034610DA8B3078224010E6F7F59B1749987197797CE0838
4634	4264069	E5FA5B8574FB01B23E44B3A3407273DDA44E75D15709087DD50619E2CDB3BBB1
4635	4264070	03E48EA0291869D4AA48193CEFCBA7911A7BBC548853761D21FF27F39D0CF718
4636	4264072	632D71977446AF40F670511528E2FB51A1F7AB2CC8D3693F07BACA7475944C1C
4637	4264078	47EB36EDE404981BAB137539AB4E305AD4E1BE5B0A8B9DB36488499AB9D3912B
4638	4264079	0D151746643F2F13DE9534A127F730B1D7CE4AC1518BAAB1FD876700C06A81A3
4639	4264097	935C6C0B838CD6913FB41ADC5F0F4F378292C0FAF7D924D8549BBB4F2774D9C9
4640	4264106	CD29B0C0F04EEC0CC27D3B2F424865E8BD685DAA782282BF5E0A8C95AD48A5C5
4641	4264108	3EF9C0C8644903187A00A29A6E24872DBB933457CF55EB9FD3C28E105CE8BAD5
4642	4264109	D0A612227D2E7F5AAEB8720021B31A7218AB963FE0386F29C0B29A2445958FF9
4643	4264113	ED1DE76F692172282D1FD40884AF5263A9B38B79715348497B15B5AF1613D531
4644	4264118	CD3210BE6BE54D4CE7B088FB31563EA68DD5C0B6C81D92FB5BE255ECB82B87A5
4645	4264122	B51820F4EE6124D90380A558FB6DE10E90DB1F05303731240AE6B107573A8C4D
4646	4264123	0536E7400B74100CFE3310A01461673454D4F02B473CFE05FF33A80040C45BF5
4647	4264137	3747B379969D5DB9AA579F1F4264D63D66D3D1D07415D776772D4D372308E812
4648	4264154	BF7ACA6ED44EE179C40008BBE51E4742F60BD21FECC618FCCE5AA14F62DD582F
4649	4264318	8D44F85BC08F74A6223500297F8F2499D346B58949FD9294E5CF08F905519B7D
4650	4264346	6FA38B57F733156637648C3CD6B370E8CF0F6D1F8F58C32054E72336AD52BE26
4651	4264438	4A8B8349639EBEFC12E9D9B6CFF7DB496D8862124F1EB29C71DE617CDA658800
4652	4264605	2C18F1E1E30F1E735414D51617789BBDF4AE71578E0277DB989BDBC70987989F
4653	4264607	401053B154881690DC71FF76EC5517782538EE1F0FCBA57DDCD14A32F78F9632
4654	4264609	C1A3D0F19567E9FFBA2DE76B029EECDD37961D5BCB0AEDFD04326728D982BE1A
4655	4264611	5E8ACF0FA650D0247E0DD3BB546550B92A15703C0CE770A5F1EC06273DC48148
4656	4264636	7C030E8533A06F3B208E9D9290217F8D2861E11E56D3BE10A0FD72C91168DB5E
4657	4264639	58BD28FB232962BF48936A4135E773612CBA951B9F4DC2FC71F7EB637310230B
4658	4264640	AAAA79CD535AFBE9340FE79F8F877A06CB56843B33D5F167DC6E256290B8E5AE
4659	4264641	BD7E3CAB775ED3DD84D87D73A483AE494DF5D1E280066469146A6BDFE386BD82
4660	4264648	C6AD177A00C779F3BCFDE668B368B920FB3DEA5F7E6401C77623EE340CF0A834
4661	4264653	581399C0539541DE2EEF1AFA940CEEF1446D683FEA6C1D2844915D1BEE42303D
4662	4264677	8B18F161BD34E4091C4BFA7D9E6D5F60A7AA9CD28BA6B8824D2B59E8FDC306D9
4663	4264886	37C37368039F412D94784E596F911C4D883261301E5B83BA7699069C0A61FFC6
4664	4264995	C97A5B7E6D133271293471908506A9A12CFF0AB7892804042B39AB3C85882CDE
4665	4265206	29C781B7475A9168C3495D3E1AAE6A43389290B07DFE4457CF9CA530BDAD4E6A
4666	4265269	E2E5FDAD48ECA6A40D4B7EDFF6CE4A611C6A557157BD0CD5624B5E8820D1064D
4667	4265292	1B312D2CFE632CCFF6A1D7F61B7173EE4EDA8F1B8C95B255357E09CA5C0BDCF0
4668	4265312	C7FD5687EA5EAB1B1F5D77E44414CF4FF640EF1D8DB874C13BE38956C99757A8
4669	4265318	DC9FD31A9DCBA0FB188566AA49F93AAAFF5FC85516DE7B08774BFFA69ADEB65D
4670	4265323	149FF61EC9843C22A7DC40FF7E93958B94A7A55303ECF1702166D56A31735364
4671	4265409	3F17062A03304E35143E282D767D6D08E51CC288B47FD9061DAD52950D848B81
4672	4265577	6116C6C8162F84B4FA34EBEA4DDD48E111459C14A134702304EB99814F02A75E
4673	4265605	18FB34D17903374B56B9C647AD71121773D06E306AAC574A38B91F458BF24C09
4674	4265807	3920D9076016F6B1144961FF6AD8BB640BABDE5DE30FD746802035BA9ABE4D09
4675	4265854	09F6D05D2F5ACE05091E34A0131161E9C735DF46603D2CE270CDCA8832732F0D
4676	4265919	B2E36F19165D79D5A0192193ABFA5CE63F1BE76ED3420F3703A499A3FAE35160
4677	4265937	2E66593DD34DD515C6D57DD5F911B39256A21F9159A8133D824AEF95BC168AA7
4678	4265965	90E4B2669251436850F90BCF4313E7875795DDA4FF478EF42D56C832A62E7847
4679	4265993	ED2A9711B89D5E8FB88E81FC6C28A5B21263A90660D1525C0770852AFE8FB9EF
4680	4266214	7F30F5D00324D3012018B9D4E4FDBDDBD3BF8931919D69F720D4B6D2F0C79331
4681	4266279	9ADD20E2CEB67B04780893B7945028A2EA5D0C6B3C30540F8CF03ACA8A7BCB36
4682	4266297	3935C76CF7F221FA4F64E8E0DA1AD367237A5AB870E2C67F975EC63051FC7645
4683	4266325	1C95C0674B57C8D82C5A4E3FF218FA037805F41832581EDA82C41431CD370F6B
4684	4266353	BAB6B228FDAAF12191E110B455A8D3669BE84A64A491848B92C1A59AE09DF9FC
4685	4266639	3DB90E3BA28B2E01C6E80EBBB7DFFAA0240B9BD7B2BBCC83D044061AE2AF2984
4686	4266657	1278D941FF8B3631DA53414CFA66BAFA77D301181E3A1C6C30FAF1BCA61D99DD
4687	4266685	C7AF8173576C90F5DA0E2F902166DF8A0CC1498D08EDF782B60CB8ECB22BE7A9
4688	4266692	76D8379E58CB5CA9AB0C5DA6DBBB55DE61EEEF5EE222447E2430C9476DF394DD
4689	4266703	E104AF4BAAE0DC4758B2489BF9685D36FEB0D1D1D8A026564B8EA44B1ABD6C11
4690	4266713	63BB47A9171EDDBDDE27B8A201A0C6485B7BEBC03060661E5ABF869B38C5917E
4691	4266927	C4E06C59545C4A30409E2FB7BEBD9F6AE471651F37BDB17FDA0ED922E6FB1698
4692	4266934	3897D185D4069C49FBF1D9FD8AEC78047E735D05B4FA0C1206121509DA258B60
4693	4266960	E93C3E8A331643747612EBEBE10CDD5B7709C4D95C39CBC264345B6273F1E1A2
4694	4266999	314E2648FBD9E4041F01CD84F8C9D915211BE380BFCA2AE65AAF792FA1DD2632
4695	4267045	2091A70A5D7EBA1CA4F725BC0BD1F61E2C2AD32F098694D2A7CBEF67085CD05C
4696	4267062	4ECD23358ECAC685D58DEBC2EC60D45F9C2331AFCBABE6F0E6A6BCB44E7A0470
4697	4267275	079493633772F128C1CC143F585A87F93B148C5036D3BC32E1E172D8878E481E
4698	4267287	1B7EC099B7F870D9A6B5EEC6C896D195F2530FD1DDBF14F458210B2C570DC217
4699	4267294	E337595FC2C0306523EBDAD5F9B1D57CAB920AA3C3171AABC085B87F7F774EB9
4700	4267359	4676B971AA8495FEA1205BD34E0054022E95E023227FEFD0413680261446C4F1
4701	4267377	612FC24222DE5AFF8E4B8D1C4E18974F65B9FDC97C37045D17484585A40DAB79
4702	4267405	52026DBF542727F091B059B3A0726F11A08A244B6A8C27CFB49E7FB4EF8412FE
4703	4267647	570C3BB6E3FD0B646F72852901F435F2DA3A42F5F17C426D9003C63F7152C227
4704	4267658	A60F351F3D0F7C693396997E89B20589DA67BFF4E0A149D65EA0B00C54431A20
4705	4267661	B540C560885B55211EC666F4C31A7839F53DEEB333B145549A521F5BF47FB3A6
4706	4267663	85C6AB65706B99F26022EC2A172B7F4594BE809C2CA6B3CD2120C9C565559E6A
4707	4267669	0CFA5C1A433A66DAA28228C35BED5CB32EACD63F6B7CA0F58E286CABE4AEF79D
4708	4267673	386E98CCE647393FDD85B3B400C35E4B68D160390305A8947B9907453D91E19F
4709	4267685	DEEFBC5583C5E867FF19FC581FE27BBB328619591EC41758D517B982AC78E0D4
4710	4267699	6009C239F283E4077470A6CE2F6834F55B47AE3A51EACDFDCF0B5B2812C320E6
4711	4267703	01A8E323BCA03CEA5973D57E725B8CD8D31BDF309FA3539ED808D95A80B3C171
4712	4267706	662A8EB1EDC01C16386BFBA10E007A576E8CF5A159543BB5DA3C0F3CD3F89126
4713	4267707	6D7692056F772ABA1ACB06CE075FCE55B87CDB240220BC5C81489FB9497EEF5B
4714	4267708	F15EC3D69D6DC7F14FAB03AA957D8D3194072554DDF350D464CCA575D50C7BDB
4715	4267709	2CDC1914C07ADCA8A978875B0946145A08ED5D9793CD73CA11D70404147A5CA5
4716	4267738	585991E11DB019AEFB60C49A32706FA075FEF366FBF19647AFDDDBD89D683CDE
4717	4267755	0E2C643B1C0F075A4EEA7C40DA1A4A428A1413CD4622A4548893941D8017A7E8
4718	4268035	F3B569EAD4F8FFDFE08F640DE73CB18FFD93D04ACA483AB6F6C33AE539C47B34
4719	4268054	B9A89093F89ADABC313985D69047597D7EEE3733CEB5539391DD024CB90A4D48
4720	4268200	C2B002A0E0D89A4DD2A3080728B041E7BAFFA405066DCFEF3F94F578A076C052
4721	4268211	41E4647676468F5294BA86D1C3B21170671A4FED3639973462F60392CA330549
4722	4268225	E4CCA3C59632B3FBA1BD8860A6DC19E73F4F214A57CA21AC77E0093763B55403
4723	4268244	7CE8D6E97A5F0F3805349E74F603955BC550539EF2CBC6AA180469DD8F4BD3BA
4724	4268246	C5734EB0B7FAB1D1B8661910940A6042728B60D173ED0042AFC743804AE416D9
4725	4268250	E1867A3D8E8467992D282EBB55A349965366C97091E64297035D25DB4F26CEB2
4726	4268254	32A1EA5B4EE7650C5211168D6E8E6CA94C1F4C200D16702B11A983DE54A01FA3
4727	4268255	DE13A83C55F5783B735648554990A6C33F98C2CF72507C69D8A7BE40FCE62CCB
4728	4268256	651F14EBAECD0004360C0783FA0B85229F79B0E5FE2D9A8801D5F301794D5FAE
4729	4268258	C1CACB902890B042CB5438D01F5B95C7C8BCD0FFD3B00B21CCAABFAACB0F21A8
4730	4268262	A23E1181CEC5870F236F83FE0AF9A41DDA0C8A7EBB1B0997476EB12E8C890C27
4731	4268277	4DE142E89496BAEC90B11B85D58779F3D073F0FD14D9A1863D9D05C6C7B2160E
4732	4268292	68FCBD8F427AE3D54F409150FDC2ED4C30C1CB8EB83F9489BB8AF54838F05449
4733	4268293	07FB9D94681B7D1F2AEDC0200A1BAA35909A73A73A050B7527BCCF2A71EFECF5
4734	4268294	CD136D77F914838E7A6E5FE3B9F599C0D5E4EA95AC3DC3D172CD0D559E4C6804
4735	4268591	177059E0A8B7AD33CE8DEF59793B518B17DD6C4210BEDE5D923B6D125376A60D
4736	4268747	FB3C810E63C81BDBC0F5B5E72B98D469F86018AE279845929048661012C9891E
4737	4268748	66790EBEBBD2E1E1D1D3CC577FBD5DE29812AC02A3E5917AF3146DEBDCFA2DA5
4738	4268749	1AF9FFE911FDDC1ACD880E55DDD3BF4C2C025D83B7C22FB020CB1D9915AFF48B
4739	4268751	F881310EBE7F4EAD6D65B19843F90B268E378319562629E18B91D4DEAAD03F38
4740	4268759	4F2A0A7A3C25864B5ECE0AB43F207E3E48C270E57443F14C2B2CD7C83ECE54FB
4741	4268776	220EC109A9DCDC950C149A7269B032BCDA30D01EC4A006B56FE7C2509DF5C1DF
4742	4268777	723D12A553831A53B3877B8DF4F386E9F0E0B0C83DC01F0BDCD21CDC91064099
4743	4268785	CEAFD73C3D0364B4C71B57E6D1E83F7C28107308154A19ADF4D04D35AFD6F74F
4744	4268787	C8BFFB5F431A81B58925227B5D53940E22962763179C98A5743C68494FB80440
4745	4268795	EDCABDC90477031D202C9EB4B377F2A7E82144841F55A1367B64D6B71CE9AD9D
4746	4268796	7B499BC990F561E3ECCBF2911E558EF91D1F01F4C6A4695304320675C041944B
4747	4268798	03457A6A29FFB73CB478DEFB1DFE6BD1B862F78E4F7F97EC1AFE074543B5973C
4748	4268816	3140157BE2781A65CDF0E109B12A7DEF7D75F58E0955E69AFD5195E608482F96
4749	4268818	A34362B47BAA722785931CED5417A93687781A54494FC70EC3375C474BBB1E82
4750	4268819	CE70B2358E28CE11F477BF97D68AF96D11E76B0D3AC65C5F22147EDFE38A7867
4751	4268834	1C72471B43C8BB8B5DAD78353944A1536A55D2EABECABBE20B744D94B257913C
4752	4269280	68171F26447CE4FF4C973D9385FCD42A5B3FE94999D07B4DEBCA8C8FFCE36870
4753	4269283	9E3414F7C3E73542CE3FA7DA195500BC19C838C5FC1D5DBECDA4D2AEA35EBB6D
4754	4269284	4CD9AF14EB8D856101C26F48EF6B985FB184715918805D78B6C2C68C7630CA20
4755	4269289	41E062D2D3D93F6E0C94579414ECFB0C1F94171E363FB07A5E9BBB333CBB16B9
4756	4269299	7637B722AE77C6050167479B17381331EE956C7924ABBB2060E6017321CE81CF
4757	4269304	7967FC64D9CEA604EA3077954AACF9B16C5506C12A16985EA49A0887B60E8049
4758	4269305	D9A9DA5EC31908B9195DB0E6EAD0510E616D65B41C5A2125F794198E59803C22
4759	4269323	D681BC253559A7BCA78163E0AAC53930D0EC3253E8D0210AEF46FC37D187C4C1
4760	4269330	B584FDAB1372B43F033980B98762DA572FDD7F39B15BB42D0D04C840B5E81A1B
4761	4269334	70C2FE58251C4910CC4D365000D632091D7EFAD45B62995B18A1C5D27CD26BCC
4762	4269374	4A3A745173B0796CBC0420902EC45DC39F36D732E555955575914BA3F4D294F6
4763	4269538	B5FEE2C0428E7BF64D0B4B1FE6223A2DC309D6D08E6A24E7B5E072CA10EF969A
4764	4269580	6E7D11706077DB4A3CECE05F2A9EB1FA6F36C699B404A6F5B30741C2C859CA6B
4765	4269585	B37A6407409C6A49EBBE26720C9E19BE6F7E6B9B68D76DAB22F2A90CA5CB0F7C
4766	4269655	E5FCED21D9DCBFAE9145A32502AA35485574AFA4FD409D0E80D6AD5FAB3F22B7
4767	4269662	2C2E38E199C994B2D3CB059E9CD7296D6235D74BD8DA859DF7C1143E8F8410BF
4768	4269990	DB09EBD74A69DEED8D9F08120BA5FCCCCF3067ABBA50FEF94D448804497E6359
4769	4270003	5B702A9E407566681847C7077C3F242B30724108E75CA557998FE2392CEEF371
4770	4270132	CED7FE6C81E6EF3487B846BCAD812AE9C6BF33E156D41578408830EFFCE202B6
4771	4270226	63E8D7D33F470C2B944052AEF634C2F7345E05CBAF12C8C1A76246859F72B1AE
4772	4270468	F2CDE0D1ABE5DD6B7DEEB65C40BD4E8483C7EC59A6C3F95034497529176170E6
4773	4270481	721C7C8A8C84DCC5D051D569966FF08B6AE8FA49B8FC035207D77D2DED2C0CA0
4774	4270530	9CD6886223E9DAACB1D16668E9543FB8C47A2A58DDEB9B63982188A8C386A9C6
4775	4270541	CF7DB2D23B1F3E95C621D6FC31DA583C0B79FF89F5FE1BF8C925402D9284CE0E
4776	4271082	38D3AE3DE1F9B296F7984C2F3EDA3F3E2BC1358AB0C94D85C2A8410026FAF0A5
4777	4271223	420A6C82F3116B9BB7A69D0605C8256EBCC2C0D2B2E3885B69FD20688F0DFBEA
4778	4271548	4232B80A39D394A46887451231A8FC85E5FCE2604F68C6E676F0BA4D895E2B6A
4779	4271549	2B08B9F9D8D6D95142A32C1A4CE1C0A181A31C17D3287100E0872CDD73B11710
4780	4272044	D2EED59FDB4C935A0ECC666212F9D30FBB0FBD352E625192C5CA8AA7201B1954
4781	4272072	B93C957BA4AF1082A0056152F392DE91DDB7E87872BA7160D95D3D160263A6FA
4782	4272101	4D86C3FE00D2EA016D988E44F78E9F1567F487EC611C576C5FEACF442651F501
4783	4272259	5568637472FDB3A7235EE966275BD515A1C5DF64FF54174F5C0076C3BFCF230F
4784	4272510	203018B48828C999585E0D3446829398EF60EB4D5E158B8A49AA8B5A19F48CE3
4785	4272522	A4CCBAE7A302422F8ADD488A15DD7FB59395BED5A13644E38FF0B4C66F8D8F76
4786	4272607	FD79A4D9DE968A6AABD2511B160757925E0D1333D7D483191F78E760B5BCADFB
4787	4272662	9F2E6F6DADA491077ADD4CD2F34C39FE9DE6D09771F69F9AB386E8A562B17003
4788	4273000	99CDA1FEA1CE4F3307245CAD5991968BB152EF1CFC81BB91DAC2BAFA92B1972E
4789	4273001	BB63EB74989FD00426500B7DECD42452D66E9E2B729D56437C833092F03FC922
4790	4273050	087934CC978DC7D82E7BDBA7E1DFA022CFC287E9FF3F68DD72AF12066DAB4E2D
4791	4273063	58313131353EC10A3FEFB404E69C83F2837FAF79BC945161873AE875913E8DD3
4792	4273549	CBA01C9901BF94E6CF154338B51619564A7D52F31D109FDA1044EA02285C530A
4793	4273590	BE7CF8161A046BEB8501EA4DF366FF7A0363DE6250DF384CE4D427FDD9E6A4B1
4794	4273591	C6C33FB7FD90EEA1BE1CCB9DCE72EADD25D00CFF81B3FA0FBF86DF5B4B52AF24
4795	4273602	67F4EE6AF2DBB4557C87C9920AE0D3CFE511249B55BD16EE2B206C7E1808C2CF
4796	4273603	A587BBC41EB7CFEAA7FD9F053A16C23A6FAC8BA9AEE1CD7AA5CEFD9165415E9A
4797	4273742	94C6E1E2E2709247D9E64BE829BEC3453EA93FEA658716D09F0CBD727EDE1F46
4798	4273813	B54D29F84EDF64748ADB292A9C18947BAE121EF6F0CB6F683D7A99961CB83618
4799	4274131	E4E5EF2511DC7747C57AB8821936CD842152587D8786AABDC7A695F0D4A62528
4800	4274592	F5091E2F6074464E32B026963171DDB1AE5EF6799FF1C9123EED83790CA869D1
4801	4274616	E196370A1D4431D4AA4B6A8D7F7E42C5A5033E0A5FB8B07EAA8B225DE3F86704
4802	4274632	B5639483430FE5600D0A6EE95BFDACEAFC4CD151386C280685194C9D80F437CB
4803	4274634	B2F73CFFC2F1DCDD4F18A5A36494A006CF26D9D8B4F189D450AE311FF7119198
4804	4274649	4721737CF6AFA55A72C01DCC7F2B9B7E666638D1CBD6912590C2B2CB1561400D
4805	4274683	F38A07271A9B22B1F17DFF9797D8ABADA56FE162ADB449A9117018D1E2BD91C5
4806	4274726	409233BF12761A45C2D539AC088DD0FF7760CBFB5F352A4216BE9A9C1F94D0CE
4807	4274974	6A8A4D893614E530588DD39E0C457AC18334604AD522D63A27B9D0CF142B919A
4808	4275022	43060F703B3040DC62673D1DA2901E7F09BEA5B9E2176B1E9567A400C337B6DF
4809	4275055	71E1C34C12E57A53490687E64001F508DF8F05794876A0A2D59FF21790D4C263
4810	4275066	524D8086BB7FB5049F9C21BA8CC1FD7CBDE47AD6D24BB2AEB732F27CC0678657
4811	4275100	5807DE0D5EAC4DE8C875BE255797FCE5E9325DA74CCC9D38B274DF65AD4D541D
4812	4275102	242A5C05074FEC0FB7C3B22AEFB7E157B1E1BE34B1865F1C7224F79A22802533
4813	4275152	6B8C0F8B75F1906D6A61C9FF532C736468BA33AFBDDE86ECD9F12437819BE1BB
4814	4275395	0B1745451DC3DD2D346A943F26FCA412E16908B3573CBA9A9A5F8F7B99002FCF
4815	4275396	AACCC46AE4732B22613A525194DE1EB1DE18F241DC6A12EA8A9BCCEE3DC64004
4816	4275397	62AFF8202183368166782F875C3D882D4B26DE0CDA0742E294B4778510CC1F19
4817	4275398	B2A4EE53BAA2125345BE7B351ACB6FE75D321F41A4194E0D9719E94D91F04EFC
4818	4275399	A3F65357BCCB613DB920F366495076052603CB15CF2C9944D3B9027BE5060FB1
4819	4275695	101771267B7DB21B2540D2E6A51D7EA89422E373D063BB9B7D2A1EA2ED6A0011
4820	4275696	861B5D138A08C03396F83C4B68DA6DF989C1BA553ED4C7DCEB3DA7521AE9C244
4821	4275697	2E5A1F0503BECAC7DB655EA909DC25CE7DE95635FD8C58543909B120C80CAFC4
4822	4275698	7064830CB119BA354207884B488263E1712A5C9334B4BA2F0655B9F9EC3EF7D0
4823	4275699	6FF431431880D12F47C9AF9FC113A981140177D20FD508A7C2FA5C8AEACA8011
4824	4275995	F2DC32DF9053AA79B34F58CACC99953F4D21039502942C238FB52D01559DCA5F
4825	4275996	ACA39A8E3AE503BF870ECE68181C6FDC00AAE43D61111DB920E0F8106B598FFD
4826	4275997	8BF653B28AD11D22DE57FFAB90AF0D5B819A653A4627B0B8FD931A244A8D0780
4827	4275998	F5F65F05CCE74612312E9314EE90D7DEB240F2E0E005BBF0444CD2556D8B3DE9
4828	4275999	7CEFC471A13490BB9384B0D1786EDDE83B45D884DD5370ACE3A7463D897C57EA
4829	4276295	EB78F111746B232022396A5DE7AF60FE5B90CA64FCC102AF659EE9A4C3BDAF7C
4830	4276296	5162F55F9269DFDDB2AC4889A1EEEC554735156428ED549CBECA9BBC8C599AF0
4831	4276297	5CFC83E43A843ACCCD2B6F73DC7A7A250991BFF6A86CBF4081CB2BC7D90D1EA9
4832	4276298	CC3A93D32F8BE14B8500C23699C34284E0AB0F0E0B565A415EC7CD450021DCFA
4833	4276299	0CFF1A0DE48712CE67B06587EB30A55D6B3D9C867570920C01C09AED6B3F61FC
4834	4276464	376390187FD1158B60E072B6B23D9E3B3B75D65B4D516E007BA2CD79A2380EA8
4835	4276504	A73977A53C3DBA3219164A9277BEEDC76E877ED347AF6B4E82A66BAEAFD83156
4836	4276520	FCA9AFFDDE5C57D9DBB4419F39841C1DC98A931C3CD1159D6077BA5A96B3D7BD
4837	4276545	9A64BA71DAC5D31D62DF56C1078BAD0F17F0633A2721859BB4716D11F85BE5F2
4838	4276575	5434CB48C1E5679A550629AF1A96AE2F967C91158E50E3335643BF979DE5BAFC
4839	4276640	CEE96058F5A0C3E06FFF25667CDE20F1D7F9091C1D548B3DBC3F746673E3A63F
4840	4276646	A9D0ECC036201DF5D17DECD61928DF89691EEBE5D0653F56E5AC5B86FFE47B21
4841	4276665	5A88741F2FCEB0AE7BF0543E764D96189AA5EB3CDF10D11685FB420E2D77B3ED
4842	4276708	364E908EE0BD0E8E55CCF2922300845C2611594277D5833CB8B831E8247D5252
4843	4276724	9EEF54FFAB6DCA9C79CF4436F6879A9DFCBBA1A41A96B9905378F7259048A19C
4844	4276726	40E3476BA6EBE59DDB5751672B225BCB5317BCFC536DE5363AD60A834265D1EF
4845	4276824	3D766F3C0A827097E02E170719E32DDAA3160A9A2F9A84D81DBBFD1720542C55
4846	4276864	3E85B8B904A3C2646F07B66BA2817DE04B1FF5772F0F0997AE8318F8BF3EB44E
4847	4276905	D1CBE4C7A13A7A65F47BD53ED28AD3A7D1BC96B2F9EA274F3C14CFEE49BEB546
4848	4276935	81D65613C17C273AD276FDA0A6EAA6A93507B3943710F79438419E9440B76DD7
4849	4276980	CB1A2B30E8182A6708B5E673FEF608E7FBFF2E96ABED54DD4D53155AF28503B3
4850	4277031	DCC983F780FC90DE14A2783BEA842160E7A9F6B2EC0D886B711D6AF17CC1BAA2
4851	4277084	CA3A5C37B476DC9B34EA11E6B10A7B7BCE748087EFB1617479E54BBA5935A74E
4852	4277086	6B3B8F11B561F279E2CC929A16CEFE2865C6F77EA49F12D30F637D71435C3543
4853	4277184	96F61C5E8A9C9FB85B926EFB7272E5F499D47EC0013AA6BBD38708E0068D6139
4854	4277224	EEA60E078EE121A011A227CBD4C9B13C3D9AB80EB74F0CAA9BA5CC8A1672A8B1
4855	4277265	BD8DC3330B75F4C35E40B8F8BC06E8A05256344203FFEE94303367094E0AF4D2
4856	4277295	292471F94595C453DB856DBC846B104D6307AE4D6A4B902CF5AF337815F26B0D
4857	4277360	F0E4453229ED454930E59F6B3D4495C26F37DBFA90671FE1FC9CA20236E551E8
4858	4277385	52F0EB1461322BC8504568148E020A4B27D0C2AB4EE954489A031FF78E8F21D9
4859	4277391	F73574ACB225660E7C0E7B9C5B49726CD5A381F4CC1DA5F482FED49A2ECE394C
4860	4277428	3979A2F4A04C4D7DEFE19F6538113A2B50B2A95D90E97C54006751CB1D3AF6A7
4861	4277430	10B44BB7FCA5347DC7EC7DBB67832585B2264E44CA31A8990F2BB9AD252EE763
4862	4277444	366F6C12EFF3ED90B838BB0A5857813F389A02F251A6F6912489DC3460017E76
4863	4277446	0A41E46C7C161C855931589AAB3A005B1B313A88209891C330A8118591034BB6
4864	4277544	979121C3658A5FAB7DAA8BCBFE200524233A1FAC60F2EAE518F5E3525A03179F
4865	4277584	4A4C1A3608CF73F417E08177812D0F11681438D4D0058403AB889852B0BA709C
4866	4277625	05EB1D90CBD1EF526F245A0820489DFB368EA86DAE3F6D408FABB43EEC13D8D1
4867	4277655	8302144442FC9EECF6E1DD2B184ADB26E611632429F9C01BD0208F1A0A856959
4868	4277696	941BC9AC48A8F28311EC2B9A0CB7C112CF2DF0B6931E500EE6241F7E05AC5257
4869	4277720	58935AE15BE885D6E07CBA4088036816012A5A3623EC0E238A499B91377538E9
4870	4277751	EA2E1E4394121D713F4D6A94F7A0532D76ACF90BA00FD89FE5A51B549956AAAF
4871	4277790	88DD9C4B0A541D45CCD5B5D5170959BB5BB96C7B0BBC3B9679E05CAE06CAB84A
4872	4277806	EC845C619478B024270180DC25749D1E75544F50CD621FD6C7CF11F7CCBE1CA8
4873	4277904	3945239A48DB5363976F0BE14BD755476DD6B1D36D31F8EBF220DAF23EA116CB
4874	4277912	B5D1DD5F6E818F2113A39DECAB983A576D63A4D2748403418ECA8FB69874B9BC
4875	4277944	992171E905CB3287EB168CA230F6A02A854EA0F4D77386DB1426BF73519D8ABF
4876	4277985	CF521DE44CA47F2223CCEF27597AA044339345B6B4B040A4B2180A7C199B3955
4877	4278015	13F9A28AEBCD785C9A148EA76899EFD19667F8EE496545C25E3083FA8CEAFFA9
4878	4278060	51068FCBAEC23614F20DFBC51C55F17F565633294080F9C68FBB1472E33D9AA1
4879	4278166	02ED43EEE050B7514BD168526A57ABF5902955122CF77648DFC30281A5A310C0
4880	4278264	EC5D3137FCA3040949B18A642B6326BB9CA4145AD8B40E2ED99B037AE41A101E
4881	4278304	DB8E66244A06895B4F97476043D9C2BA73F05EDEB20EEBBF72621E2988C38672
4882	4278345	34837E45334D1766BCD988487C0B4831F727D53F712B2EB530D0BD719C765B1D
4883	4278375	731277F1A65E4668E4E1B121E47B0B9FE25A236E3160C66BE4705C48265740AA
4884	4278420	024D2644AE48D4B9C3A716D6113B183CF71E1AA172880173D347ACCE593D163A
4885	4278440	15A01E8DF271E208824782EF6E710EE3BE3B8C20100250EF9D6227B1A1F83D36
4886	4278446	814CD1FA15C1444C45A7598E2746F5D5509A8EC518435EFEBD046642363F4BC3
4887	4278465	6C74A106B26FA623CE8F32F3C5F55F6AAE9222009395501F928C9AC86DFD8AD2
4888	4278510	F7D6A571306FC1C32D9C5AF9AA2F60CE8CB7C16AF40AF7850F31E4DF6A63623D
4889	4278524	9F561EA2D3FCB3F8D7E74C63C01B986FB5A2B957C96B3051D860E01171585BF2
4890	4278625	8779EB3E8BBA76686C25A7095F595EC3098D2EB1F3C951C20798FE97CD9F906B
4891	4278633	841DE3500C1AE43E62C09572D2C8BE025C33F12602BF807043430EEACB9FC108
4892	4278661	22C9E745BCB3433EE0761D84249C69DFC103C1D7E42723D4CE16E19A715E80FF
4893	4278708	92B34111BF6A5E85264616B3115D683A242CA65FB4AF1CC4F60F980015F5E4FD
4894	4278737	B4CDBB0D106837CDB5FACBBDC917B9B130F0C6B299CCF9D34462B14E7134C529
4895	4278812	D92EDB500F8C69DC9F6DB31AF8003FC9CC3FB5EC819968B17AC770943E08E3C8
4896	4278890	6A796A6CF94B580A645F65DD0268B1408EED091FC4091A6164D053B41BA08FEC
4897	4278985	CED3E5F8D8F79979ABEC483CEF3B9E61C58EB7EF597F770A7064EC1C7EBC1491
4898	4279021	4229D5736179394AB55C66FBD22D64339277A389ECCCF8481DDD810319E6D00E
4899	4279068	599D6FDA2A9D4AADD3595B68C3B31F673F07FA6636C94E79AB12C10032CACB00
4900	4279085	2580C9799CB87F746B927842D2E146B37A53E7159EFDAC8DFDDB56A407149EAE
4901	4279097	1FA16A0A487A4E7A007D981A2C7BE84A9F6BD62B5AE5E814C4A3D498F4CDAC8D
4902	4279161	E628A16DDA2DF2C5D35F3DB1DF0614B042FBE8B60689CCC3839EF8C827E3418A
4903	4279214	559FAC9D58B166F4D45085437930D75F42F3119BF86DFDE503338BDC15FBE424
4904	4279250	EB1DDB6311D351D23851FA59F17CE946B35BA203DCB7A988F993DBEDB9D3BB7F
4905	4279345	B51D19E6298687CDB8D971507A7920010FDA03296B58E5480A0683DF4775DFD6
4906	4279353	D971498BD515FCEA2E25A5CEFE64F8E3C104FD8F4EB4B8F7AEA59458925DD932
4907	4279381	B19C7449492812A95F1B054343CA37C86362134F7D3BAFF6CE787412B344A666
4908	4279428	547DCFBA220DBCF1B4B9279B9E433519DCCE5374064019684C3B17296E64B771
4909	4279457	3829724846693E4CC556DD0B418F8DCDD226C325152816257F0E76F7D962A237
4910	4279505	B69AEAE80565BEADDB935DFEDF8D95DAB9CAA0030AD3DD0D52456857ED0D0A61
4911	4279544	E4B81AE3F0CB66FB69B1E37D499E7EC882A314473A3A8263E027A1514E1ED694
4912	4279705	F7AF3B74E08FDEEE9F1170BDAA5B4E5736FE06CA53B5976D54052B04224DA8B4
4913	4279741	D8509CB040568356097CD4244337F51977965A11479C8DB2681F7402CB7B6B38
4914	4279788	91D7040EE8EEC12DFD97CF4E463F7CAED8C0F5F5DEB0A74893025BEE14F045B2
4915	4279817	A14A2711A833A949820CC5FFE18D85D4CE18EE7C032A5645A29CBD4E3B513178
4916	4279881	0CC7A064FBE8826B432B799013632F7E751DF4C3C08EF87DA5A41FED27FD106B
4917	4279892	5EB49AB184AFFF7C64D586323C930B426DB9EE405404D707A48C9B6A89BB86FB
4918	4279934	801AFB077D47F0E0606441E457B3B813615384557CFAF2B1D1BD4C552E4B39D3
4919	4280065	A60B6A2C2273BDF5F93A9A2DB0595F99FFD173DB37D2DB3DE0BD061166FF6736
4920	4280101	07CB65E2CABE81E9C44D1BF93501402D5B1C30FDC07A19A8877045FE9BEF2E58
4921	4280148	FEF4FD5258FEFE6B05A66E7B7C672EED939E8F4D7A08B1B1FF20A519B256F2F2
4922	4280177	5D7463743D387B4860EC6EEEEB9CC97E6028BDD630F06D3FA5BBDE46A5D6A61B
4923	4280277	4240BAD4E592B5AC9CB6EA58DD5629869AC0F9BB42746EF001AFD042B1D08CD8
4924	4280328	16A2ECDE44EBA24D806E009261F2C453CC859E1BCC798AE31E614B9027FBE690
4925	4280425	E79C1C6E2B7189EA94BE881D3A6018CE3074F08101096D94B525C16FE45E93DB
4926	4280433	9E9615C2859B331C9146ECB7331907A9F2586D5D2D0ED262E3F7AC664ABDF200
4927	4280461	533AF1EC993EDCED8478D0F5D08EA4FBA0866F5712D11C8D3FEBDA5185DC4F0C
4928	4280508	77C5E5732D9EAB83031DB976F4E7FBE5552FDAA2E3E56FB52C3688C72DC00137
4929	4280525	F2E02C38BFD90648B96706691C4448288DB5F8E07A96612EB061BB15D1131591
4930	4280537	C83F46EFE3D7807FFB84A42EC877C99E61D2C1A1CE954851624300CC812C7EAD
4931	4280624	8D48CF1E965C84EB5F9DA188042509EC5EDD695DFCFF79723D10323575A3FBF6
4932	4280652	8D6668C4C2A92E7577DA39A63E70CE4B0BDCC8686A0F07FC4B86EF01949440F3
4933	4280688	1821C66EAEA93D0B7D3311A57F223723D9EC40D2922C103293387EE59922C7D5
4934	4280690	6DCF5174E16825998FD2D786544BD5AA11E8783BF8571921004D21C3E6B12464
4935	4280767	45148329EEF70FF8ED775C037EC9CB5AD97B51BF6ED2BDCAB8EDD9A2ABE3283F
4936	4280769	FE7CD9306AC201482E6391DDF9882895282101420BFEDCC3815A50371528D6EF
4937	4280773	7FB85AAA7F7C5A3076A248329B73AFB0BC046C7CFC4DBA459B8564804C4A4F9E
4938	4280826	F91191CF95F581EE1F9BBEF4DB19DC8C50A23F31B1C48E54F98FB15288C0027E
4939	4280836	BD0DC8D226BCA69C8A36FFF6DD5C813475CD03681A9A0742345F125EC1F5FFD4
4940	4280947	5BAD7EFA50486E9AB8DE7BCAD7C632CE5D469DF7820FD76B3F279FA860B5588F
4941	4280953	BE00DD70274BA15243FDEF7837CBCD1BF50983B54341D320CCF45DA67FE646A0
4942	4280981	6A5FDE084061344896D1763FC28DDB3AD1F55DB820F8758AEC6833A795CCC32C
4943	4280986	E32A7789CCA8121FB794F926AAF94D4B4622EB8344EC97B105A0EA90B48D9E71
4944	4280994	1F81284C7C034400F7AB7548771462E8394924EBB91AF40BAC541637DF3352E6
4945	4281009	009A38299252B183AB030C708A18CBACBB8531A3B7872B48B756D71CD86B198A
4946	4281301	825D2D4695AF98D3A804195C39E961AEC9B3584878F309BF2E99477D5C846C38
4947	4281307	9C6FC203849BB13681705BD85D71C6CC0188DC12EC1F2138D2F32AB785DB1FBF
4948	4281309	C4B5E7BA38FEAE1BC75841AAB98AA3CFC5B8B73B1E1FBE39D93F5343C3FCB047
4949	4281313	6C1BA09AF44219E6AB159B0A0AA35F78CC4BCF899BCD57904CE3D4114588618E
4950	4281422	78A95B91DBBB73E62B083067A3434824DC2910AFB7C9BDDFDC64E1C3B1D4DA7E
4951	4281434	4309B38F01C408F3ADB3D3C936FBDE7B25453E02A47D16676C5D6B11EAAAD883
4952	4281486	87E59242C945A4A7B576AD654C84404670ED7234F01064D04B010080D3C5216B
4953	4281487	D8EA0294505AFF0058F076A87E03845801680B9ED29CBA220283F9D56071EF25
4954	4281493	B0715A3E996053559921C25C05E9B4BDBF903C297868F1387CFD4B11186A1EE1
4955	4281507	248D4C8CBE9360371D79494C65600A742580B2FE79AA63116FE93E4EDCCDD97C
4956	4281620	6480BDD064C01B0E1CC86995CA6F0B6A6B9C780E5E2BF47B5825309672CA2D6E
4957	4281627	06652843D21CA8D23F683D1F89E4BCDF92F2DB50153DEAD4FFA79E246132A43C
4958	4281648	2065A80115D36957B5D018E7B111D0CFAD9484C76D48F8321C1AC87491B2A95E
4959	4281724	743EE0172A68C40AEB8611F25CDA70B0182CE74B8D746962A9BB40D0F02F0C30
4960	4281725	3D4E406C8C6211726D7A188CC05B65BC1CA18E3A344D4A8516FFB2ADA40017C2
4961	4281726	198DA31E925599B9F9392588E3C63EBFCF84EA01CDE0186A569A5E6596641CBE
4962	4281727	4E56E3C163C32E4725DEE82649B5E69AD4EB2E56B9524FF933E4CA6A2DEA23D2
4963	4281841	ED3090E9582D34C3470AF7CB2383D1608C66B34E6E228A32A05309C41B1FF4C5
4964	4281923	0BD31088AF1D84D9A1AF43C119CBD11F8B378EC04A505CDA83E546C3E2ACDF42
4965	4282027	62C5EABAE263BA85935AF52D1F8F0ABF1D163A78F437A0A7D8D7594CA2E137B5
4966	4282046	4E52CE302BD69D3BA541019B23B26E8ADBBF2A0A7ECE75599978B24F13B700E1
4967	4282072	41E1C7BE9D30094C77E3ED00E293C16BF1FA09FA7DA94172A48AAD39D1FF3657
4968	4282088	ED2F7B9F0AF3E59E983B3C212DF9B691FCFE46AFEECE3AD7DC48D9E146B6A654
4969	4282094	B6B53B34405B730DDEBB817FEB1E0BFC707B8A31B4E3974AB93E75E5E3A9D093
4970	4282100	7105394B78AFF54AF91716FEA79A6C98D66420D65A745E8D4F5A69BBC5DDC867
4971	4282102	95F0708FD1AC34EC816310FFCD2969A2FD372B6C8FCCC83DDFC64D726BFE1690
4972	4282161	B137A3BB7E35E3F383931D6EB87DE53DE776C6801E3504F26640ABDF1870A3C6
4973	4282177	B028983B8B6E684D2ADFC2EC61E97D15417FF4C340163F69FF2887B74B0BC6F3
4974	4282233	EACC80D311A2386308F1ACC398DCFF3FA2B49E6B5B155AFEA89E77B472A31EB3
4975	4282308	120D80A622EDAF168EF44FAE9C21F3B779BD9F1C60A4EAC4B22BB971E1937A69
4976	4282314	4439C483E2158023B449FEC544DB47261FC9DB15AFFA6DD884E5090B646E68DE
4977	4282381	3C03CE2854E8456D861B38502033C73B31E23E8C04383513D231DABED192CDDB
4978	4282383	4C54DAE92999432BDB745E5679E04C1EB83BDC4D62A1326960B53E3C3F3E14A5
4979	4282515	34F3DC9AD1C675F65A10D20A89BCDF769A0994BAC25CF78CCE3810B90DD6B2BA
4980	4282936	C44D9CDF2886EAE3BF675F20E7D20C5BB786B7640EDC20E541DD1279933925C7
4981	4282990	94C308697CE7D3BE4FC2AAF041BDA33BA840DFE2A0A578BD36D60DCA7A1A85BF
4982	4283016	9E4749C7593B475C660E6E4917AC385C35777F3F9EE4B8CAC6CE8EB3C94FBDFA
4983	4283069	D0B2B70F158B7447A42021F9055624AA66C5CBCD777B328081A6852BB95750D0
4984	4283110	CFDB9266B8688BCB5A76C9261592ED0A3469F0FB8492974D74F5791C2AA00CAD
4985	4283119	291AB1EDF9CD67656E1B9CF1F9D9988186F1A1A34EABFF6F64344858C193DA90
4986	4283136	141189CCB4A6DD930C4BDC45296CBFD8CA04C5A8B3A42871D052C2E58A0E4CA0
4987	4283161	0BE6FA60BA3203C3D0206BC2E72F51AEE3F2D0F48ADFE3E703F09E7A1837CB7D
4988	4283200	514F2B926221582C188A3506FF3AC92231F53934939635AE7F8497E622ED73DB
4989	4283296	8DF1F92754F8C55DDC68B631CCF3BB3068F4718408309E167EBA414011E9C7FE
4990	4283311	CE4CCDC4A1C6F47458E6AF6D8F4E96F1C4F38C0A414FDB0B4B1396A651BEF231
4991	4283350	193955E4ABF3165D85BB62B5C4DDE261A6B3471318D6F1518B912B0FBEFB2B3C
4992	4283376	5033E780DCFC2089F6C59204D0329585760AA4D287CC006345C3D0BF99EF57B0
4993	4283429	840061B53E0BE84F840A2D8D0D85D2D95359EA2543E5D2F9793451D8CFE2CF61
4994	4283446	60C9C672215D6C86343D4D210F2B07C0A7CFF2BC6960FC132564512621D2AE1E
4995	4283479	074BEE52BD4B5DF0ED42823A2D2322D1940F32A32B069876F97E1293819FEE92
4996	4283496	0E8CAE1B54116E53F907C136A3ED3F3703E612A86AC95DA5A22A495DA9EA4B21
4997	4283526	7AD83AAE02959D9D52D65E4C0CCEF1FBA65CB279145AB05EDEE2046022D45BB3
4998	4283560	40EBAB3B0A08F6C811BB7796ECB3D153A4E4D10F88FDE98021E022F7A5FB9FC1
4999	4283562	3C44C22B3445BF28EBD24C2441E7E131B4549F7AFD772A45D0E48B1845BE3AAE
5000	4283656	BB9DE26252FDC35E6FA205CCDCC13E94667055316DFBD1EB4B85E8F7F5142A4E
5001	4283710	3EFBDD79CAE4D24E9EB6A33FB86535932802C1876C58FC31E0F1E8413A9E6443
5002	4283736	1BF686C3149D16C134836E70E3B19D071D25F0121D246B62E726D7E5CC353CF7
5003	4283789	912A69B57D0BDD85A17FD70470F70C5ED4CB3C2EE32B752A39627FC643628A96
5004	4283815	C2F318999F6ACC82410C1F4C9154388BBB1B074C3C4F249F4D76BBA3DF1ADEE0
5005	4283830	29800DD8443F929ACBB79558409CCE713195F963C19D39D91C1CB78386766881
5006	4283839	0B9982F7D8B089BF29A81CDBC54C215E38F051AAF9604C9C293EB00449B608F5
5007	4283856	240180E912B4BED628AC34DFA637F116F8E6784C9C03B0D43958C91B703D7F25
5008	4283884	EB27AD120375AC86100636ED5C846524B8461E156B6AB2188A9C55CD492C6B18
5009	4283920	2DBD553B0C7D7D59DC65ECA103D6BF03D7808DCBB4187AC073A714C1B57AE0E5
5010	4284016	6949CFE02DCBF64AFE3FF9AF021EE17CCBFA55F7115B5EF26C9564B2DDF3CD3E
5011	4284070	F3F2A5330DC8A78C9F714744BC00A09B2A55734EA37D0E0E553916DE0B9F2852
5012	4284096	9AB7D42CE36087C64630431CD8AA220B35433A14FB157ACEB4AE5105F987B7A6
5013	4284149	3DDAC73BDB5D854A4C8941FE93614130FE588523C471993B22AA4C73BDB38960
5014	4284199	62062F6887F271FBB78A2A4EB4D7EC51DD8AF73342D6E0E39137D138B7A9AFBC
5015	4284216	4BC49A9E64851D731443F488E7B45DE14D99518E215526BCEEFBF2385F33961C
5016	4284222	E92F592491B3A0F7C3307C4DD2C59991A00311FA35E9C187D0C5331755BCF4E6
5017	4284246	D22D7E20ADD5F5F6D456826D2A322D9BC01DAE1C3F7591D61484277B986363D3
5018	4284280	D35D1CB2B9154194A9ED16F575CD0C2F9C14D403F473DDF98833BA8FDF09BE07
5019	4284282	61A771EB9C23AFAE7FCA4312D46EFDE85EE0388AB13EEE27913E528B89BB11A8
5020	4284376	90D32CB1DC6616C80E7A0F7E6A8756C12B0513AFBC59E51DD33F4771C2E42DCF
5021	4284391	5819CB073CEB4A3A0E2D9D250B5CF87832789A31014D8EB2F6879A7CF225DDB5
5022	4284430	D0B0A83D56DA53B29C819DDB4D0568029471A3D66791A139C60197125FB0C5DE
5023	4284456	45D044CB3E2074CC44DAA03E47F6CAACFBDAAEDE0E116BB8F58BD223FC99F341
5024	4284509	453FB8E73262A8FE21E58940DA710256A647A1CFD3549AF3B789E2DE296B5747
5025	4284535	02CCCBFC6F4E9F13C438942030039455448397805329BBED0DB7E7DE0623A9A4
5026	4284550	26B61BE0462607D582AAC3EC50C9CC4B0905BBEE1F6BF1E724A68DC6895A8D63
5027	4284582	B554D899BE5C098514692F6A6A1A5BD250AEFBD26790B8C327A4335F3FE98A61
5028	4284601	66D878939CCC32EC8780EA8C1340C5E17CC301412167B91486F42477E1E0BCA5
5029	4284640	CEDDD63EF82F9CD60E59187058B80FBE4BF5A90E4AE322EA6F27882588DA6A9B
5030	4284736	D5A2E836C715FF4F35A71CC79B921514FCE94A8656975042C6330AD195814EB6
5031	4284790	5CE0B4E7D290BC5EFFF59BDCA6D6D31B1F3049AC010498714FACAFA250944B03
5032	4284816	C380FF4E3A2DC4E00F3306ED5E878822ECDF209448D8F4A72A03A89F31ADECD4
5033	4284869	DB0A42D36D94ED1FACB92475575893E33286F491325CC92214BD2E3C1DC46B19
5034	4284895	B913573ED3AD1E7068563B15A03D6BACD2EC01ECF04E61CAEF6BDBDFEA99539D
5035	4284910	931D522995C502C1330DC1341F1485D2679398C5FBE498B8DA4D3C1DFC3E7FD6
5036	4284919	02433A30A47836634D41DE9B41117AC88819FB0AE468EDB374514141456471B4
5037	4284936	B8707289A37BB3A0DD1322999544DCC7146EA4B5B8BDA355C8ECF22FF6855E01
5038	4284942	937568572F1C2E0A1278C46459A215F6EAAE5C5122F3112763B927D3A649258C
5039	4284961	458196C126C091E4228BBFB0E095010F3C466722786FF37904B43D922973713C
5040	4284964	76A6E9F81AE65C0BD2F0B8F0FAFD542D7F434336BA149985C4D3430688D808E8
5041	4285075	859E9D92ABBE03B7E5F86643EB2C618DEE3DC54B35AA8B2BB2D80EBD6062544D
5042	4285077	27AB58650C78667BB1FE76BAE430457C5F81148BB74A82DBB1D4C09605D5E6A5
5043	4285088	3004102B878324C985E6D6A0EDE973B51E42018F6F5630A5A9E4126652BC597E
5044	4285094	B551C07FC7A773B3FD0A76028FC98084C14AA27F337F21D85D65DB9D6A2A05A8
5045	4285132	8A6ED57B45A0FCC17FAD84704CC90F9615E333F5DC67943CEA920A14A7D385BB
5046	4285165	FD5ED5C672C11A159D7CF748E66B5A2B8004AC85B4F71AAC62DD589442385653
5047	4285211	F5F21F85B019A91C4A9422E848C6B46F2FACD4A2E651D891EE20915CE1B241D6
5048	4285319	E4AAB6C5E5A8B2BD54DD434841229CA907ED5A7DF499138E53D3F9D6E7651169
5049	4285366	1BDD20413B6D405EF8CDBCB8706B62FA3B1EDC2D3D2D4C6D208381CBDBF1AC72
5050	4285481	60397F68F8281D1F59812E34FF3E7ABDEE9EA01E64E59D4E1BFDA1DCF7F8CD53
5051	4285482	1D39A6CC5393207D7895BCB3177B8774978A929E8B62F189AF1292A9705161F6
5052	4285512	D976C5C95969579F045594DC619CBC900FD5C60662176F4881B64AEBE7ABAA1E
5053	4285517	662405C890EF5ED186FBB7175C9942BDCA6EEF71615E2C419D5AAD88D460A52B
5054	4285542	993E132782CDC927519E713BC83894D434DC03522711782678E56C2685AF081E
5055	4285562	934F9E0FEC47B634941535164D34FD41215A865C24546A8E161835F7496ADC1C
5056	4285563	EED8097127D6921583E2662EE502749E5278BB796CA76981E3E6F4500A70D7D0
5057	4285565	2D0A7AFCCC2A4455B68F1DAAC4FDB4754D274C6E3DFF089F0634962FB40A8999
5058	4285567	F79F739D7BAC4A5FD8637D81ACD80F3EEC583000DBF82B945014252AEB16E20B
5059	4285626	785FB272B47B693690259B67E4323DD728542BFC4586FF8FCEA8C67FBDBC4CCB
5060	4285628	B714A765B94F3B97E65C3F5FF1B58F3F3493897338C0BBF69375CFBED655CD3A
5061	4285631	CA7E5CE3586122406DC1466C3B6795D238F8EB3E88CC2810BFC68FEEE6422D74
5062	4285683	E257E575E504BBADBF3AC9F659E9A81F5C94F8D303A90BB4D3E71378A8F3ABC1
5063	4285698	A747E7A693B5857909873B590EF2B45BFF9EEA834C19BE3369BB8988566B0575
5064	4285731	578DD14D16EC05F5422B1E3DB70E7DA971C32E36A1544F6229AAD1A6CCE53B88
5065	4285759	E7D3727F3C928BCCB66E3D85F3F9C1A1DF9421D043941271EF200223751DE0EF
5066	4285765	0E302246EC6786235E439DCF28ED6EA67F7259A79C4204C3724BEE9050F60D73
5067	4285818	EE790AEC978A71B5650B90CE4CA69509F5C7E8DFC83CDE9386FEFBD12E77FB43
5068	4285819	874F61C1EA602E0B96A9E75E3307BE65B971C58F8FF407ABEC5E085FADDCB114
5069	4285843	F125972BBF20861D831F3ED8195C6D187756B84D29AF8D7AB9B18C99431BAE80
5070	4285892	2B719D8B31806705770D870D8A831CB2D1D7BE8945271643FE5E95B52891F9D9
5071	4285897	1AB348D9A629EA2BAA17748022B45AB1C32763A00CAEB80D70FB21C9214DDC94
5072	4286019	F55FB07C4324957660382A7696CDFE7A4867E15129ADFBEC1A4AB768A47171AD
5073	4286020	70C96AE19B5340F4760C166FD33644E9F1A12BB0B7862AEFBDAAD2A02B209F00
5074	4286052	A27248F02EA14FDC8D65A991C72E6FC8686743A8B627C158AB403B41DD814A24
5075	4286058	529F144A9D7C858CE5AAA43CC84B57011233B04500C94171AC518B882E12D02B
5076	4286101	3F8D087C25B26F5298F9B5BA0198C7FB04BAE49635DCF18F9FEA39BDC32C6E13
5077	4286107	901A3C7D35EEEAF6B9A9CE6A5B40017D191C899010196404C26E31AAC7D7BD2B
5078	4286155	4C333B158044F131F77BC26EE2801ABBE7E43F3715969339006C90DBFA97BCA1
5079	4286157	614929609B01AD5BF9434028962882556D99B5A7A873F0B5DD17888D21E2373F
5080	4286168	3123B228E9E56CA124467201B1D60FFB4A5EAF5A8E6D6FD2CC4EB8F6E313567D
5081	4286171	471137B853189F81CADEB585F678A07062AC3621BB4F65877061831521AEE328
5082	4286207	5BB0B26DFE5B6DAC23A9B1C6CF21B678F399769D02EE9EAF7420D75ED318E5E4
5083	4286222	751CF835DA0F1335B8A5DC0BBF3D20A9ACCE89DF7CD484FCD3598D3BD527B671
5084	4286223	A33058FB86827C62B5257E6420BBB1366B675A8BFF3F6930C753559A4F2DA3CF
5085	4286348	70E71A37C2941DE99E0A40F5FB41C2B2607A027290871D153FB11BB8E8B1C589
5086	4286358	FE1FAE719CEA7BB0781E360F27B74D6FB653E441A6FD1E91FD1D64C47D043F78
5087	4286388	081FF4DEE59DFD5DB2F0C1F8BB4DFA8B87F699E6FC3EA7AD09673941C5965FC7
5088	4286396	EAD73EE1A21CB6ABABC9D42C57F21E6C4B9CDC02F659D061DF5619C7723DF648
5089	4286501	140C8675AE1E4C00E856FCEC84AB4034812485E436A6667BBB15431D1AAA77B5
5090	4286592	4157F28581536173136AE7EF7E721F62158338C00C6FB322BA9270C6FA402728
5091	4286660	82B30F9E0CD99902AB0AE58E652AB01149E4BE2C9B60016634FB5BED36FC70F8
5092	4286695	8BC7D46C05C43544ECC5CAEAA0EBD7BC26A352B6E09E81D74E9E5D318E125D4D
5093	4286697	E367473150222415D95518CB1EA1D2B14592DC95D16EC6A1EAF99B7B7303E3C9
5094	4286889	C1E89946BDD082C792EC6C85C4CB939379294FEA6691DA72F0FF64F0DEBD1749
5095	4286905	0E0C67059492C34DD04997C264687A8D3E5B31AE0C749B4C32710E3826ADE9AF
5096	4287010	E9C0F1844A0ECEF01F8F66D22F83172340645190198BDCD6AF6747CA03E9DD0E
5097	4287056	B061B1EFED4235CFC4EBC442A309484D2B2E0E5E67D7249B94CBB30E1F10DD73
5098	4287135	910F849298A1A46CB83BA17CC88BDFF6C2D14B061165A8780915EA4372508BA0
5099	4287137	D6DFDDAC16DF9BD930398B6F0582D76CAFFBFAD11F7344733FE967F80E809E6D
5100	4287202	3F514E72A6DE173763CDEF85ACAB53B6A1D7EC38F833A8E250E2436195B92906
5101	4287357	3CF3ACCEA479997E5DBABC8E8E2D64F5BD87DF74AF49EAFD39461E770F52825E
5102	4287359	2132CFAE36EB9468C0425884264C671BCF3D70DAD9C06CDB440D367E7AEF33C6
5103	4287360	437FA25D62AE1D8A931EE52AD5F818027C03CE931108F83CC0231464BDC43A58
5104	4287406	3F147B5DE08B5DD51264490574E6A37D7AE46E1AFA7B900235C7DE943DD9207D
5105	4287408	4633F0A68325984E8243B03A599657D991A2CE93FCE95E4FBD2A2E22E8B6EFF8
5106	4287409	F938CEDF4EC22F21EBA3976976048197B6DD2EA04DAA704D47A076646DEB1E9E
5107	4287420	3B87B3E5C2EF67F58DDB9A80302CAE1A596F380C752C94C84C1AFBF0E104CABE
5108	4287451	E2BEBD75FE284B83799A9C9C49C3DAFFED1D4AB84CBACE9F38E743686CBC448F
5109	4287506	BEE7D5D88BD09F13039699E8F38DCC7615E5BDA81CE4933A56B84840FDCD1E7E
5110	4287530	7CED70CC3AEC98FA219BDD51E015A85A7CC61126A98D890B67043C10A36116C0
5111	4287548	22CC25CB752B558A62294A96FD91D9E128F9F99E10C986DCBDCAD9A1670D5288
5112	4287575	87EEA4013AB82D5C40077707679739F1968AF995CBD3CA9EFB5C7D2B47E3FFC7
5113	4287617	121C49C0DF3AEA2AD1173127ACC54825FD30D9CFCD53463F2C9C953CFF65A678
5114	4287654	08DB1DF6B4E63CFE1C87B0668BB1319E41DDB560B090CB5A05D8A5FF6C81AE25
5115	4287689	5FB2C81176BFA3F4B34055285A665B9119E8378F7A2163CDF271695B4E487A55
5116	4287897	E72C570F1461AC02304C07439C2300240EFCE594E6F2551BBCB8715667427E27
5117	4287947	591D77C3845ED3C65737E15D029A662364EC04C44E5149FD4FF1488B2ABBEA36
5118	4287994	45D8CC1D3FEFF9A3AC6744EE2A01B18094FB99D07281D9ABE7AB8CE6BBCD874E
5119	4288045	EBF14857970B66B269DCC78DD412839523653AADB15F980A6B22F74D69D77F3B
5120	4288062	01AC760F25765D087F5EF96A80B80E8DFE08DBD566DD3236D103AA1179C97217
5121	4288097	17F4A4F774733E68F0CE6F9104F9F55A9A95F338C25DC34916280EE00835CBD5
5122	4288135	500FA1FBCFA3EB91C000F252267BAB3140E607E915DBFA08E5A8B035328E76C0
5123	4288159	1B32BDD696EA9061670FAC3518E6EC61A754FB49BAA5C3873380BC15E7658F64
5124	4288194	05B8FA0841D411E00F82CA51CAF7C8DF26A0448325B91FB973F06C361F286B0B
5125	4288230	3232FCCD9342D7D01A453BA77BBAC6214B0ABEA36E3C9CF4504A2E67BD41790F
5126	4288231	0683A57830310908FBB69696ABB8CF6EB84F0CB2AB8170F6E9B76DE7BDEDB9C9
5127	4288428	BC04A70B70E388DF99F724EC72B3C9B15676B4CC453DE8513EB17AE30344F6A6
5128	4288436	EA6309252FD1378BDBA6097AA83BC58910F003866D58FA024E412769B7253059
5129	4288437	AB6A33807AD748481882306E1877F3A6BF14F96B85582542D36F947CCF002890
5130	4288486	9ABEFD9205F422E7C456CD0F23F8433615C2461E26F931E4F3212E0DBD7F0B8B
5131	4288487	8AA4A89642A2EF9267A4F1A855C895D03DF9F691F08DB4C6F36E65B44C764C5D
5132	4288488	ACA16FFE7026A1DD49CA3D5ED870BBCB1EDCC953333AB584541AD0792AB232D0
5133	4288489	629336541CC9A8142E14CA20E3CEE29A483DC2DB268E55299608877B79D503E2
5134	4288492	946D66148AC176B2AF612716C200E1CB3E54C0D503ECF4AFE1DB3596E43EE1B7
5135	4288498	2EBBFF9D459AD0DB15896ED284BB408FB04F916D8A09BABFC85FEEF2C30AF9C8
5136	4288501	BB99FEEAD1686D5B3B23B9E6EFBCEDE2A708704AEC4218662C4B27AC01281260
5137	4288576	005EB2AF872654E0EC613EBE250ECF75DFB68B372C200A1CB62C7B6E318D32F6
5138	4288578	68C2D9E1461ECD2E4FC3B37A7E05B85034943029D1F648524443CC910D670EDB
5139	4288585	941568E85BD19201529A1479D63C0E23EEF5FFDFC9134F95554E7BBC915448C5
5140	4288586	AF20CDDB0E35E2C0B72A5BDFF7D897641A62E7F166B206D6716D427A8D4F95FB
5141	4288602	74DDF2A097EC1D71A655B178B71E5D6286C00EA99480FDFBC892A234CD1D5D04
5142	4288610	2E1396ED7D496122B1D613075BCFF877CB3D6B695AD839D6EA61D85D409EC515
5143	4288626	4E94D63BF47F9C8A10F359A302DB1ADFD046D196AA02AA27085DD37609683CBA
5144	4288629	A174D29001C38B93903552BF5B157FD6DEE6CEBC5F7D5FA1A4763D7D094FFB07
5145	4288675	DDF9BAB0C43434A184E832254CA6E4B5497F8BA556B191F006901833998F4205
5146	4288682	C8ADB605EE23C2B2A16E40A2ACD0F3BDB75D35F8BBBBE3D76A1D37926AC0D3FE
5147	4288686	0C8BB4924EEDBF31C148271D0C48EB74B67DEB0C83A9EAF78BE56B1D5C218C0B
5148	4288690	73FE323DFB3760A44614654FD2D132FD70ED07A660B015C83568116E5CF7B821
5149	4288696	98E8AD46678C2EEA9533D6F2784BA266A3F47A15744E633C11127D03AB5C9426
5150	4288699	EBE5C6C790F631379252E098921A237ECA4FD672893E91329B51839B3D646302
5151	4288732	9F47C0815AF0F58C48714DC9D178AD0ADA542B76852A269E2E9A3B4EF5E8ADD9
5152	4288733	EED3123831BF0F4D6BB34ABAB9577F698755AE4678DEAB2E908DFF5AA68F11B9
5153	4288768	EBCE0FBAC2CFAA7411053283CA95C434496CE32C60FEB7A24FABF82613B6D983
5154	4288965	894216E436ED99BA9A58103613D6CF939B3FA64CC40ED5F2D861D1BBA39FFBE4
5155	4288966	AE83A38098836A8FBF012AAF17D9CAD536971ACF5E10B1F2DEF6CC9552D3E3B2
5156	4288967	7BC67D2C3608D94B46D641CA37428A1A03D83A7761D25C9771419E06D2A89D31
5157	4289027	779CEB221FD37FD3ADA03ACE563F904F0027602BE0362D15D9D208866B34800B
5158	4289140	D2B96AD9D1E64605A725170C4CA88CF8A51C02835C611F6D0D02724CF7A5575B
5159	4289150	66E59158B28E2CAF5ADF47FCD4646020C03824AC5081D28A44A1D817B7A6AD72
5160	4289167	1C5D2E02FCD8DBF3B3178322AEE4DEE4058D922696CA24763E7EAC4D1F8A3025
5161	4289214	3440B42A48D9EB8B7A911E6CC9C3DF0F29E3846452418A3F8A1080760B2E07CE
5162	4289215	4342AE78C01EA9077DB095EB0B0A97365309B40DE05505132813EC95951D4981
5163	4289223	E8FBD62C030C5BB2E5640D2FA89C27DCD5568A8B5D27C7CC251980B907DA543D
5164	4289230	1BDB72660D178337464377F86BA3F719F2A6EB9916370E452C06DA272751C9AD
5165	4289275	35D8FF84DECB6267BBB6FBDE09A76C69195D1BD747A2EE9001A7AFC923C58F27
5166	4289310	4AE8AB77CBB3E919DCD5E7C3CEE72FE1182CA543E940CBFA107C31F7CAB3C336
5167	4289384	BBBC0C66F61EFFDDA8643DA996F6BB6B01E0DC7D44C6B1AE6CCF56F795E7DBA1
5168	4289390	87EA3F9C9CB40C52B94F7EE81FCD0CD8791108986BF2DAACBBC9BC262D08EFF8
5169	4289397	A358CD888F9861515275CC6AEBFD3C198BC1FC808E410142CC41E24F94683D82
5170	4289400	4835FB9ED4B17A33E001B21A18302D7969728691A84E1A55544F457C1666EFC5
5171	4289435	2A540F98645582559445D7D5A25124F5329DC0F2B9FC3A3291A917F043997F26
5172	4289460	00B574DD64F183C28DDC01B3CD48E7398BAD3F3913754C16AB9AE11672A49D7D
5173	4289468	5A34516C6F2284118DBB0954995FF224B95E556B7CD694A5C5F5922E80FE2183
5174	4289470	BDA9CB84E9E4015FBD6AB6BB83EC9CA63EE28EEE03098BDC1705A42BAFFB5D2A
5175	4289489	54A5AE67BAAD3B65EA3AD2DB31C04251F14329AE3D400825D2AE829528E01A2B
5176	4289499	2571A53F0C0E3EBBDCBEA76A86DF1DF4E22BA2E17B027436484BD91C65F42EA8
5177	4289526	C3FE3524CDF64AF92CE2B5DC2BEED80B4F30AE2A5C4AE269B8E6FF325278DF17
5178	4289536	833F262FC7C1B8111708301B322BDF3A0BD78DDE5FC3B31B9C63263924018321
5179	4289633	62087F22C1B798B3C2114558708F96DF99869C294335BAFF5E6994FA1E2E4D26
5180	4289678	2FDA5133A7589065410BE2317ADBAFAB76AC24112B50FF156B06AA028A0F71FA
5181	4289679	D18E5FFE98FA4A5CF054EE0B19DB0986EEF3645A334FF45BA81C30FB7847179B
5182	4289686	1F6252D3EBFED7FA964BB7FFB9FDFE1869B96509DDBA034AB3611F7980A3169E
5183	4289781	AA4F5111D6FF082AC00DD86E399EDF996DFBA052C77B525A49BDA74CFA037E22
5184	4289825	C6570FFE8DC5C4B267314C7FC42013486237324A061DBA0E8408D71570F70239
5185	4289867	B768CA3669056298F1EE7AAC567F621D65E386CE604B01EE665740B24250B9E7
5186	4289898	023FD8FA24519171CB53F470F9EDF5CEA208F13C8EE7AFB8B586ABECB3A8F9B6
5187	4289967	AA7931FE13AAF7A77DAFD71108E3AD2CBDD9AEE102103FCAD013968178EF0A9D
5188	4290049	DC47AAA0F924BB31001551615B6905473C333C8874280607DD7D0F2B1F3EB247
5189	4290051	0B204F20C18F6709BD8C73BE1719BD77AB53D4668AF5D9ADC4B14F0069D2D024
5190	4290141	05735E6EC3AF471EF4F1D740E410C414B9F379C1D98553E4BAB399DB519BA042
5191	4290185	2EE53EC00FC16830A0F7E9933B09A473D3BA2E9ABF1EF92330B35608E7533419
5192	4290203	00BADD175243E0B1B1CCCEB895252754F2BE08C3C52F88CC7E64E2CE0705A4B9
5193	4290227	5F5FCFE44F0B98BBFB8A7EA97182F2CDECCACF21D2C72F25B461298EDF6B8D68
5194	4290258	568D88412CE5A6997E8D049FD1FD9852FE1F8343F1AE56C623447006D6F9A527
5195	4290327	FF8CA7E8495E117D63CE3B446FDF0FEA5841EE424F3D7C04569EE79977792AF1
5196	4290338	F97F732A923F9BA053596EB604E75981B49BA297FFCF942B3DA89A65BB53B30A
5197	4290350	2672F0643847939B9A77CC130ACB05AC6D42CA548A75517A69979D155ED980D3
5198	4290373	DDE0CD2A6058E2281662D1AD9CE3A80B077680D8242EFD29C6AB74F6FB56F3B8
5199	4290409	505A0139B0CB8E7742028473EA7B574D64C56D814A5587280696BF3457E13153
5200	4290411	6652B8A93B20087D45802A594066436BCB28136A88C69FFDF983A61918F63AC4
5201	4290501	BAAD5CEC746BDAC5860D0F3370985E784D4DC1FFC26077F13ED4B70350247F01
5202	4290545	4BEDAC6F1B6FCD57292618A38C7D9BDC44AFD09BA0FC044C789E9A7B235C0D8C
5203	4290587	94FB4D9CFB58923160FEA48E18435EE85050665C9F5AA2D5049DD53DEDB063D6
5204	4290618	0DBB88CA2A03A976D0BD779BEB70CD506DB22C505B9AD610435591956DA18476
5205	4290663	26D5FB974B6A1E7D3F5D70154E4824195A0AC78ED59C12E5659C9194D12B8EAF
5206	4290687	D3DB7C7DDD50F1837ED45C1737F007B3A8DC7DCB2D759FA2AF6A43A8EF4F450B
5207	4290723	91A64A0C5BAD1F50ACC7F46E42ED7D510DF5397398F702FA332012E86FADEC76
5208	4290735	83836126E40E2504B84355C184AABEFDA5589E2D1F25726D063632BB390CCF1A
5209	4290771	F5259130E88AD3DBCC0EFBEA938A7E77833847EAEEB63B03426CACE86B03B3C0
5210	4290861	7C8669FEFB43D4146B163BC9ACC4A23D12A14E2D63DB06FD0EE56B81EA27A769
5211	4290905	D7E89AA6088178BBCE29F94AACC64BEDDE0498999F350E0EED8848C477054469
5212	4290923	515F867F0275F8D3C093D17F466B03B669FD4E788E4DC753C283DAE9BE396265
5213	4290947	22E07BC224649E0B618A2DC28700722A621185262E809D35C516FFEBBF1DC4DE
5214	4290978	0D45E45A88366B5AC5573E273896F4C09BEDA8C6A52E2C8294DBDF7896D08237
5215	4291047	2A5EB1075D66ECD5375EE016F572894CFDED242CFDF04A9BCBDACE9AF881F356
5216	4291070	F1B6DAF55B0D2B1EFA96F154548EC7552FAB47AFB8FC39AEE14F6A2CE1FCEB72
5217	4291131	6D03FB6CEB225760DF3938443628498F7E2BB96927D3FC38707D1558E9A2DBAB
5218	4291221	BF88BD635D98F858089DCA54CD694A16375DE5CD5226C5777F8465FC35F88EC4
5219	4291265	2937B7DF2530AA5B8C7647550C9096794F2DA5AFB95F54E30AD74146C391296E
5220	4291307	97BFFF03F5E445DEAF53E7E10EB3AE1CDD045AB0B8FE14BA7AC97FDC0FA3E664
5221	4291338	636426106B0309054A49233FF3D63401F38309064507E759FDFCC7B6E3F056AC
5222	4291407	BE373CC2EE4CB90A75A970D6279C88A6900D6F79F9370FE341FB7C255E4F0444
5223	4291418	8286F1009E8DDB68839EF40D7E1B33B547E3E69CF2E24646625D049E9579BFE5
5224	4291430	1F8AA4552007C27860D50B5D0D036211FB64923B5630C81C1A659DE47F5B659E
5225	4291455	74D70FF0CC7F338A70F38FC8B354E99C25F4887E22C67564EB03A39D160CEE29
5226	4291489	61A223CD9DE3572EE8BAE34C0E6D22135D228F7062CC6E5F9343A6A81EC0055D
5227	4291581	A65C84F385570318A1FCFD88CF4CD12C90DC97625314BC2E94BC646D4D6DF83A
5228	4291625	CA958D7EB667AFE3637758E53617A213476F32521B07AF4FA97DB96343642F1E
5229	4291643	745042A44C4769B8C891175F8FAA3D1E0B9535839C81924197D166C880064C34
5230	4291667	AA1BEE4AF5618EA7BF4E26C392C958B23823472621822F1930A6EDFCAF7B2FAE
5231	4291698	2969809E9819A3206A320E9CF7F1940339538A85EFB49E62DED61AD4A60E9CAB
5232	4291728	FE4667AAD1514345FDEABA9753C5F90072FFE2A4E955F43C571735C37DF84FA0
5233	4291767	1746F3684DCAE65575079638CE9755FC53F3A72604C98453709F216011977DF4
5234	4291803	3676ADD5BE358BFC42F6AC3FBB4BBDFFCD5640CC8806FD844E5927EDCF6CBAE5
5235	4291849	A9DC49F418FF02E9C90EBE1D8B7B942E0385B3DFB5B0365A9FE66CE23E7E8011
5236	4292036	25D3F96596DDC234998B0E23276C0A89FFACE8766CE740A89EB623D2E138D131
5237	4292038	7E825D0DB9C0FE709C0DEE78418A37C84DBB42B41B5AA132FAB8FA58D00269E9
5238	4292080	29CB723A8230180D1674C792D977AD78F9AA191806CE26CF3A2F7D346D956E98
5239	4292134	2031178CF3FB013B8EB54EC171351116CD636AAC6D113B03526C3E4B3EEEB0B5
5240	4292176	5DF80767D89D40A2F86EE1453062F972E082FDDEBF20DD751098D3F4680DEE6A
5241	4292186	0F0ADAC8ABF2240CAFAE3214191E0B8BD6FB012A8F7DD6894CEC866414790AE0
5242	4292202	2B39C7371D9650455D0B27689BC6453B3A7BC1C441E7C441FB80BAB2F2E12587
5243	4292209	531C898EBD27A6B7F40E9D69A1EAF6D5FA3C795C5431F6AC1E4BF4562B91865B
5244	4292210	A888F990D37EA7C42C4BD1C32C41F1BA8C79FE41207A28D0F62A05D6F9D56667
5245	4292274	873539A74D514DC828DDA03B27DC7EE1E3B6B3CAE9F4F9E4DD1F88296222692C
5246	4292334	21E61CC94E54DE418CF543B27CA4B6DCD8ED3FAE7DD1E682EAA26C54E72492D5
5247	4292564	B0B91FDD7753B781DDC56ED4253E806916517AB49CEBCB65B7DCCB9D2959BB75
5248	4292565	FE39FF0D6730AF9E6AC04BD8EA6A9A67B7455B4BF5A775DF51E8D3E8A526F023
5249	4292576	32553A8967F588FBF1833E8A6FA5646C51610C61ED92B5BD4D4EB6BC62D872F0
5250	4292628	1CAD63360780F1BD34A629337A529984F419792D848F65BE347772C714E46038
5251	4292639	822B2FC7D711BC66AF4A74B467921929B09DFEB976469AA4806E31DC15F79400
5252	4292670	BCD86C45BDB9E05AB9584C1BD3D948591760E062E156C8B436F25DEEFDE892A1
5253	4292725	0243927E57774BA5061DBAC558CE2159D34F7D13FB9CC8410513930F84B24066
5254	4292740	C909C5AD6DA3FD39606C2347B4A417AC9F5BF612F2F50D2B64EF41616E960D1A
5255	4292749	3DEF678A7EF17AD76FE45EE3AD2C8DE37B248CD6B7EABA3A3F1DD096AD237EF0
5256	4292767	89C844089F8E4DC7E71B20F6A90BE785433120BD1A1F5393A0E1858EA899715B
5257	4292814	B6C6F846501CE4ADF3A3BB6F24220F460AC2DE7A0F044D252ECAB277DC4A8905
5258	4292822	D999F8CA6936CFA203FC90D0EF5C8B84DF9B3A41795A0CA92D40EEC04D09018B
5259	4292872	3B8171D150DA8A8B0E4FC6C854A9262B0BDD4A894AC319C64B5B9BBA706F502B
5260	4292875	B28F3F2A7D8CF4282FCA6E24D9F149E7949E1806B098E430852B4A6CDCC7AF39
5261	4292909	F5124D9789F3119D3D1775E6E2DD52C8F53319746CE106C5CE29C694FE1EE1FF
5262	4292911	0A683C8DC152E21A05AA571095928A62EFABD0AE23705845513F827FA59CA3B1
5263	4293118	7B58DD02104E0EFA02F2A866568C400CE43FBDFD93A0D43340779221D29B926A
5264	4293160	DFB2C169CC68350AC3D47BF1C37818A6D894433B5744FFECD9C0D978ABD5278F
5265	4293178	9C2254BF1BB47CD88EBE128E7696DFB5B40EB05F6422704B9F7D1DC54F4F5F54
5266	4293211	F53AA6CDBA069B1B0E3774B15C0EEAB167526B30294D1A47D32A8D783BF219DE
5267	4293280	0E9B6FD9225E8B7039902D5DAC77EAC6642E47F60CE94B490E026221E5FAD863
5268	4293306	09D854C74C11CB9E039C304DA62CFEBED0D408F60AF3BAE994F54C9CE1E6FB8C
5269	4293307	E61A6085BDCCEFCCA33FB5D2872734BF5CE4A35C2CAD9FCBE5362C547E40F705
5270	4293355	17A612CE4E378524D672823CB4B85A84D4F49D2259A3974843DE4DEE05ED30C6
5271	4293362	823E8C245DC53260FC63CD9F8EEAD0921C6C133583A4844430664F901EB9C0CD
5272	4293413	0F6B4756993F41F43B5D0D0F7CF56C31C25A6AB9A2FD78FB81FA3B428B3C4300
5273	4293449	BC909B7EC7C86200BA17ED387990F1D18601B279E847A1D524867224BAEBEFE8
5274	4293451	18B9E20705098E5ECC84B00FFFEDADA6343479F25D1A2CC36BE94A52C4DF4584
5275	4293709	33273FF80FE7E7171133BC059B51BF6E3D7B32A0108C7428B197839859DA2147
5276	4293721	34D64E9D522B92DE71C01BD6468249D2691CFC8B7C6A5DA2F3E851430DB41212
5277	4293750	A058BBBE94BBEE286E5321781DECFA7036E270A93719ED5B72C8E1817A26139B
5278	4293751	CAD0463A7F6E79DEBE21A36F029941BA1AB71FFC5AA30AAC41F24B090D922DBF
5279	4293754	95B73B5FEC8205D1BE909BEBD7C7E2C1EF4F1C1C3D692540D208E6099150E879
5280	4293798	3B2A7B63511F02247C6C7AF4F10B3E9A4095284A28C12084B3FD7FB1E12ADB44
5281	4293808	20D582B78E9846CBC95F1B52A72DC643FE8F9E9EFE542B62F7CBCE8D6B951B1D
5282	4293820	A17B43309999EC34DB193956BBC1C04DE2ABEF25469197A563837388FFD64459
5283	4293846	381FD76E401C1FB3FA6ABFD096E79AAAB685F6D3C563FA62CF0B54642EDDDB80
5284	4293871	8CA62294D6CA67B010B8C1CD647FE72D080EEFB7FBF16A320AD1E7E11B701F0B
5285	4293875	1238B615588BA6ED1A608009A0CB3D8C87B2C556347680DECD78EC9D90EF91DE
5286	4293895	AFA3D7255D7E718582528C814D432C45C59FDEF98173A9CC37D98193E2604692
5287	4293903	CC9AAA831933959266728A2B04F640B4FE142FBE87E41E030A4B21DDAF5F7CDC
5288	4293906	7A0B3F745C75974EA205076B477CB0B0D730E71FE46F36B82579E5FD560A3C64
5289	4293917	44B3EA4F864930992DE3E6DE5DFE3FF97EDE4A6A18345CE894F790B3CDC43BE8
5290	4294075	F4163F237A1EDEFD7038FB83FA2E5A550D985B12DA67E862ABCCD664728D8486
5291	4294088	9190497C308E03D9AB3DEEFF9C1A7575B9DA7A537E58378D6583661F173103F3
5292	4294094	2E8E46A7C2058B80B57504F03BC60964502604DDB27CECD1E924D28847B88465
5293	4294159	B1F81FB77141EFECDFA0F6F543968CA497648E412A8625BB33140045799E2641
5294	4294190	831490BA04CDFEBB645436CB61C9F4436A175743CB850C05B2AB853F0A7CE7D3
5295	4294191	CE9B03C14F04AC7B63B9E27C8CCDA10A8126328CA545EBBC248107AF7158D2D8
5296	4294251	4081F4832DDDB197165F8CA811557A4081480305C4E3E5A4ABCE02C82562FF58
5297	4294352	6E8618A42818B557A503A15DE1477E1129FB09D13D92DD3D6AFE0C958E134EED
5298	4294390	08AD6AC050E93E79B87C69BED7A79EE39F00B8334FE0D7459B264ED3B5E33698
5299	4294518	5C43441E26E192C5534E1A0B490D1BD7846B408B6ED0FEE700724426DCD4E66C
5300	4294563	CFFD1C9D1FB99D372957E8C585BFECCC4CAED6D8662B3BBD848571B6F2FD75AE
5301	4294617	66A113921FF988FD4A6F98233D6F9FEAE52CB2BEBF1408EEE198425B2CCF6659
5302	4294628	101E85D5E90F6DA1E2652410A68FA4DA3D6FFBF3889817CB800CDAF8B5863165
5303	4294809	91193BD3537E3A7C471DA4B8360B7B1A0ED87708F2A1B043FA156376A41E881F
5304	4294819	86B1173B02610361E648328AC68718CACEF5779EE36933415F753199E7D36590
5305	4294843	7B4470949097F7457C7690ACF49998858CE91F227D81C31C8CD1D37F1F2A5D58
5306	4294856	19BDDD56EFEC46EC719F55E38B4D39BCFEA960E7D7C9AA2D60E2BE303F782E96
5307	4294893	BBF8DF863AB7D3BD95137DDA64FF0204B6F5A8FB4846F378E1EA90BB7FCD8057
5308	4295020	94566D3EE0B906F0391C11F7050BC9CF8B78644132FFB230FD4BE4D8A75C7374
5309	4295055	F6AB10597CA6E3408B30D031777EE48D71B53B321A38A3028045F2E7EB99E6CF
5310	4295056	0E0D3ECDC2B48186491ADDE321E94DDBDC7629BD5DFBC8833F33324E19F8D261
5311	4295107	DC1A95F2C795F02FFEF54454373367450828B626D85796C4DC66FC33C67D3B28
5312	4295123	BC99ACBFC60A6296B2AAA8409AD661C704CCCEE074FE8BEFF252AB3939F86BD3
5313	4295155	2AA0698B5F119AE79ED77C2738D39A0E227489558C91795625CB424038B1BABA
5314	4295157	1D6A87637C9B068E944CB98B4B64E4CA79F43E410A9537354A47CDBDDACE7687
5315	4295166	730925CB0FD6D2D47A0A3574C73039F7BEBA23C54AF28256DDEE31C530A5D1CA
5316	4295168	E2F755FDF171A3A9001A7649FD9BBBFCBAD6DCA52C2C708E962AC2304040587F
5317	4295171	FC08BA99BB5566C77E9EC472F7F6B8C1B66FEE536D277B1372570CAE1568BC9D
5318	4295174	01235BCDCFD18069586EE79278ED4F1959B087313D2BE7507422BE5548E4081D
5319	4295290	9B8A197605EAA256E6A6E8CF9B01736DB65474A778E03EBBBA975D47BBFEA822
5320	4295291	19EC1CA6C526B96000F9DC49AFE1DE24A2AF0973EC60DDED8E7DFE301DD16BCA
5321	4295358	9C5F1A9640E6ED6C792676DF5247DBF834F472D856A9FCFAD54921CAC59EF521
5322	4295396	42426B6307A3F61C57A5C697CACAFB3EA0D052F63EBCD528D10165B57DEC002A
5323	4295432	C599A19798865D859B8B4B7D8470D70D37CD56CB0F6594898B2BFEB8CBEDAFD3
5324	4295501	E0AC3A9B7BF438D3A7E5C9514495E938F9763E8E8B701BA8F5E80C75DB6A279F
5325	4295596	07E0C07AED6148C2213F0D6C8B757FE77394AC3D6C4387AF5CC67840AA9D3AC8
5326	4295660	4E8F389D72EB6AE6CB6B4B353CC72D975D0714B6B1104C56F05B5F4988546AFF
5327	4295672	DF21F887A7FEEEB42395F25FDEE1413049EFF9536AFA900803ED6158934D9033
5328	4295697	F0B2E73C22A228495179401B41599F95882A7FD9D9DB40D4A94055975813FD46
5329	4295769	459572E391138C20A473C7CA74EE7D7B573A589133246A37F9B2C093AC816433
5330	4295928	EE2B2535E234CD5E4DF01E2F4752950B9DBED9222D6CD052F9C46B2B31244A39
5331	4296011	259F49B262E26A2056468C4396D61E6570B9AD33A91205F11D0BE7AF3F1D1EBD
5332	4296099	AA23368554A276A3B690F7BD7740F256ED01AE161EE1258232E8FF96F062E2FC
5333	4296101	39E07842B318EFE03C085DDEC0FB9C1C5E1E856B3593BEA3E87C98CD28A2F966
5334	4296135	38BDF06F08E47F8076532D9803079A1A20BD8145AFB8B19292774A9B42190A3B
5335	4296186	2E99678EB09ACB784226D6E631447D35875104CE961AFF9BFE4E48DEBEAAF422
5336	4296225	3B7AE786F5B0C04D290A8744A1E4E317C36DFC9571D829D89CF71EA9545596A7
5337	4296239	9A341CBFB27E32D79E7DE26F52A05C7EC1C62B9A05E9C6C25928D267D171A603
5338	4296240	C54FE5C9A77EEE0EB6CEF431A3B6FB1E1F118302450B51A4937DBF7FF9FDADD9
5339	4296242	CDD64E0610EEE6EA5D6CA06B2E38B4C0BAF5E4538D14C07D5D2E5E06EF377405
5340	4296328	05667AC06582DAD2DA91789C961730EED5E69D9A84C3E2A108C3746B1AD3DAA2
5341	4296376	6966E583BC9CED60BD546B613A66645C378734FA301BA1DE86E4C488973312D8
5342	4296378	9FD27F4A6B7645E513B42659D865C31FDB7EEEEC97ABF91D3C9F5A1A39096110
5343	4296473	0498AC4BC7D574F6299069BE53F65D62EA7CCD5D6475138E1A31A2E9463E596A
5344	4296518	6F0740BDB01EB1216CD800AEB2044C086709A8B74F4F67A9D37CA581909BCD16
5345	4296527	927EB6B64FD1CB39C954F63482BEEDC7961AF1E5AEBE07FC8D30D08CA5939D27
5346	4296531	82E0C2FA65593BC2A0EB9DC4A36E02293A8FB8CEE561322CCA1B97FB57D712EA
5347	4296688	9B03C06636CBFA0108D8A7360463C5164396D8DE2E61F8969CCD8901EFE6977A
5348	4296690	D6894FB5D15E8BABC4DFB71EC1872AEFBACCFA241F3D7C352C27C54D07C3AF2C
5349	4296700	A3F9499698B3C519C1D69DEB5BE01B99630E29E17060E5B95A2878E92D2F9372
5350	4296701	D1B0AC267B1EBD258C078E083396FEE742E3A4BB2EEEFE7AFFBE8BF3B42780F3
5351	4296750	3CF7AD5EF8A43D1F5CAC00064EB63F6A703C1E70B7031DFECEF28D281031DF25
5352	4296751	5D52D86394493156A7C59B34E8C73177D7582C0CB0A12B0A976EA24513B9075C
5353	4296763	6E5E92187B1EFFB60CCA1402FE007D9C6A4126509DFDC6CDA1A6C0AB9C60C35F
5354	4296835	4D88C153A36A220EE161623EB264B2D84EE686E5CA12B69EFD9AA74C52BDFB5E
5355	4296855	EF584001098F8AF322A8C80F0835D6993E3D9E46AE92D3C41DF51F680F70FE99
5356	4296904	64D8438B4C46810F6F5BD353A2EB7C6A972570200CBE58FA1BF2BE1F8DB26559
5357	4296905	DFC285FB038C22F1B6C9111E88998B943742D7AD5549AB1F81AFFE9853F4920F
5358	4296939	D134ADD421C3C48D7BF2B5F088CF9A03649641E4DFF5C59BC9EC36EA3061F2FF
5359	4296951	87F2425E765540FBE38DE7BFB7A3422012B36174E1902A480E4F434C84635662
5360	4296973	EB9E8DC32434AF5FDA7190B0179F30C57D71F247A16362F909B46DDF0F874E49
5361	4296985	DAB5B8D60512D7E1327D0A4389CE396639CD286D03624CE091B195177B56766E
5362	4297067	048E89D5221A59B3456212584A41DE6DC6FB2F7ABC8365E0F9F614CD5C3424C0
5363	4297229	F8DC26CD73E8214271B92B88EA85D953919D82D3CD2D5F6F580EF54804CFAF77
5364	4297302	5B3DABA907DDEDF86449C1052A66EF265E72078C0F9FF1C024D596EEA4357EA2
5365	4297367	B0C296EDADCEDA87E1C9869FBCAD163B10A617A31434013A4F2A972DE5C13FB7
5366	4297373	B27FE77843B3B333DAC146FC9454D2DBC0E884D2A4589DFFD96C5CD348B4C431
5367	4297393	61B4578CF1EFA0B598C3D41AE624B027474243B7290947ED69FEDD8747EDF1DC
5368	4297395	60AEB995385D32E4261CCF96DCE88905576DBCC4C1845FA3348A7915ED3C39A8
5369	4297443	46F392E61FA2FD85DE1F31603D6B9C4DD9F5525DE1CFFF8D46F7723A694289C3
5370	4297445	050BFEB1F81C151A218CC3AB97868B563DDC39744E8A98B945E91CEAC8DCA9A5
5371	4297479	00C51A1B858292905BFD3965C72475ED4E4FABF0D8A3173FB6272682C131492C
5372	4297491	A00D5C21EC27D1A662D9B85CA4BB0A367219B243FE391303A146DCA9E6A784EA
5373	4297508	AC29296462EB9C7D12004FCBEAB4CFFB6116EA298F3370D5D4579D063842C94F
5374	4297525	2AD0B00BF9600662D23152DF8C5D52A6C102EE28FD20C5B3B2143A279528AE8B
5375	4297526	FB3478D4D2A700432949E253B38ED436BD377C83E0E81DBAE16C3F16DFD09C19
5376	4297527	A980708888484153BE8170CBDE1E4D377314E39DC167CA9B6B48B73CF52629A2
5377	4297561	80F22453AB8C4D8E9ED175A3FF60CA5D58B7008389358419A9E2953108BF53CD
5378	4297562	ED7A64CACEB108D37D6FD771A1D63771FEDF22133FCB07E85AADEC55AD0BAC96
5379	4297563	D8B4446B15C665FC19488C3CDC2E3807C836DCD81ED252309E7E25EB99842B98
5380	4297769	BC058E693B4C03E42B87D9FB295041DC7E3DA51115F73CF51CDCA8697454834F
5381	4297832	8ACADEB988218B19FE1D674FFA136267180478D2CF01D533F44F67C802079A9B
5382	4297833	BF8FB662A54BF71ED9F92282673002F09BEE93D0C33151DB6B9BA9ED475F5187
5383	4297892	EDD6BAE733035DBA16730824136AFBFB17672714CB55D936DB11C8CABFD9243C
5384	4297905	9B97531E0F44AF5CB2166695319B55977143A2DE21EC98B0E8EB876AC85F052D
5385	4297913	1929A467668D3CAF86ACEC79269DA703EAA1EB208F4B97640A2D8C66BB89B449
5386	4297972	80BDEE3EB3FF7F6E120FE1BB02B0C52970AA78D87AABB7D9EDDDC1C295B6B5CC
5387	4297975	AC73D6C10742B80D1F8D0EA1E8CC92ABCE854B8CADC5D64CAFD8B1A68E91E9D1
5388	4298048	0EC90923F5E24633AC213457A16DE360B16F1775D967214E15CE70BCC9441D67
5389	4298101	953D98AC822AEDB62B40F67CF680DDBA1395E3CEAC742BA18ABF260A4D369216
5390	4298102	736FC0178A41563B2A1AEC44C8791A0CD356F8D0452DC84B664B16868C5E3281
5391	4298103	32F95C500FD851C8E6B130B3684C52C8CD7F341465E79C3C7D0C25A926ABB182
5392	4298144	9184E2E307A0FA57B068A02685E1483319BCB0E68B404213E32E70EEA56A9642
5393	4298147	5F4F4B034F4DF185FE0CBEA48D3330BAB41BB3B98697656D297B3044FC395D14
5394	4298322	5F8D143B1521198C13520CBED650DDAADDF59E2AA978C9543AE50BA9486C6D20
5395	4298383	290132BBC34A625024E5710319D458D6F6E0D2F2EAC697060C775BA89F35B18A
5396	4298447	45C47CF045A25AA42AD1645729B9541B3671EBE53347123DD9FBB509ED838A65
5397	4298455	6161E583DDF62055E4484A5F01D2A53F6A1718BF1CAABAA475E3C4544FEB43B4
5398	4298513	412AEB180AD3DA71A1D6E20BE0B054DB682BCF58F55E68BA303DE588F8000E2C
5399	4298559	69A8A4D3041E6FD09BAFBB86ABEFDE9977455FFD1EE5CE94E9723D2B350AE85E
5400	4298841	B76E3FDC7247F59C38AF800DA18134E2E9ADCE03E4BD3BE7C46CCFF5031FEA2B
5401	4298880	F765C95DB57AE87D66A2A4F91BF16961F33F26B048A400E452D22CE29AF742BD
5402	4298890	D9807721697FB46551C8807AD23812C57EE6C35B7F8033264183CE5BCCB662F3
5403	4298899	0018BA5908D13D4CD927D2A75E9A2AE96A1602DDBA04A11DEE9093C26EB1F2ED
5404	4299132	1EDF1B95FC459F9977C00594D7339B847092BBB708A5A45C1A3A305C3F8D8B32
5405	4299142	9C5FD78A8B50D85374CE852D5A13928F6B27ED282BD0447D8F43A8415C8D354D
5406	4299201	E0C0BB46D6CA2AB98F60CAE2C3129947055124BF235FE331711165B9FBCFEEA4
5407	4299238	318A6313C89F6FD5DCE8F2FD8976FA19A8324E015FFB5BA548AE9B68C41F433B
5408	4299248	30DADDC578E2D0ECB8F49745CF75DB35DA70E9DF24981B39DE843FB92A604FF6
5409	4299269	C2CAD5244603FDBD8A06CE25D86A238CE5640A5ED0381B9BE9631CDC76C3168F
5410	4299503	BFD23ECBEA3DC1FA17F36ACD78E1CBFFEA4E3EBA872680A1E7DF998226BC07B2
5411	4299543	618991794B81DD305E6E3014D044ECB13324A06E3A61C9B61B30305D36105C37
5412	4299589	5290BC55A022EDC7085CE095033DDF1C8D00896B1D6C7F682A611F9652C23F78
5413	4299609	A6892B00568C7FF51D94EB5FB7DBA38F6B948B3815A892FCCA07E09C3B05E6AE
5414	4299619	06C04DDBE2E2DB41CBE4F55CCC62F0A3C79556CB45B63237006E700BEEBFEDA1
5415	4299693	A7029632288CEBBDA1C508565303138CF86D06DD33C4B48D0FA36C274D5A98C1
5416	4299699	1012CFFBC1BE88EB95A2052C4767C5E371B8043B62D4A38F8489B6D4D15F091D
5417	4299716	046CC6CD8AF5F22C82B1FEFEDDD23B4CD9E40CAC7149995CB5F2EFDB817D19F3
5418	4299749	BC9C50E5668F2181E8409A9D19CFBDE1E9923997F514F8F8C93BC514C468DCC5
5419	4299751	2D0324BE6C785810B4849519C3B94ABDCC9B870D80AC251F9B26D60A9019B19A
5420	4299767	F31AA4D948456E309496348CDFC110E03A64BEA592E0A72288CC794D1B1F438B
5421	4299863	55FD846F8F80C8A1916EB1D650D25D6C690FB7C012E6CC698D3F51E4FF7DD967
5422	4299903	5F86AAA45B08F11BC2AD5211C0238685F598EBCFF6532F282384ED0580AC0445
5423	4299949	4C169C76C9D71323EA060BCD6BA8175D64B6E55AF339D93E331ED06A967D450B
5424	4299979	565375AD743A147127693D69D0E207D26A2475A315D5AEE96892BA5F022DFB3D
5425	4300059	D873D8AC0E18B0755F59813BE6D63901B0F781D6C6AFB1101FDE29DBBDDB3806
5426	4300076	5B7E3206AB385BE7A09C99FF23A30D171A0AE73D54437F09822363CCAFB0B88B
5427	4300111	00332073B483BBA23AD560CAF57BAA56B361723584CA1A02CB1ACE540CABB275
5428	4300223	BED6616F049E25BE03A69A2EEF964EB8E68182E685F06420D33B3BA21A1753D6
5429	4300263	304ACC645348CA01DF9A8688D8B9BFC87225593549D78EFC2593BC6E1EE4A4A5
5430	4300309	BF3381F1B486B49D9DFE62F5FA7BD6CD27F31A62F79CB7CB48AD52390BE4E342
5431	4300329	6F67139378941F9B3767AFACA40BCC4B7782B1679978992F34059465892C805D
5432	4300339	8711ACF50AB26E5A4C663B32D5C4521B81A86BB685D77AC2F9389471D6DD7243
5433	4300370	3AAB4105AA0102AA917DE189AD6506D768410A3EB127C93BEA039AD9BA25F183
5434	4300389	027EFDCCF9D3CF1C585AFB142A579D0C5B1246DCA9416473E347CF4EB16004CE
5435	4300413	7D416AE1AEC1D9F6353DB5873A9BF928C24E881A6C37AEA362AE35EDEC4A969E
5436	4300419	4B6C8C1948E9F832CC0348F95C0AB49E502E48CBFB1D464DB2F36976EA0545DD
5437	4300436	B4FB5DE6B3159F6F1A4F0DDFA8A6F6F9B5D574A4F6229DC3527AEB85C51A9566
5438	4300485	6DA437E9BD4877789EF4AE834569AF2B3BA6F843D33630E2E0AD2D9AC10DFEBF
5439	4300583	FBCB897B4F41E390BB3BAC92282A0722BB48D3761DD00B9ACCF0E3F8B43FE30D
5440	4300623	690755F61B59FB9FAB06B80A9BAA7536CBA3A2E7E6132C3270EE693C1C937A55
5441	4300669	A9E5BE35C4B26EE340D6E421B02EB3291C8296A42ADEC9153439A330DF685C0F
5442	4300689	1AEEDEAFACFB5B44FDD3E635D0DC11C9C372122EAFF131CABF865EE573BCB234
5443	4300699	4053AC115FBBAC6FFDB1345097B73881731FB49E3E04CA9870F053E678C57070
5444	4300779	08EE9C739077B035E52066AE456678A9638E3FCD08EF9E28C1FAC85B2EB848FE
5445	4300845	A96874F3B7E368444ACB2807A66D8662548DB761D223534D2EB802E598798529
5446	4300847	36E12C4EBE7E53BAA773DE0A16469ECEA8AF27805CD498E610D8420006875CBC
5447	4300943	1942F31CFB655D7E048E8F08ED638530C3AA0C0328A73582554C24DDE0B4A4CC
5448	4300983	A1715ED552732EED22DB32E2D030AF808354A4B88C56ADADB46FF82C4905B2E9
5449	4301029	1FEDB80319C8A3C137839C6EB307B40360BC9539FC09FC74EA01CD804B92C0F5
5450	4301059	74E7764D04E9E417A2FD79FEB4F6CDA84F1C38745C54202C634351FE3844FE5E
5451	4301090	123A547EFAD2C588F470B89F98EAC0F302E8EDDDB93C5DB5421198303F34FF18
5452	4301114	55EEF2E971169E6D8DEA3B6C8D343922FE0056AECA7B1DD3B99378FB7C50F221
5453	4301133	C3D947E9CF31FF5494537A6A1FB2E9926BB23FC8B81E8D285699C0C57CA04FD0
5454	4301156	F3111421372D8017A1A81FF57432DA0410561457C59915A748CD54F6CB718221
5455	4301162	567E63C333ED3D3C3139D6469ECB4842D4343E0936EDA5322933B90B3C7F8F53
5456	4301189	2746905251087F53AB35EDF703FBCB5F79CC3C70A0CA3705855CAA9C1052123F
5457	4301303	4DE9F1D40E75D9C14C246E4B014558F306D3DB9ECF62CF0A93FCEF738F0332DF
5458	4301343	59857B4F76A13AA8895497063023625F12B1DC02E0F919493769EC28DF03B193
5459	4301389	D14D564B422B20FFC4B5B0A55D1503F2344F85E9950EEB79616BA232F613EDC2
5460	4301419	2279C0B755584D3D9A64CCA91B054A4B61C4A2ADFC8B5FD5E887762055CEDA84
5461	4301469	B3E586589CCF9A616087526ED4A6E90CD71BED36A1FC81F14330BD764827DDE7
5462	4301474	E3EFFAC5337120473443C35ED8403AD41345B50566F0B5DD7DBA66BC0736C0F5
5463	4301499	D50DEDF3B78A69386AB3975DB569C65C0D393A5760CC17A4E48CD42BE3B2C7D6
5464	4301516	30D9414A55848B4530019D8BED7CBDE4AF1737373B12EC1FAF1F33460C842450
5465	4301522	8622281B8F2272386571DF63257157C164403A834BAF475A7365749D78EAAD75
5466	4301549	1A86CF856D74DA1A06EA81704B5CAB61A7E18F64B48EC27CED19822546FFAC48
5467	4301735	5A836E47ECA39470EE5C641F2DC1A368F4AC271745B5DFD9B18CF6F4D93B4D5C
5468	4301752	B742EEA3F350183799316670988AE0B68E9E08C96F11E0570BEBF29291106246
5469	4301755	1B22C6F1DBEFE92144CFA1C52BD7C2322EE282B950A6CD3268CD428E44339381
5470	4301761	E81E01A75C197FBE7F740510A936FB50E32E754E08C0AAEEDDF0B3406A21ABEF
5471	4301919	D05E139A44C00CBC061496143FB2D3823142483ED605BFE4671510472DD54D76
5472	4301927	09962779A2F0E121B8F1242A6CF098C6EC4F671D5465C6D28525905F66CE2691
5473	4301983	860830F6ACD9C7953C0224F2830D823DC2BA7011D2340D9C3C85CAE25D4DEB02
5474	4302022	4B1E512E946CE45855C9D8E0666742F630CBB4EB494DB07D42D30E605CFADEAE
5475	4302023	01C437271C326782CEC37D6EE7541F039913888767415BEE34276228DF31FC51
5476	4302056	25C6E78EA57575228EC58AE44490D32E87B654594D7E2924B93FA824FE3EDE9F
5477	4302272	BD638A287021F19B85BAD6D01CA8228C67B0B968EFDD383B900CD2697EDA0987
5478	4302276	2CF309A987B0D605E605F2FDF2679E2D1E0827E636185ED0302C50AF7FB589F8
5479	4302334	55E7C3EA6297C5AE39789910062C81DE7ED5B65A77B1CDFF58889DBD96A2CFE2
5480	4302355	974A7BA3370E22AD2580F1FB6E32808C06E6B9D691B4B86C7EB56CF492E12D15
5481	4302398	DCB14F01EEB17A225E4E64CA3D82F0178EB06C92BACFACA060BB3506FE7FD4C2
5482	4302410	D9964F004D448AE8F9CF0AFC3984629B463098EFE5CDAF619D1E81A53D42E54C
5483	4302422	B200610E427C36E43D8F7005409202E00995F5C9C19C629F6B9350D1E7A76932
5484	4302459	C838C6FCCA3CE9A146BF6029563A42B29D20843E2A5B10600A838CA16D06DBE8
5485	4302476	C4775B56CA07992ACEAE6C1D1035C5BBC2F3396DAA57C5C429E6DDB18333C234
5486	4302522	5041DC94FB1DEB2E73F4E017574C1380C793F5EE92025281B05CCD8CF290A79B
5487	4302523	930248DA1C9BF4C047221AA75E55F451D45F85D055857341475FA1E4A579D5EE
5488	4302544	621C38DE02B08222FC79D9749AF81B8D19CB9D6560804B0C517EF2F7043FC569
5489	4302545	9F45BE5E642EADA9FE86E5B80A4F774B652340084742550F2BE0DAD9031FFE63
5490	4302560	A19CD0222A7ECB62825C1FB3A70DA894FC59D762A79207142A5ABDF566F0ECF3
5491	4302561	0B56F61014D65B451488C583349F8BEFE8D93B0DD7E31B8EC7870985DFD50964
5492	4302562	E4A2B308258B00271C2BCA7DC2943ED1A877786E4A85E2B2EB3F334970FB8CAF
5493	4302596	E4AAD9D5AC1C2495E2CEA136565BF05ABA1369648ED03DE87B4CDB42DB8CA21C
5494	4302597	92E0451039150520E39E2BDCA75E78C0CD3722581298FBA66352879A7C19F705
5495	4302599	C1B5CE16D10F7259D16ECA53F5A336CA25AAFABB0C1574F0F8411C8D13A79FF3
5496	4302636	D381158B250396BDE55060AF7A8AA713A45BE13507D8F798D76A6E091415A498
5497	4302637	6CAD001E9F4DDCFD8F37375A5E1CB449300FFC5739075E9F031A5563C0C09329
5498	4302638	4E33A214E794AD3BF8F7DE114B2878ABE196DF2E94F4E452EB0978D78868060E
5499	4302813	F55181F62FAD22964F6E2F705535D4FBAE5E360E8CF0448ECF9025BF18343974
5500	4302835	2121AF5F794D34ECFFF332A65AB04E035CA305AA7E0C09E0ACC180959237E23C
5501	4302844	04DD7E76DFA857DA92D90951107B60293174E06967B4E7A8C738760C5E0A4689
5502	4302897	572FD5174871C9AB3B8FD36220856B7B5D99A621CE2A8D0D9A27AA1295C6EC86
5503	4302950	943F0DF642C234247745511AEE0ECA8CDF1598A6EB3D26E2A9485CB2CA0654EC
5504	4302957	B0E42E4FAC23914624DF727A188EF8587E3CD5EFCF050F5E188095F19E6FF15E
5505	4302999	480EE1B5B2A0E0C3AE4F378BE0EC76A814CE79FB62686907462015AD01B21342
5506	4303005	7C2F6DA80BDF295AC6BE8825C9C7435BC1B450E9FDDE20DDB48B4FD905C7E351
5507	4303007	4C4D7634FFEBE6E58C5A9BF0736A432361C7293A952557B4FEE4046DEF28D257
5508	4303063	77FC127625EDDFC6B4EC3F2D81D47F7B2AD0582F3C400120E11BABC3E72FAD39
5509	4303136	3E3483EC3CED194E958342DC71F15835DFFA9056F755430A3B2CBF54CF8D1EA2
5510	4303137	79EFE010E2B70E056E95A85E8CDD3F386947F015BE44BBBE4B877681D6F02AFF
5511	4303176	F6958E4DDFDD7884CFF11407D7900E08C09F9BC1A066F631BD88A303F8A9C042
5512	4303381	F6802FF8A6B56E74FCA2AE84B5D7B4CBCFED33DD29461E0558E45C71AA74E653
5513	4303415	FDDF2BE90266978020DE689346859FCEC1F631E5217864646B28194E89E906EB
5514	4303435	77C2174EE06DB6CC9E0212A1F28FE84E667C21A67D874D2894B991245AE470AD
5515	4303437	63A044B818CAA2E80F5A2C67360DBE2258B1906B6AEA365FB4BC20B5227EC460
5516	4303489	CC3DD72BBC7A00AF765FA54BC3C2CE8666D05F77F15FF21982DF8181925736A1
5517	4303503	701ED81CDF4ECF9295F468599C4B36B8033900527DFB82E48EBEF70CA54E243D
5518	4303547	4518F759AD83F708E8F850337E8B9FE2808943EE4D8F3EA1B5D1ECE70F5C8BC9
5519	4303588	1ACA6C833E64666548E67C18A7AD61EDE28ADD292939C21DE32F86A79AE0BE58
5520	4303640	81ABDCC8DC37CF003E11144C9CA6A20F9F92BA5646A2A87C76EE94ABE940FF1E
5521	4303642	94057C2B81B22F4AF4CAE083B98911CD032F7C8C5AD36B71A15B638A780503BD
5522	4303678	D8992490610D80D944AB97683A1AEFDF9955AF392E77A07602D38D9B9F5CCF51
5523	4303717	F4C091AB83C6F9FDCF951B0935831E84E960D97AFD13F7BF46BEFD8E54EBD6DE
5524	4303965	FD3C558B6510EF985BCAEBC901F34A4AB29F5B47DB587252557728E9789DB4E0
5525	4304025	86957A706F2D1E2C2F973C839CE258EE588ACC3662C241D7517EA69864787C0F
5526	4304027	500CE8EC6289CEBDCEB5D9B1B12E4456733FACCE8FE6DAC3E8D95D7DE5E41956
5527	4304041	6F297E5F3808F0C62FF21AA4E39C16A8422846376E99C9A996590FAA2BD948F0
5528	4304063	9CFF34084FBC8318A4786B573A02766DBD9D5391E4A17E2F0F6F42739076EED7
5529	4304139	61A933CD981CF4CE3E7DE7C856F2DD287E61395FF43A1F12D49139B106C422C2
5530	4304151	D8B0A853A8841970BB69C6AE40AE95ADD19E1598827B8A0710A0EAB188C299BC
5531	4304185	61EEB3E849C24EC6BDA0A93AB636320E27E2EF8EEAB7218B6FCA84BF9FCD5334
5532	4304187	23F4DC27B4F35B11A15BCF2EE61402CAA78DD6663A3D340368C24283CA01C514
5533	4304222	E84D4FB71704D8F0EC9AF8675035406F1532C1270D4B53743F7D8B3B88ADF924
5534	4304264	22798809B56C430075CA7C38353CA96F6E8E6A6C4FF608D881F20B5D040B1C60
5535	4304266	D42F8921E3AE291330E3993E344607DE22FCC1439C5AEFB6F16802E522C6A8DA
5536	4304430	A9B8374E4CB92F19BFF8066B1B02F0CCDA0067110CFC5C6CB011DA538A17DB04
5537	4304431	46A87C540F176F3481108EF065644B007FD59A824F0EA897C218FD97F1854164
5538	4304525	FE56A8E15545CB68A83CDF9A018C55690749204846A533420264DB09CA0CC971
5539	4304531	B49828CFF9B4E67D280F2AAD5C58D296B91299C8D484508515ED115B67AD9899
5540	4304567	DFA3BC6462C472111024B1046FFBE1009418708FDDA47EFBF34A5CA5866A39CC
5541	4304573	21245196F0B745E4456C45A0FECA8667F44F5F4097CE406CC54A46AC28B9F5BC
5542	4304601	8EE181EA57406859AF8870DF3E19588B48C34756CD0628DAB70C7D7526C11D14
5543	4304634	347907F210C1CB2C52F62E56772379E2C0C1B23D7336CF8D6022637087A94341
5544	4304642	802D59FDA7628352E46525D8CFE37336B6C5D64825AB8ECD6B8D41C5BBB1210C
5545	4304645	546F623EAADC61E449B64C28B3BE99AF3BFC04A39E1004FA8F0C4DCDCCDDC809
5546	4304672	4D4FC24296CE676378CB3AC6AF1342EA417D0628FEFFBEF6CF06EDDF650C1F3D
5547	4304684	1B530EF4DB4A7EC4FDD8DAFD38E29A442240CF2240AF87BA777BA66469B658A5
5548	4304691	EAE8FD51AAFF4CADD00F78D37685D0632D989B3B88092588D7464E45BB7EF6AC
5549	4304709	CD6A965FBA9CC96214B4C4713FABC89F89953BA875F05C6B056FEF4857339FCB
5550	4304724	D36F5F2C74D65CA992F10FDFABE8091F974CEBD51AB130B924898DAF0A7FA7C6
5551	4304725	1423F9890A7443FC4362EE3E7FFBEDF7009F72F66FB9AF806B9481EB5C2C24FC
5552	4304727	34CD3826855E0CBB597C912D5C7D4515A99764EEEF529533C3AA1EAC54495B65
5553	4304760	1AF52108A318E34306DA31419CD79AB079C5104DABD963B73CD0FFA95E5C6B68
5554	4304762	C611A89156A2BC2B13AF42C6EE8E049CA3A735EC57C6A0B6BD1FF0A9304A815B
5555	4304763	1DA89AD52B4FD5ADB5CDDAD1A1671659AA8AB658A723E941F48160B757FAC960
5556	4304805	1B08096119E8ECF81255300FC26F5EF72AEAAD0231673BA3A193CDFCC8937821
5557	4305005	2908713BBE03F4DB2BD3251E9D1435732F96D7A3B6FB1154CAF8AE4994B1525E
5558	4305033	435822D8358F75B1440EEAC36FABCDCB32AA8B7B613803C5DE6BAF7643378142
5559	4305071	BF62F2C379426872D1103DBD0FF8AEA1D14FEDCFBF747D1E822AC20FEBE7FF3E
5560	4305113	DE20FA261045D8312C521B5238A695A5A35B2D1A8F28FD6D0EC6D8636BE5B34D
5561	4305133	30D8D297FA5062FC4E7CA3C0A71487F3A67D512763F0D7DD5602D5BCA511A1EE
5562	4305135	04C3D9BDF8BB9EA822883CA4567DD4EDD366A9AA4D1E21474B4E1A7427DF0CA9
5563	4305141	482830928FDA5C75B828EBDA20024BC31BD0EB6127D3D20243F0314105FCBB9B
5564	4305172	63262050AC3E4F653AB94BFCE4733CA80BD9E793CDE5C9C715B60330CDDD138A
5565	4305182	AEE95FEF9FC77ECB38BEAB1D7E33B0812591BB9B835EC2ED557DEA4E0B15FF80
5566	4305183	1473D860DAD3B06A0A7CCF2D68E77A9DCAAEAA7B92B6E619645D651B5B4088BE
5567	4305185	D5488BE394786765DEB660F71823F2CF2E3A083A03CD67F4719898013FBAEFC2
5568	4305218	EFF9B308DDD6AAB143150E29EE0E063E818696BC6B47C324D0EAD0B1904238A9
5569	4305219	3FA91EA277B75724CF61E66F99A24B546DE8805F5BDBE27E745EB9D4CF8C5C61
5570	4305231	7784B5275052EFCB66705FE19D7641C8F9D47783C1CD63272C4A70B231D8AEF1
5571	4305253	80ED1180DD417AC26661E138A93E1C1703A5EA50CA18EAFCB0A589E3D78223F8
5572	4305300	B74C93BAB30D65FA75BD23B768DF22A247B88026FCAEB1CEBA6D3E348FFE2F3C
5573	4305301	75184949FD3CF2A52AD8007DC0D35A14A3863822A0BDD54787A6259EABC91A3C
5574	4305302	BE4BD90A7118F97D1C5486542377A9B4CED785F244247A8B12722C7866D46F8A
5575	4305303	41E7F5B74040F72693E1087EF869EF007C1D1DFD3718C76FB48708E90565ED94
5576	4305344	CE1DD3E27558968A884A233E74A26A88550C16F15BF2DFFDF0DC8B38BC11D5C5
5577	4305345	BCDA62818B8B9C45B0E400A6EF77DAF0532720902259B2A4C5C917C54FF16D5B
5578	4305347	50E2D48E833F4D3136CB5375D97643A1D1ACF4F64CB3B4F088AFF09F80D74082
5579	4305569	83AA7FB3307FA5549A4A3D5EC560360647618CE9E051D60443DB63175E6E13D5
5580	4305572	A6B680079C9E529EB6A666C1001F41C2019E174BAC1CF782ECF2C3CA7036FD74
5581	4305573	FE7552E8C1B6B6F61F3832DC0D7AD8A5DBFE3AA138673327AD0E689F7DEC54C8
5582	4305633	0BBF8E2057244AE8AF5CF6F27E4EF5E3966530ECBD74F5D27771BC2CFB9A1EB1
5583	4305661	5FB27DB61E9464CBF847CAFA4EFED7D45C0CCDD958FBF35C5589B18DCFA84439
5584	4305723	92E50A007129FE284A80025BAA4051957E27CF5D0365993838B612030C471245
5585	4305752	29F7BA8B3F73F9CBF2EF182558A268225B38E9064C67574E8FB9DAD77DF159DF
5586	4305771	F300C3D700D51759172653D866CA12075A8FE7B3C0A2F6FD38812E8405CE0813
5587	4305804	AE57FE4344C11A809FDED75640BA06EE920DE21032A17AEE77D8B551766D23F8
5588	4305972	EC37FA11D8ED786025E4CADA0DF818530AF3134FDD728564AC252A1DFD4FAE67
5589	4305973	DB4877B39A8A121CC68AE4F020B998723095FDA23C938CC9B2D7C78A215EBBD2
5590	4306009	C857B9BE33A56CC87547DE751FA2C4F3179A3628C921E09066126B65C61FCEC4
5591	4306043	6B106818635762C1E5FB854880DCADA90A2ABB2AA6FFA5DDBC133FADADAD1FD1
5592	4306063	96CF080B830BBE442FA96FA93FD110D93F2C68DDD651E9B7D05F359A4BE2CA0B
5593	4306078	A265EF171E34929C977124DD3529B062E19D51E35866CF8D222D5110291D999F
5594	4306080	F1400A3DD504B34AC60EA27DD48DC0BC45EB617B0F671AB2F3A14E5EAD2429E5
5595	4306099	9D4F356C64326B052A05DCFCDC065E0DF658EDC79E0200B801043CEEA7A74E1D
5596	4306109	CA761DB2393F95CB2EA7FE50C72DAB9C289B6AFAD333E75AF0B6D9A445C757B0
5597	4306326	355A8F6D81EAE4F73578D25E182F4FF38EEF3EBD1A75B9EC27550AEC794DEAE7
5598	4306366	8180BED3AC240AFEDF2C73ABFED591AC7F3BE6E1F09C572CD6815764C9695797
5599	4306398	CCCB4A596875DBB7DCAF2A318285183EF43349AD290E82CAC46F844D2B208D5D
5600	4306431	324733BCACFD1C1A66094F88EE395840D1AE8064D08B275B6CB238EE3DAFE673
5601	4306543	71F5A4CA685E44CDA23D498615DECD19E02B0E6146ACAB8F5039DDDCE95AF46B
5602	4306593	213E242025DD6159A32B822EE2F1F2C4AFE17755C2133CAE554FFD8D2FE1E5E8
5603	4306644	F905296DA58C3087A226BF83BCC383B9E005CBBFEAC81CFAA72BEC3DA498BA60
5604	4306661	EAACF77CE877745069AF222F6800F9D2DEDB36AB375B4BCC716E3B86A55DCECF
5605	4306719	1F813AF99551F7C639BE5CFC9FE67DA9A5EF3DB8BB02A4509CF615B79A591BC1
5606	4306781	8DF0A99E86C95A473C99744CA1E7EEBCDAFC7B23690A257B4653D519DA913BB8
5607	4306803	DBA9CED380B2B515CC31DC2328E455C1A9076C8BCD65ED0CF39F0128FAE61BA4
5608	4306868	16E6C106C11855F23825F8254A54B8A66F3E7602644B329EF896A46455E062FF
5609	4306874	C732CC00EA2D7E6A81A1953353A3163583E04A52898AA7927C8FA4C4AD156776
5610	4306923	99918A5B3B4C3D484DA53A2430A3FB12E3AC459451BE8D1BD9873E847671D738
5611	4306938	701C59D84DF4DE8E35D8F690BB316E506786FD4DF336AC74C8121262E1ED0536
5612	4306999	4A8F8862A0DC42CA0D50466294D4E6799E59E5AF08732A4DEBA42E7769F58EBA
5613	4307004	5A821164EE37AEF4DDF209102C0202EF6EFF286CD324CF0A9F2669601B9B9300
5614	4307005	F940CC10B27773561538180FDA4E489FF1524E64384B67D6CC2157296002FF41
5615	4307031	C63F4AB6F9F108DD67618FFFB031C911DB32F1C8E111FD039EF821799EFA129B
5616	4307048	936798AD9E7C006F2F87BFD5D2E6BAD9A131B4134F1CDC05209B90A149B9C18F
5617	4307049	F1A12EBAA63DB25496D85EA44EC28A06EEA1F21121F27CE5890CC2566A100ED9
5618	4307059	0BDF2F3B00F41EF1EB054E19B62F1815B890E796C39B814D0ED2CD5AFF03DF4C
5619	4307065	5A1B81C2FCDC4628A2F2E282CA9792E14FEC814297ABEC01A425709A11FFC979
5620	4307082	B7083D290E0083DFC0B6510E67B08A3955AA56F8232E2757BEC16BDFAEAAB6DA
5621	4307088	DF38EC8584F9E391012DD4A4AD68AA6E80B3445C906A03D97C6C7BC5C114ACFE
5622	4307132	3A4A280E815AEF349EC6B4E4AECB4A7FA3F825AEB730217994C68551D7C3CCE1
5623	4307170	4172ADD483D12C5F6B6F7BEE5A466670F9E478295BAEC72A35E2C7FBF43346AD
5624	4307217	92A57C3207CF2C0B330BD970EBA9F16CF59C2CDFC054BA050AD8FB80A24E3645
5625	4307261	42E282B4949DDC51973AAF3D24F68EA58B008D5A8A2910198E2001B39A298C38
5626	4307293	37F37415523E2B195B1498EC270820B6413B7C838D46AAD3F90C1391BFC6786C
5627	4307297	DDE2EFBC09B64D3A995DB0B240AF1B37D4AF82AAACE32373E7D0C3DF214084AB
5628	4307299	281ECE636678989F5F2870F83D4626CB34177A170071A2295FA9E98FAB88E1B8
5629	4307342	E50FFED914FB08581EC8CFB7EAF8F8E0A25211107A6AFE2E3C92DCD4E92A9556
5630	4307346	D012641D9CC7C85D5E9BD5DC4A33D9C5374689FD8F289D665C33D1C6A03BA62C
5631	4307373	7DB0568C9C7265B44FC61BF2F15B6DF9712B355DDF30A2B55BFD37EBD7D22941
5632	4307406	3F7F5EECCBBCE36FE2D8384A6CABA26B3BFF43F33DB6CCA9E9AB37F61276FC14
5633	4307408	DFBB62ED6CF9DFBF8BD52AF0FEA5F88CF142FD167E1284A97C067207845965AD
5634	4307411	AD18175915F5DDB5C73CB999CE9C68E7AB15C5B440527CF49AF1B9D0DDE98093
5635	4307453	C4531493191BA05D8A3277BC725ECCD2296BC53557EF103221944E423689F192
5636	4307469	A7D4C1873FBD94670CC061DA37BCE1A432721B8C7A7D85A5B45A0D80E0440299
5637	4307598	0284FE78F50689D355415F467DE1DD3384059585FEDFF43B07DDCCD3E03181C0
5638	4307599	5D99A6199CCB9F8FBB0B87FB555532749C263A93E3D995036CFD6E9C2AC9E4E5
5639	4307622	4B8E8FC1C0EFBB32367622C03D18724A0B15CE5C6A175005E28ED1971DDEEC8D
5640	4307672	C06BB202C6B5FA28D4AFFF903F1564034230F07A4C065CC6459E318E8BD39C24
5641	4307711	794590497B27EF97B0F7871EF057D56ABB6282C5AF5C158819FEC505E7EF9858
5642	4307803	BDEBDB3E1B0156672E6A66EDBA088FBA2455B6CA06C3ABC78DA304D9C95DC5B6
5643	4307832	8C0DE87A0C72EB65D64230C15F11BACC6365CF03BBD8DB958EED29DC18ECECE0
5644	4307838	16EF63B4208A6E2E0D23882DF0233F02F4D937DC97812EBA97EFB2AEDFB5F80A
5645	4307882	F60B5E00EF176C7111FE60F8CD882222457767D3912026786B967108655B2485
5646	4307946	BCF3152803B6A39A9AE74F641606820EBA9671E9E23CFEE6426F72185317E985
5647	4307992	F85641F3A25829C9DC65E1A286268337182A386A48A5FB5ABC2F24DBF2314704
5648	4308003	0EFD0579F7552A3DEB2D2BD59D54693BE81F2A75AE6B620850944BDD43247839
5649	4308070	AE3A85DBEBAD8E6C536ED24FA2BD1749F8BE8AB67F276F7D3C63AD18D03DB8FA
5650	4308128	0C40D7B97648E3CC18598DC21D9BCBD39FE62FD2F6CEC3B1CBC2F4E69903643E
5651	4308145	0B1FB4F2C3B275B718842237CB4371F69CA56DD7066CBAA861C899226640F5C6
5652	4308176	1A363BAE9DEA2B27A33583BAAF3E28A25F8D88D1FB57938919B1B7F4D29F93EC
5653	4308217	571B10F72E505BD1AACB6F7A99CF4750C39667F71ECC4CB64B363FEF44C1DEC8
5654	4308264	8545D7EDFCACFBBDBAEE8877E1FFEB320FA62A63DCC0AAD314ECE9B50ED5BDCE
5655	4308265	0A7843D78E2A6DA07499A3D73CC1AA3B0390B69745EC35C691EE6C98DCBCA2BC
5656	4308281	4737CC96337BE25F8769F340A50AC9C959BFCE4944C7ED15CD479228693372D2
5657	4308336	FA16362182DEFEA78B1C720E2A7A291AE4FB603EA8F9DFDAF8CE6BA3153B548D
5658	4308340	1FFAB863F26A955BE0D83D462265D1F2DECFBF8187CE06BE761684F45ABA7232
5659	4308376	E531AC92B6AAA0844A28A3AA9D4BD45563CBD981A1AFC37B7D47F653684FD330
5660	4308464	D644C057652BFA766C88B9BFD656DA9FE8676B4B214A4875825FE1DEA2F00225
5661	4308467	AB5FAC6D5894E3C8C5B649A65D48B6628137FEAA2E629A506A97B96FB34E33C6
5662	4308470	42213DDEAF5AAA9C3D0C2407B15A0163466147D3D1E4F4BB0BA78565BF7F95C1
5663	4308476	09D54EDB78875FEF6B2DC45957F069AAF3CA213FF65BE935526A511E4CACAB1B
5664	4308481	97227C36FD752803280771DB5FCA299C8F719870EF4D48CE9D4B6A433B68B099
5665	4308540	0908C08A539FDEE76340E572FD824E1334BB525F7B3A812AD601707170A6C87B
5666	4308541	A84BBA19F8DEDDB25BA8876453DE8A344DAB18C6C3421C1DE35B63103BA8BFBE
5667	4308548	5BBD25202D9A795188C063635167895DB2E3B35B2F9A4ED408FA812273616D4C
5668	4308558	792CD1E4E6DBE9A8AFA6E8291BB450ED5E93ECD600BD5E3833426A2F8D9AD472
5669	4308572	30BDD4F6823A83255C797CE8B5A34ECE981EDFF569EAF872E1D6546C0815AFB6
5670	4308579	107A5825EF3EBCE8242A8DFD8EB106A2DD8FBDC24F07BD9D060CD17726E75954
5671	4308597	67ABE9167EC4F5D8CE305B4D1FD9366FCB6B0A717E02411C6986E8B48D24E380
5672	4308617	03500717C4698DE27E6FDBD4A2A998FC57B49FAB889D502E1A8A625135688D6D
5673	4308705	BE4CF7C976DA601CB28707B250E5825284D8EAB1390685E7501E0560F786587B
5674	4308756	21AE31270753FA75C780F721875730DD63E8D7B6B9346A710B488C2CCF778C04
5675	4308767	BB61710520F868240827006B9CB9A742478068C3BC9E47787D82533428F64AA9
5676	4308862	78F9EA054E7086C6D04F05B63FDF54DB6BEA059FC4937A2DFC2358EFE9567AC4
5677	4308889	28FBB865A1ED7A330BD3D1A4317B4695FDFBC90F9BFF58919C4446821B7655EF
5678	4308911	20B0EAEE2314B23051526F0E3DCC982A01C6B00981199E4A4C04FA8DAB9AD712
5679	4308982	574226A48F2187835271F4E6B6C6335B3025AB9E49009148C7AD907C8C1755CD
5680	4308986	39A65E309370E4921F2040A205F0EEBFE2808880898F66064FCE530AB8258F90
5681	4308989	7AB6E7E7E54802A5B2DC9816811CA3CEEFEE10512C984CD29CB2023B14AC9C1F
5682	4309194	F8AE04906B77D2DAF6B1A090123D9866B19B15BE11C51119C9DE00A4A5FD68EB
5683	4309196	1ECD3ADBA2C3EC2A394E777B2BB5AA60AD06606CFC0CDC45CC4DE6A969F1EE68
5684	4309210	233EAC7E39C5BAD7B86A1CD5E20056F6FC67C8B60D411D2A578931B00F5B0DCF
5685	4309212	8574AB49973A622489C69A9B008574033B74A31B72CC38795DD308E4EEC69030
5686	4309270	8AB72FB444FB60CB79C07C94542B604513593B08E1274D106D71A10065F3CE98
5687	4309271	BA138BBDF3B7B43D95A41D77A28CD9D933F65B19A89475EFD6C65FE580A5516B
5688	4309281	238D85DB9C8725B76DF5F9C5C0CA05708BF1B610CDD4209BB6BBC9825E509812
5689	4309286	AF110C30F6629F9CD5EF6101D793E61E77810A0BEBD15CB63061F4113A13F2A4
5690	4309287	FC2A14CF2BC31FD937452C7DCC09E9C8C856D501EB38439B788F09CBE6F582D5
5691	4309342	D0F70807464079C767314F8377BDD65311B8C96F93108CF20622680D400773CF
5692	4309450	DAFD919D101707FB6E123E06A47F1378DE739C21412DD0E07E9E1E37057F590B
5693	4309604	AAEE532CCBC9E7DB72B746EFE5FE0084833079E62E9B391C332B0CFBA58B0D7F
5694	4309607	67412B684432E240645DE18D675C2F4D034F3E66554FA458B863AAEEB56DDC7A
5695	4309611	DA8F49312D9E1A3FF0FF605EDFFD59CEB649598E4E7AF245A91D5D48A3172165
5696	4309692	1D890480458C80812945E74D3D0166848C10D4A2D5A32B4C0493C51D8C2C3B71
5697	4309695	5888C612957B240C59AE680A855CF15003974F3FE31E6A0A2C8B4E7295A9EDEE
5698	4309788	5D4699A64C54F30AE0D59E1BA8259E2E365A41F346ED5B48A086DCD20ECB8CCB
5699	4309789	A21959427F8F7D1D9AB9582AD869CA34D7389D7FDDC0030142FD40CB54F01720
5700	4309794	4862CB5877E135FA679372EF1ECFF3623735A37A46E5BE051C1534F2A6F4D61A
5701	4309795	76B88ED9B9A52CDD948260A666407232A9D7326E3A3D2879003F122EEBC6B7B0
5702	4309867	1E201ED8A6441E6B7FE181B8F81D5AB8628146B54B8CA2D339A9E58CA286D131
5703	4309883	2AE4F433461CCB91724924A6365FFBD57B66DCCEE98926EEAA214ACC1B9FBB06
5704	4309887	08B8E6DB4C0705C1AD42EE90B2F8C35F9B885438E05968877E968B7737A59DFD
5705	4309941	42CF4B7D864281B2A1ECEDCDFE7D1EB039AC94E8FD2B5371E6B57CA4B6066FB1
5706	4309990	655BD0C524D5DF3E7E82793EB9CB30BE06F88F0966A90312B48052E041FC276C
5707	4309997	EBCEE6142B60D8AA9A15E38E1AE04C2AE20F613EAFDBD74F3AC1FF87CBB52903
5708	4310004	02A839E4423FE4E6379CBA51D6435FAF0D95B71DD4E1BA9A56127F03EF49DC76
5709	4310014	94D8394353297655F88036ACC50FF3B9E04EEBA2498E0CFD5B6B8071DE41A23D
5710	4310149	8414B27226DD46B9B7C6E87385DF488160E4167FD31E9B54452B23AD7298DEC4
5711	4310181	648766B168794F5922EBB850A655CD93236326BFB5A7682093D11AE4A53A40C6
5712	4310183	40A3FCF7EEF7D9F8FA43967661446595A376ECDC8DEA90FD2A098CC070CCF5D5
5713	4310186	D3C8031DD9F23CC8A91E7DB940EC0E02DCB730DEAAECC278CFE7CDE7D98D94FA
5714	4310187	BB183F46D19D32713972326AF624A61EFA453095738F8F0B0A265820B26D5999
5715	4310234	1B043F6FAA7C48A4384C8A7B11DA503226AF6A1D1288415AF16614CE2E2813C9
5716	4310274	C676ADBA5666D56410A99E18400535EF1E73DBA31835D2EBDCAD55B9168E5F60
5717	4310276	79E6BADA4AB2DCC849365B727D67B85BA66296D415D2FF782B9DC620800EF4E3
5718	4310280	18EDD378FB00E52E161087206C83C33CB9B7AB8B7ED3009DE3C4EA5120D9E5E8
5719	4310282	FA5A18862F9C6F80A5C262644350D114FA1988B7683B4478DFEEEC647840F15A
5720	4310290	37607F82432C78E4957CBE1D352FBF38F13202A91B0EB343033742854FCD42F8
5721	4310292	5E85BFC44EB673D4DCC638E7FE5EFEEFACAAFD57EC44C0043990F897CE264357
5722	4310335	0FFE6553397878220DE26CAE417EE63B3F72F82A1B0895FD4D6D45F585515287
5723	4310344	FF9A476CDCBB99EF8D436A0114BD8CAD03967BA1682BF1FD02AE6B293D1127C9
5724	4310351	788D9AE1C978F0549AB54A2176F97A67B5DD5011FC4EEA92E613B98F5EAEFEA2
5725	4310439	4FBCB1B0B1B39EA7D0BED400D4ABCFA9D5308EDC66ADE313AADEB18E718709A2
5726	4310474	88DC487F8A1323FADCB9AE5FE075D1CBF959D4E8F637460011257509465743E1
5727	4310482	1FA646B170848858C2E5BCF29BD9BCE0148C1D45E203831DF0CB822D959AB73B
5728	4310537	304D42E0DADF853D761D03A97FBF9738990494B1803A4450847328507A9961D8
5729	4310539	7147F30E51F9F78A6BD44CC130F9BA7222A8FC06CCEE05A4F4F19DB71681E331
5730	4310561	184CB02847E126CAD16C09B937BDED483C5188ECA6FF8B50629251F37B87BC7E
5731	4310580	C75895C525F96E76BAF0691FC90B9A4C18824D641436411A71A4C2DB9191D646
5732	4310603	A2148B7B3353C8E740FFE726FD7134B7FA9096F4BEBFDBCDEA95C0B4AFDD75CA
5733	4310721	1A82EC9C2E2DDD1EA24AB7E6EEBD6C97D44776E65E7E4D47BAAFB2237E9B28ED
5734	4310725	BEAF986C3472385DFCED7D3B9A0182FC53AD450FF509C5A55D200C57BBED4F3C
5735	4310727	88F4E8798DD69432476D98DFD41E84FA92EA530A74A606658BCA43CCEB17334C
5736	4310734	F5BAD24FB65D08260BA2B21D90E9781E037FC8CF082FBA96582A2AC22BD96F68
5737	4310735	386F623CD6C8E5FCFE62B4950C0DB18CE68218AA815C565FD413773A31BC66B2
5738	4310772	A15E0AF4ED27F6FA290CD2BC0C106052DF239BE0CD8D8C45A657CC58367136E3
5739	4310775	96601786D5039CDCA504DAFE680ED2B7B33B72B688F2F05676261D8A9861EF04
5740	4310814	7799C8152FEDD2903B2BC788F21C5DE71B980418281B0077817BA38DE9050F8C
5741	4310816	54123F06580A40368B8F1C8EACAC64487FECFB2A3F13DCEFCC5554D0C1590921
5742	4310820	23A583EA59EBDA645A60B09E34E15737B00E0FB5F3B997BCBA37BC27CEEDA2FA
5743	4310832	18DD09D2A8E4B43F198B2B9EA0CF28E7C1DF2E9C941CAB457FFB6BB68E6FE9EA
5744	4310884	F4AD1026507AA3ABEF86262911514448C88517A254EAD629B6F000231712C67D
5745	4310901	45FCA7336EC925D6BED25D27B637EAB01EE4B28332E06717D0A8E6A96F2852D5
5746	4310907	8EA0C6AFB59521D93DE68EAF4D4E95DD754BF6254536BB80135E446CED6E3043
5747	4310919	040353F87A3524118E18834FA0AAD3DEACB49CFAAD4EAE522BDC98087BBAB16D
5748	4311111	A584D99DFC62707676F5AADC5BE6F4F409B6E974BF915B418F1C35B65BC209C8
5749	4311180	BA08AA1F3CE58A577450C0E0FE4A4871322504FE7037BD35F2373BDAAE851548
5750	4311225	DE566F318EE36E54DB3256B55A90D3F4E5FBE6AA7E11A9477BD32507DF09CC5C
5751	4311315	8A954F394B2D3A497337575A522B46D67636CFFADE1582F2570158B7AF059B54
5752	4311316	F587335B186003A5113AF7BC9F5849E6B3C2556A659DEEA83BC1EE7F7B992590
5753	4311372	23D88113409C036A918A3243E9318B82286B70422AF89B6449340B23B469ECA2
5754	4311382	C2F12A7699F6E22020E573B5546C7F0BE537F477B32FBAAFE76D184468EAA051
5755	4311431	7F52636DFAAEFAF28D2D946A584ACFCCF92705B3F5E7398CD78969D55CB2C009
5756	4311460	041A6A94101D72EBC3A26AFAA19C5FBAF08D5A849600C966A8DA54ABE3B44952
5757	4311480	308FA8C442DBFB5F16B9129D0BF0A0249DFB1F1BEC850AC8A79CF8FADA0BD355
5758	4311488	BFF49EC787D9C72A187AF7A5A8D8CDF9259E9891862A4B6C91E8497F36011337
5759	4311490	922E5343EE912AAE287ACEB93B40E8BB6BF9516C0D96D5F283B0AE66B52148C2
5760	4311499	FE5A929CA3B5092BC43CB931ABE353C0B70BC05EEA377D5AC72E1A05D98962E2
5761	4311506	8A71B20A5D2B861588DC79EABDFCA5867DADBBD1F209C57E933119120A8E3733
5762	4311706	0ED13C4D5938D6381139D3F07EA9091664D26E31EA323BAD3228E31D88332740
5763	4311707	9145CB3B0C57DB3C2D31DF254F0CC1949EB65786CBC9E01CC3CF82204FD68D82
5764	4311719	66530CDF9E124B3E776CA855931AC5E0AF531E82BE2240F98DA9AA7367FE571E
5765	4311721	1F1CD07FB2036AC5746E37CC005143EB6653F82ADF8F9A431E3C74A9B943DA21
5766	4311731	2C8B2AD605F4006A9DE48098B5784650AA837CF71D1430207081ED5059BAE6BA
5767	4311739	B6CD07B5F7FD5AD02F6DCCD69E168DBA72A0A08B97E9304A56FDB4E0F30D55EB
5768	4311776	C85342EFB86C358E2A8D51453D146DC726158388BE9A5241DA6A9E4FFD5FF798
5769	4311808	8A592417D2372BC2561897DC23534436D2D0EF7F79F91ABEE49B63566B1C49F8
5770	4311856	FCF31619C1F583DC9B938489268675B937CA567B9B34D61593FDACC3F21BBCC6
5771	4311865	53CFFD0A50B031798A3DB1E16A60F208DDE7539BDFE794D19D2752F7E852D259
5772	4311932	64D93F64D00490A14DDB6DF8517F21242611429ED08DC954F766295B37407E8D
5773	4311946	5C98EDD946D37F31BD65416B86B27D6E6981FAC98690C1B100861FFBBC0B1CD0
5774	4311983	F59C62943E2CC40B2A753912C8CC023849D78DA0B64E84AEEF1148B152B21E46
5775	4311998	CBBBC5260B11D4232C57C50097FD469792EDF2EAF76E16A20C2AA63B8E54A24C
5776	4312007	0BAA6BB38D00A95369F316E7968064ABF476FA3DDDB3F2D0AB20EA5F3FD45830
5777	4312068	DD46B66BE863DE3BDD10E5654083677C4D00C0A97FACBB99390CFCF53754FF2E
5778	4312081	FB567ACEFE4ABB88FD5481CEE1437C508D13854D93F0952345971CC580C4AE6F
5779	4312101	2A0A17032EA74971F3331C883434806DD6427B0FF927D1FF48D3A1ADE852C3DD
5780	4312114	ED4957D03577626CBEB1B4E113A659A8C14F95D4063868422577EE9A3D3A6D50
5781	4312141	DD11448BDFE6FEC0FBB88922B93007B5982056D1BDD368B278C9FE5BAC555E27
5782	4312143	F3B68153FD73FDCB3FB0FCF5370F13E5D71D57475B4B8EC8C7992B4BBE3CFF57
5783	4312168	D3CCDE5DE704DA605817A696B2152BC916ABEE3DD724F7F29C41329F5A493C4C
5784	4312218	17A82BEF066C0339114A920627DF37667B840B3F8B5F1FF5DE7B07047C1BE1DA
5785	4312294	716367F9167E8EEBDB62627538108AF7089363062BF16AD97A0CD9A401981425
5786	4312307	5476D19077B0B1A746D5A23F350F7351A9DB0DDA3402A09C48E4B50F74D80DFA
5787	4312310	0DAB3085674F71C63AE45811160030AC73D6102D55848FCCE17C5EF70AA7A896
5788	4312313	391C1FBCFEF86D8E74915439D7DF8CCF190ABC27354B7BFA893F480A7FAEAE06
5789	4312358	7933759F01135D2E9862DA8CE96A68A4557F8504DCF3C338B667DF94117DF76E
5790	4312359	7824CC331021E8AC37A6BA27602DD6D2F4CCDA2459D68E5CDAC4DA1DE936AF21
5791	4312367	B9480B31EFDE0908CB3B1EEBBA680AC485703A0F6960D2D2E181565D3E142595
5792	4312420	409F503E6C66E66048ABAC6FBC002A4C196158E9A0915629047AC76C00D65ADD
5793	4312421	B9A90C53D93E5C735C02C38CC6B1A1139D6F95E95B88633D8B42BBBCBF01D116
5794	4312422	A75D4D3F81EA55C4CBDB64538F8D41528465DDB5C8E3850B05EFB81041B5A0B7
5795	4312423	254F0D4B905F0F981FB8AE9989694E029674E53AE533B3B93958D8B654B26E83
5796	4312424	855D89E778FB141448651AF1965DB6ADF97958FEA949EBB72D9DAD8F1CC0D770
5797	4312425	564E995879FFD8DFE8AD0C56B8B022DEB978654C3E5CB52D69BFDBD09023E24F
5798	4312426	AC3D9A9ABA6A2F3B05879CFEB7A9816051DF8FEA8AC7B5878F8A791A0427DF77
5799	4312427	CC98ACF512D95393F860EFF88EED9636F2162EA146B353EDE2E956188C43475B
5800	4312428	524543ADDB5D74CCFDB60AE1DBF99233836BC5B7C399F4DB725F6E7B237DF012
5801	4312429	9E0AE131FD5AAC7B8E87A6E1FCAF6715EF628AAD5EB46024F42B102394CF06F8
5802	4312430	866B63ED17D4E6C067D817E248F7665FCF551A81165633CBF6FA46ECA5EC522D
5803	4312431	BE347E71D6CEEFC5B65B5438EDFA999240072DFC5F3808475F067A9D0E55F4B1
5804	4312432	2CAF5F07552A46ED8DE03C80EFE6A2FF916025255C685E1DCF23589B5E7297F4
5805	4312433	0A30B59BF114A4CD40FC6CC4AB80F50E72CE4075882CFB557B33DC9A1E80C025
5806	4312434	3271364E27F4A7B58AEF4C05FED5723C6EDD439E74A78647FDFA4CF5CAB0EDCE
5807	4312436	A23A879E789C630DBBAE0133F0EB5577C8E5E3A711D2D32EC6D6C244F930F0A1
