core_clause_id	fodpo_clause_id	clause_sha256
1	61	16713B05E59C744ED934B6CB94E2052DD3A0C22D8396E3C7EE9C45B83692834F
2	63	F357E282C8404CC3ADEB75293486F731A33E4D7309128949BFC872BE7852DD72
3	65	35EC252D08933E0FF5F2AA23F91DDBF6D31E108519C622D0492465A9B43073C8
4	67	BA9D80C87D8A6FF318380AA2CB246FA0F3CCEC284F1774CFF238F614A55350B2
5	69	F4BD926ECD1958AD4493D35ADCB2BBF9A4451870701941271252D83A1ACD1BF1
6	71	C7A10852B84000D6AD72FEF616DBB15BB302445C6D40AD40C17AC7422FC17D7A
7	117	83EEA5A8B12C90B457414ECC693936D631CA5386E3CB9956B60FB6E3F5A55A1D
8	119	FD14A1D8911A2CCC7279A1F34346AAAA5D39AE430594EA8C241ACE654AC6881B
9	121	9F2E6DD6CA36F4314FFD80A28121CCE018CCCAB60D3B58F2953E7B2473C7BBF2
10	123	E1E38D1A3D83CD87DB43B6D8F8767CFE7ADDB60CBF814E2EE4535714BB5858B3
11	125	7BB94530FDD8350B22697B328D2E0F09B9A3851AAB11E0162CB395F42319D0B7
12	127	BDF656065483BC507A32525CBF4622EBD4DD174DD4169584A12DFAC783849956
13	152	4F93204C4FE0684C5C4DF591D6F3AB514EA4E378323F451E4866D8EB3D012CBA
14	154	60995E086798E4C4CFC7AB59B1038D201A3344694E5685F59C05409985DB5ED7
15	156	A996C1C7416E6F83605C493D0CB954E4EE590AB21DBE52AA421DCE5787D8702F
16	158	E80E9CE1D78EBD3BC63B143D297D0BFE56CEADCAF55692B923F30CB06506435A
17	160	AB1B2954C0313EE4B04A0F077080629E35C1ECC7FD2C0111A25053C31DBB356B
18	162	6D8B8A92D0908BDB0E4451D8BA7F2D3403691DBE1A9C867BEF6FC250073818B4
19	164	0128DD7960722F59603B8FBF3D9482324D618DCBB2396A421CDBE2B94F35F14E
20	166	DB38FA4C18AC428F4BFAE154F62D7FE9A8609345539D56678966E3E40BD01CCD
21	168	8ECEF8A372F10E8D223423D77AE7FB6E577D775A755B6525094F7B39CF5C054C
22	170	749748CFAFC73874330170B06DC02F903CA0A5231D51D51FC1F94476D49F47BA
23	174	50C92E676618EBFBD4C45A0E38DD7C0964F20C4170CB651ADEB326E7521E6E7F
24	176	184061FAE5423838998A98DD9097F41C71806FF488050F5857A113FB087E4805
25	178	766DD854921989615BFA6DBB400890856B175A5ED62F100E8D01C488F4C7E329
26	180	F0C3873EC3C351BE5F26BE834BC15D44F85704AC2FA0B42BEF8D6132DFBFE70A
27	190	E26A41771E3CF0956DCF21A51ADD5CD5B2823B98065CA9B82CCAB3F648B171A0
28	192	33875852CF3F9913EACB601E04C3D6090BFBCF070ED6C97015A755C83CEE668F
29	194	FDAB17F839BE0B8B44453BC55E5A6BD5568CA6522A0ADB2AFABFE4B71FD5A390
30	196	EB9F938031DDF3B6F7676A1E4666027043D27D2E8B0B85894586E10A35595807
31	198	D6EE88EB015413889FAD12B7449938C1882C26F248C36614799AAC481BA98014
32	200	B9CEE3C97752EA54C7618C304E82CB4C349461DCFC838659F5745797A66289E2
33	202	E4E21BDA9FE10E36D002CB1C50EE9E47FC366CA9340881158A88134B21C8F5CA
34	204	D4076CE94AC973B360A86DF484E972B5950D0E9B07F740E4BC12BB90D91AB4E7
35	206	42DE7812A17C6290F7BD80587A2290143917FFA573B5D4BFD2A07CE7333012F9
36	208	65B2574E4FCEDACA2AB8973DFCC28DB26CCEC1CD19C7658D06ED53B0F9E8CF1C
37	210	9F11FE887C2D4E238F5ECFDFD63D66C97454298017249757BA28BCE8D6952BB7
38	212	829D02E17889082536A2FBF435CB4BB1FEF48DEACB5DB35C6A36C24684BD6454
39	214	30E52B13E5356A6801AF447575437104676622385F6230E38B9A4B30D93790F8
40	216	BC5874D2B8079EFA1DC5F9F539E0CFE392F462CDB56FD8273CA7B97BF2058C18
41	218	20D4176C8677CFE3AB4E15970C3A9D76934845A4F552BC7F21FDDC21346E7CA3
42	220	8E416EBA2BFDC4B60398F236F41A7D390A8F3FFAA1466F97D25978D0DAE2C92F
43	222	9A41D3A7CD4C96CA1A19EDFEE4FC0A86023BD12B1822EA4288030AC84454993A
44	224	8D1B81AC362F2B3BD4A8E4AD49878A168728B78ADDBE7EB62386B5F7E048C4FE
45	226	6353252B8A20D73F4104007D20CCD78A6B4648D5048813439074F305AD4820D8
46	228	957B4C65D0FF39C2735DF9C9405415DB38195B991B22D3CB8ECACA91ACD303F4
47	230	3C7C1DDEEE5323E94D3ADCF5F93099847165161D48A4C86E0DF00C51A19EA61A
48	232	5C14AD20F51411F4FE3CCD58AA80AABBCFD608AC1846CC5EEECB7387C5780BF9
49	233	2796A0E24F7120DC6BF700B816F335DE55DAE1543D2E32D522ECE0C3A54C3FC0
50	235	C9FE0216EC055ADFD468E5B78357C429AF9B6A02225876C5C885EDC48D556FBF
51	237	5AE2F1136E22C86109CF5DF36B9BD5785DAD7245B531B39BBA03165D65C40B79
52	239	143F70B940F7A7953F02243FA9488086146A47C6F796EF8923D389FFC4E03773
53	242	464A3F743945DD65E348A78E7094D9F9910565DA0AEFE48E4FB1AE2B2FCEAAB6
54	248	E951E75C7EC39C0CC3554D94FDC4F70A42500F1D0E778DCD71C44F2204B27DB0
55	250	07FADA50EE0F1C05A076BDF7E372FA1210EAC8CFED4DCBA91139E8E5A72CDF14
56	252	441F25E46BB6AB06ECEEC92A7C1C8E16825AB4C5281F1FD7805925B6652005CA
57	254	B3A4C8F1F606D8F0DCB7CAD1EA30116F6309F3A6FB69F6247A34A1593C9BE286
58	260	407CDB7415B2B0D6B4356A34AFAA241F65ABF9CEAF9F1E9DC8BF307D18A90D62
59	262	5598D0701BAC57409970FA8BFACAC72F2A5E265E16CDEA3E99CF37D953E68765
60	264	A18E702F13655223C5DE1A363803A1955F8067CCC5754903C7DAF5B7C2ED352F
61	266	1B40D94E6D8AD4CA7423A89FED76E106DE71697CC5E7624EB5C07CF351178559
62	286	729F5EE595054FD3CE3AF363239558DC7C69649B323DD70228BDBD3269947AB1
63	288	BC1BAD23981714496D2D84ECE1B7F5EB17794C93D8E12997C70795A578458A6C
64	292	CD4580BA0CBDCE6C2CF6A708F1C22A0822EB24F2E000AAB7AC79F2295E5520AF
65	296	2F6D4C41C01F9B69BC4B758174095A96B9C1A2F516EA40750E9A1D903FB1B47D
66	320	853B21F0BDEA864915FD849B3B892C55B9631DCBB5E543CB216C82EFBD34B76A
67	322	51DE65F7FEEAB6D6A5C5E834D89F62810BF7D2D5A3CC3553CB108C49326D1312
68	324	542F1DEADD442577D6B18ACA472442BC2C892079D0AFBC8A451E45ADFEE37812
69	326	0B8952A823DC804DCBA5082010B3918D6B875D1D5989C5723AEB99EB6BF65D91
70	328	C82F25B486BE31CA4309E216F1E8BED79A93314B01F3BCC64EAB8DD2B8CD0775
71	330	D69DEEBC5BDA85BD0C46B230C60D056BB40EACAAEB53D1EDE1497C8B7C70EBF3
72	334	6CE6232264377B2C6715CC19F1BCB898465B028594507E4D081570CD07DCCC6A
73	336	8D7E2EBBFB19BBD823B9637FBC7BC46ED60620540B1DAC5BDA41BD24A6740968
74	338	EC4702D3947570A0EB421ADCD003A198603CF8A5CEC0DD50F7C534A53811A8D9
75	358	C2261D27DA2E6DFE2E84C2C3F805D67907BD452DD12F8AE6D1840D04A2EB390B
76	360	53AB02A69C0F701CBB30329601FBBFF8C79E007D6E4AB4B2BDDFF51BD550772F
77	362	294E0404D04EB509691423955E6867070F6CFE63A74E718AA4BC51AC892BC0AF
78	364	281E4072BAEC52725D6012C75403B67E465C5B4E79FA552666A9ED1761232E88
79	366	7A1DBE1169BFA8CB223F3CD90DFB50C498A3EF8BE8121DBFD78CB2458648839F
80	368	DD6DE0A71961EFBB3A7384BD2817C64161F4C1A8044FA9ACAE2E3B6059E6599F
81	377	5B5CC08251C8213995ACDA5D8CAECA4CCBB33966C9B65210681C05FA2369520F
82	379	E9A623B5FB4DA489E3904109C965F3B2A0EDABB3298FD015C8D2951A3D4CE937
83	381	7AFF26718F3D58172D1C1DFB818FF1F4C029982A0AF6AF2A0BAF3F52A4CE5183
84	383	26BFE48ABF5A56CAA1F27325D75C58D53A8964E305B60075F8D01C35918A09EA
85	385	FFE12BA99371A9E756BF6283E41F24E0CB0319A6EED385EBC661D26677C52463
86	387	20CE263D51FC6C4E65F840B4A93A4EDC95D5C0EC9C755220E9669151FEB95617
87	390	969FDFA3AB5F681A0065B00D052C62B5CCF087AC584D294B5189E9A5192820AD
88	392	32FB6B797BEC80F2A8D9A6D345EAF9D2616E00721FDF3128E7208EB0EA3CB717
89	394	DF6BC1E6C3BCD9CE80FFCA0A7FED8B2BC1FFE343998820789EAB6B7C016BCBC1
90	396	A92FFEEBEA90996B82A61E6E21FF64D048D38770F70FAA99ADA9BD0BC669B4CC
91	398	091B9D7D02ADFE787C7B844EAB46AC1CCE616892FF60FFC52245119A110A14B3
92	400	61E274CA6FDB4E7FE649658946F984A6B0929A3D2085261F8FCDEF093EA8427A
93	401	DDABCA97D040E0FE0C5F83EC7367B415B9770A62285E8B8B3973FE70C1B8CD1D
94	403	4E8D475DF1712C3A31F3920F2E6F55CB31619E02EBFF1B01E6D01FD02A9EEDF4
95	405	474C042319C702894F9A16FF93EF9B266072F7AFE50493C8F46E82077AADD704
96	407	1E5B4EAA12BF5393F5D37E03C23CBC18F0653671FDFE891B1A99345A99A3EDDF
97	440	9A58D1B885D99E5039F7CEF03833876DAF2DD08835B6A56C4BC33790C70C4F28
98	442	87E6FA2FA63EB83573C320A3A5AD9BFB8605C6F61B2C8FB3077423931A2EE1CF
99	444	88C7E4F5B892C1BDD958EBD91B6AA4958CE1EC4D544D22DAE1A1B69EA6333B53
100	446	2EF37796EC12633C950FED10E9B0EFD2399DF41996599176BB77D2B1DC47E5B8
101	448	0AFFFE508AA56EDFAE365BC0AA71FDD1A4807A49A0D2644D7D6588D1A62594B1
102	450	FFFB08784F1FC068A53C37E03CD77D285C5DA4BEE879A969884BC7E1FE3758A7
103	454	4F09214C9AB3C24BFB9814A1BF9C9F40D999927034AEB0C92BDF67043108350A
104	456	5CBE7403B0DB36EA662E9BDC446499AC05B583671F6403FE0DE5490AD16016B8
105	458	1D36D969976CB4F7C93C4829C5095EE306185D1711999267E079CE5637F61C89
106	460	B6A90886F01D0B2FB7997C438D7ACC6D264EF16EE2918E45BFE5A878D703AD94
107	470	C78A1EFCA2E1D3DB8C01B12A41EAC2A9DD4709597E6BFD03B111573ACB66ABFE
108	472	D9E0646B8290BE0BBD4E60454FC556A10C1F3113014F1F40E534C6A1BBAC69D4
109	474	1D05DA5C7C992A7A588C032CA511A1A0461B0A8CEE961DE7B73A502612868C0F
110	476	D34F93CF5BD6ED3D5F569D75B53A779FFF091B51040C191E2670B91F09BDB93F
111	478	AE64E5930D768C654B69FE3A4ADA37EB9E80327225D8918B99762C8CEAF8331F
112	480	D08CACA0EB1C839324A06A65AEDBF402F24206C7E2F78E33BC044A2518557188
113	490	F51CE9AA3239FDA19904615B199D12F8110C9A7C4E7D8373DB21F3C6AC5EFA45
114	492	DF6AC7671C83325492A94BF861AC9E6F54F225A1883E297066CCCC31BEF41A8E
115	494	9BDCBB9C8109061C0F1DB84C385872E1E532CFF8208269BC8C383BD0263C9BE3
116	496	6BAB29E03632EC69B2581DF8C219CFC4E2B6061D37D5C2414993402D0BECD093
117	498	30680AD3B638407544E5F6EAEF7D12CE31B02B3754FC6A36457DFD58355BF584
118	500	9E02D09BC30FB9D4BD6C9C2684E26C0B91B82E933C681690CAD5BCECA84F34B6
119	501	EFD76AAF6FE35C039AC3C2994B6F7596C1F511E5B879DFEF9BFE9E1FB39002B7
120	503	1920B9402255181B2B30249A705C8399B8B0522D549911A13805E091F819B1B7
121	505	6693839567BE61429B47B62941EDA4289C82C7B05957097707ED80C31CA93F22
122	507	527760F4602DDD8BE9779BFDEF2C26B7BC2AECA7E4E6347265A1E47A5A243497
123	509	5124CE3B412F5FD6CEFA04B1577ADC0DB5B60E744CDCA72AEE698313467602A6
124	511	1FA58A6D4A8B90163CBB04E1B1D8949F07941BC2D08005CA6EF3C7B2410CE8C6
125	515	9714169B7D2C3605C64BA31988C4CFEC81C7C600022FEE5969A06A592DCBEA18
126	517	B45B54E3D04E03F74FCA1DECC4B27DBEF66B1AC9547D6C5360B68ACB5D95F95F
127	519	232F10DFA72B8B7438DFDABA1D4AC933E239EA1483899A4918FDA5694D88C8B8
128	539	E48B89834209F72649526E41F2F07C1EC966CDA0ED88FDDD28835917DB6295F2
129	541	58D341E46400649F8FDDE4B8277E80813BB45CCE15C3F90AE856F29D6EFC4AF9
130	543	480C70ECFCC90FA3E210DAD41275D08EE9BC74D67D984F01CF1D1FFED3727009
131	545	AD720A87D7E88AE2BFC205EFF561DE8AAB030C8FCDDB74D1C57166748FDAAA9B
132	547	A8BBD59D7A09B8F17DF225E4D2A5BB0B3228F49895DA610224D0BBB54119F5D9
133	549	5C8D6CCE232988F5A0CCA0905473456739B8EBBCA0461C6E0D575FB19F1F88D6
134	559	10AEB0D778A7767195AF66EE1B4C078CA66C2BBF5D56FE42F3C637066C02BC1C
135	561	A17D573656F4237DCCD865727137615689B309DC6121D6F88C8AC685574A8B28
136	563	781CD7AA642C1458477C44120ED2DDB943AC4D422B3B7F28F17F04AC5B363199
137	565	8C9C2EC23DC331C47662F79F01D3F7E77BDED87020E3EEB6179F46B99B099BE2
138	567	5349A9CF45FDCB9DE82E37525F14DFEAC57321A10EBF49882A226F33D983BAF2
139	569	1AE57E30AD6AA0AE4748F84E61547D1952A1614EE7B206A6A85396CB007E1D76
140	572	51D3CE8990F684830744D25AF197A62B767EB7D2F02D2280AD3328446CED91C6
141	574	E5FAE7D125C473F59F38E3F706AB3875AA60910A951ED572BB808E0EDD33A40C
142	576	05725BB3C8B97F8E46FDB4DEBDD8D33A26A2901140D8B588D0359082122012F2
143	578	AC0A79C85D02C0E07B54A54EE3D04AC90D3815DD0487DF600D66B7B75337792B
144	580	CCFD9DDEE4D82B2E358C44B186450E3DD8ECEBE1EA484DFEEA713725056B68A7
145	582	13112B85B302CD46314B8162EE270C53D1AFEBBCFC2C6C2AC36D349B4FE20858
146	583	8B7C9B529D561D7F0F4B4C8AB82E380923FBD78830D54BEBAF378A40299150E0
147	585	F481F3E6B8228160292BBCE64009664A4A69B329FA0684A8550F1E2328C74AC0
148	587	0582A842583D2AD802F003FB670C296DF25EB6C81E047CD77D2A2C2C849F6BF4
149	589	E5B4C08A735E43C7747AFD0D70C6652C30F500D88CCE26ADA035E36F222DC083
150	600	DDA09B2710A4D86A80A5E5BD958CF17EAAE3386715E7BA3FB8B1A5F072937F61
151	602	17080095A3FFE87487C99E825C2239C7D86BED86F84537463C03994BB560A3F8
152	606	E4FEB490075C1FBC515FC68A308E57013439772552B1CCDF5EB570E037994D41
153	608	ACF62497C1489017B2E3768C84D54E3F8718F49DBBE836B9B2504EDFF6D6CE1B
154	610	65DCDA7936AEAFB2FBCE97C7AF91A93D79232970B79DA82758B2668F87A5566C
155	611	4496D782018F401F90CE5B71DDE181CCF5DA71BD63EBE366AC67B200B7E08F05
156	613	705754147022122F495C4A3DA47F4B38817D7AC4EEB35EBA471D57870F24F34B
157	615	F7431A82B8BAD8789A66698B1EEDE84AA7B652D256900DBDDBD1A376B00574A6
158	617	F8CE5612C4587DE00ABCF33C9617BB30D02FE5D1E1D54928DAE43258F95291B6
159	619	A58F28A4735C2AF746D66535EFE26E6612E78D2F9A6949F59E44D6CFC5EC23E2
160	621	F008EE5E24EF265050DCD7FB95D73882497B5D7103B3F8420DAF63778C78AFBE
161	623	B7B744F859AE741EF9E56E6FFC5C6FEC0FB408919E1A61F375F4B0C146F9BC92
162	625	8D1EC5A2EE38EC1055962B9A62214B2105EC5090D49F52839C89382363FEC2E1
163	627	3ADEDDF92C42EE759130FD3588861CAE17525E40414D1FAE08F3AD2D5ED6150D
164	629	AA02CDAE63BD59F47EE2A9EFAE045F7A1F2E9781671534235DA003765B807AE8
165	632	9DF62D0A91CF5F329FEA68501C47788E856BFBD85BB7E0ADC7F794FB09E28411
166	634	C9AAE08AABEC0BD6CAD89FBEE30ED243E7414A3ABF4DE0757285DE00D3EFBA08
167	636	28FBA2C48F154A57CC936E739BFB966718E08A9D41FDA313EAE75F89BA41D054
168	638	CF9281659B1C3C1668BBA6414148B158210450FBC3A210D3FAEE355E0C958328
169	640	08880C6B3EB6CA44534B79D1FB305A0DD38631CAFAA64BBA1B689CD107C1CD4A
170	642	58483A130CCD4CF6A1B9ABC3F066116E52ECE2145795DA4D3B4B1FD7E9A1FBC4
171	645	CE68FFB8137DF2CD92881A27AE4A71F208B4561D28928E4ED09ED4FBD5CA2265
172	647	28F703220DD4DFDE3FDD785392FD079607EA1FF7F6EE6473175E2346454787E2
173	649	8FA41191C7A5A5724A298C0229ACC855706F55BAD9D09592BA2CCDCBFC03286C
174	651	591A981EC3DC850EF5984A9A62D7AF9608C740B8778467B98547CA09A679548B
175	653	DF3D92DDD5938B898ABDA46D0AB1BDCABF7CCCF0B21919864523B32B9383AC00
176	655	B27769E5E43FE07AB60066B17FC0EDCC00AF8D2BFB5877F5AC0071434342CB69
177	657	E79E6BDB2EC295997D8915E0009938B33104AD1DE4124A0974C7446F6C564295
178	661	99BCFBC9D227D6402E2899D3000D4F01CB68298CB2C544F078040C87A0449C32
179	692	29D26F5D30CD331E5B1C2388AAB999BAE2FF1F32263D4B04F482790D166A45BF
180	696	4584E3DFBB57A7A6146704411C801D480F6D41F5B16605F4DEAD7E325DF5A4F7
181	697	42661ED6E349922BC3F68351DE1DE50057E918B5301147A947BEE633A49A68C3
182	698	D036D20264F7DF05F940FE027A27C6FD39A473C01657F2207304295B530F8254
183	699	E96E07A89F3BEE41831D85621E10B5C2857CDC527A0C48CBD313E8A03189FE3C
184	43606	FB4D69B2287F8063DFBC0EB4EA995D72AE3F42DD3E4FBAD97C277DE44CEED081
185	44392	AAA7B97206169593F074AB4B6257F4953174FBCB4D3B467E66F88F0E2EAD86E4
186	44420	E820AB3B6E3F2CD216468AA43048D8730BA91E5277B97E68F681DA42DFC81A4D
187	46420	4523A47809C72FCEFA20A022D08497C0F7E30798F4D9F49CBA1DACDEC186AA1B
188	46432	A9FC99F88F7E5ECE3BD732CE19E44826C05F789F118EEED3D290AC45C3A74169
189	48569	1699E866E4690D4D73FFDC6979224F2A9A0C86157500095A2F2B3B670F14248C
190	49003	785BC547FD0685A6DD89FFD160353C8B6BB3CEC3880C287BCB4599522FFF813D
191	54592	643CCA7054AF80A1DD19F36989524F107008EC9E98C0ECC1C884ACA83AA8DFC2
192	55794	980DD6F2EB747A5684AFB75DC9C9EC54431DAB2B7BB2FFF0ADE2243AABC05857
193	56620	D87AD037ADB26A9D902586979ABC8DD9D834FE2EFBCCC36D5BC8E777545180A6
194	56636	5C767A3EB63AFD60CC36C0787EA616803FC3221D748642067D2E385A10319099
195	58769	B17B541BD7E887F2DF21242A21BF3EDBE01C83A03B8A19B39DCC6C2E11CB15EC
196	58771	9949EB698A307EE2F8294772EB61C9F380B3C6533ABFCCB08E405221E0FE9B47
197	61702	2DC80CFE762F3B141C1CAA7DD12BBE1621B9489C70499B7475ACA966A502ECE6
198	64792	F9467B31E03CC5C449779B8810BA0971387688468E9D54137DC0E64486B5D62E
199	64816	F54912CCC223C6FD25954F214E851CF1937BCCE0206DB0D452A0F2E1635DC539
200	64820	8035B622D4DA5862A7549C27C8737CEE4AE5A905768D092940F6E75795AAADA7
201	66836	B34A70174C342F2A5BE2C1739A6359087AF2FA4A0A07C2A3DC0CB97171D05CED
202	70265	3852D5DDCDD15DCFEE9F9A0F9A09DE15FB9D48B7D81FF044C19DA36512A5B9F9
203	74088	33C30E9827ED2BBC362174F314F388D09E0B8A8360A4869503BD436B465AB0D1
204	74640	C84115EC1BBCA45E54371C0D8A723B6F1D2447ECAFCC7D77896B1639038F4DA2
205	74734	9D0B4FB05BBBDF02A20F73CBD39A759AF7B94EBB434C7F513E916B9123401ABE
206	74992	2C1475F74BE7E701AD40A1110C377CD0A55DEB3A6C521D49C142C01A450B0DA1
207	77020	42E8252C59DFE07F0C8B37037AB06479B1E14E1BF16A3AB2841B24A3D50B2CA4
208	77032	308C1CBEAE805CAAD428982A830E0FBD85E878EDA07E6B49DDC9FFA6874A112C
209	77036	EAFD37DDBB0FCE9D89BD9D691ADA508700D8CC5D19953B365A602AF10FF2E0C4
210	79169	B150864B7A3AF3A093C24B8D92F35B22219703FA54A6B0397AE0DD6B497BFAD6
211	79171	CF19DEEEACD9FD153DC3450A4EDA4EF2DEC70908A971EFAFDC416AEB22CFCBEC
212	79603	3CD3F1F69A2E1B3ADC390A81B92A8A9C364E5ACEC4D147783DCEF7BC6B904941
213	80513	EC2BC7CB2B185B1299516CF2A016459D7A094617700E6E86CF8784F70311B67C
214	82102	A65073F9B27F2D0BCA77878653514EB3B333629424B2D942FBC1680BFDE251D8
215	84264	7D70BBE371D06485BCF6C59883BE7950ED0B619B87A24BAE92077AE6B00FAF53
216	84406	0DB6D970DA9DDCE3D2CA642C85EED79D4332E7CA8C1C97593D021AEB4B2AB93C
217	85192	94165A6D2A3F5D79353FD8046B1E3CB9D18F5B0E5F381453A69517ACDF01CD65
218	85220	B368246829E1103E64B051E0D3720DC85CCB5701157AA77347E71124D1F7B818
219	87232	22819A57C4887D38C834C4AEB29AD8701C6CA6B15ED694B37E0FD44810A68457
220	87236	9E23174D8ACFF379FFE73B96C5B0A3862988CDA3CBFC93C9A6AA7D22ABBB848B
221	89801	96EABCAD812EFA7566BF9EE639C3919BEFB3FCB11031929C30B11D85F7B60958
222	90665	76EB973BC1E1E985CB72D020E231BF9899BFC442F3125D8ECD3214974F8680DC
223	92302	72973D9EF3DDCC820A630E7502ADCCADF3228EC0537140F75FF9E2C0DE3EF808
224	94464	C65530C7963D05D44C2188A6CE339817896B72477E3605D01F3C2F3DD661CF42
225	95392	DB0818E9B8445680A496FC36908F0F386F163346DDE800A4530C5529B8F4B7EA
226	97436	38DADF8AEDCFC85534998963F29E2BA2F331A1B3D1445B1EB0B09DCD0428CE5A
227	100001	983EEBC947DAA807445ED57576619F83993A0E1A6D815D4031E59F98D6655421
228	100865	FAAA171DD74FC2AEA6A12254CAEA6423EC7D02E0E18A91B88606DDF5DD5C83D1
229	123389	A9AD33850423522C72ED58FA512190CD2382EE79DF498AF555D62FB5B42193E6
230	123585	A990EE3843A899468B255BD67D4E4BE567613C2A678CE8DDDFF26ADE7BF4CC5B
231	123721	5DF8902AC7AEB8F3A2FFD8FB2CFC5FB55E732EAE598B0707D91281858D4F4109
232	123781	5F4A05CAD1DB2D170C4276AE0B25C55EF5E473C7CDE2E2F2E8EFD5FBD0630160
233	124123	DACB52B25E97F165105F7C5D397C343D0D1E3ABFA9F32243C3B0D529BED58B20
234	127358	449EAB32A6DDEF03D9023CE9AE3328944BABCB87139D8767C61D6310A12D1F2C
235	127452	E54DF6F2D4532979872B3BABA813FC4288E8CDEE3C7A594F0047A27B063FE0C4
236	127453	E1F8F93A89D905591AD56A6C35149AB4F66121F3CF75A32EB18E1FF83EAE3D7E
237	127743	62F374CEB3F46D7E94D1C4CE2555A488059F1DADE4875101995F7C4389B2A51C
238	127788	2E9105F0835D24872FCA867EF574BC2284B2D8641B2D1CD5D25E61ACA0D65A81
239	127790	61E4F46D4F58CBC18E6AAE5E08C9823BEFFD1032AE19DA570CD0CD72CB1113CB
240	128520	72A5C3F64CE237740AFE9E3D743692419B5245A88C986F460A4B9DCF59205857
241	128674	E868DF1F87A860762D2E5853885FB1C2C0EF0C36E1EDB1DFE7202FB443C80682
242	128831	189FA88B1961BA8D0ED0CCC0F657C075AA9BD8CB0CAAB5A88A2439158172E919
243	129250	9844925D68D964B47E0CBEF86588BD17CF622A15CA0659FF6844E5721B29CE21
244	133589	FC6F197E3183855F1981583AEB0B2355EF06E3D006D6E814CF524774623D4B65
245	133785	AEB9698CB3928752770C57B5BFB31FCDD576F9A97267982EC2BA58062C31405C
246	133921	1A2406AA41D13D013FB9A5392ECEC2A217A726941878DAA6728200654C087443
247	133981	CC9015891ED373B46526EC8107F0E96BD687C1804E921DE1CF0AF286DD5F9AEE
248	134323	FDC873014ACA2094675A2BBDD26E257093DBD1EA77C9C36F542238C51E31F095
249	136823	C0835A2AC3ECBCB3EB31193535C78F14859AC279771F72988C97D4E0024B23DC
250	137211	A6B9058544C60A5FCB73BFBBE57E0268DA4C5556B735FC7243E36A1A83CEA663
251	137558	E646BEA819992242329AFD6D07B137407E94D13D281F89EAE8746CDBE8010DE4
252	137559	E9DA9DC49BBF62C82918505B59BAA68BF0E733C1920E4507491342A6E18F3522
253	137652	B2F66AA1AE56CFCDF3694A4CC858D8480933B0A532667C0FE622923225867931
254	137653	D0C509C49DB4EF095642ACA6CF860406FA0C0691F7B3C89FDCA33AB21132B665
255	137941	180443AABA08ED0416DB91EF3F083A26B46F756172BD28383081FEEBD283AB3A
256	137943	40BD234E8E77E6D149A201EB8C9BA69F021780DA6498BD5F7BD3C0CF9541683A
257	137988	6833938CB4F2AF930C588064D9231DD1F303A5D1DFB65A8A24EA62698E2A3C92
258	137990	A96C45E1C2A930E29100ACE8D8C715B89F399F2CA7A80561F4A954A5ED928CAA
259	138690	0D43290AA5820D93D21267566A0FCA0F3A66AC58506C877AA120363ACF2D9D84
260	138720	63C38D83DF9329CE2EED94017A8141340A3E36C01E229BBC09F3D413CBD28B25
261	139256	D163302D6E81393B0172E7223D82660009F005DD4E18DF760929746512464AA9
262	139450	FFDBD93A2503AA071E78A1B9C632585924C458E4CB2D648046B6A9EE803C6855
263	143789	9E570074E2D93E7411551D3E830B4D1F0C63FAFB95B38A6AA5ED36685F5A3763
264	144121	B4595CE988A0D7A685902C87B0352C49FA798656CE7CB1C100F48F5CAB20535F
265	144181	7ACDBF6A380E5FC96C0C95C01990A0DD147098682BAE75B8EA49FE8DD3421BE8
266	145436	376824F91FF6CF7719317F2D2AF0D31597267EA5CD095AE09B4EC73EB449BCBD
267	146315	179F68F9F3239717EF32DC2369E901141BC8DB4E25AF01A1955365ACF8636A4C
268	148143	6A46D8D80D69B32A3184F3089F1AF6E7757665A83972E1DC132C843ACDFF69FB
269	149074	362E8F35299D6DE0B45284E2529F84B8C15C67E60B7457CE901D778384D1E796
270	149456	CE27D462A4E66D9AD2E080B034096E55EE936B3D656D2B4BD64A42C1333E028D
271	153989	D78FE1A757218D5246BF9711D04CD884D72BDD895861132047FFEB87FD3E7A05
272	154185	9575A8BECBEA1C64E113BA2010E13BC3AD7016F9B2DC9166513741E462E59C4B
273	154321	4FEF19F939EEB19653F85615CC5C2801D1C55B2C91A8558662CA6C91EEE41F62
274	154381	52A8EB833CA74AAB3F6E698E5A61BF3D75CACF1BF640348DFC6E5AAB447EAD92
275	154912	4F609B6EA7D62FA9963E34AA857A039C7FE70C84EC435E6144532DAB812B8771
276	155543	4FB4E02D83B79911B7E8FF8F47F2AFDE4190A9F6732CA45B8C778F3F3D4572B4
277	156940	4576EE03D473780E91F7C6C502B2F5BC36F5ACD8ABBCB704D2ED862D68D50AC6
278	157223	3C67D866C040E75757CA4D61637C2F7DFFA6214668CC7BB9B57B0FF13B0C5A6F
279	157560	67C84B530C531CB57F3F1468F66BD8B2E5B86928510980372BFECA84CFFBD125
280	157958	605DEF3354DAE1BE71F584A2C349F759D47D4AB42B85F988E20B7EC9DA7F43AA
281	157959	5213B92DC5D5E22CBD97777C5B85417789B3C7B681159044299760B61D04E3D6
282	158052	8CBA7E5DB9A50B9FB63DC7B09E368807B0660F214C135234B6DF50CC11844B19
283	158053	35037EE9F9833CE1AB6C8B9EF0A5B3C3707A8DD7C4D43349A4C8F6B34ED05219
284	158341	D1B3E846AF5CFB94B85BCD78EDD21F8306E68EEAEFEE2785D37CD6658E772636
285	158343	6A3C4CB761F3FD927AA3E4EBAC215D2AC04EA581399F1F082C6DAF1B19F89087
286	158388	BF274807B3403E0EE64E56605BD667790CAE18EB344D5861F85BD311E00AACBA
287	158390	BD96AA5AD9DB45484254B1841A27E2F68DD19FF0B30523EC4CD018F5D4C6FB0E
288	159090	3A273B0C7907EF75B783C6291277B48AFC4BFA0B27A00D8F1D98A7FF9DDE06E3
289	159120	E0321CF256E26D7BAC798DC41CFB0941058D9817621251642726E8E59343F0A2
290	159274	722E11237E2C3FA8AE550507DBF4525F4C826C6AD31628E9B25F48ADBABF36E1
291	159431	8D795CF55B2645D900CA4CC521DACF7407FFA5A8E81B2A7E008834F12B4561AA
292	159656	394E632C51C5BF643FA96C4B661FEC8E719C04710441BC5193AF847B7F69BEB9
293	159850	1986387576F70F4D5BE8C53B526959BC4E867E0C83AEE1EB84883CB60856F97E
294	160386	230F1B233A71AF8AF4D06A439295B632B3E6A46EAA364FB7633C6857BDBB924A
295	164385	2802E4159163B30C3B8B1EEB75C04A3959DCA07C085065B713298499A3DBEE83
296	164467	784769A1EEBF1F5BE5ADD4E3BC462038D24B1FE7EBA42D28A8D8DAF57BE5C191
297	164521	A621B886F5A1667FD3E6D735DEC2E1E16296E50C2002AA0C34A8FD95F147BF8C
298	164581	C05519B12BFB8D5B7E1E6D6993D5F6BF7EE3F4E95056B48B22731FFDDC51C1FE
299	165743	A71475713CFCBD06A76A311EA126F0C980A9C0B8C6B4797A8CC6704E3F0F0880
300	166560	E86C7802F2F40F53E1064C761227BE6767BE20B67487000E2C3C0846B7168226
301	169474	932BC4CB4CD18BF6E871E5EFCF9AFA1290046BF976666249F769E9BC981F391E
302	169631	052F548EEFA6C04105C44271C9343BC71751E23424C5FCFD17DEB317006B24DD
303	169856	AEAC441C2AC94744BA378379EA728A6C463C797188A1F86A6613F2EF786DF723
304	170050	DAB7A9F15D2DD8C86748C25A852FF03463F3C1D714166028BC9CCC4FEE93544C
305	174389	4B698EE77A6CDABAA8948DD81C62A849A8E941657522AC49DBFBBFA181A324C5
306	174585	79F92955CF77A9EA18324B487E3E30FB30E9266361324C5621DF0EB0A35FA8BC
307	174667	37E62274F7D9D0A0464C2E6DFF6DB8DA1A1DBB602E62A887C8299D26EEE50583
308	174781	6B06D8C224CA6990BA5E9C44E6A4E950C2D6AF5506E4788FD10BE37687952464
309	175312	7A205FC223FFD31854382081EF197F16B26B4C1B06E02763317321DC125CB1A6
310	175943	74C9B9A912C61BA0C210CA6357B354F5B37AB59E84D0D6BD6116F5C2EA8A9791
311	178358	467D26CE3E60294A6FBE89F7728459EC0343D1E7431165A865065F9E3DF0D81C
312	178359	C43F618C826616B9C40265A023D51F74D6288A0A3A4B08F05FC94E085E4CB146
313	178788	638FE287E6554C2B9F17E8650AB0DFE02AC182F504486796588BD2C86E2BA5FF
314	179520	3CC338627ADE1ACE4A2E0F55CB29C3376587344FC46D308B947782FAE61E95DC
315	179674	C83E3C37CDEE097708B21DC11D08C1A6562E9FB19B1382C455098DAB61CED9DA
316	179831	0CAAD1CA648DEE201514CDF4E868BFB4C24105F587872BB786A12E5AA3BA625A
317	180056	5D3EEB08B58CB1424892F3E5C5C75E9FA4B15C6B44F645D84B1BC8A7304D6F27
318	180250	17937ED9818B6F29C18F73DCEC11DEA1D44B91BD911FBAF010A8526A5EA6110D
319	182917	22AAACE8C2CBAEEC10D8AA916AFA3BBBCDE74103F671FD311C0018C8F9F420D1
320	182920	270A8734FFE4F284BAA9572A1E11FC05D425F0254A747936D490C244EC851811
321	183663	C0F4729B09FBFA52723841AEF57651A8A42060378C20D8D53F8A08B61F59E37B
322	184698	B0649C3E120104F33AD8D3A7599E305C55D5171111A900CACC70F6B567918EAE
323	185035	92CC2E073C877635E70014C1F2FEBD7185996C9AE8792E0AB3D9BE4502C385D5
324	185226	C98FA7F71C39065211F84D6606D4668CBBC5269BDC65B075A7E10A28DFB36696
325	185418	72EA4CF416A66C84FA416B979D734AF5D3EE6D6AF6956BA7A79E68DBCBE8CE58
326	185653	536D1E9928A566532AD962C602FD6089A5FCC23FBBDC456049F9C8D3351E1769
327	186580	01DFFD185575A3536F92B6DC0D7371240701997CF359AA706B24B5300B2B2E6D
328	186792	842C16454C67C43F6FBF173CF04409141EDC3A89F48CE236B29472DE0CB61389
329	186859	33ACEB5848482828B14CBD5C118156428ABFD6291799EA29A06C7F5608B36A6A
330	189196	D9F54E4F2EEBFD829A0AC330EF9E5227FB373EA641CAB34103B9A1737004941E
331	189198	B7297BE1ADAABA890C9BC0500CC09AD58522AAC4C7220A939550359BC62C98FC
332	189288	42FB7215A09AFFDC077A5EDC04B2B481DF03E25A9625CAC5E1346A9634D14A5C
333	189290	E697939F816CF79B79977092BB06EAE02F57FC2AD45406B1F753A87B51939567
334	189850	468D7F55E51F55D16F6A6ED99ABF88D6232F23906ECD4AC436E517F20B773D95
335	190672	820546AA5820970202DDE95AA9866696FEC38E344837EB6313EC47621C6E07E7
336	193117	51E8C27D5CD1DF04F93C95DF593A530CFB267088338983911D5B725DE6E536E4
337	193863	F1CFD0C2095326C21369B79A46BA16FE098F74DE5550422D7565641CE0059194
338	193864	A1751F33D5AECCE365F3E115B08784AAF602527F65C2439E5219BF2FAF0D1958
339	194898	AF1F0A005BB8B673BB3A9EFE22E0E145A21ABA5D886D1789DC25F54830E2CA15
340	195235	E26027CA236CC6D35C15B94533457E91710186F8926888E0C42A7068D7F8D54B
341	195426	919E55B52CA192FAEE4A551AFB2EB00A82D695FBD7535C44A9902728C54420E2
342	195618	F09BFAFD62CA7D5FBEE45916ACDA7557AC2CA9B9242C64EC6E0701F4ACCDBB50
343	195853	2EDC70CA15E8B285B22711BEF48D6DDC2BAD654395B6CEA8CFF593021F5D5EEA
344	196780	74E4D802D8925525BAEFFD1AD341DE06EF16A215DD528B906257DCCA56EB957C
345	196992	65AF33D89B2B844433614C3A14300C5C130918827D0C8BE41B7FC8F3D1907DB3
346	197709	2FB1432FFA268F2C0C19F24AE82D08ECBF7B1FACBB733EBC7B7ACA55414E70AB
347	199396	325FD5BA728C7530FBFDDACD4B76E4E598BB653EBEBDC68CE9AC918D50CE1867
348	199398	FA776EDEFE9FA4E74D60393D6EC92668972498C53A1F9C458C877F05D301D3B1
349	199488	FF91F85488A3AB7FB6044881DB6A6AFEE8D46B8380487ED91FF5152E75967C17
350	199490	0CE165E7693AFA4B29C5C12A5B5833032E84AFF4D367E0F22D9FDF0D808D3E65
351	200149	8F026B6A61276720C64FDC91E7A1D8ABBB94D52BC9536E663E3D35FF5A39008B
352	201184	C45EA0696695DEF87B22A0DD70549C0AB153DF363842F82A19393966723AFB78
353	206053	BF38948D6EED48B945AF35959F28BB96D3DD519AD27F497510EF8DEA7B9AF856
354	206980	64EBE0E7F26F9A3C517285D256B5E1E60528117CEA2628C0537E4955E705A7A8
355	207192	AB5BC71AD2C577FE06CB9519998BC483F18C63F45627F51E25CD78B840FCC254
356	209824	78DC475F108F214E428C8E6D7F1E1469FC5BE62512E6C49EB49E48AD48689BC3
357	210894	46D7DF4C29567670F27ADD92D68DC909C17F48C7F99F4CEA04CD7406DC90897E
358	213520	806A45CE97ED5CBF8A3722BDDFACFD3DE2DB95972EE23EA7B75E126C403DF818
359	214261	E265633EBEF7B92F5E4DE0BFBA4CE97C9FD7774B1516CDC7D3E8359DBAEBE985
360	214263	9637FD1086A8770329B9B2C6CE7C0C930E1D00F18614EB90EDB3F1C20B62C635
361	215298	1DB0AADF492B7F1A694131F821521F1FAD36B4294C7FFB33A0DFB24BE8B4ABF2
362	215635	7EFDF99C2B2CA949537EE95E84DA51B6C38FB147E590562EF7777A2F11E2DEAE
363	215826	788944D225B480E95692A21623D929410AC1145B8CCB0B3107C4118A1546F15E
364	216018	7F2E8289D6BBF984BA667050B851EE815183B63A85909A08F2A2110A6A2EC2A8
365	217180	CD93B850CE1FA5B00F0FCC9AFDA3753446B86C287AF5047FC7361C005E147D30
366	217392	214D9B17C19E866987B0D346A33A609A10FF48DFFEA8DF5717C4380E45FCF913
367	217881	7984B5D83870FC0FEC09DAAA33D369708D07F6A4CF9B706E36638170D1E33456
368	217993	4383BC923C81E1341B219FF09844521DB25AC04383F715C171E4610E38C46F6C
369	218691	B6811762D2D5102B9E04B04E424D75C9A13BDD200C4BC2DDA703284BD577DC8C
370	219796	8FEDC80D07921CB40D545F9C404CCF02EFEDE351F90C99A38ABC409D508E1941
371	219798	143A99F502C92B7BB599709168562A76D4D1C7460F59E35DACB0A3069503B68B
372	219888	1BEE55763B412B8BD9FA504A71C76B04E2C882FFB62CE8AAFA4B4BAE7DD534EF
373	219890	93A168BA31FD32A40056C05CFA59B0EA287BCF95AFCE9EDA79CD3A21B96B92EA
374	221633	7E6D54E360278876B7771D69A907241E9F9068011B1E38B14BF4A39567A133F6
375	224464	91948D7CC0BC8D78C1A9690EAE329EE4692ADAC32E513FE6183386726C285472
376	226026	57ADA6E392EE99E129B9BF8A9B8A9A80611F67EFFDCD712EAFC2EB130C10CB28
377	226218	88644AC35084EB7C11BBFD0A09A01447FD1445BD685B03C872B79987EE3A02C4
378	226453	3ED8224EA60B7B1DE696D71D25F303F9E733AD660C684F20B497EEBEA4CD2F02
379	227380	98CFDA2845D68EBF0676A69FDCB3FBFF4E924745DAF38D889D783D53C84F7473
380	227592	0AE163B67E00FA6705A1166965EF617B598507B42BBD7F227DF31C830DF72A00
381	228081	97221E0A83E041CFF836DA5CFFEAA6907070C8E83A0A6B92A65391147A140DD0
382	234663	3563C831D6ADE14C5E6968E280321E356EAC77A2AD1515CDA2809F1BB6249823
383	236035	46CB0475636FDF98FC57948161432B07404066DAC66A7540C9736A0B79B575F6
384	236418	B96E951FF387147A35F10DA1949273FD46C052602C9D2B3E51928450C1BF7B65
385	236653	9D2F11CEDB494CD5A2840596BAADB60BFF6B57E322D920FB1E1FDC581E29733B
386	237792	78A200D714FD5B4E35F99CA03E7715A239323647C7F50E12A0129CD5C8FA777D
387	238281	BB8F513CDD28129B7D75CD1BB32C8A87EAC7F4D6D5DCB62760F854C0864D651E
388	239351	CE147E82119028131A7B5711C2C85ADB55AC9D50DAE1AFB172153C67344237D2
389	240198	27D432C08D1799609770F4577D00B2D0F3CECC8FF4332345A2463AA51F40DFD6
390	240288	A6AD52B76E3EE62E44E46D4F3D8AA089EBA5F1DCAD3AA4CF084EC944C340E74B
391	240290	1BF8D66A23B21737937B5637D1C52C382E91A43765D6CE71E81A523BF0A442B0
392	241672	C0CC13A59E2C348F01D03CB8A93D03CF9518C0AE9BE4F5A62A2C8C9847049B5A
393	242298	EC620962D23214E6A7E9058F7F1660A5C32375B2F11331E2A1032CA88674D63F
394	242778	757A1775693EEB7785918FC5E0B5C850FA839463795419B0B01EF8072BFD5B00
395	246307	3D6BCEB465D6EDBF10AF463CDF772DC039DCB92E00E1C8465C374E7458056964
396	246673	F592E8D60DD42A16C0DC4D537B61318AC2D6A8B8B3973E85A52D3A739154FF4E
397	247038	BB96DD9E017B020929ABA3E146416DF4FE5AAA9C37FDB92A1054E8228F4BCECB
398	247812	6ED1DDB71B58B3B370CF0397B161C4DFF0F2971E44959B3CA202526CF24CE862
399	247879	3700B832423BC0A1FE8D24638F402E9F15660C39A5E0D58BE031CC1C48B3831E
400	247912	EBB53BBCE3CB2AB879167B5B0C01F7B9A932113F2122D2B07F6465967ED97620
401	248391	90B2BB07500711CF67A5ED0826347DE719BD8803CF7C33DCB469DD3242FA92CA
402	249724	DECD5FAFE7291F7AEA15F2743C5A1522D58BB3CD2ACE433896E4D338C89D362B
403	249734	792E2243A20FBBDD7816D26E25BAFA21AC9DB8D2508535FF7F7E92DD85F4B168
404	250012	66BB217FF55F5AE53D2D30C9EA999BC9B4C8D6E811188C64D7BCA74E1BEF98E4
405	250197	D46E27C22C555E4ADF74A4F91C0C4D67F6246185B638E598ECCAAC34966D1DA7
406	250258	C6EA1750905FDAA5617C112C50DAD084F56F60D81E78002938FED2AA4600DEFF
407	250548	8E596D78BF7586B433E75F18EE1674CA99D12E41170759DE21840DE5DC72A78F
408	250556	8DFAB541EA109B7BC43AD88E04CE413006616C1C56A3AB26C0E02230C24C7A05
409	250740	A291E4F8649EAE55C20F3D57ED8549DD2B01A4E2A4B4AC08F8840BBFE3988A0E
410	250786	979B37836B28CFE25270D9ECC44519B64BA531E200DFC07CDC27BC6ABE00F17E
411	250787	1E98743AFFD6A9F906C12FCE0F9B0CE1F40E56C598975D1AAF0CDF1B4E432513
412	254566	58348FEB0E5187FF3224C44924DC6CEEB320E1460330A1469F8AB8D7A5743679
413	256106	57F726301CEADB6AF16463F6909F8E0C2D51096605E5BB11B927DBDB3E8FF60D
414	256452	45B0200035127D17052E1A5A5163FBE1BA32B1927DEE3D30B7F9E2BD5322F670
415	256903	C57517B254CAC2643DE749511E1AA5DF5081617F6C9082931DFB011DCCD53FA1
416	257258	4C4CAAEEEE5A2DBFF37CCDD622D0C293A6CAAA54FCD8991ED4B900E3B0A372F2
417	258229	CCB6E0405544B242096014F75D9CDBFEA5BBE10E633AB210D9E8F3C377C25A2B
418	261859	45A30D23C37CBBE76A4502291C324E3099B227844D4DF650F3C5053AEF2C68C7
419	262143	7F4E1DDD0A0089699999D637025DC36FDE405B243F9C3977B6F5580A98D20A75
420	262151	18C0B02228A349A7665EC95AB74EF0A690BEA72837857681C68B6C6AE554B122
421	262153	7B103537DB36ABEB27F27DD0F71FAAA79F5FC07FD3B88732FE38ACDAEB816C11
422	262350	6ADE712B0F68A4249866119D1690790770FC7EDC702E50F539B8969DC1E03DC7
423	263351	EA3276A03DD50BDF175B8A66B9B4A415042672A619C870C844FF78002FF20524
424	263359	9641FF94397CBB9E9367FBA33C83A76F257977DEFE2F3435FC461C222C401D74
425	263505	BC907C183D2CD15C115E957A725D8A5BE0DF052A7E4C620BF15FB5C21F180AD2
426	264400	D73533C88754FA4F9A764303A81265D55D21BE68D71583DEDF080F62E7E7D498
427	264519	6E4EBEFCFF9BFF6B96C991DA5DBBCBCC9DE9037C3CD14A087CFD439185C5D278
428	264541	F13E053183D88F904A456D6C8451AD9F29229015F8F017EB669B341ED3AB562B
429	265204	475158AD4FF7611D25BEF61F8259109E8B954B813BE30E118DE4A9882B5ABB03
430	265205	46C7B7A054714D5698982104EBFD7E820512CC03F7CCE279629F55864BFA372E
431	265214	B0B9C8351A3368DF025153C5B92C350805BA21CAC7334BED9A912C2D66AA4764
432	265215	BCC60519782B99046BDDECFFDE4BC50B5A38432DFB541A4EAD8E11A4A02F2257
433	266155	F32D66991F92CEAF697BEEB53CBD4E801EFE79328F7177ECF7E8833D91774F71
434	266267	B95397461F13F4F07BC2A96B7CA5B2156720EB0543AE3DAEF7A0417652FA301D
435	271248	60A823F53DF4A6C704CF8474291714023A218E38CA39B0E2352DFA868126DED3
436	272963	CB89459285F755C2866724BA6EE2C9425456840B8881175526D559F789C1EAA8
437	273345	F5DEC2FC0ABCF34AAA38D9830E62CFFD4A2180495D9E5FCAB27D7A5B14FB6C76
438	277370	5AE0D78A0AA734B41E3C31ACEC7C6007FDDE838C0F5403953D45208F6457F8E3
439	277631	84DA1A7C85F080BF4894F35595CC48CB3CB961C43ACCFAE64110A84AF1BE9C34
440	277633	613A87144F13E7C7724C0BCE7602CE31FD891C7CA8A1CBBDE48D297FC6704F43
441	277761	C284A3A24C033304DB11D01DE8E134FD520A6DCD1FCB8C70E2EF1433402A7A1A
442	278205	C347696C674FB5DA3289DEF1931BEE69EF543DE7DB86C6D444BFEA72186D4E4F
443	278823	C51428C297E1CDA58ED65A86B451BD7735D3429B6A861E1B1128EB0D2CE0B3F1
444	278839	A8E4FFA8E71CE93869DBABB1AA62D2BD896D786009E2326751E9D5CA8972570D
445	278884	5099C8B1EA641F5B5664353EE691BA8BCB4316BB13C12547B8B0041DCA6BF0A4
446	279351	D4B8648967788526810FFFDBFF5FC59C4E32ECD455556C8AFC7617709B386F40
447	279999	9617FA46E5B938C85E83BE4102CE76EF2169E9EE1B847653D7F1D3AB8DAD8513
448	280684	122CF36A96D6F795842EE18578BEA604531BE715CFC28325AB9ADE37ED9713B5
449	280685	A69695BAC59F3516F7D957A59DDC2990334432860858B74E8B99D68884F3E6CD
450	280694	973A827CF9835E22D813FFA1B43ED5548A3ABC55586B0B2A58FE65A1EA731138
451	280695	4CD55DECE683D776F8C6537B511B5587D9E51DF63E3038CD519EB5B40E26F81B
452	281746	FBC302FC513A4C399296476277C37F18EBF7F427797BD19E478DF803035DCDE5
453	283183	2B56F13F0351B8566283131DF7CBBF59C3EFE0E6F4F0561E7882317FAC9B5D96
454	286497	9CDE5D41EF1B99045560E5B8212586DF39C8B30C7B104D20252A2594C6B3A98E
455	286766	5B500F0229E27F233AFC249FAB2484BC59DD75DA20B887A3A9659C872BFDA687
456	288213	1333FAF7DD793ED85DD73E5B78DC0AC348F247FCCB3110979CE3436E1CF79652
457	292819	2FDC1FE1C8144D1383B2A9E705656F3B7DB1AEF803BD287B3D619DD9A1B18611
458	292886	BD5FF071A21E1DFB1039A71CDB9522E39474F27150D8B711732C9F3F26446E09
459	292912	4737D23B329991AFBF58D20E0BC2DA2CE198D12902918F9A99C93C734DD7904B
460	294252	07FF232F2EF55ED239A8B6C736AAAC0F873B01CFBCE425A3CD7295D1A784F198
461	294522	5B34075494DCF063296C8174865BE013564C09230D147EBC6159A200762562DD
462	295501	A3E508B8AEE7ACF11AF635337B4DF313729822562C549CE47D7E7489B38B4C54
463	296164	8BFB4B04F1A322CBCDAC5889F8662F96BA48FBD8D1B8921DB71A2746915ACE3B
464	296165	706F3689AF6B679E88B22AA00C3A0962E6AA7E434C7B8469C25F3FF212724B49
465	296174	96DEA23DCBFF9ADE4F8411DC1062723E4F3088C4CCB0CD4DF376E54DCB552296
466	296175	B71BA0838FE1535C7BDCD44752EE2FA129A14C31D878306E6CA7425C35177626
467	296698	44A7B70650476BA18D08E15D84FB02D8C762CB901B598939B649F543B8C25E63
468	296996	D8C9705300C5C8BA882E8E31E21FEA132607559BC09F641B3CF85C9AFA8B96A9
469	297181	E866CA5CA9033EF99DDCF8F161E55F76EEEF672CABDE7FD30348D0A5C335DE30
470	297325	8AAC53DFBF9B3152F3B9320E3E53AC17090B178BE7F4ACDB85207852C1F42661
471	298462	BEB1815C5EFFF6A0FA72702820EB150BB9AABDF5F3B3233C14800EA7F6BB8B75
472	298663	9F6567F179FDC5003AD51BA6376DB1EAC7F10420A9D90212852D69338BA63A2D
473	301427	1F883AE43D5617A7074A684440BC8D4D2924A34055F24C929AFE81B09113D987
474	301445	D83A90BF6E9FDA536E8884A724658FC31B12D17D9F9B3D8242FFEA8D5CAC52D4
475	301945	4356E79C359827C5E13CCD487DF22A28108D66FC776AA54B611080DDEBFDE627
476	302740	FAA5B0B88C4E6B0D5757675504CA870A4108FE2B7EE25AB7674E5FC169CCFB30
477	303520	CA834D7679B808502070D41795504D0E0C56D58EE1839277119FC294327918EE
478	326546	CD4EBB54FD9A656F8945F5D72FF6C08691D6516D8FC5631A1F50B5A8A2181518
479	326795	034F5EFE7E9866DDB40F3E824DE04B2C9A36D016A9A1548676CAA8357D52544B
480	327074	CBB62F41E5C6BF6652A2FCA59D13E756395D5AC540B6FA48C944D7941B54021D
481	327214	EE0B255E98960C841DE56E7D80B055B988808B4590CD9C2C79F7EC8A32F2B9AC
482	327565	503DE35A34B8103795C540AB0DD4AAA30ADC500B32D9BEE068E0BD5712D8D01D
483	328424	3B984B96604BECF82B845664D155E451BD5C25CF00F23B133C57CB2CE8899ACD
484	328944	22325BBF86AB023BB7DF776BE8FE8A5161D2426C4FFF2E49FD983082894743D5
485	329125	2C0F2B92D0BF667AC1D3EB62FC8ECC0C081EC832C5AF38F4B90D73AC3B6C0090
486	331076	FA4F744903634CFD432DC3E5B08C943B3536C9F732457597CE8CFF93EBC0617A
487	331078	2B386C9BBFB9E04E96CC726431BD001B7F2BB05E9C8F4993DC1EC51B408FCD72
488	331124	9E87AF56C5945B5A1461050E8E165E39DEC3EE85C367D7BA26F7C546CE4034AE
489	331126	DEEFAEDF1752DC4A850CBCFBD111A642C4F3C2F836F27BA606D4A0539938E83F
490	332332	B23D385F7D520BCA580346C8B4FE56C3F2024798B71A4DA0DE24C47B0B847062
491	334831	6532621FF5CFD15309BE4D93F721CE6F1E26363B2C6ED2F29E5E168BD23DD889
492	336995	22FD91BC80E533BA0DF75E449C6CE182E0FFDC3AF51B121170E30105A9F06224
493	337765	A8CA5E7A8067FE6BB4A83D0AB2B0C4F0035D4B77E444BE64B693401F83ACBE1F
494	338624	380DA7B126235709DB67155ACE02AE8A9433D052FAF27A1D8C3CFC06A326953B
495	339144	EB9CD84D996C00475D8DA5E781B35D8BD56A01984C9130D830DC0880263A0C0F
496	339211	108F263B8B44D47B6DB8CA6F330BC9DF6C525751A565A88BA004DDDCA4663389
497	339325	083DD09E7F05CA18BEC5B19BB88104D1FA18D1CC95434149EB2B8025E7798372
498	339573	F2FC8DEFF9A78C531534480127E930E2251EB9561EF02D6656949A41989D5059
499	341276	634E482BF57E83113388602F02C0F8385D8699BE7E42534993F17FFE4A8D77D8
500	341278	C4830335ACFF2B380E7F278DC585B9A55CCDD612EE44A4202386D6BEE7CF9AC3
501	341324	3D0772C4FA057EAD4F73D73E31B01F741E2C375CA337E2EC2F9C16483EF7FA13
502	341326	6716AC55B5452DFCBE9322B65F500BC61D33CED00A506635B9044038967B0D22
503	343075	99357C2ECE903DBAC39A1D11CA7F9E7E1E71C2306F0D0EFCC4DDCA6747E4C94E
504	345031	87601C674B27A4337DD06E5EE8F6E360C43DCCE263FEFB853FCC860095396B72
505	345883	08FBE7AF783FCF136B90CF4B023A38DF81C0F901039ED8541D153509D0710A2D
506	347965	030503723030486880CAE61A5A30DB97960F6F745DEB5A0DA2FD75BE3D6A3EC7
507	348824	3AD504902F1E973E929C7D71AD28958E9385510AA925758B06DA865A7DD845E6
508	349344	FA4F94EB94DE2C74A0D55B58B89CF1D526109C16641264D31A34BFB771FCE81C
509	350385	38803E4E021EEB7759832BE086A0D554887C0D06FAF113CE1DA546447A3B0FC1
510	351716	DA83EB9F3C2E40E1D85DEA8EACBC9700306A1256298B4E4A4605BB8C9BD3A5E9
511	352197	4F20B857DC2B1F5047E0FFD894019C9D02DDDF930A8AA9EDD71CB2E99EB9D631
512	352363	CCCFE160AB2ECCBDADB2528F59EC685CEC9C579F65738060F24942875DF6D7CF
513	353056	3241BD4B90A9B516F0ADC21F32BE9D69435C2FD155F7C7A512CB744EEE9D58CF
514	355234	5AFAD955F49069FB66C01205AE44772FADB74B4704CDD624A0C680DD61EC9CA6
515	355235	3BF1B3C8337681420C3046A605F35EC98ABB6F728220692260773D3971D1559F
516	356081	1CE99363535DAAFC5A19162E36210FD1351CF99277950DBAC2E1BB3B3DA79517
517	357146	C578F708C58EBD4CC7B19BB846DD1E4C3A418197C4D2149DD6EA2238A95570BF
518	357395	7A5D4761EC85788D5E48F834C9A946E27B5F39263AA365FEEF6D7CC8E0FF2CA4
519	357814	5A279AED24AC178384AD8CBDDF170BB6D3B506BBD840ADA8A9B7ECC23765EE8E
520	358165	DF3E526CB51815EA479165E7DE55DCE7397762049A6047037338D865226535F2
521	359024	CE69803EAC57128CEC284FF3E2DBF51DAAA7CB0AAF4C71639C4CA7E0E4EDF1A7
522	359544	C5A732BBBA1EE0BD44F6BF9ACCD3E5F577A5C78CAB05EB84D4781D37A421FF91
523	359725	7D87722FB3A0C39926846A36CBCA5BC02FE2414A68F3FFB766711AD163164FFA
524	361676	EBB44B19F29993973D11A4C4A7C1EA5C7413D790CE94BBC1092B388675BE028B
525	361678	3F3E872B4347E2E1C83B42E9184B0A1155C2CA7228987FC4EB4F7CABC54C7709
526	361724	B0FB791FFA956234936AC8271DCDCAFE3E72D460B211691E9F69559D416A5D15
527	361726	A41901C22AADF7FC212A0183575982113845C0C024AA422627D6B7B6DBA525F9
528	362549	081CC80BC2A5C5ACE61E9D8D4A94764DBAAD3625389611301AD7FEEEA6C1E7AF
529	362780	C6E86A3A1B1F1F2FD55C959AAA31F161BE84F54D7D5CD222F06E001C81A0B251
530	363931	BB5A80186A1F15668B5479D2A025A441980F0FD6B8B423888DED4EFC7390FA2B
531	366281	D0CCFA17086BAC03A33BA0D325C364792AE4C75912E6AAE21B38CFCD4178F558
532	366282	CFAA867D9A1A90D6B6B01974ACB0D5B409B1DA65008A3041AC0E47027692F977
533	367346	EB247C00836A926CFC6D19FA2F6E35C5CE4DA0D2C8E81280A9B3BA8C93BAB76C
534	368365	A406137822FC8DD756FE5C61FA92DBACE842FA537524172960B5062ABC44FE41
535	368595	EBFA15C65E8DA39946CDEF21A1033300119B0550A462DC770CC01F3C2E189128
536	369224	F6F7BA2AAED313C78B29DE2BF4A1766690F8A3E90D8023108850454B3CB155A7
537	369744	9C56018EE8667ACB12ADB2F1A978D33E3BD1DCE0BF6D1E54640A714D54D420C6
538	369925	46167A796A9916250489450813E0BD5D5977406EE125248F49D08693820F5DB3
539	371876	B2C1CFE3584C8621A3F7F29FA8B88AC753CB9C073A8FF03E44D03DE528203195
540	371878	F44F3D8E07600DB744C7833CBE92B1EF691E3BBB9B9E92E8CFBCE198E402808C
541	375635	16B230C861737327CE56856A9BC372B5F5ACFC6004253CE5D73297AC9E5F8B5B
542	376481	0768BE8B6BAC2AE0E2CD65AC216CFB8E9E78A345B6EC8260C7859F2E0B055B89
543	377795	96743BE61A2E512EC989C7DFFA3A59B17EE4F7319D3BAC054DB1FFFD92979B8F
544	378214	62E4BD02420724A91BF326E8AC383883BE811D5B9F59A38A85779ED199949F3F
545	378565	32CC035CA6CD41EE059CA2FAA682DE7405A5943BC01CFABCF0A5EC808D1D5BCD
546	379424	8ADDF37731A2421A8508210C0E0F5525AD539C433B568F084A492D451B7CBD68
547	379944	9DCBB7E4334A0442A80E44C6CC2B18CE15E9DE2E74DEFE4EE16CA27E84784977
548	380125	67A521EC15184EBBC60CFEF2EFC441FBDD4F4EB7E124187EC597117FF0F58D6C
549	382963	F31DA036DB781C13BBB24416921A3537EF1745EB05CCBCE92D21DF59A518891A
550	383180	3A0B9337654DE1B44518137C01CCDB4FB2041FC13DF9DF531F5ABED44AE0BAFA
551	387605	B4FE84424278164D43368A48B2DE06E74D2EBC2797F3D7F0921DECAA59CF1D4F
552	387821	DD7813C447A3C7D59848893C5CACEAD845F721E7F13072BB341798933F659CE1
553	387925	612DB8D1077688C5696E97632D693D414215DD68CF77D3B665C4A2E802C11334
554	388057	F2EA65D0D0C19DD55A17C7369A872FDFB2AB780D22C9444E1F64869B47807DFA
555	388576	88794D639BAE56EBC10F0A257EACCCF1DAB2AF2310EFA2DB53C11E37578EA289
556	390266	7C347E82A21DB2C23017FE78C208FD25A01AB296A50D00B3435DF3D2445FD72D
557	390592	5FFBB5517AF1D48CB555C3D3FF1761D14A497CE6E3120F3BEBFC7768C47DF8A6
558	390899	2856C2965D9610C4F95F1C9CF06937C00C2DD653E2959288D2A0B3FDCA56F8AF
559	391594	2AE256FC65832F67250293056D6581D7157AB2B58A66C0932C7F17B3E17334EE
560	391788	98A35A6FBE8A03490FCFAE48A6143E815A874D3E4C21B949DE5A711474D54FB7
561	391979	319D8471DAD489644643F0538B22AE638EAC7B60243425B16A7B85AD8F9F9E30
562	392078	0F7901179D1145136F6F6820194F43AA91136F89D5DB6B330EC7181612998451
563	393059	2132116002D98D109E18C65521E97DECD2AF7ABDB1F2CC051F615752438E34D8
564	393308	9B96B38232873BA98F925546801AE3D944F055A1CB8C99CAA847CDF83F0B8FEC
565	397805	7D7BFAA4DE3E5F4D00A29C87E4A045EA752EC692A9B6E89BD18831DEE1827A65
566	398125	F4ACE59DF4124287A3B2F6FA075BF0924DFE84F52AD8858703B9AB12E2B3A335
567	398257	539BF3DE37E7C45C07AC31730FE60275100B989C48EF99507554F2B29E76F73E
568	398482	4566AA2E491463C05F875AFE96B1BC72350ACAAAB840DCCDFBFD5FF976E77142
569	398776	433160A0C35FDFF58D6F4433BB083BF72853F1407F9233646B33D33FDC7B53E9
570	399455	8DA1A697FFFD16142EF490ACEE9B6A92E57919CCDF7562FAB0B33226FA0F6D5C
571	400792	B1E4FFCCC92671EE3B9B7511F741DB316248C898AB8BBBF6AFF5BC1AB991ECBB
572	401794	655FA48E992CDDB087217B04D1D19DC30878D7B08073563AFD4C3EE33C103AB8
573	401795	2E4D2B7D4CF8688171055997870B0564CD43E6F5EA4AE7931FF1451C547D5B1B
574	401988	E01BD9C4CC0610898CF95FA9A1770546BA94159845CBF3AE3C7511656246DA11
575	402177	582E1AC230D4B41B467DACAFCC6B3310755ED121E02D2E4B3BE57167A831C8B1
576	402179	8B71699E40C09EE9B62357E9BBEC52CBDC746679B7996F4C1D7CA64ED3974FA9
577	402276	9780814792F50CDAC39410686819008395E888FFADAD5B766639BD1FDCF305DC
578	402278	737AE94F1BE2582AF1985B32BB792AE821B06764F46F2919514C54949F1E2AF4
579	403066	490E6A1A65767294152503D02F0FE71B54935C24ECF9E4CB43ECF35A5EAAB3BF
580	403259	F1CC4E1DADFE32953E1B4B0E0CF370FDF57C2AA4BFEBBD4BB5ADA8C8D1488DB6
581	403508	47A2BD09E279906E70420A8E27F4306B22E63D782E454620966DB544BDDDF0A3
582	404026	1307ECC0880419DA6425E990F0EAA4E41D722C36AB0C4EFFBCE802FD315CCF9E
583	404224	58BD7D1E147AA2D2120B0FBD7EBC7CF3A2CEC73F520553BD3149FC9B39A96EE9
584	404258	A213F0DDDE0FF8B0398A6E6692A9D1D6835FDFFC5CFC05F5F08B8E03A401095B
585	408457	72CCC5F75E69702E175EE07BDDB35430008C367611BFDBE133D6FA960F8B57A9
586	409655	A08F82FBB2BA5BE83EF2EAF9731EA662357588588D8F590E88E48652CA51221D
587	410051	18725EB10431C0274FA76578B7ECAABCE78CCCF0964CF6C08A006F758E0D23F0
588	411688	641F1527E3457BFDD0EB2338C0E95808CEDEE968A96F60ACAC968688BA46B964
589	413266	ABF32F0DB9D0FB13F5E23111FB11C00BE64FBDAD240E41B3533E4D390E2C2AAD
590	413708	3F1ED79772267DB07546437D5CD862A0F5F475664CCB3CAB7D01C2B2AE948E23
591	414473	3CA92CA24DBB6FEE2590E64C0DDF3F25C823E00F2DA4EDFE83EBD37A1B3B3D84
592	418205	838FBFF9CBDA93EDDEE0CAA9455B54104AB2463B09FAFB2FE5EAF41E4226E8A0
593	418421	764204BFD5841D71087ACC9ED80E4CE4B74E982E1667C285D7AFED6AE4B3C74F
594	418525	1DC4996D85581EB5EAECD2D2A0583D95CFCF51A97C9483826CF32A7297AC163D
595	418657	99EB7198FC23C1DBB8AD755F0325F3E628394C6D99D176FCF0F272C7A66F0518
596	418967	16CDE6BECBE2B5D2FAC077C0D0F59B83E2AC2E4E5C55B76927927DCDB1227DB9
597	419802	755342AA00BE94E4488333FB3427FD305C3487A96E33EFDC4615996F68EB6A85
598	421192	0ABDAC1D085C287FE1DD05E6F105C1892D7DF0E4BAF644FFEA26BD1B48E10335
599	421499	862CC50364DF73939FD90E18A13D554118DD2218858FB096D835A41C99901D30
600	422194	E5E647535B2AF05D6C8D0DD9261E6CEB7FA1C18346BE937A26A9AD6042B5FB16
601	422195	40EFA1E9DCE84E4B25ACE942A20895ADF6F92DA2D5EA465ADC7C089B962AA37C
602	422388	E122C817230930972F4486E6BB6278D657D058C28DCF07F59149F826359B32C9
603	422389	2606E53F11622159D1BF7ACB824AA13BF04ECFB2E7E2ED2E34FC72CC6920A7B7
604	422577	77D8E0858DC194339EE1786C2767FB048978DCAD28B16617B993C47F96A2FC39
605	422579	FEFE751D9CD883596DB717A1A0CB9AD81A75367F3B61FAB708F6BCACFE9E0295
606	422676	06DA494BFD30BA7863979618C1FEE52AE1AE7ECC7BA773D70ED044185FDC33E9
607	422678	5E4433BDB6CBCC94B9BDC218E9E7B26825B442E287EAF1BA54D8B5520707C26F
608	423328	33C45AD157E5FD44EACE7B316D4F1E7C1619EEF8A7D9FEC23DEAFD5D6E55F291
609	423466	7B338473947C1505E9C186F419627BB3058B3B75220381885676370A77FDDE90
610	423659	4BCC0BA420D4994D134229C61B6F22678EBA4432D91FED8D8421D177B5D8AE05
611	423908	6DE5F61123E0CC36E9B4237726A292DD4D9F517CBE708E73D6B2D462904F1A75
612	424426	608E573126590A6F5E63F151204FA658A94CBB5BD40DCB99B83BF4345E22A73F
613	428405	C117ACF0104799BD4D627C445A820B0FC528777831D363FE649BF5654FC8221A
614	428725	95B2F937D8BC7D16E3504E789BB516AC0F9D53CD30E1702516DA769BED4C0A23
615	428857	405A023AF8E903251C0A3726F3B5B8DD94202B607676BFA3FFB29877CC89C449
616	430055	3C9E1A76E11B3FA4F1D5410922D3227EF7BEB1A028A00CC2DC45C37BA0148B37
617	433859	A9850FE2FBBECC802CF25770A2177D1BDF82291DFF21CD7B4293662EFFD04281
618	434108	46AC4F808F33FA0E0E52B22F39A716A1E0E511BD83D9FB34E77FA0219BAF1C1E
619	434626	ED41D68F8D96C8484B803285CF68002056C8ED090152B342314727382D9289D9
620	434858	0B370062643C6DD4333917A5B33193DE09199FB07A8C38D3BEB6D892450BC934
621	438605	CCA397B558122FC81B686D49F4941C04B4FDB7F375FC998DE3E9ADCCA6A12FB9
622	438766	7FBF0C813F97F696B82B14EA5721ADC3324AFB723EB296258B87D4ADD1E6CE73
623	438911	88CED369942DD7E2886F8218D81A8D1471A5640051A9C178602297378A44CDDE
624	439576	145A3BBFFFB357F61576904F541B26FC7FD6EB340D7915CD8C2BF5B841B57D2A
625	440202	1180AC16B3617B7DDC8EAAA9A226B6288E564F43FF35167464AAA43826A1EA51
626	440255	4D3E418516E1EC209851DC312747507B51E4CE0718A3F2BA0CD4C23CCB1F99C1
627	440651	369B00B10BBE95103F27FA7C720157A0AA995363E3E53377BD71A75B87FA6BB2
628	440798	25150511BC7CC828C5446EA3316C90B4414CD5DDB41855A10D6CF2606A120D19
629	441308	3A88B699E0AF19F1AD5FB1E0017EC322401C59AFB5B6194051D695EA09B6502B
630	442594	20F815EFA581890484D5D1C6178BBF32233759B606F740D220055D6628BC4A86
631	442977	86CABA3D4C343958CA21D7E62ECEABEC53965D9240FB7B58D48E3E04896D1246
632	443762	A14FF760B5A51AAB97F37A118CBD7204BEA6FB0687BD71E09C0864BD8CE809AD
633	444308	85DA220FE6EB6320BB80A3570BA44B7A054873AD0FA1317228E08195E3D37A4F
634	444826	6B401B2CAD555B844067344F65F89AD2E4EA39F7CA370D11C98575899713622D
635	445058	5E5A417E5DE03E66133DAA635B5E544B79720509915FF9773BF46146D9E4D72A
636	449344	9539E45FB02E3AC9F396CF54808D5A3FBBD9FE6D6114E51D7C56F4301353CD06
637	449378	BD4364CC96C00FEDB39E40E5CFFE7B2421EEFA316C79DCCE6077B8128C1C2918
638	449614	2953C66AB39FA3046654073F4E84343623490D94A0EC2ECFED115A00B282C32F
639	449711	030111A661775180F4DCEBE9840D35347C4F94A47DC68FD9C4FC9131C0A8BBB8
640	450322	F0FE98F39EC25C8C06BB5847076AB67DFFC0E0C7FCAF903CEF6BE71B6EBDF1CE
641	450844	B48EFBCBC66A0FFB8340793AC03B7B107E37FE16ED4C9194255C0800B68B3572
642	450911	B67606A7FE46EB7EB6BE784DE139FB39F8A1CEE403212F8A4025817A37B51B69
643	450919	3B98AA3EC4DCE8CBE24A91854BFA6B0A5243205AB003252443A53A6DB78C7599
644	452765	4F2A1B9B0D2D17B4388C5DAC60DFF7D7BDEDDAAB19DFE36157D4C0AA10978EB0
645	452774	92440BC83AB03FC2EC025A3AB5AB6C3B653C850D55D9CC14F55234D38E79BDA0
646	453044	33641076CD35B5E9AD8C6998C7369BF806B2672F96EE45FAED002EAC6F3F9F0B
647	453052	6151D4E3E28AC7CA8A3AE5D925127005DF7ED1C33A4C000858E3DAE5B9310C0C
648	453298	0E3107062FEB13A1DDDCB6942D0EFFB69DCCE4AD758A3C5CF548AB5A96429606
649	453299	A58B77AC02F3A4E8C4AB9F45E271EB126252DA94757C07EE561B76D672FA4E02
650	453586	86DFC5F9514A65B22BC069C45670CE016257576872593964D65ADCF92C4902C3
651	453588	0C9D41DAFEF140C9C815F722E19F6FDACEAF980AB324C77FACB12520053C3F2D
652	453596	2128CB4C8D2E77041678C49F92DDA6D17EE304CD620B77904FD293DFB1F1693D
653	453780	96794F5C8AD930913519E9F64E8D688686D1E26E92A9115CCB7B3F2252DF9EE2
654	453826	F9510FCEB5E16739C8C1120B8779E8882ACBDAB672B756B2B05348DEDC112B40
655	453827	C34951ECF6999B44CA42FAEA8B451666CA660D72DD091BF55AC8CE3BEAC6C0DB
656	457547	BD3EFD1927C4FE1143ED584921F277C3D47241B78BEF772D59CAAD57EB84EA2E
657	458075	23B3553DFD92889015C5F3EA6D5ED627E1217254485146A9C8CB6699157528BA
658	458754	24A5A7202E822286D8B6ADF161CFE89EDBC4AAC9A5EC33B93052842770E130AC
659	459291	79D0EB7FA88BB0263695A301309A02FC4838D104EC9F41FAB7E7A63E0C54982A
660	460058	B3EF67D7E8075C883CC5A6E7AD7F4271C4C22EEF715A6A5A90F8CE14FE66B814
661	461162	499FDD525E79BED9403163A246EE07877BECB6C2433421FD57C00CFD85A9A8D1
662	461310	A5727D038D7C00A0D6A64E01C1B9D56798637B2D0564BD39C2EDFDA655DBB83E
663	463063	A6B943AFD39BDC72B715C8B258D0264A2AABC949220176C0ACC746B2BA1DD863
664	464918	262F880BF835FB96C9FC1ED2E28A27BE3B0FA6DBB3C843E0A228DDE489EED868
665	464930	C7E021516F0B4A47A82A689F1D8BA7553BB5E938AF643FD0D94D6284D4F9B853
666	465180	6DD2DB7099C307DA74B2B4F57CD49A0B9E9B1C5023B604D0CED3029F5B372627
667	465191	9470E58678E84F19AD44285C105BC3A0F47A8650302939746BC0AF6CE4E82DE5
668	465193	DF8CA97FBAD91D807A224BE2645EA42F805CBD9C1E7E20420ECD08678E3609F6
669	465762	1A9515545199F598095AD09C5681D70D9DE2B0EA263A68B8CF4B761CB32D7155
670	466380	FBAEDD9215DFA38846D24B4EA854E49E0F22280ADA98CCFD25A306165B8B835E
671	466391	031C4FF1B14E0B15537885A157B7789B3BB2A8DED147E4C22BF11890CD40B420
672	466399	31824343243EDB20B4882AB603C34AC43A1BC831CC9BB04846C04FE10B87C54C
673	467421	1FE60F5EBF9CBC97EEB822DA03BE6164F0B6FF7E32198D8CA13C136380C8CC4D
674	468244	709FB6E8726405355E072E39F27F0E7492A5BD3A70313A035A5EC2C0F6415A9F
675	468254	666D2874F67779E08735A2472CC4ADBC2A1FB6FAEDE9B66EFAE37565E5314015
676	468255	DAEDF5FC09AEF55F45D2F169229E636F02B73A5105F192DCAB7BFB1A5BB14D00
677	468778	377959B512B607933483E0B8B093C770BD824F7AD7F8DC09C2B160980E19DEB9
678	468857	425035BF3202C95297511EA8259D27147E4309A0AA36C2B324E79A3BA6A09FA7
679	480660	8EAAA09CF13930AAA09BDD7CC7AAA93F8838A4FA6B9FAAAEF23B68C569171C00
680	480671	0EFF44E320E4EF2EC29B08EB6FB0C8F64DDC8A7A120F63610FE015987C330503
681	480673	40DBF136B777B1AEF0E49BB4383BB4892B99493B92F323838F78A7D3A96BCCB9
682	480712	3ECF5B2356E2669BE63BA75949AFD8938D243984016B4564263614D8ABCB090B
683	481860	8F5445331B99C06A28FCDEBAC4BE5FA2BABA1D287B13B389CA92DAB2DA139346
684	481879	CAA58ED31B729189A2A74D835BC155FCB4781E469487963F68D0DDBB445ADF80
685	481912	BB415D51031239E10BCBE1C6CDFB079AF5BE3F0333DF7AD621D20CCDE26B4FEB
686	481924	B0070C5579BDE4FA629B986093F528072CB38850A62CDA3FF6E705BB8C834B66
687	482025	4579DE200D4DE321E26A11CA4C9D3116534F81CCB6F498405944F03FAD7091C3
688	482879	E01B3F880432625E25DF7C2E7B3F723BC899E42A2BCD91A44785B7ACB1EAEEC6
689	483080	93A2B3A64BDD55EDBDCF75FF71D3A65AC333B016563F9760CA3E3FFC7E4600BD
690	483724	EE79A7DF73E576DAFDE71595472C09F9A417CEF95689BA8CF1A7A288B10E6C35
691	483725	956E9DB3B9F5257944601E6A56D0DE96BA13E87C0C44C1F8DEE1149A2DEFA54E
692	483734	D71D3B020DF918F5192CF93AACD4DE6ADCC7443D74380155A74FA0F1898080F2
693	483735	19DF039D40B5C23477BF9D0BBA72BA65E5BAD2D7038291FCBCA0C2EC61CE6D37
694	484620	417A76B72D9F6CD2D236E97C40CCCD8191952F81BC9D5CA2AFCF7C107F117EE5
695	486085	7B5191C97F8A892A11E96772DA4C21EDA38BE91E2005EEDE1DD6320907FE3819
696	496151	21716AD475343999C01635CC796CD110C0211CB94701030EF9A3DF47CEB70EF6
697	497120	B8F72A8C9CB26938C4B27C5D680BE3FCD534022B9D38C027CDB84ACED682C677
698	497284	2A5B529F9EBA4A27A36D434FBAEA329EDF5160AD7C7DD1BA5B73085569CCA827
699	497351	594DC9C7922174AA4A528B4F0E22CAD65052C8183667720BD7547EBEA57C7C83
700	497505	DDEE0A64190FE91C4499FABAF5E49796A976B95D241350E84D888E9C44AF2F9C
701	497550	B3038944356D55C7E224DA7856C07AF01242F67117DAEA1833F0BF55261123C9
702	498560	28680BBE467043A7E66D0CE1838701FADEC7E8E8D1E82AABFD2C0E370A05D93A
703	499204	60E9C572E8BCE8A7C5EAC2817353631A788DD4D569A06BF6BFC97276D09E28CB
704	499205	AB996DA094CBC6F580F623835D0291BDB79BCB473D6723A19E90B0B4EDE8DD74
705	499214	311B4CF26C746C34D2A2ABA94D3F178A44FFA6EC810EB379EEA9BBF6E0E1A2BC
706	499215	07B03D5DB6D22D8D1EF496F0465CD6016B982DE897D65B17EBC6DE7F23BEE8A3
707	499492	AFECEA017BDF0C796CA2F073ABEB4D5885818D3E53FBC68DAEEA040C83DFC498
708	499603	44D67BC1597D7A207FB817A409AFC5EA9D121E54A2F162CB02905FD6C9EC16C4
709	499817	A0662F6455A2A8EA3F05EC37A1707ADF3F51FA9C6C017A18F992EB158E788B01
710	500276	ED05DC0D96EE2D5967F18ED536A347EF752CA7E0941EE3F92209BF0F4710C693
711	502776	C8599E739767C82A0EDB9F9D8A9D815C01B7A8C1288C942D12A6F432552B867B
712	506129	5E1700A105A31685E84A89F35B0B24D46DB59513A9941B33A0D734F051B220D6
713	507337	C98516B38A6B28FDD6DD596A516C6E4A2455E4AB44F4FB925A9C1318C3001FDA
714	507674	2CBD03CB21E648AB85EE6D1136D4EF2ECF9544AA36760C9B6954F5C4B1708767
715	510814	603C28B7B726651298306F5697ED11C8A2776A73ED0B13DBFB021CDDADCA0BF4
716	510962	C6C51E461D051E15524313C37FC7F8712F189B65C4A05B23AEDB59575A2AD113
717	511038	0B60870AF7B25EB366B6766A50CCAC6B344D74DA0D6FB0B7551192A5D83A5AEB
718	511138	14744A282F44A8EBE67AB6CD97D3B627D709E7F2328A670076410B5AA129FD67
719	511675	348E030187D54C52106CCE4403446AFA1A79F7C205E568FFAED020826F488777
720	514634	2BFEB2DAAE2EAF5073DDCBD93B5144614529E47E41B70810C03642C9C354F5BA
721	514635	265520B0140653A4CEB9407FF79EAE47A7C1D871E935B58A756BC8A2C2243751
722	514728	4F7C00C61B442A962E1781A51EFB52154F8448AA9162B68046338AFA2B2FF0D1
723	514729	046773043D4AF30C0CAEC7DED606A1AD1322B2EF3D23297A71BAB3852341AC57
724	515065	B103A226EA7E5EE1B9FE147EB91F9600C779F0D890F4A15BADC2B4FEC518DD0C
725	515067	0A16959EAD97C8328B0DDC3A4094292FB61582DFA062BD7C26E4DBB89036E09A
726	515112	250A112261EC6BACBA18B36F3AFFA4BF963ECF0747F744B7B32C5E11335D2F8F
727	515114	A98060F2FE75D267347CEA07716E884766835E42B80263654C192D3F47611058
728	515653	2FACE26CB8AEE91FEDDA49138FE3E041A91BC342355D2561AEE5E8795A3C172D
729	515737	A43A07C9610D26FFFEB2FE9115755A761BCC7D2827A0BFED6EBABD7C10A81E53
730	516084	C5D44E2A5162763B76165A9BD7E6F127049D0DAA0BE0993F9936B4CCD7782602
731	516204	F9A3ACD561E74FDE9D82C8691F6A90B9915A2E3F427F9D24AF2CC14844F02538
732	516964	EC424A23E8C188FD6F6AFD1DA9C3B4C5C2EB23FDDEAA29E8D60FD06030B6E98D
733	521014	9CAA2104C968A35B3CB9EEEE605A724697736ABCFFAEF0CDC8C29C66C433D91F
734	521137	353807DA6C0F61E1603827A0E6C2A2B61A02D3C6FC11120FDACB75BEEF59AA32
735	521162	1CE70BE28F104315AB109C726757CCC8415555EBF04202C60E355D45D4AF4EFD
736	521238	B8EA149967ACE5CE8C01F60D40E3E3EAFA999D6DFC8DCA3D611B7F873D9F71F3
737	521338	1254671A3025095ACFC17E452AA50E20F4ED686303206CF1835E57B09F463216
738	521905	BF826081246FC8D8BD02E80B6C74744F205DC9DB0CCC87C5D99FF53D6D42D342
739	522168	2CAA43D0FCEF4717094E3DF1605B0527FC01D3297FE7769A785CBE58C3D4D0B8
740	523921	C84E890B5F02DA5450D57BEA16A1687BAE26C19B9623305F5E78A71DC58795AE
741	524834	0772F0A95D4861AA0676E76A904236CCCB5BE9573F5B59B45D6E32B2C9414426
742	524928	4BF80D5380F9933824EDA53B2C990E88F56D09CA0B74A328D37EEEAD44266440
743	524929	D04F78A261A507C1DAFAA29406D6FEEF88EA9DC8246D416BBD9A71C5F5530D24
744	525267	2C4F44E866A2C190E56FD272BD60C2B06A5EC27C5417F9C1A5725AF58A0FD8D7
745	525314	F30F07B740F74FEF0094DACA2A27D88C7E5A8B2CF00E97699D4E542CFA83C487
746	525853	A802178DEFEFCF3B22430F1F81CB9A2523D94B5D3AE0D4C84A73FA1CDD5523F0
747	525937	DD9DCCA580E2135B7014815A21A8585FE135A90EE6F079874635876D0108787E
748	526284	BCA44B4C886DCC14936DCD60AA3D09A966C08D85A9C7B3534C39B41569017D92
749	526404	080E7EE69B4F191FE8C777276548C97BA41285CB3D7C69061521C70192D10E82
750	531337	3BC71CE5153EFC226BD1BA9175D025B16C0A3E19AB2310A43B235B4F0356AE5F
751	531362	4E84A3C0E34EC792C925B52EFC7D5ED750CFA9A96EAC4950940AEF7E81A7C5AE
752	531438	6A1242B98920945B501397C05E4A8B9EBF3F5F8B521C8D4226412BC0A98A0059
753	531538	9575B545E37F8448FD83A80CEAC6B1D5C5496787C2CF646800FDA09EAACDF6A1
754	531829	FA441E889F6BEFB54263CC39B93EC54D277D5C632663D02CE9B4A1F9784D83D9
755	532075	C8F1291887F935D18A00CCFC98EB4823970B808F1DD4729451BF212E6211E3F1
756	532105	EC6E2E60A9BC9A193FE512C0FA4266FD7B0D78A3D268E823508DD966DF4D892D
757	534103	28EC2A942FDD560AC742C2D6984E8F98449CED6803C0F9D73823135BDCE67E09
758	536484	3F0D215AA3418A4F81D38259FA513C47AE24A1395189D023620BD3183FF5C3D4
759	536604	4B4E3ED980CAFD7CD3CC147B8D56311042E0EAE5E2A78335568BF96EE1450D32
760	536997	28C3701A27B079B0F6D79222C4465965091D648F2634C68FE602651BC4E12F05
761	537364	3600A4C76A095EDBE4216A9738F9DB035E4CDD4AED2D6574E4C268C99F425378
762	541394	9B4FDD0730C554A561106BC1BA0B6A8F68EA8B100E5BEB78A519C9522A80E825
763	541414	3BDCAB045FED84C2339D43A08B3BCC9A83BBD706344449AF0198E8022D560CCC
764	541562	3B5F4C855B4C4F191E4A06CB800BB4FE0179B1DCB8F9F6525F5AF31B3EE4625E
765	541638	2C79967F8B14D3631979973B0B0F6BC19ADF1210CA8EFA2DB253CD3294EBB377
766	541738	511F081F1FFC9D5DF73AB93391BBFD539B477293B2DA59BE906D9825C7AD5491
767	542029	DADF436FBA49C63271FFC8818B9E3CC3A4C4BEB5CBFB29E24232C208222B1BA1
768	542275	42D694081CAFD91F2E310F5C613FA0BC6E359099C7F9C9EA55161B317B4A8A7E
769	542305	FFBCA900A416FF1F9C0035D66225C87B96A2213CBC017770F46C93CA518DDC99
770	544102	B609CF0FF7A43C36CB041998589FCEF6DD3E973C227147DEB9696DD10840BFBB
771	544321	3410A950973BFCB57056C460966317321EE641A82C415F7D475915DDAE0A8AB0
772	545234	D54B4C968A859D84DCAE8EE528945FBD23BE054E7901385249F554D61B1FA481
773	545235	21996F50CCCA797B223E63DDE4502CA0E4F2930868337948A3F2EBC30DAB9493
774	545328	AE1DF8BC164D532339AD6F0A9C202CCAFC42569EF9F05765D2D538C735EB7391
775	545329	B8AC8FD37D7ECACA764D1CD984255574D23378E6D6142DA43554C08CA6B155BF
776	545665	AD98EB25D77451BB4C1E4CF542F56027DF49555A06AC553DF09E2935E2185BD6
777	545667	7D02A0C7256A6E00C959E32C59C4A09FF9DCD9971EF2630A5E4CC528A6E0BCF1
778	545712	FD566B1F49228220478A2BC6FAD53597938F5AD9514DC747C372FB360B9E2CBB
779	545714	69881087937BBFDC69DAA733AD35BCF62A2C8AD7FEEDD8471229E85CCF42A563
780	546253	8ABAA59E653340736AB31F8A42C3DE711F1554882C1BC1D2BFD52C0F8E572B87
781	546337	A15E6C31B68D276790EC238F3A3F6BC29B87BA8741D92BF54A0CB0C5C9C6B492
782	546419	3EA337F77F3C3D3C01ED1205B99D3304BCEA39AE12C732522D6EFCD16BA0E907
783	546684	3A364756E19F535C8CB1405183868513075F55F2F2F0F085B1EACAF24FD931D1
784	546804	54FC69AED7DE339FCCEC4A36666ED2E6A7361A9AC98FB94D314082C60BFB82EA
785	547564	DFFECDA52DF894982C0FC2274FFF8E9341C466D3AFC0D74B5D1AB0BDFBF85294
786	552505	71107EF6150AC82FD5E1721FF47A1BE9375553EB9DDBE64409AB6D0E8117C1EF
787	556537	B00DEE345454015CEFCE93967F7395C3037831A1AED51DA258CFEB78F9D6355E
788	556884	5385C192D77ABF8683EFDD574955CE58B861C25ED286D6BDFBB1A5B3B138A767
789	557397	0FC4359EC748A261F0D6B6D4997C9EF7DC5B9E998158C7597AAEFDA854DD8E7B
790	561814	3744D003B88CF363CC1C78B87CCF033AAEAF61F785F5F7125885E37728FDC699
791	562675	B0F7C100ED4DA870A54222BEE4EBA41A5D95FF49DEBDE747E55B2C9D00806669
792	562705	E7C341769E5C391F8F27732DEAE59587050CD7022BE5EE678E71B4FAC9835E37
793	563450	946A0C38AAE857EC59488599F9D92A4211FAB188194C2E68AEFB89A3B4D67B01
794	564456	7662C1BB54BD3725CFE9269101287A7C36DB4E27376254081F5781D5D9F51E05
795	564703	CD087BE5C6CE3E6869940758FCBD371915209677E7EAF867A83091639BDF1A02
796	564721	E43BB0F56647BCA6B16F97933F97D839E7B0CF9C6DCC1D63741E38D4C701FD30
797	565634	F4BCE668C338DEBFF98A546E5F864D32B5D7AFF2F7EF4F5AE7EE99D3C4F73456
798	566653	62C1D4E1F7DD52CBA59CBC69D511F7D73F7BB56E9956FFFC21FED8BA55AF3997
799	566737	6845D84EEDE94A3C44EA3C397D5B9BAAB8C7124512576E6BE9DD37D617319EF1
800	567084	CA57FBCCA9F17822F95E78581C381CA299F1EA62B4903F5C5A8E937D30740BEF
801	567204	156C92ED72BC5C8A1676373C3A660E48EB5F07B1EBD9EFADBAC5C1DB3F10AC3C
802	569190	7B635E0D0E8845927B8169923BC4C8FDDC72074E3E196506ABC987158F0FC430
803	569288	E95DC41BA15D7D4BCD8CA5533EA6457CEA549A39A80E08CCC3064796DEA71B0F
804	569434	64C9A18FF86DE3D129162D8032BC3892430F868BD2A7AF3FF33C697C6076817B
805	569750	4D10BD461C5CAAEEA1B96E2B449523E8926A058ADB8C011C0FB87F90733B7676
806	569898	52109C1198647B193BF837787E6DC6AD5B1DC715AFFCB855A05572F72DC6425A
807	570348	8915F46E78E66117BF339A907FBCF58723214633641766FD93FEAA36EEF5A2E8
808	570496	7154A1ABF6919F9C94E73A2AE5DD4FB48189A4FE6D90DC1177FD9B512399AADB
809	570664	4A8DB8F8E6969D8BAAE8DCFF1BFC738C0BEF8CFC53E6F505FEF625A6BE082A47
810	570807	CC1998431D267D97F9007A52E9AE172FBC71212AA7A0582E24CFF3C6F80FDBBA
811	570812	415646552F69121254A0F7D351F3E65647AC438FD78916ABB177E70F13D44F41
812	571969	1219FF756FAF4F96F6B113EBD50AD50ACC5107020AFC93D49FA4F83D3941F521
813	571973	D80CD042048CE78B7393C350707D74EEAF8719F7DD47A8A2999BA6A9B7D934D7
814	572152	A6F77D474AFB83F56178C737B5B3650E6CF3B4F34806263EDC3FA61D58BB7D98
815	572190	9B6325AD71231A42121B0181BD862F17E3948B9ADA6BFE6561C42584A2177B6C
816	572458	EA3F1641CFD48293C2DA9E76738A69F87FC6C820F8862B4E5FD924342BBA9C20
817	573418	5CA4EBAE0BCB763119D3E3AB5576A60713F2E13632D1B3E20A062BE2CA1448C1
818	574282	E4C55C5810005A6D5B8B21FEDB5290AF8D6BA7C32547A4BFDF1CDD577EB1F957
819	577085	4984EDB407CA5243CF030F7E6CA9FA9FB06809BD7F536D0B1279B60576592B4E
820	578633	6432573F26D6385F5062E5C3434007D896A0FE5FE74ADD86BDA10292A743DB52
821	578663	56402C9BFB8354CB5133846A5B105E15868F5C64F6628568F0E87A472995EF84
822	578729	586D33AD75387E68C85B5B7B6A740350196B19FCEF45F14B758DFC2E6591FFE6
823	581365	1DB183D7EC2BCDC02F653992AD2F3996CF6D5A78ACA587DA71F65A648082FA0A
824	581388	6C28ED25CA196DE829BE7B91F2B72FABF25C14D1A5154C912BB130785ECC2A7E
825	581573	F705122913279D4D1F1EC374DF17B5D605852E4AAC934388B1A4B6AF46B47C8B
826	582288	DA72B328AA9E7A3DA0F917A00D24253463E5A0ED6A008C6752522FADD2D6E3DB
827	582312	91210D70DEB64908E4B5263190B3605D73D0D833481630DBC2BDF46AA1DD2A69
828	584708	00CC264C04F4C8531B83EEE62623ACC5F45D4DFE6ED5308C2E4B2BF83BF95659
829	587270	6BFC5FEAEB92B6CA8013E27AD85FBE915216AA06D5B39C1239535F6BAF286C73
830	587455	2364EF9D78A85AEFDC51C045F74689CE235E57B68C178E9781D3FF9468734E77
831	587550	8FD4BE663B05E5842A268AC9495967EB466E0604C931A03E65AE53BCED793738
832	587670	1F2E63FDC1A03DD02F7168289DCFFA4274E353B401AAC6A785E4F64546354428
833	588019	162DF7C7B2321E84C265FC31011A9CA3AA6B7E43BAD15065A5F7609F7F920481
834	588876	4DB97F9251DA179558088FE20B5B13E032A6F958C2D980E8992DFD90040658C4
835	589111	209A0A11E31A16ECED7F1350BA558AB6B0532942FC07B8697ABB19C96FF88C03
836	599123	898F1B40A5D7595941783DF613EB2FF9A21A72F50C0AE1A64ED37B6ACE2E9AA2
837	602560	88E3E22F27C2FC06D2DA05864624A8BC16752CBCA6912380F7E6032C609289BD
838	603490	2656F6A450DB40273B3F39315EE43AF565BFC10B1C8BD20BAB3F99C1F56546BF
839	603628	E51F349666F172D65609879CD208E182B8258A80EA36FF9ADB15FD10433FA3F3
840	604356	DA108565749268CF6F032EB8A80CC2903FA93A148EE6ACCA3D7A4150B9BBFBB0
841	604828	45EE5EB6C8BC738B36DD4AF0691F0797994F9C929FF4046EE7DB5F009A785E75
842	604983	D69D974BB3985D49CA936AFA15210906E68D38C3552C059A204574FA94DC5A4C
843	606503	763150CE170BFAD43A6BD1A2CAE4C3EA17FD15561EC936194177F4EB2D09B2E4
844	612088	507C75F7F0AF6ED037C7A2B1FF895F41AA7CDE9D08A2FE3E13CF2B64A51289D8
845	612255	CE48471EC0B49CB7C63CD05E3DEFAB3E6870748E7066B2040279D1EB4CF25065
846	618353	6D6FF7B9D735E5906D4380AA9987697D510A4CED4C58C7F717B2D61CB2B108E9
847	627449	B18716236B0EC8EE726D4D2D356AD5F7DA96F5CE60A86018DFFBCB41FB026AFE
848	627496	F539D1BA2832CA3EB86DE374DA61E26B964874532F0673E4CA0378F4AAE67957
849	628356	FB1F2061A995C80230E8D0A5012A65FC4D286B97B141B90265B5B37E4680369A
850	631112	1F6FCEFAF1D0D2FEF5E1E52BD813F481ED9762BC90E1206C4704E99FABD6C605
851	631149	1C1A5FFC780C94328778744C1D2A1DABBB46BE202139BC5665E6D9272D1FA1A9
852	631209	4684855F10CEB4AEEE8C7B61B79A26FBCD31F6401340F18964C30DB8E0C26628
853	631252	E9B92C3357454FE25E6E9138A6BBD406D54A777E7A4F937700DB4BAA4631EA3D
854	631257	DBD6F581D30EC1B3EDFD8717DE280D356A303A9BE9A8BB4A4DFC6F576B0104D5
855	631820	EB7C7E287CFC7F993093E50137E2D5E022EEB51CB844260D366FC8F5D261DF71
856	632270	BC522BD336E8A76204D8550ACB659D528F9BABE144AAF7FBC2C3DDA5A981A6F1
857	632417	89FE771068708E673C6D93D3A37F7457759AFEB7CC4A62B232E9ACB4EBEB84CA
858	632585	EE098E1CAE2B354296840C8EE1DEC9166358DDDCBFC53B8526636750F38524A0
859	632729	751ECC40CDC0DC0EC6B615BA3A3F8E05C9BD34870F29DAD313E0361E60E61CEC
860	632734	2F1E040E271BE2516EA3C6F5C7E2928F62661E56C9AACBE93770143736330E28
861	634495	37532AC221B1295BF4FF011A6228E8A4FD164BD04B90972F62AE6592047C9371
862	634840	F928A53E669CAF06258976EF75076655C749D160687D0D6CD00A52ABA5A1D7D7
863	635227	F6F16EF5CB951C62A99613D20CE2CA120B9135298474B0D3C603A423E9013AA6
864	635671	D7EBC0485F9BCC1DD0724A0FB5475C1F9D43C33E140C5AA6D2C9103FAFC0A34D
865	640677	C80D8FDA46884AAEF8706B33F9B62DBB149E3253CCA50758721AACC674497C03
866	643770	878DAD1DD777C893788B091601ED3BDB8E57D72C8C047513D3997A2F4264F9EF
867	644493	3BF60EBAEF137C1DC7AE370F5F5416C96BEB983DD110BEE1E5B20CBA5B7A9734
868	645275	44165112E0E16D258E4085A110DD3F491B92AA7081988EB0604A94D906D1B549
869	649170	7453B17FFF23454BB9CC1E39016CD7EFA1EE4A18686EE4FD9CF014332597E2E8
870	649769	A08573C3948B1E956927B964FF9594737D15D0C9C111EA6A963796CDA2E22027
871	650071	264B3EFF3686671DABE93355CD2B18D07A7F16D1F9CD3B42993983271A05DFA8
872	650220	CC79D7F6D9EBB38A949377AD6477F25C0E05E288F052C1D0CF97985C0BA4DE3C
873	656255	08FD4A1015F802BEDABDAA7E3D0B0523D0D801B5465D05719EA3269743615CAA
874	658297	0947F09D6264E29B844A1716403A9DD73630BC08675AE4CAB46201F34CFB7A4A
875	662634	6B6E35A9C2C0A10B69A5BF19D98E3F8242F403877CBCD4681309025916EFD63B
876	665163	80A2F425D5AEEFE1ADCB6EB258954265F3338696597579618B8F742F73BFDCDD
877	665227	1B089E04F0FC30C76FA9097E416AA124C11319A77EC69B15E5235CE84121EF71
878	665700	E23A0549E18DCE37323FC1664E28FA59151C271538DD37CF7D3733C239DF0E38
879	666416	C48C28618EDCA027F450AE2DA94AC95EB6004CE14D8ACC4C6D6FE9E7BA8B23BD
880	666900	4A222F5BFC0B6EB29BBB3D9E358128534D2CC248EF4D025592F83B8FE5EF996D
881	667004	FEA8F85F5C6FD3FBEA2A7CE8E8F34CD360F3E702A7224CF36604C15D1CCC9D5B
882	675851	6A0CB7BF5FFEF4469E0F798EB17E9647B1DF7F9537712565068DAEF8E8A1393C
883	676506	7CF4396249719D77D60AA7D121E84411A36B5F897ECCF566B36EC425952C2DB2
884	678111	FCCC2C1C0830CF5474848B278418716740BE1E57FF25C6E7CE9BC8246BE4BC52
885	679083	E5657B878D78BB780A320CF3D6FA0C32C6C812B2A8AB822B1021E4CA296A9615
886	680524	2BA216555FACF6A7462FBC51AB91471777626F6C20A971E7AAADC8DF5321F507
887	680643	24741E08F91E4B2D1C78BF3759E87BBA2431D320BBCCB79D8ECF68B7DA90F98B
888	682981	DCAE0441D71B330ADC3487553C03EF421401143DC5DDD369F5466E0652F717AE
889	691715	6F19D5ECA868F16240D245EB3DC59868BD068A6C4507C248C539FBA8136A5AAC
890	693399	93AA2AAACA77A49A2A0C17C3412C75C0EAB53FB475EB47D6178BE785638A5FF0
891	693403	8EF567E8470CA2D20611B17789861B39C3A3F5D5217518F9138055CFD66C769F
892	693404	B7FDE1F9C9D1F7D0D594EB2225038E3E2B94929C07312E1D53077CA543A5B338
893	693463	0ACDDF7672856C7B8146785B5ACBC2279D9159E2F8DD90B0629EF9A6F348D855
894	693555	49B5BCDA27E77FC4B021FB7A25528499AE36F0F460CB570F1614C942B60BEA89
895	693556	319391EB1C0F12943009E21AA41BE96C34C0178639CAD17E3EAAE9FC4626436E
896	693614	B368431906DE6B1EF8490E437073406AE2D43010DE90411918E9DFCFD35CE745
897	694007	A0E970EDD3F0689F44657A86D6107B7AAE7EB517A2B837FF43F1B17A58856D0F
898	695642	B20452C205EBA358D44E3B312B257A038D7BEBEBF7B3C435D4ED451BF46DD826
899	695820	FCBB4FF750AB3ECDC1AB1DAFC67D72F1CAB54622CD301F09056CB1CAF2FF6BEB
900	695840	F06D29ACE5BB7174F7136912119EAF39DA9C7C2FBDE47371408D20A51ADC7F42
901	695972	3D9BFC9A6153E5D56670E10851CAD113431D0DB7FC8D4BE33C7E78830E056C43
902	695995	D2CCA2A2EED6C66B268D475674A6D2759438801C535EFB9B4CFA083D4B471D6B
903	698975	B2E2738E63F34BCE6D43B9D96B40EE7ACB2500E0F84D04B1A864A1C988281A2F
904	729952	4BD082A444024F717881A296FB955D0E282A239024B45780DD1325810F3F2CBE
905	729966	54F1D36AB39E05CAE34DF8B673930D3A42C283463286928E142458344499A9FA
906	729999	D51ED9DCF1A30875B2F1BF4E0EC199A8C1AA1C289B76EC9E193C287A244EF8C8
907	730182	7B81449AC44D1842471C010FE93F195F7B0945462F805D2E267627C94B396924
908	730479	D0BC30FBCA83DF9E1C294F2E5E77396CC33D4482A75D84566A7F157A8418214D
909	731540	758890CF12FBA199CE72ACBE2E6ABD4BC886F3AE18D3FA382A7518024E2D9969
910	731614	07F278C41C8A6CEDBA83B47B66B49381C7CAB7C12F0E112CC343B616312A07F0
911	733220	93EE7CFB91CB42741154E5607403C9E08F7D5550498A21FB817D3E4D1C25DF97
912	733258	7A1B3F9A8D2BEB8ED6BF2F185AA50694947283CF41B1AE4E64F5948C8FFD7D5E
913	733925	3AB6BAF1E494BE269A5DAB80DF1F74480056043137CA16EEE375631698C734F7
914	733927	968DA6FF29F20BD31D756FD621DB5494A7B221492FAD03DDBA6CFD54747F2C13
915	734246	022C3C9E1890F55A5826FCEA7B74720E45808D7043DF92FCE15676BF91FBADE1
916	734309	B27E6439FD8336BF105A9CCFCDAF13FA590D0409E32FFDC4BC876C381ECB1337
917	734311	40EE8BECF5BFB528B21E81B3D25B04D66D7F29F26EF7C45E2F2C2A8C44DBE438
918	734484	4D69C26CB78CDC23B1F906BEDC182A111CAC2BFABF88A2F46D9D2DF3DBCAB892
919	734486	7B6D48512727B596B6680F8C79EACF08072D25DAADA1861FD7A123ED3614CA13
920	734754	9976928E0D666A9DD2C78612149E7F58DC141B10898FE8B484E0E66E965D4A47
921	734904	E92117EE6A28E6DAA56DCF0E5AA21B9799D763A01252664665FE12BC18092691
922	735367	AF3BB942F8C74FFB6E10F73204549481BFC231FC9221DC2D1C70CD7B5FA43A12
923	735872	87B7A391097815F8C2965E2000F44A1F07DB33584E1396E23A973C37C79F6098
924	736382	A2F9989C53C9F0D106BD2C468EFAC6B0B2D31D36655580DE442E1E6D97C7D7EA
925	740166	22ECFEF8D88F1FBDBC14ECE917F781B02800A88400BE1FC044DA5FF318B28BF3
926	740199	163F43C7F488650951F8F3B51E7FB149015AE5511E54EFC8126E924A8A7C586B
927	740382	52E1F35880F2B0F65AA803178A336002170A8CB13C38425B9F42CDFB83C19192
928	740679	91F8AFEF9EF8883B4FED3E4B90B27318D3B2B8EE7B677BAFD4AF69681CF7194F
929	743458	C788944E10FE05D46E5DDF3BF2C11711F68E750AE1CA43CC77421F5C36D23F51
930	744125	1528B47E01A915AC343BEF54D8E5006124A76983928081B515D5A4563379043E
931	744127	D0913B5CAF197DED3D981CE81AFAE1C83541011D1222CE326D0F6DEC9971B00F
932	744444	7A0EBB1041C3063037513BE14276DB65DC2CE8EFFB55E03D3B8CC1A81C1EB4A5
933	744509	E4535EE0AB1FD45BB2922E8F5D1640E16B148A6DA00894EB3050BC7A180C59EF
934	744511	8DCB9F70535E5F970D3C58875603E4C198CDBB92EF7125B40DBA9BC0E58602B5
935	744684	1674B08A87E1C13DCE073C5E2CF660DAF0C7B3FCE2458F2FD521118291D8B932
936	744686	1BB1550E2F1A1B3D3C8A74F8BC82E0FBA5D476FBE80960F25AAA524F1DDB4641
937	744954	638426EBE519C47404451AD4F72AD7A8BD41B4099138235E7A3C3C11E5F7EAD4
938	745104	70BF618D650DB5120F0CC5F65C0EF162444B977D0B07B573A84FAFE5AF0E74AB
939	745567	3546AED0193A379B007EB4E1648D857A8C8C74F59582C861A7B6A0BC115460EA
940	746090	2185301FE1166E887A6E4B178A60F89B914E75E964966D433F2F3AA9FA806A95
941	746396	1EED34277633E7FF2D94649B97FD5983402E07AF0A74003719079F7072AE413D
942	746414	E45CA63094E5EEFEF9F9BF0655C78790D5CBD1036153E4F027B67198AE14EDDF
943	746582	9F089CC92D5A7654C158AB47D3E329EF0B84A112E778C91315695DCF14BE75A1
944	750352	A237C27DF47D04493CDCF9C2F158C5A04564FA83DFDAC41BBC852F9ECF1BAB14
945	750366	1D95A2E36798705956BF30A027C646A4D46DE44E8DCB361B002890C2EC55D582
946	750399	1ABA5D0C673E35357F7E36693C63A068BFCD1C7E79D1F91135283DF50365CACD
947	750582	080694215AAC9B72736EE3D6971162AFFD2BF439494AABDA57FC19C617625972
948	751940	CD5A34737584CF59A825FC5C91EEB662F9BEC963988901BBB96CCFDE8A1909BD
949	752014	795A0FB01A1F44CD47BA0BCF10EA59CF35F4CEF8A63049A9BD39CD1E6CA85A29
950	753620	04F3D09745814D5DFC807361A3321AAE91C46835B3957B5EBFD0795825B40158
951	753658	A0FE455F8119C7D4925D36C408FFC881255858AB1D57D16CAB9B1C4BB2982E63
952	754327	C8D4EBF4B446766A19D6401B3A81D1BB857E9D44C766A66D1AFCF6C65270D444
953	754884	F502FE703693D1CFCB03363C6F048E65311773E599A224CEA8551954531AEB50
954	755304	A0DA381AF550D365D6BE9B6A9DD302F78B0A9EDC711ACE81374E04A087095452
955	755767	B3E216EA313A02A805CA3225FF6EDBD87BE9B59D4F16CC8C33505257B74444C3
956	756290	A5A8ABEE6E27AD72060C05EE7A7A2D18DD71CB14D6C7AB4F3E812201844A415C
957	756782	F05EFD2C5A92746F55D53E8FBAA5E644B3C67FF303998AEF877AA67595B2D288
958	760566	C3CCE9BD741AC1EEB825DE56BC569DBD625D099951C60057CEAB1E39ADEA9181
959	760599	5423C18A16F4DEDA9FC4F1D72DB4BA154C54703C766A26735445C59C468AC282
960	760782	E9514E549D9E5047DDC22D2E1D8AAA1E426F39ED52EC6622388CF723ADD2A07A
961	761079	AD4725C629D42E40292B9DEBECD833C48F1E8A6A8727D12218D2DBC46135E80C
962	761848	8F57158C709BB38402738EB3A57FDC5A1FC48465A70FA7B8FCDC5EA8785AC69F
963	762214	09CA14EEBE2CDEF944A4A4AE47ABD14BA27E26E755EE2EA7E8AA61EB7E58A4CE
964	763783	A841C7EF58243F7591EE63B4AE3292371B2E3DA4083859453CA4BDC41533CC6A
965	763820	AE240858D70CDE48C3F066B43FF1D5A809D5F556231156E9EB55DDF81EFE5E65
966	763858	44B2BE989DE9D7E8E809613B08B75F30CB0A7B1416BAE5273647DB48426D947C
967	764525	0CF30E85320E1560748FF6755615E17BA7037FBB303FE1DE229AF862A70F5ECE
968	764527	372FD016BECE71B66FC4077A1B3406ABF4FAC9412DDE94DDBF89758502A81C7B
969	764844	0241D5FE86CF2046DC1C572305A4090343F630D05260201479CB8E8A73E5480A
970	764846	C72AB73BE5D6B4EF31D184FF9A9348AE322178E9DAE03DAE5C0A8172C59AFCB2
971	764909	0F4342D28ACA3E2FCA6B71634372871FEA6CA75BECB929B32EB82D4A46A68970
972	764911	8A19B7B8A3AD8A4F97CFEABA38F28FABFF5909F525B723A3B54AA37508ED5420
973	765084	8014D9E6F3E1D89BDC5F7E8262549D70E437D4CF55E81E95F9074883E877A43E
974	765086	B16C6907DDDA81E6E08BFA969158D3E7B35FEF07FD21BF4F7FC6513523437266
975	765354	6D11AA365A4A2968E7974DBF4EA90CC3540BE66E1BE8201DC6633E3AE1E015EA
976	765967	4EA9FBF752546DE1B565CEE9E1B1F69A06C89DEAA4DD53D1DD6FA215E9C1F5F9
977	766796	3B3C31A08C102B1E562E06484CA14773A54A97A425732E2CCC465FE512EE9698
978	766814	AC07E28DD89EFD2B141CAB0F94055374C442672CCCC926206911E61EF2173BD3
979	766982	4B5CB1D167C9181AB004934760912E2009644DBD7FFD3A55B0CADBDE11137C50
980	770766	FCA5999F4A706EC070E7AA8C286A9398E04A9E0436B9F32DD0A9F784F59121EC
981	770799	3345EE7422B3F224B50F25DAB89E300FE4E0AD7B4BBD03AEB586D0AE222DC36E
982	771279	27A976CC7F6BE06958E37EBC66ACC72A950C5CD0F147385DB18DFEF7129D2458
983	771999	6A645AA043E678423487981CA27B2790909C12FE4A32AF00EF0ECC64B6D7E2B9
984	772274	A42F05ADC8E4200AEBC6D5ED8044FAC8B3E6042C5C6F758D09DA68083365C624
985	774020	403E26888B05203AFE25933F058924EED2ED1C31F3BA1FFED575DFCCB4DDEB84
986	775109	355EBE4F7D47CCC5DC75B9AFA7A786123671D36393E030A88E56521696140053
987	775286	AD2C6D216FE2867741300AC9A875EE11979C231BC74B36C0EA38464D24B6BAC8
988	775554	70FE55AE5CF7F1000141A064830AF3C61C5A971A78C017BC899C098BDC9A2B7E
989	775704	E65221372346EFFF0ADE5B884DF0EE78E2E2F4176A20483A17D93646C72919A2
990	776167	21E25C2D59AA80B302FDD364B5898FA8E3682CC41BD67526C1E7231D25BBA729
991	776672	99D62BA641F027978B79CFC1DE4DF3AFC9619D7E732872A51389DD5CC106CCBB
992	777182	E75834473C7155A12A682FC5EED9A71C9F30D2B4C29FCE54A95460FE7E690FCA
993	780999	44C28B90D3025AC7A6929FB6B46A7387A6446034E9526ECF4CDA65B4FBBC9734
994	781035	4F8A6E6A0237360FF98C17AD10E9286AD843E14FD9DB04F1044505D820988972
995	781972	4D346295E5B109F3B034DD62CB3158344E255C9B1794B29D5EC0B6E804DDFBBA
996	782614	D5F075205CAA69E747F7CE17824134D4CA2EB2623ADFE8B2597488DEEFBCF38A
997	784258	5C3DCD8A730AE6A7697CA16AADF3D204A3AD43B35085AE665D07210754588869
998	785244	76DD940F535711586621DA9F3673F36AEF7C9FA1EAAFAC6C6994F81E5D34E592
999	785311	521C566FC3495D78F249966CFCB882C24BAD8C615ADDB8444D9E7591C1590EC8
1000	785754	F29767DFA1134E4A488D553C9EDC1D7336E19619EF1BB7DEA7987E27334FA279
1001	785904	9B976FF576B80FD48ACFB4FACB809FEC3535C8F39C77BF1291B6EBC5FCB62DB3
1002	786367	567CD34A475947D47C14F3CEB18D551D15C81E6E3DCF367A3245A1FD6A13AEDE
1003	786872	11FF5BFD211814F6F219E9A8D298BEC83623C4FBF1945E905DBB0633788CE207
1004	787214	2E5D538AE96079978ABD848704DB52F5E8104B0ECF7D9770B2A62D4904A8F1E4
1005	787382	6FD99F09F1427808D54D7D236A836415B40535F7E1337BFE26EEF03675697E27
1006	792337	1244307CDA7D6206C978875C70893825282903F297AF0D46094FCE7C9199350D
1007	792349	01D862ADC6E70A040B4A194D3E1E3799A1FEDB0402534D2778818B263A960D0A
1008	792677	E4F1919E1F3741B5C203666B68452C4E8E2F9F03B0A08985F66B636D664ADA23
1009	793198	8CFFA745B6421642BA4F13A0A359766F8450B4EF65BC6778BA667581FF3FCBDB
1010	793202	F2B2C93265B5F03ABA83F353146103AD27587F6E78DB3D9762C0159EE18594C9
1011	794259	578E01F9EEDE2E0A8BD2330EEDC1DF1818BB4082991E4D07EE37C18DADFA85CD
1012	794614	15FBE466D0953C6941364D6C3DEB60B6F6A928CAB911C1240360F8BC0CE29D0A
1013	794618	EA78E27A0346313865B8A30F38AC1773D3A8DB854B28127C71182B518A02EBB4
1014	796707	F0A9F3441216C0185185843578423C58788AD484D54687774500ACF51F8C780E
1015	796719	A7BCF7ED16BA1F2A39E3269449BA289E5A18C8CE4DC96050CA488A102A38CDCE
1016	796743	127D7E36C4D5B651513A826C6E1DA7477637007D0F9C772EBA321E4C989649F0
1017	796755	1C8D8F1A92DDDCF6FFB2C6CDCFA295CC5FC40EBE1D017EC62AB1F1E61F8F9F69
1018	797367	1C83A8FA0247870217D21990D13D2DEC66A2D8A0199B5C11BC63E60B8C36BB11
1019	797655	80E909E0B806616C1C3421CB30E96E04B0EFBF019754BB39030C44243B1CF720
1020	802143	2081361049ED66A825AB256FF2CE7242A3269F84A9AEEA5331F12BEFDE36423B
1021	802539	64A651D911B3B7D3684E306654D99E1306427EFD1B7FD47940147E6D2BA817D3
1022	804457	D549464CA421D5DAF8613A8EACB0CA45594DDBE7A1E6953BB5ABF74F15266161
1023	804814	553B8B24610D1A40607D07A9A0611A9D11C70BF07069DB60B4EFAB8CAEE12F2E
1024	806907	B232FBDCB7075175BD602EB3533EBAF1155EE29FADF343000C5337F01F5A162F
1025	806919	E003EA267EA057A40BFA89C258FE664F22C5012D07E56F48691455535BF1B264
1026	807567	EBBE7F8C9BB96C30D1980A6DE8ECDB50DCBBDBC0CEDEB9657BB7BC5A815FC291
1027	807855	64E991A4024E55A0500FD0B24FDFE37D130920BFB0E017F20494B8E1B572E17B
1028	812737	7E7F7B591117F67CA13544D4A85D2B9119CD74C9C10BBB15F7102FD91FA9EE64
1029	815018	F98600C8DDC2806DE32F29C63723AFF6AA0E8230BDEC07F370B62C00B21A817D
1030	818055	F61BABA1A5D4AB09CBBFD17B124A103E8EBE74F64C0883D59B69CD9F2CE2EB49
1031	821833	2AEA187535DBC104DF288408048BF32817EFF04C4A79D50B182343F532EED826
1032	822075	D054B3C4CBDC374883572955EFA6395598736FB532F25685BC6705600DA8D576
1033	822939	267AED06FEFFF5F5FA874807205997BEC83532FF6DA53D48E2B00B8B5950C6C5
1034	823802	CADBB72CBC0FBFA872C90CFA9467F770470E58EE7B41607AA47F8457280C5F82
1035	824859	BF8B54E05D2E2D0EF8548B76304FEC8BC82DBC095B7C5A431EC784307342369F
1036	827307	E1A7B5EE6A28203C6DD56C0451268C6168CB13398BBE5703C53788467FA06C29
1037	827319	75C032BE42F6605A8F2F47194D667004985713ADC9AB0F27EC1EF6EADF2B4D22
1038	827343	982506E1BA05DE8D98F2087B76EA83F8A0AA8FB47DBBAAEBA93589FF02F9C185
1039	827979	E2D310F4C65374CC242382F215163E4E0E87762AF70A2CCAC05067EF6845C290
1040	828255	31991569A4A5916D5489292A6A2668B691169DDE0EB2275D06C92772CFC7F0AD
1041	832033	E009A203C5D928B2DE57F7228A10968FAE46F2DD2BFB5613FD2A807F2AB9BCD1
1042	833137	46190EE2BC9ED6622249D4B722DAA1CED44695BC88F718C1F6E98F6F4EB07BCE
1043	833293	58AD08259231067FF3157C2727CB9806F031D9117E5605A417E4004F508FC260
1044	838455	7F45CA10B05F9B13CF94B415CA7037C49F61636966854284937E39E946514CF6
1045	844198	EB2D054FFF512AFA10492E43A180434078BAD6712F560C4454914299ED9067B0
1046	844202	C2554CA180D056C5428CE3F1DD84FCC6BDC5ED06C933DD4D68AB2BABBD8D8223
1047	845257	CF271468ECAFF56F6FFA8A32AFE60596A09B33641B294992EE43EEA781CCA5D4
1048	845618	4FA4A16C3043E595A643A2A9A86D7AC23365234602D26298105F2CC8BA6B1229
1049	847719	DF8EF68270AAE3025F22BD04EC6B6E13AA8403B77DAB9419AEE208471EA673BA
1050	847743	AAC0491106D6659E743BC38B18DB62C1D83252A76FF2E6CB27259E6328FBD3DA
1051	847755	5D1EAEE1604B8CD54C45D3781E382E80396C2EF378A82653A08A62F3F4DF9F0C
1052	848379	F46B929A6F95375B3151D80DD12C7C64473CDB23AFB452E8DCD2FC90CA5BAE2C
1053	856004	A2484A4B126FDE69CA889D8AFE4A34A61487F54D657E51A2B95363917A4F356B
1054	856130	812D73735E444C19F26DC43A85EA95DD1BB5E649C53C9D29F27D5BD2126D0900
1055	856222	3BF6F2C83FBC19EC9DA02DDEA100044D6A7294858A89E3FF1C6F00D829C0EAB1
1056	856228	CDF27A42A9BC78FF74EEFA81E40B5577575BF29D5F4D2E27F6FF6F8DD5A77A7C
1057	856708	D64B498BD6C829BAD7B6460A10C465955682B0A6593C76406FFA6BB70AD81525
1058	856926	039B886FFFDE76746DB02F6CEAABCB3012568B5CC1BFD7629CE1C36BE96A7C89
1059	856932	7260538D2F5C84EDB4EEEE812F6BE2832162F9886B3BBF1D5D58D67CBAAEF9FC
1060	857483	E6ECF39AFE3C840CF30B929D94A1B94A5C4B1D3C96077539EDE7A6D4668B709B
1061	857517	A24899392F952F975C2AD50E9DBE124EDA5C9A7EA270DA654FC7352128A55234
1062	857915	B55B643635CC841403C9761F4FAD2469820FA213568B91DD9DFA7263E7FE64B0
1063	857949	CCEFC0AD2E191A0FB22A63739A320292A2A798110119BE3C205EC0AD72AF30C0
1064	858359	E70E5454D6E83EEC30A345ADD671EF15636C16643CBF79840573C1E96DA367D2
1065	858418	1998E12BE411549ABE4C125D0A1E5EC135D071FFC08D6DB247198E690874BD43
1066	858496	B2EB54B7E2675D50C29B366830B6521CDD8039ECC851F780EEC3F4B87C4893C6
1067	858608	D91C6AE0DC287A5830040F681CC28B4BA5912D70FDCC441770BA86D206E83D0E
1068	858674	B4E841112AEF2543BC514EDF9A18C44695DD0D847AA4A44743CC4BB09A7AE60B
1069	858821	C5507588AB68DB1711F7F356A920D6D5A1F34D6B548ADFC9ACAD2D86311AFC5A
1070	858855	CADDD9733C65602B68DC4D29D3A9A8F4912314CFA63D287B615E438E5306D218
1071	858923	AB7A96D3D34D9BA1B52C7C9497F4A5865BA554832B427146BE428027D90DBB9B
1072	860963	8DAE07FE4C3039563F9176EDE18313018ED544917701B97FC904DC82A0FBC27E
1073	863311	A87AAAAC9900956179EB310D8BB185E49B0BE3AC099F5AC16A7F68B5C8B85CF1
1074	863569	DFED0ED91DA70FED27F614BDBADEDE032322901AC29674BCA9A5A9B317EE4287
1075	863704	625DCA2425F65C9F67FE3948F39F85B16C9ADE35141F3EC271A11AFBBAEC2CB3
1076	864873	16FBB6B393C13AFED85B061C882B20523130D13A5B82934B3FF7CA2B1E6F5D5E
1077	865961	601C47343FA81C8AFFCD8C88E29143C13051FB04599FCAD54E21EF713ECA815B
1078	870896	53FFE63B9696E3491B5ECE294E7918B912ADF8BCF21D9E00452BBAC39A82FA38
1079	870906	B9DB92117717128A5289D802627DC5A436EE48A97C83DCBF12A5017B8B0648A4
1080	870929	06CC5C1024A930A0DDD970E2A9D04FC2C6926B0E46B6F2269EE1CF101D4EB658
1081	870944	53AB899D74249083B215A58CA0B6C8FF5BDAF83358AD3EC8AB1CAEF59DF534AE
1082	871117	00FCB2F2B443CCB64EFDE3830C00F60DB54173D1BC44CF7A21EA68C4F35D7F53
1083	871140	A26FF0AA5D7823A05078D871D713CDEE1B9B741916D1DF1B2013186B376218A6
1084	871850	52F19BEB21DDFD1F09085F3E184435E549E8029F7874FEBBC227215F6E4567C5
1085	872406	9C3FFFF3222FE57E7B9DDA1B18CC36A2447937859E510683473534397D2D024F
1086	873395	E28BE9D7D643DA59444E00C2AAD4C555FF18022D9203253959F4BA27F7069C5B
1087	873839	FA32BE91F89794702FBBC84FBF1F43C7A7EE6359DE0AF75EC390DF73DCECFEAA
1088	873970	EDD69D8DB557C32E392A89749619FC7F8375C32FB93D79730ABD1425E1766A5A
1089	874437	BF7270BEC652FD69314E203A28D7B97A6E077A387FDC41C909A10C2F5CF91664
1090	878381	5C7869B93920FBAF14AB83F90FFC6424428B8F40698EAF426C54321D9C504F8C
1091	879569	B20FCD8646FA0BB7A1F3E668025647D2658DC74BBE69137A687A15DF14320E9E
1092	886376	A8938C0D59AC91A609FA5895FECAE2E68850C7B84539AB4830C9E186B1867EF4
1093	886386	D8709AB050A9ED2055DC26CF0505FDFB9A8BF2883DFA69850C9143EF275DCDDC
1094	886409	4E02C78B190B1C379E7BE213E6D11156C160795EDCDF6D213B918AD4738F1D54
1095	886424	FF509B4EFA081DF82F6B4C7C5D8D8C576440B85DE0E9DDAB7D3C82FC2CF0AE16
1096	886597	10E7EB0FB1A81D0C5567998DEE0C4270B1C610FE195701C6E2961D5F89C8466C
1097	886626	E53088B4468793BC480A2F3768C6DEC929E46133C188DE88AAD6A3CC42540A6C
1098	887301	A6D50287CA153B841A50E0CD4C855B9B94ADA7B764748CC815596344FD9F791F
1099	887311	DAA5781AB02A35D110C9769F095DFE0661CC4EA2C38B7C3F575B83CAA50CD5AD
1100	887324	BE8BDD06297EDC0A6B8CD9384B9E1C1F23C41A4B8C97D3578FE491A5BBA4029F
1101	887330	FE5E4FDCF3215D59B0012A3AAA8590975F954823F17BEDE10DEC26F98C8FA512
1102	894509	8DCD52141B683037828E5D3657CDF3DD678BC6D457EF44835EBD6FDC7C74B740
1103	896921	6465C05F304A1734DDA09210BFB34EC67FB99CE9BA92CF2F93CFA1F878291155
1104	901856	3520D75373145E8F61557F49EAECB96D85D2E080236414A6FEF89C2D7B753ED0
1105	901866	D7C93D47470610475B4B3BD99C44B33D1D75C3AFDE1D7E7B33CF2A4751190D81
1106	901883	AB0FC645A341786427D88B80F1AC2712051C90635DF2199624DE8F1DF99B88A4
1107	901889	90B5AF35A5D2796DEE56DFD83B13EF87FA090CC364DBCE87CDD335270D487291
1108	901904	5D5DF3D8BAB69802600C2AA6442DA063EDC949120BF22C455A217D5091BFABDC
1109	901914	C2C7ECC9628B2DB3804F855100CC7D05898781CEB15666F10A9CB84DDC20FF0A
1110	901931	BF9DA877D8648E058E1A6EB75ADF2E20993FD6532C831F2F6CA5C1F640C7E811
1111	901937	F14DB996F7D813DBC4BBE40278058FCE1C2091A0E747134EFEBC9315610EB0E1
1112	902077	B15CF8FF918326A3162212223DF65ACFD8323DE41A6FA6895AA5A07B425AD728
1113	902087	02E1EEEB44D19F2A8F2AECAB842D357B83C760ADAE8C793781DEFD84BD6D02A8
1114	902106	066F155ECAC1CD4A38357676FC1F87945BC2C5331F5544D13166C05ECBCB53B0
1115	902781	463D9C6E5155B75FD49114D621577C840A41A2A7DA8D500F3A90DD2A9AD6321F
1116	902791	9753DFDD7198CDB5C5E1F0B6C2C3EC98D5523B9EC3F6C4C5985C947E5AF6F2F2
1117	902804	1E5F118908B3CB993CDD2269BD6D77E3ED1710470FA9C222CFDC638B282C7C32
1118	902810	FFABE583C504B66227F0BF43310FA046C7BBD71E647EB971ABCC1A5A27E00654
1119	903148	DECB596F9A2BC0F0C9655C2084708CF696B7765F28B1688E4E6BC1965FB1DA0E
1120	908629	5B44EAA3C2AAC5CC31E1C128FE60ACCD238D347868DDC21695954DE1F9AEB513
1121	909269	44C4D997D6E2FC3996D1E59D7D9846784B42CE217B59D4CDD97BF8A2A798AD4A
1122	909369	EEDE69E46509DFF8E0190A80B2B1D7043F3BB8C29CFF0DB5FB00924CD9D2481E
1123	910291	6B2153BD87D9771A17F4AFB29AB3DDFD625C15407276A98BEF47AE957ADBE4D9
1124	914684	2B076CCBEB6C38F4502C035FEF6730A4E4B3D2F2E0B117B4148D1776BBBFF351
1125	914848	7F1F09583A3BE0C2EA78226AA23988133ACBC9D9C62E740147AAFAE030324901
1126	915209	C89F02BC090CB43954F61D980FF57CC34B2786D6BBACA97692B16D6F333033F3
1127	915831	C98251EA310A1A3037D68ECAC0F062C330EB957F40857300A4E4C32B30F9CB87
1128	915919	57F55EA865C3B17B866DD53B8C0DB89865D25E9F2722FA2F5E4ADD2427D2F396
1129	916783	F46F4B3D092F6120BE43C35279ADF532E87DCB2E542DD0F0C2334D93E6911673
1130	917121	B22AF01FE8DC9ADF279028B6C86FBD75E9840DDA32A0CB104ABD7AAFC0AC2EB7
1131	917127	776FDFA680088B38D2ECB33697A08C3EA963BA81419576F46E3D07120C23AD30
1132	919021	7ED3489F2EAD004651487CE9A264CA2B76702452218B629B6BC2BAE42F7035C2
1133	919023	827E63BD6CCC599CE31C83E2A8AE98D893126B2AA39A8BB58205BC882162D47C
1134	919057	DEECA8F44266297BA214DFD3D9647DA9A864E689DD9F8F08F4F9B74C95578784
1135	919059	D7741597B1D77381DAA043163BF98B6A5238FEB348AC94FBDAB2A58A3F74CE63
1136	919195	B0BCC5229D7E024C8C856D40ECE1103AAEFB6411262C41EBACADB728BCE7F868
1137	920397	1475AC009864334FB6FF633728B84B01F386C73F5847FA18F3E9E75995A4345D
1138	923137	9B4AA503D134847BB91DF0EA42D8178B5B651EF36AFB68D8B07DBF1D648A8403
1139	923138	5497D9189853071F4A47EFC50DA899EC1E3C3A5D9DFD33F71160A3F80F085486
1140	923140	C7D9539ACD843B89DF03A486C4BD501763D9C154AF0900226CE77EA4E82BFDAD
1141	923835	77C2E7857CC251F5ED02D3C0E17AC8C140655C6B11433666DFCBAE858647C744
1142	923986	08A23F211A7F440EE4305E1FDEB950846800DB7EBBA5581AD2CCE6CDA03A98E0
1143	924884	24D6CE9BCC856E0C921BA16C24B6BE7F90310E518F86DD26381392F38B765377
1144	925305	6E05A66F502A52F6303AD1C5F58503C87DD85D90B291B8EC6F0E16A98DDAC5F2
1145	925409	BB65C727D65DC65945BFE3B9610085A877F0E7742C97A825C28CEAD4C50FDC11
1146	926119	4C097A8DD191A1EAB14AF296A9A271F2922D1754A6CFF82CE55F11023C67582B
1147	926307	1B24EB89AA052AC124118D1F2BD43A890C00EDAB76DF7F6D41BB9D30B1BDA93D
1148	926781	6AC40BD13B3251C4CDF0C729121FD0787628CDEBF5663C8F3D34CB520B5E1BE9
1149	926983	D9A4EB3C9296DEBBA439EA287AC58D6AB9E9A6B636A0FDB29FD80D3F426394AF
1150	927321	0125E95D8250D94AE4AE4159B50B541B23182943F6F52D27694CDE2EBD07A2A5
1151	927327	9A4F0D072AFE8245C3246C29E9B477B1A3DAE6053531CAD50926790B4E8748B3
1152	929221	4DDB35C202A3B06C0F168A0C84C81596C7E6AAC8D25C37ACB33A32854F114C5B
1153	929223	DAC0F4AA71C53F94BFA892245D7C76E571845422EEFAC6AF6AC9928D896A0638
1154	929257	5D877E9D75402BFD2728A9B027F39CD7DB9C89F75588007C5D4CD0861139A5D3
1155	929259	9E2E8223468A4EA99BC986EA547F5855803DE5C57C48C16F3CA67ED88ED39DE5
1156	929919	30D082A18D5FBAB97BA3702A327D356C66107D3D700D0D7021EDFEAC40621058
1157	930054	6D0BCC81D95F8C9258E959805F4A7846E5641F1C34A63B5B731E56782B64DDAC
1158	931700	CE2B761A6FCFDA8062ECB2C0C748D0C7A0038D9F58DB6323590EC06C1D44A47E
1159	933340	88946A57F25D7A5B11C48A655D8DBF7CD9D5250932CBF966D52D176FFB0D5D17
1160	933341	DF1497076BB5CAC8AE8CB874DF05538C67F5C5AF08D3EDB3CC6BE8DB32756287
1161	935609	C6A576A924E189BC46F2940F9D9F6CC787CAC213554197D682B33ED662B7CF81
1162	936231	DF1E8E4D2E62C67F3CD844FA425D6DAE49B9607BFD9D334CA27E2D77FCC61566
1163	936319	D1E1E987F02E92BC5D7EAB452F21EA11F931A1946BA1115ED9EDDBB75E2D8A5A
1164	944235	577A75027650836CC2AE31741619134D8EE9179981995BE6C3BCB160C91E4112
1165	944241	72D20769AB690B55720AAE5548AC951A72913BA28E4EFAF833152848305E474A
1166	945284	DF012F9AAD117364ED5964C0B902125E6D20E76DE862D9F8327053D4C1861E40
1167	945448	256DD3BD6D1DD3B580E9D9F77D00A1FAFE2A5A8C254B894208B7DE8644D70F33
1168	945705	7C736E7A52BAB0C23EE337E3D0B5260E766DB056AE25D69EFDA2F567DDA3CFC1
1169	946707	765A7D9E28EF72E76E1C40FD9FF7FF5806F9C3BE8C59A56FF15B5D1CF5DC8C40
1170	946861	685A5560ACE8986BB3A926C475B370AB10CAD6C5FD2477CBD6E07556505686AE
1171	947181	F6A6F1551FBEC2F1FB354C11F4518FE1520918C9444B7EDCC0120F575683D194
1172	947187	70071589D911ED05500AA10148BA665F50C80944F25F432DE0B5B7AF22386ED7
1173	947383	E4AC28577A613CDBC16EA92A6E78D7E07939125B91AB1B89A4F6D010271258B8
1174	947423	E96F72BA70EC9FF5DE237B0E31B50B625F2066FED317D703D044F52DAC728744
1175	948589	11DC2AAA17A5DCD93A77EF45870B7F009A01844FDC7C81E0F3677E28F9C5A512
1176	949621	D50D71BEB84FEFB833276DF7786CA25D84839A5C067BFFF0647CFB121C574BC9
1177	949623	75E9FAAE776EE5A56DB46A9BCAA69924A91AA2FBFB11F833F9FC9600945C2457
1178	949657	4718EC17711496F315A84E0AA51290A34765315367EF9BB5E56F42FB47C66996
1179	949659	EDDAF8AAEE371D59B6726A81856D8609984537E4C2E06B9ABCA2A9F60AF2AECA
1180	951112	180386949317C615CC966B0DF7DAEA90FFCC0F55C82BDC55AF03B08796A360A6
1181	951737	131EC2659DB97C420D4B7B03CFD552D079E081BC8221BA742F0BF2C98B9173B8
1182	953737	CFB5CDC2409449F01BB177BBABDA305E1815D506456CB412F3F908D4C602EA04
1183	953739	E881BDF673E91E33848D4461B8E39C31B03DC7FBCF09A0E316A431E7880BFF88
1184	955484	70ACCA8BCB7AFAB032D6A3188C8CD17BAF841C4EC93CCB170CD47439C148CC2B
1185	956009	612A3C31B42E434A63D411A11038EC44CCBAA5FE0A0D6A08DE6EC60942D84A68
1186	956631	7CE2996838F347495EF63A6734F9D819F713BEDB65FE4FA64B7DB2DBC788DB60
1187	956719	5FBDC8E1C55242517DE874DD837FAEDE1ACE62B5078079A77A75F3591A3C3805
1188	956973	12549938B71D5BDF0D4AFAB3341754AC3FB38E47A96444F9561175AA2A10B7A9
1189	959821	57865BCE1C68F38C464944D893EB1EDC80D1918DD71A797F52E7C9680FFCD8AD
1190	960365	DD85EF7C237C5085CAD2381E1C401F6A0ECB915F8BCBE3C704183EED6444A1F5
1191	963937	D30342FF2A86E357CAA9DE6460F73C4709AD9E7134C63B4CFA183FC62E3B8939
1192	964640	A039E93B1AF659EE765D992BE6B076D316F76F01C2172523D75718D4C4312D30
1193	965848	3C45A3E13B3183B4C00217A78C8E6A5DF8B3BE0A34D82E5082E11E91F612944C
1194	966105	BD558414D1B7935388DEBC0EC9F02607379C38953A88D379393A4645F8D296F5
1195	966209	260C2132CA02878ACC979460212B316607F143E66DBBAD7393C6A28F799E4DC9
1196	966831	797D4B8F57F924F8208822A00DFE21EAFAD53E368BC686CA2D2290014A4916B6
1197	966919	5C1FD91E4CF3A9F934DEB60DD2D49F3DD5F710AD5CD0C09561E091087D5A98B9
1198	967107	B9560221245B58A87D92905E85B531FD8EA9CCFEB7596AC98F598C9E7BCF7169
1199	967783	D7BCF4F88849A747842AF3D47EEF5567F46677E3A7C7E75D9F233971004B8412
1200	968121	E4EF33B7CDC24A326A826ED8B6EC0C31F7AB946712B49A091034676A458AF005
1201	970057	9F69CAB4BF684374C9EB517C922A9D839AEF498CD7224FC14B173ABDF9B5D0D9
1202	970059	C2B142C3DDDDCCBD3E9718F64ECB01D0E366D35E8A0B4B60809246BA01B908CA
1203	971397	BBF7941E872C1D2025380A1DD357441A9647D30890FCE194C2E84EDBA976E276
1204	971421	3F88BDEDA64C51E3281C9385FA6C70D772351324FE87BC1270BE5F827A3691E8
1205	972500	070B7A804AE47654BDC61510BD261DB1E0F8CC677B78FB4132C6D417A40F08A3
1206	972751	3ADA1259F2A187A6945957274C2B5837C5E5BB7E045A95A200E8414DECF50DAF
1207	972792	7F1E191EFA68D9112FF0B8E2563A09B461522D7516F082E1F7280A22843A0604
1208	972852	2CD36570D44AC873238B31750FCE1C791C9A39353D2A6BE21DE9D4127CF07C83
1209	972857	84C6730A20BEB2357E431F3E04C3157CC39BDC0E07B39299ACB03E11F27854EE
1210	972891	B6446639F647BEAE78286990FC8D1990A28EB3E5A2BAC3600DCADA6BD0248342
1211	972995	6CCD3822E51E72ADA95309CF84E3BBC57D661714EECBB904811F78DCB6BB5C4D
1212	973144	25EBCE4416CEF7E01305D48307FB6F9BAE6FFE950D8C04C4181271AC68BE0766
1213	973312	F0D2827075D4FA165885F81EB85FAE4B120F11873E11B83B5FA4EC78B6AA47D7
1214	973459	8A843A87AA6DF80E48B5CCC0423E04FBD05EB5415D17795B093E08892A6F8523
1215	973685	E1EC0A014524D3D5CE435C7F6424DEDFB8EC4956D63328615967242975DC81FA
1216	973688	4A1579BB77934EFD83D7A528F57DDFA688433E9E01F33C2017E647279DAED1E3
1217	973909	56FF4BA41072A5F1EE4FF5E76460251F953A69BB5440833FE8080FF9394882E7
1218	974055	D9FD64CA01212178C2F4BC1B47DE9BBBCBE120A481864B714AA4AADF6CD27FD7
1219	974058	FA4EB036E5F257633EEBD9A3BFADD4A779DC9DD37F7FE2274E0D89979EBBC780
1220	974226	BC46D08AF78C051D43EFC73B2A2B207BE97E9B19273B53013283080820021EA5
1221	974373	47E3E8A71DACC09A31D52C9D99478D0399E6022C364E993C76DC33EE99EE1E92
1222	975423	1940259DCC3E9640FE2A5524C754794D25AFCB8FFFC8A8BF45078650AE5A4BDC
1223	978116	B02A9AC65015E994B1C58954FA1D48243695FDFA6C8822C792C6C1B2CD992ECA
1224	981443	D6C2322C7088193BC93F7BFD2069AD594EF352C880E160BFDC266D02540E1A24
1225	985150	70D7462776E61E8295822323D7569631DEC77DB224E7F262B8BA9466FB9486DE
1226	985793	A6E18C829760C9E2D8D168EF1F277AC77080CAEA8285ACD3AC516BEBFC422D36
1227	986000	D43144E05C95AEA31DEB1484F18B5E92D295CE8F28A942A06DA55E0A3757F762
1228	986469	775EE93F4F7072965B48B7B1F5F0351A43C2C594912AB6DA60835E8CE0221837
1229	986935	DCC6B094FA319A2E644A9C5F51A1D5C1778A36F520521BBFE4BE3590C9DE4B1B
1230	988014	0D5F18391E4F6062F12BDC6B3A6F6C9ED295F47CCDC8C6CB8636E90F66C36D89
1231	990402	6B9ED6546A3754B2D31D690C4D8B4D493ABAAD1BB082520A7B03C3DAD3052E3F
1232	990939	34B1C4A111C1940CA55CC8D2B91291581BB2D13A353D323AEAEA980313CEBB02
1233	991249	D0F542FA6F09600EE02525E37F4AF312B1EC817ED4179DA075569B8D4C369D63
1234	991343	5EFEB6D89E3326BBEAC5805AF0753EBC376F18C97F247CC49068535CD921F46F
1235	991587	722C5A88CD88B6FCC9B05CAA44BCA52564F1974CC1ED8531CF2F5964988DC685
1236	992028	87C4DEE6463F3C076D374544C0D6491D4CCBC71E81CAADCB629BB16B805F6421
1237	992902	33DFFAF2057FB739C77246A023F54705D70B4DC208664561190CC561633AAC9D
1238	993069	03AEAFA5894BEC5463310262306862BF96E2C3735BE17559075523ECBF555041
1239	996003	A337964E79977697D53E7DF904D48F193847DDE4A72803AFA6220DC12DC3560C
1240	997596	0315108FDEC3085216230428A3F1248E040D6C65D461230A02B0FA2B872A7F22
1241	1000630	3A48D6501E25960272308B0418A285A8BD9B8989E226F4B2D4BB51131951B2F3
1242	1001808	2142EE598F728916B7A584B9D668CF4533581495DCB2F7FDB62232EF0E709CAF
1243	1003812	B4FC30EACD417529F715229683BB71278DB42E1085D4BD216AB4CE45F994A205
1244	1006974	B9B31D2F8208CE8896C762E1B15D9412BB798DAA54BDC06553B9300647429929
1245	1010365	9A3E3E73642854F9484237CBB60B8EB20642FBCE9135D9C5B9768F789F765B59
1246	1010873	F341F135A884CEB483CF170DB29BD86CD75F49EDBC7EB24C6CBD583281C71587
1247	1014515	C7CE8A847E71ABC3AB8B55A741CC643D368B42F3EA4E41C92C5A32753D0F5ACD
1248	1019292	F1A9A5C42E5BC50739F6125B42EEC004766E462B24D88CBF9F314B44216C7247
1249	1019297	EC5B5A7B5756AC615F13D8D1F524FB1DF60EE99922384EC0693639B650F508BA
1250	1020349	38919EEC83BE41C604D41F57BB3F8587CD4C832E9AF4F646D639CCC5E0A7BF5D
1251	1021984	32DE76A4CDE064C74553371DF43C43CF5D3C331C502037867DDE0BCDF1D9D1D4
1252	1023862	2FD02BB76EC8888F398608D00036E08EFA9B5B0CF8B1DB9772AF678EE00842D9
1253	1024208	E05E59740FB75A16FA3B70C97386CA8CDAC035AD42961655D7F94AB72EF4960A
1254	1031180	91E975C1BB9D94F849A0DF4FEB113AB723CD37B6D39A9F1A7D03A8564D7CE478
1255	1031602	E088D8D40556A5E8FF70BEC6E40FBC8EC2498E6107BA6C03166327701D8E5F2A
1256	1032539	7AD56114D51C94842F6F94D9190580AC2784B06360022D8AFCBB8CAB589D8C0B
1257	1032584	0181A997CE2A973DD39CA6CFA26DEC9EDD2A80D14D5B9B17D1A685CD2AC61498
1258	1033506	921319B304756A7B4DC2D0B96F862A334F713073F89D8961EE7532A61CCBD9EB
1259	1036861	8E891DB34298FF7EC99300FC9272785D0D78C247708DBA7A1B1CDE6322C55BA7
1260	1036950	A28C4726128B2B2442EDE9CD50FF29E2717063A0011184CD932D6EA9789876B8
1261	1036959	AAAC445BE6E0DFB8172E6875BA4E184367FCC45FD1BF3FC0B29B611BAADCDB99
1262	1036960	9649A41C01052A570C4FA62AECFC12A584C42ED6FA20130E2A6E4C894BE37069
1263	1037062	A5FA0CC4578CFDAE5ECB35CEFEF965665994D7670E004E9424657FC9A3CE60DA
1264	1037064	F61173EE89C93A2965DC48F35AF985F18FA6E429BD76BFD2E934D37BEE4CF13D
1265	1037072	190EB6A57992A364BF3BE9CEA3948433F56AF88287993DC5C7D027BBF78DB8CD
1266	1037073	2BB2512F6E847B143D8DA70ABC3AF2483082125FB3CCD5FFC53D752D6B722A2D
1267	1037074	D57BA91A2595011107DAF906CD530D932BCD77C912C1237A50A817166AB76B08
1268	1037162	3F3868E2A55D48230349EE8768C08E163E18C2EDA826004DC45AEB1F108F8A64
1269	1037172	BB174FDCC8C960C50026853A56DB1BCB2648FA502CD99B397AD1EBF45C7706D6
1270	1037173	0DD9BDCF1BB4C8162EAF9EAAA2ABBFFB867FD21DB837047391A9CF7CEDA27528
1271	1037273	60A055D556853E809028568A8664952E54FEF21B3CB564DCDC351B6678F8A935
1272	1037370	A49C0640B8E0C56F249BA8752B267608B1FADF34BFFF625E18C2B795CA5BB115
1273	1037372	937E4C3295359765D61D3A7CB548CCA65708E3158FBC768E5560B20BE451912E
1274	1037382	3B7B80283671B672997F93199E432C59066D03B892F1365019B297F07EF4D9E3
1275	1037973	7C453EE96244E08F025599ED2DB186C6939A6EFA1E197B6171A05C120A29F9EE
1276	1038042	7536EE159A8E4618F891CC6490A2C24B77045C2F8AA16E5260B1C77FF7E3BA07
1277	1038045	25BE7BCC908DC427F1A2A0A6540EC0F3E36E5377B895484C4977E5606D942312
1278	1038714	1856176BE52B7CC048FF0B578E78ED4958110F6FD17170DE8243CF6C54F80049
1279	1038905	DE6C9FB1EF30DAC08E2016FA7E51B7E48100AE11F919765FC837C4C41E2CBB61
1280	1039143	DDA3287A4337C47139E0B09574FF556A1BDD4A59C773BF80E250155F287B2D8E
1281	1039788	B32A7C1F9DFB5B9B2121D1F81F487B86972847A81DAFD6218D0EC3AF1A742A8D
1282	1039890	3418F61678B54EFA8375524F7E5D863625A1F41F7E128413D072D00DCCDB2F2B
1283	1040139	8B95450F5FD0FF061E42950F9CD2EAEAA025E10C5EDA780DC316B64B1833E95A
1284	1040189	2327E74CFA3634FDEA480D3B96E2C1841A0FBF4DD90EAFEB49A6518B37B10990
1285	1040835	BADF4ECFFCC2CEC4CD500122AF877F5BB597895979955AE5BD4556902D4D42D4
1286	1041418	E6AB6CE225603EF76E667D5F9C49A5FD6CC1F0D211AC21B00165C423773C15A7
1287	1042339	E1C18C7AEA71457D6F8772F2F3BFECEDB4BBEE5405FA889D133E5B2E816B04AB
1288	1042493	112FB7E4E3958974CC49CCCF85181F89526B1B7BFA962608C0E64FE7943B841A
1289	1042537	23A08F2AE164BF6F803BCD4A28573DD1708D664EA595954277E2CD56DF7FC589
1290	1042821	A80625B59CE8E069EAFDED74BA320179AB2F97A1DB7FDA62401707381432900C
1291	1043521	CADAF819484251D5571F5D7BA763AE12319A4875E3B3F1EC9DE7AC2D642E8443
1292	1045035	D4983377D77383AA8E464E68B2BD972F9CB4AEB3D4731FEECAFC0627BAB73081
1293	1045049	6B491BFB2996746F20EE6B244080C84A029D69747306F1448C4B8847FBA49EC6
1294	1045093	9179C49F7E9F34D8E94C6E8AF9EA35EFD2300B1A005295B68F7A1F403E18B33D
1295	1045849	02D7C2D054F7535F7BFCC94E63ACF3A8817EDE8B05296C03FA3A9E80AE2E3774
1296	1045851	F086478CAD43C6305CC3F56C5D406EF1D63D3A1463AE82DAB7975C873CC47B09
1297	1045975	C4F83D4B5236DC381D3DB3BAE396C3052FBC060162AA1E4C073467C77593DFD6
1298	1047241	891634CEE3602E02A050A6D4B4631214F1C061ED5903B822503C603A1FB45043
1299	1047243	1B9769910EFF850293E83BEA35BB5C7034E7AEC9E23AFAE36ABDBA37A7E796BB
1300	1047353	0CB801AECB3F6907AC018624B7AA458C669B470945341BA143D1067C9489D92D
1301	1047355	92D4F331BFEE456AB73448D6428F6565007D1D4188337F354A6E445D73E85800
1302	1053755	8DC49E175E53BD6F2C093281F3F198AA8CE14F09CB76E8899A2063EEDAD0F610
1303	1053987	55C28CACCD8F2F0CD8C59D0D53A92AB6C59C581E37EEC60ADD04703A416868C1
1304	1054480	DE94CD3005BECA2ED167500EA5B4AE3AF7D3B19AA5A13BD30EB190CEB6DC3E31
1305	1056159	EF75D4319B906DB7723F7F95E1408C8DBDF3A9A4015869C99B37FD0CF3E33F14
1306	1056306	4F5147C819C7B8C62CE96A5D06AD5C78CDE8B3956477BC06F1D29E9039C45DD2
1307	1056315	F8B6960D9B3B1BDE876231197DB917A18EE1C02BB7BD00CFBA44DF94EA7C4D73
1308	1056863	E36E4EB35A038C733B6446917491336364241A0EB89C12253E8B411EEDEFFB08
1309	1056885	466BD4DB7A27A2806DA95588EBF4D123A715678F6ED6554437B0E116D9F0CEF2
1310	1056935	86E3963397CC0C7CA7FA5A1C08FA43AE9C33BA581CAAE55F99CB15643269104A
1311	1057763	D937E5E06381432DA86AD924814A0DC81C240F62E5C6B2301A653CBC5763C99E
1312	1058275	053944D6F179D50AB7EF591F864B2F681B3D564DECFBA3C70FC50C0E860B4433
1313	1059137	61A09CAD99208D2C2CF350B9ACA7D0F42B38894DCD1334A850AC3878ACEFD1AC
1314	1060515	257E35D75248B8812F7303D2131EFBD9EBAAAC405989F8D8ED5A9E196F8F0EF1
1315	1065193	2BD9EC3B384BEBA6251B0D32E3FE389CA97B9109A09202F3EF51F5D140A928EF
1316	1068022	4D2556487863BF64D649203FFFE02CED5A82A06D93CF0DF5303F5F9FBA985F6A
1317	1069007	8FCACCD854DB1DAC2731457178E65BEBBB45607845A256E24442DF790B9CEB42
1318	1069467	B161DE93CBE51830D8CF157B9BFCFBE9D91C56D1B8E5F355283AD628CA382A9F
1319	1069682	DD446BA2243F75A31FFC2984E8A56EB5A38FE60E3F377347367DA76E624B0CE8
1320	1071786	87E11C5D0D923EC400F1E28C34ED353B60BA6BE2BBD21044B66A30ED8E6850F0
1321	1072353	92CBDD3099DAC279F2930125338BFF2BCF0005774792D24673ED3C50785DD556
1322	1073220	0775FD10073439ABDAD8316F07E81E6E6933BEC5F5DBB8DFCD471B4063F662A0
1323	1073644	C087840AF96448392CBE63A9385515F5CBCF072846E0C9765F5E4994D5791030
1324	1073652	699A6A29173E16571701AEDD1D2FE700BBC3B6100E91B3BF373BFC20E7ED0844
1325	1074609	0CC8D2AF2E9FE0668425B818ABC52A88D68A4EE6B59E0E7A3825E5DC04646D64
1326	1076009	97D74472CF2DF757E6B2B9277991122693AF22125626BFE522672554C4CBA60E
1327	1077477	D1760328D3FF34993EB128336AD2DCC58670C8BE84D27DBB4259ADC047F37CE1
1328	1079848	F40FF1AC6B507C05D2EC8983AB348D06D52F5FD1DCFC12B262B67B7846371111
1329	1083399	463CC43CBAC49ED707544D307FD556BC4F2733F65CBF5F4930F53803258E267A
1330	1083401	4DA40A2CAB9D1D4D173BE454BD21B5372FFCCFFCCA67E855BCAB999B2D6FD4DB
1331	1083504	EC1609AA122BDE21B827DD0A0F4A541A63E9FDE12B6EDC956B2F9CD485388CAD
1332	1083613	2C05674C1AB607351AB136713B82B7D7E152914A6BA06EA6357C1CC8DA0B482C
1333	1083614	D6FBA45E48882196E7F6046A9A85E6F934AB773E0A5FA86AEE96D4FA593E218D
1334	1083822	EF46FC4DCA19F20AB406872FEF33D1F1B982D3EA9E9969347945964775BADA6B
1335	1084487	08F930B2EB4A9147FAB5946AEAA737D9AE82110B6611CD7B9A56D05826213A76
1336	1084944	99E082AFF80C2F9BF9AF3FC4AF728712562ED91A96A29167BFA5F55E37D95318
1337	1085154	AF11C1E4C4C33B733C4ADBCF47E8803EC599D6DB9CA263A3B220D7A1190D5629
1338	1085635	4C14A70063178A17149B6BB31B45B7B93505159F824F3C17360F13A4ECCDBC71
1339	1086147	A4EE42ACFBF4D30EA20775D331A554FAB87EFCA0CF472B961B15D1F69A1A280F
1340	1086228	B403BF2A5D3ECB4AE43C3098D854583A8C91AFF46B19A44E228A0ACE3ECAFF7D
1341	1086579	002500AEBD96BC357FB0126A4352F204C26500E2E02AD269D6F48C46091B2E8E
1342	1088700	1F41A49F962133809553DE40EAF2049C5A7B98159B7CCCD6D5E3DED0786CA5E7
1343	1088802	CFF0B355C290F4A4EF02ACE4A94A2A42A1E228C7D823ABC563178FFEA8237663
1344	1088999	CC49BA5F6F28914505715EB7529F4D115ADE088DC338A974DE291189C08C3D26
1345	1089083	4815932288A95BB1EE9E97B600E710E1D78350781DC01B5ADDF7BBF38CA482EA
1346	1091473	1E8DE25F843CDD54F153D6E57B1401F24B82403EBA838DE5DC6BC9D4A4531565
1347	1091577	7BC0F6483E878E283631FEC6B2B9BF88445C8E9E49C77B4EC7B91E70374B02FB
1348	1093005	856F55D0041F1862BBEABFF4E9A9C223A53847C31910EC56BDCA8CA027F012DE
1349	1101588	75A9751CD86CEA366859C5F0A947BA1EBEDA3EE4149C917226CC8906475C0908
1350	1103546	B40BEA5B154ED377B745DFEA4AB2B106BFD617EDB0644E0F67BFF669B7DDDCF1
1351	1103554	4129E886D49227BCB9007C6C4C8108469A50DF4CCB4ECDB786CE5DD373F0EA03
1352	1105609	86C8CBBB0D73AB6BF351AAD97E2404BEECA0DDBC9E4129DE720F04BC5E99126C
1353	1109312	5C8BB39C334F82CF822E70E10147911B8714F5780F432594B01667DD46892316
1354	1109440	6FF88550988B4085AEC6DAA8A802A511EDF40420B74232668188DF8D96A578F7
1355	1110338	362A6B1B6C2989F0FB5E9A39EEA13C12BE7B4767141927B594FD483BDE9CDC5A
1356	1110776	63F73F1F9BD07333BE5081FCE4144BBD94528C61958CDBC0FAED42D5840BE663
1357	1111017	D98F50B52F0928C097330E18CFB78E043D9C1CF4E25CD6E8F8B50042DAE48B23
1358	1114960	0F4DF8A3A4E8A4C15E03CE87029F5854235AF589B1302F74B24B981248B6D643
1359	1115426	28F5AC85D33EA6A276F41FF2F89BCBD5A6A33EA6264F783D260D39CF29033C20
1360	1115476	018962E9FE1E496C45D1CF944ABD14D3AB7493201C14BF6FD50F292CEDBCCE9F
1361	1115896	6C87B8E3DD61FCDE427BF8AF01132E68E959E9BC583AD53CC3A104F9F83AE1E8
1362	1119897	ACBAB0D01316FDC22C7EB4C3ECCB4721EB189314C760C303811E504085794546
1363	1119899	5FE93B15030F1404130A572CE7BB39FD7973E171DBE02DB7BFEF2623514F4872
1364	1120709	8D2C8524BCD40A1265477A45A7C661B12408884235D8F352E23062B0A2D91ED0
1365	1120941	6325344633C9395646C35EB70B4A2F25198395FDED02C1910A4685550B798DC9
1366	1120943	CDD1638E18ACCAFEFA6ACBB1F6EF91F6AFEF28875D9CDDF43B9EE107F80F0518
1367	1121045	73BAE75BBDDC6341071196C9BFD5F128B8D7574AA05BE801A8155C96FBF835B7
1368	1125584	E568E1CF964DBEFBA8F0DD4D589C33DC5996952D6F01159B6CDB3C94B5B1C6EF
1369	1126096	E35FA2DB18DE80F8B359495A08428A2F56DCB136F149524C7BCC4A0811716739
1370	1127983	1F443E5EB09D1622A4464473E5396DE9681B0C6C0B7DECEB1A9A52E8B4D4B38C
1371	1128052	D6A9AB14F58720135557FBB83950527BFD9F5B6143B35FB09EECEAB4D33521D3
1372	1130097	16021354A5F3C4280B819303D86AA92E62B3F151A92115D5AF2B4193EB5760E9
1373	1130909	94E065C8F5D656BED37F79DD16D4663F630AD566660B671DB50C063ED9B88192
1374	1131141	5FCF7E68E0A3508D29E40DA75C446D31F4F1A5E2ABBCEBD9A5CC66A4766055EF
1375	1131143	4FF69C6A33A332B66B3E8D8F5F58061BA87CFCEC2B6884055C1D86DE0A1ECE62
1376	1131245	40DB1D37C51D115DE1B49DB0B34F2017D236F2FE156A7C2A80AA68B3B994C7DB
1377	1135876	03AC4ED32DD159FD018E744E1EDE98A4938AB69E9DB87EC878F4A04E2BAB3B32
1378	1135978	34A890E996F0F18249439EED74E2C1B692F7C305A5A559D13897F8421FE049A5
1379	1136155	A08B284FB5D7D2E35D9FACCAA76CB18DB0D18D7B60B9B68197009810D7659DD9
1380	1136159	2D4653D0A80A5D091E168F7198954CD5004A990C09CAB67E43046666D516EB11
1381	1141121	1B6F4F059A7420E6CD1A3E246BC55A757D87B15316F7DA970A6AB68464A466DB
1382	1141343	5745DAB9EA2F4F98F3E003C342C3B6C1EFE4D1D7C9A33936945A76CF6751D15A
1383	1141433	766B052FD9EC6457ED0D616C8CE385DEFBBA8FF30C2BADF6694B08E8B2AA8226
1384	1145396	08F31BD7EBA1934537827AB019AD9B829CA13D1A4332E50324FA17B86208F330
1385	1146026	2424ACC0929D7AA8E957A517DF99DC90D62AD40137AF8AC705E75F4BDA8114DC
1386	1146355	D232AF9D8096794BF310C4292DCB5A0BBABDAAC91126390849C1D17677EEA8D1
1387	1146496	DDE01E61F467FF04CB87521903E574F0F5BFC39CE63A86BBDC50416D903306B7
1388	1148383	067729760A0AFC32AF34BE65D21670DF531C2980611A8910921C2F26DA8F5F43
1389	1148452	2113D0377B94B40521B3E90F43DEDE585E4C44F79AF4799B3104BF1E4375F2B4
1390	1150499	6346D6D8A46989016011F896F46D32CEC3275C0CF3290DE47309F4ADCF3B93E7
1391	1151633	4758E22B8839DD25B9AEE4C7FE517ECC8F6252404D51BB36DA512806AF4C8C40
1392	1151645	40D877E3FC6B71CF84E4A4E8834A7BC63DE79D8B7179E4B83F40371CC4204916
1393	1155404	FE911B5670819CE170944B8EE04C80367F961180D1B7F29D6900A156E9B3A0D4
1394	1156555	C003E8C139E24E2CAAB0058DEA10AA4479D8AC69EED7AE587DA7EF7CB25D46AA
1395	1156559	AC83A0DA616C46D9535009526B0BC4106C7177F3949FD4DFDBE212D132CE6585
1396	1158583	38277B6694D7E85FAA02408E6504D249CDCE2595086CF829921332F367F5546A
1397	1161845	745A32F96CBA335A834699CE402F308E7139ABE63F330F6CC3820D24DDBED9DC
1398	1166426	22D8909AE98A3F3BCFA07653B5A5AE76A6F2806C52EFA4AE9FD1AA4A165A6A7E
1399	1166896	E61F5244F4A27FD87F93C527C0248B8B2D67977B87B4D6C4516E9CFCFD131ABA
1400	1168783	FD5293CCA1EBC2DBFA5E632A67F0AF793D72EF3D6E2A7E9741D85366AD6AB39C
1401	1170897	EAE96BBD4D74BC873B878B4D74AA6940F9A46A42FA13CAF175BDD0F671BBA9A2
1402	1176534	EA0AC790F792EF8A90F9DEA4AC1A94A026639DC7B5756B51D987FAA9795CB143
1403	1176570	EFE1A857AAF244F15E3CC0E5B4DC1875130157FC71E12323998D379B86758A9C
1404	1176753	2172DC689DBE179505859058CD7EBBC0184B6AE0841D7040664AFD3BD5A3B3B1
1405	1177024	011BC92C8ED80BFF878C3CB6CFBB473324108FBCA84EFDDB2DC4682E69262854
1406	1177295	FC444C21D060B6D03B3C81C830DA8FD8844085FD21151226A1C2D4EF3016BBDE
1407	1177469	BDE34983878CB10C8BC9FA2B5F18597B4D6694AD32BABDD2B6AE1EF7403F0AFA
1408	1177953	9C77ACE70C4206994F6190A29B0CB9C0D4B8B6EC8184D0C235C4EC4FCE67E3CC
1409	1178222	4CC65ABF1A57F5CCBBA42F3CC07679AAEF6BA52365A52EB569C57F66D85F36B0
1410	1178262	5F491C09611ECF3E1E3CD1F0188009EE0C0E1FF00F0B12DB0ABED74D700991F9
1411	1179281	84F70EE50B68B25EAB6797D5CCACEF8183A4AEA8BAA15938288BFC49740EE650
1412	1179548	A48E7A7221F15DCB6E196B2112E73654C90D5EBA4BEFEC244CB767799A56BA70
1413	1179576	6D6EC2AE69DEE9563B4F769D3F737A3265A810D90D12A505E7EA80FBE105106B
1414	1179820	6F77BF0FCDA017DA8AFF65B5EF9406C5812C00575DF7D00CEA0547D94F1312ED
1415	1179826	ACD8B948DE6ECECF5BB332CD986EC49127E6F31B3A623907A87CF3AD75748932
1416	1181236	EE02485753A229FFF41000A87A870063F66E6D00A06CBCFF127B59F672D72A79
1417	1181338	4489E8CA276B66E8EED8CC1E8BF657A358CDAE3C5FEE1D145816D3BE408B6DD1
1418	1181376	F46FB0879E0EF8E98686D89A8C6576D0D3049855B996B755C1143C6B59730C9A
1419	1185913	38359FEED422A27E3FF016429C9E4078494A4C8DDB808CF24C12DB14310A837E
1420	1186773	394287514F43F286697BD67D69FF249041980C34F172D6B1718A8CDC357BF472
1421	1188137	07D49038EA9F0CBF1902607968813DE5BD744E7BD8A3F44545C6A0ADA2F05D15
1422	1192233	E514BBA3B4BAD6D500C2B401177873F47B55AC67E96BEFB0AA84F679F48A2796
1423	1192235	B4E8A8C1098EBAE61E319C787D14B811BAFE9A3549FEFE6AD772DD9C5C568FCD
1424	1193367	6163E04642E5794D82CEDE310B13E2CC376D2EDA2028AC102426CB72162AF67B
1425	1193433	80E47F9C269BACD4B77773247F0A8CDB870825F4BF00288C26BC98D6CD68FD08
1426	1193441	ED6CFE505E5DC1B8F1F370F22CB7C8F8E1F6F0B6A88BC1B32D341D7C7923284D
1427	1194541	1BF44AA2F55D5F9643354423D95F68EAC8EF210909F2DF3F20387C9FC6C562D5
1428	1194742	002C9714924E8B68E5F5B4D03E974ECFD34A75D7F3C4A842088C06B8C86F6E0F
1429	1194743	2B166EB98C0E64DDE0808C60A42054C5CF415181A1E06E33C89761B0CAA7A548
1430	1194760	6D3D35CE4C22866F09CFD87D6BA7EE3E42810EB25136FA76C38E57939AC9C2C3
1431	1194761	C1E714888BD4BA463F7371CF34A7B497D4D80F2F6FACAB20483269893C6CBC3E
1432	1195028	88B6D16C9938A8E9A574A883A67846090AE5BE35E59F94D01352EFC037E39703
1433	1195306	9AE994CC4C8589A275440DBC41EBC21882439CE2A818D41A874FB0B88452B9C6
1434	1195491	F7BC192D7B9963C3621E9949A2E150FBBB4639C48F543F2F9728B5AFCBBA0496
1435	1195616	11EE1BDA49BFD340888F65813538A9914BA0625F8AD163F3CE4233D89BE96252
1436	1196764	E1C3248D8114B6079B356FF70F1C9DF8CF15ABCD8CF3E0F4E329478710471E07
1437	1196856	E183D7FE1EFF5A53C447C176AEE86B254F83A62DEF431EB634AB5643CDFCF1E8
1438	1196857	84FEED7B5F1481668218A8579B6A8EB4CB58084D1757CC1D23BD6E053E39761F
1439	1199050	16FA4C0C98586997D542B82E416C0EAFCB211E76C371C9420D947C451B049D63
1440	1201211	0F55C0AC3A05C0AB9CFE080D4CA7430F12B0BFB3E2BE5771F957B4886A411F61
1441	1204111	BF5889B93E9BE889D33D61FE1C2118A8C58CE0575A850E57F8170D8EAD5EC360
1442	1207566	CB170217FF145CF3A5702BC0ABB38B61A9FFD7090014268E4A9908CBF7E471FF
1443	1207678	5ED6BC761A2F1DB746DCFC26BD9474D623345D9D80005E24DAC27CD8A9AFA615
1444	1207713	AEE68A9DC60A00732C8B2E096EFEBB2C91EAD34FC1A5977ABE4FE94703591ABF
1445	1207715	5EFBF4B858231AF71330EC706481D6F0DC9D23A255F45A07493691B9CF2754FE
1446	1208279	DB7D808586985A2D7D83ADF9557AF7C106D39D3BCD74662B70B62937ED6F9481
1447	1208847	E698EB9EB0025E078751C5527EAF10FA8AEBB211643FC6605CEA09CDF6AACC57
1448	1208921	9339887AFA2709FC5CC36FAA77786F37F1F49FCC9B0C7D7AABF083E956381130
1449	1209182	BA9E9BCD30FAE3226A3AAC51BE453035AC5E2C7055A0C681723EB6A5DEBB7FEC
1450	1210021	06A56F346CA5AC327D9A1C4D841478EB91B33D45A8FA8D50AED69D1561BA13A2
1451	1210047	81120E46A8EE7F2472F9A93324F2179AE337423D63ED30E923F8C483FAC5D80B
1452	1210222	1E038720C75186BF1CCE7EB2868AF72E72DFF95E9686330CB6EC2799229338AA
1453	1210223	71479CEEDA8E3B3AA23B171D73DF9E99DA2C4515A6659E576419B86547384883
1454	1210240	74884C180B5233B7FBDE8719D9BAE08E09EB4415F69207F8A159B238C46B9216
1455	1210241	B36CC299DFDF196E25F9A2034892DD87EEE478886FC34B736D2C0D6A742E4F63
1456	1212196	276A25B3835BAEFFDF46E1576935B9E8FB3EC0605D05325F91B1A62F62A5C1E0
1457	1212244	9771C39773C3CA913C9C0F22B258BD0C3B811BA6E97E1D36FC501166E71B16A9
1458	1212336	82C45D7EEEBBF775D0303463DAB1C6E3ECC24EB20E9D6EE766A38011AD7A94DB
1459	1223146	DE16DA56FEBB23AC5BA52E64FD20E307299528CEBCC7324F31492679468FA4D5
1460	1224401	7C85A09964D41E9600EEE86CCD8801C2F4445494091F2B2C1F738C17EBA45BAD
1461	1224495	CDC639D511D3061ED644B2F25031A13719520C1FD7AF81CA17422A9EEE50D41C
1462	1225598	8BEF91A6869404F82343390128D6ED103B5DC99F86EF170CC86FAA1449A5B39C
1463	1225702	5CFE57246D31841274C00A4186E4B69C51E8258019559458F3D7FECD8D2B7A9F
1464	1225703	B61EF4D158B873996788ABF8DCED2A886F7AB50AE61DA1EC66A301C4360F671F
1465	1225720	5ED046D82ACF664A86D6869CC141C1B728B0B20761F7821DD11E5FBA001611D4
1466	1225721	4F63A2B358EDC32D50E95537C0FA43745F425E617EB1E3CB451AB47D3F0CEEDF
1467	1226016	EBA0AFBEE540FD185A34FAC05142E34591D194B4A6A932D3B4C9D3230E4CD417
1468	1226576	7D8930B11B5FD7FFF2C72BACAB61092C2C966FF4DEDCB5B2B4CF6C05A315DE28
1469	1227283	4FAFE080C7BF460FB46CA1F4460387AFA55A01F94B828D9D79E74D7B34191D17
1470	1231642	418E4CC5846C2F56A01BE5ABDFFD8467F85959AF4C71D1EF7A29BD96D9978BD6
1471	1231927	72BA01F1D56C95509A8DB8FCF8E1D800BA96FDA655B747EFE7EC14E7C10F5CCD
1472	1232210	659DBEBB6E19CC0D16C6DDDB188BB1AC3007DADC8AE2C60FC0D63CC28F36331B
1473	1233120	F10DD485201D83EEA7C3FA8C1150FB01C08540549DB37F33AD839B4AE23CD4A4
1474	1234577	C90E56AE9DCC265F26AFDD97F899FD86966C70739380F4312D09F8A0A5EF0A7E
1475	1236891	D0C0F2A22FB342754CB232D1CED4A34D99C02CC43B42A45CFD8A22D87FCAC2D6
1476	1241034	C381C06167C31B4819051DE0FC3A0F1A5A03DA17523311A62986B46A53332DD2
1477	1241901	6D36D42AC7EF22962A9E5ECC0178A9E440B6035BB4D62B1E6F34D62C04CCAA10
1478	1241911	50D4A094930D163CD830495F45814DB5E895220C381DDF9AD988EA0CB7AF38AB
1479	1242486	A349B21BC7229D0ECEB4AFBBFA80BDB0427C267D22B4B7AE8B7F8FADA39487BB
1480	1242492	39143F9E4E2F5CB580E278F0D09DF422E88AE3630044A9E20014C607EC253301
1481	1243043	1FA12EF73FC8F6A639A0D55B7AD053EDFAC47F6035B6D850E217CA9009A9632C
1482	1243077	46A00B93BEA7CF5404E382BDDA43915089A76BB0D004C6AE83241D43440749EA
1483	1243475	F9D1418C90BB5A13A274C5E7DE82C3B7C1887D32C237EA309D72A8311DF348B5
1484	1243509	3F0B65E98DF63D7FB9A9053542C4E81A0CDFD99963470273394EE9EAA68964A6
1485	1243901	DEAA657E877F5DA5D10A0EE144A755956D902A50D5CB6BCDE1462AD65003702C
1486	1244050	54D72B9205F7BD0547A15998C48BBABDBAB10426498E7496074A4A510E59D042
1487	1244234	AF3E61A919E6919E1C3BFDCDA2B04F2279DAAC7FAF0918E5C0F0A3251AB5E368
1488	1244240	EE48F3CEB2D8B661784371825C7B9DADE7DEF92E4AB88392AFE29FC688DD1F34
1489	1244381	985E7FB4D8A131990BEB4FB891DA4664CA8EACF47351972069D30C15F8C77CD5
1490	1244415	31FD078C855D8357F59FA0370810718D4E6611C8A8CDA6BCBAC804E0F30B5341
1491	1244483	A164695BDFC172DB6533C0664C6603205195DE0A3F1D032E15E96C3EA35D6780
1492	1256483	14F8286B8C0F77A1C92F6186798549086DD4626B5C0B484DEE00E281E86E8D5E
1493	1256489	157E6D565BBF46F9E682194B98C1953AAA5635144C1DBD6F7115A09B269A1F44
1494	1256504	B43145244E9945AC821316CB3CDC74DD4211CD56036E775C9A46B05EC40A6A2D
1495	1256537	180E21FBCB0F0DB43FFAD023586A981C7114A2E0F042420F705691F704E4FA62
1496	1256677	72208D7F840611BBE134B6D94856AA14836C91B59711583C1F0A68B6B4A80B75
1497	1256687	64FAA6A815BE026154A50FD6F5FEF635DABAFA94BFF9B247C34D20020CEEC286
1498	1256700	EDA751B70E83FDECC4A3F6E69C854BD0065423320AD45D864AC6245662A659E8
1499	1256706	F135245C8D527F838D8D4C982DA59A3FC4768902A6A8D51158FE4AF97622397B
1500	1257171	6B6F61305F2C3ACE1730B984B45B264085E6DDE0B8E6A3AF21C8B4FEE0C3B4CB
1501	1257381	EF4AB733E053ABC0597950984AE2CFA2C244DB5FE3EE48BE14481214608447A1
1502	1257391	A2B6FCBB7B82F70BCB38685D5E111F495709EA40C12F906B4664085FA4DB418C
1503	1257404	A4679A168DD5DFF24AD20B24F795B7BEBCA4CF0F33946831C1739850503D1B99
1504	1258557	90D10553088D3F8923821BF1CD3F7CFF25AA71167968B7A7D5BD8E9EA53D5926
1505	1259714	B6DFC801E9A923190108F23CD0474DCA74FC907D408D2B152C2A360EC94DA213
1506	1259963	D98C6A5C17F55726406123A98D86A0024C66F8F149C2C7C6373D04BFDE0F952F
1507	1259997	CF365DBAF34D057086FD509EBA1D098966CC94D2B34D55027F700602A7F173AC
1508	1271946	3EA4D313EAE8E525143DF3528AEA3417E058727B1FB39172DB5249B04590A9A4
1509	1271994	24AF8C8830401ADB2106FDFE7260971C780A1C42385F29E63B9372672843FFBC
1510	1272011	B8818C07826CCC12465C3A6998DFF5EE6117F8CE1B41E5E350654148E3C706DD
1511	1272157	434C1ACB80DBD4B9D3248EF9EDE5EE52A1FF794E18EBC805BBCD37D02028B502
1512	1272167	DA99BA716B1050C75462F9F698721CEC7231088869440B6794DFEDEEC521C7CA
1513	1272186	27D15DA2FD23FBE020B465F765486B987553DC3A3B3C49ADD61C3CB897753E81
1514	1272861	0AB010AFF536D5A4C1903FD7EA2FBB5A05098B374910D0C1D5E38A73DB0A6234
1515	1273452	E3543E929CA7A09CEB6DF09CE4205863B9E38D00A522AD8AB91E58978D8A3D37
1516	1274003	8E0075F89B05016BC4E88AC821C190586166FC7E515A5446B78815D4007466B1
1517	1274058	5F9353618AA395E0BF86000C39AC96FD1FCCD045C3CB1BBACC43F052663D342B
1518	1274469	AADFD783B42F497BD998AA64256C4EAF06697B6E85672749C877A7025CDACDED
1519	1275194	53A154597C4F2C10228D1675A5B7CBADDAC5259E6EF195E460869B5987AA2DD9
1520	1278685	75AEB5803720CBE983B0DA160EF31EED769895ED7BA199E59158D07DD54DAED3
1521	1278709	E6BE4564CE17F622E70EA4B808591F5BF143B4EC8893A4220FC8A1C791D3BD7D
1522	1280443	9BF28F672E2C2B8198337F6D1E62664F74288ED55F6FBD210DF9BF8897CDA4BE
1523	1280567	59CAD4ADFBBBB1B4965E9F6F013180D51A9172C486B7E4039D1048509B755AAD
1524	1287416	042D2E396ACE8976E49FE8CB6C06938BF1260F1AF3697338347B8CE817F35A22
1525	1287426	488E4B4A14A793DBF197F5769108B137DB2F3A09F0C345527CA22145F6F74245
1526	1287443	3C2D313AAA537DEC9D723FD53E7006E5EF29AB27551D55B560DAA03AA50BD591
1527	1287449	5141F20115AEC7DC6CFC7C288B08347E500BE065615972D8EE265FFC22BDDEAD
1528	1287464	F823295DE139779611041D20CACBA3430433F18C9538C748BAEA300E7812132D
1529	1287474	741A1763545277B9AEA7116C6C921EBD5038F382F179DF23E8588F7A1BC63A56
1530	1287491	47D9D9FF4308AB55C70665806B054D7911BF6974F1B1DECB83C18086A332E41C
1531	1287497	E59717C7C715AC9A72E45DBE91E5E3C482203FEEEF3D111BAC48D29E709E5716
1532	1287637	6750F0C658A0EB54E993A145C0CD6415CDD1004C22EDD81CE73C8CE71E69DAB5
1533	1287647	C79B50227BF3E671A36C3F60BD3E2FAD8B4C5D34662BA37F824EA8500C8692AF
1534	1287660	1A170E9BFD238046DB4068EDADE0F82C5E63269E1211F452B6654037291143BC
1535	1287666	B336C5FE5B4CC6590E095B8349B37F73818805A5FCBA44F97B8C381837D59D27
1536	1288341	D3F25E720622E509177D227E7B81EDCF4E33D58FDDB356335C886B59081C238B
1537	1288364	51134C33529B55AED4B8990DDDE1DFC85AB0D3FF265297AAE3CBD2C5DD6A59BA
1538	1288370	ED6AAB69AE22BFA98134A9B412C93BBE84652D3C84B1B06AAF6954BF3259BBFF
1539	1290496	36FDDF081F6E573DB3AC421631471689B8D4B3EDE32BBD1A5639C2D9978F6DB7
1540	1290602	5737CD622E44C31E02BF5E5F7498F45FB16AEB4769C06F26D1A11CAF1C7C9078
1541	1290674	ABE44AAFDD8F1AD0763E1FC6F144C330AE817798E86AD0826C3B4DA408DB8CEE
1542	1294137	302F728563704534F0CC521DF7C8D462ABB59C46147975B7328FB206A4932C15
1543	1294747	52B0EA31B4FFA6600DDBE52E9CFD4D0B7924815090A221429BC536945673EC90
1544	1294953	5C817729BA0CC068A5AB221A32A34452ABCDEF9C481F739FD00E5CD3690589A5
1545	1295164	304EBE0AB1DD2877CA47901F97E2CAD81807CB916F3D47E62328C89C4F57AC61
1546	1295829	54DF0C5A0CA1CD74CAD8F391224FBE91D7B082D391DB734443F7BD2537EAFB72
1547	1296089	C6F9568922A58BE6C848E6BC189AB05AE3D21E632991E6929E0491A9EE19A561
1548	1300740	22C28A1E4C270BCF1435C98DD148ECD128C61ECF081D0259671B41D50171E77A
1549	1300998	20BECA8F472D71A7146A5B05141A26055E8D1DB82106B6C0400292325CBB8816
1550	1301002	597D641D24DE8BC1E4C0B62E253F5CD0779A89B481EFD6AB418A2EA5CAD42D78
1551	1301139	60C46F3340BF55F7F22715A0241CA18BDAF1E8FAECBD43423DF45DD9007B02A1
1552	1301237	79DD5853A0A5AF421D8FF5D4A95B6546359770329A7221BC07532BA1FEC9EDEB
1553	1302015	650265CDA630F17EADF07245B4FFFD080F393E6445BF321E6C929353C91C67C9
1554	1303264	630E774FFBE6D2D7AFE2F7FC0A12BE7F87F48CE9F6D3C1339D06D447AF33A8B4
1555	1305938	61E40B75B66C8E54A73A42583CC98E2899AF635DCE24362CE7D3AC22FF6C70CD
1556	1309867	260D806713057A4FB51E5654DDE3F23495D3D0F0BCDA1513889289B110C671C6
1557	1309945	47495AA388E4183E4ABC0BD2F6872CDEBA1548204C836143559F8BBA8B06DA42
1558	1310001	FEC3E22206ED9F63ADDE8ADEE3F73DCB8AC9A1AD187A0C95AFE7A3B7EA7A8800
1559	1310375	E3754484DC6F454B0B029BDC132FF8C2B5D16D7B43B1FFE88A0ACD1ADBA8AD68
1560	1310610	7654F2FE9371E38320A915ECF27BF02D2ACBDA3C93EBA1A976BE9E5F2ACE5792
1561	1311166	AD222553E2195F6AB6A6AFADDA61253062E49B120A4F1AEC72D872AD06C2092A
1562	1311559	9F89B569F01B08E6866B4DCE90AF208B89391517DBC368EADBDC8BD2D561DE02
1563	1312280	5F52655A72478E107FCB4D72DC482A486EBAAEEE37E0BF0DF0312326FA3AD5A2
1564	1315800	ED91F6C76D8837E7C31410896DBE11D5C9A2A546DE0E1F8E05843B292C8BDCEF
1565	1316144	6497F879A5789C1E84A4097F282DDE4B93C8C6117EC8C3010E2CE3AC727A7B70
1566	1316277	E179255A69405D19320695AEE32E417FFBBC0B14E83F75B00D481009B70AB045
1567	1316811	71BF75B3278240245C707DD7624EFE8FAE192A9B6F7FE02D98075C3AB43BEBD8
1568	1316817	87C8D1E1A918741A720FF099F6C086001651A9E61631E650CC7792314F3B8CD6
1569	1317366	A2EB6010DC39AE46D1DAE656911960C77A4CA4957885CC7CA8D1421AC2A4C331
1570	1317380	30E1960B532091AE425A5DBD23A82B64F6D935539BF4B8FD640C8FF90EBD0735
1571	1317483	7D3163EB1EC9A6A2809DBDE836386DB14A0EADDAE72BEFAC68DFB19CFB4BB51F
1572	1318627	4B596E1D0D65AC3A30BB6526251F150A657774EB4B57835D1B52F79BD35FE3CD
1573	1319566	D554CA8EFCAABDBFA60BC7F843E51DC210B45BAC3D005343AFCD289533B0D6E8
1574	1319758	EFB69A452F4ADFB20EC8ED879C6C89F55669463532A580E85D03EC503D4B47E8
1575	1319858	09E4F35CD28C3ECB14A76253DFBED1780007AB824B4DE3C346C446AF254EB0D6
1576	1320540	5D7294563545AB998B2629F9CDF9EAFAA3F5DAB30BFD29DF8F2BD4F8BE72FB11
1577	1320548	B5F44BA57C028F3AACAF5C1118F5F120E5DC6FB5E5A7A138F2C5F9E763D8E5B3
1578	1320732	9B38EFF7229C7850815B39565E8EA42992A9A7D9F185FE572EF2AEEC6A94195B
1579	1320778	72FE4B8ED9E8A4D7A0D5CB13E922E866F9C4AB13C248F7127FAD7DF38F0B3717
1580	1320779	817DB383192D9A906227ECD8FA4F42EE90B3105EE9165362B323F731947FC9EF
1581	1323995	2B964CB8F8C9FD2EF81B84E1AFB19520EF3FC71A4BDCFA8EF3E20036679D6C25
1582	1325275	68F732C7777687A5406C1AF0AAD4A2F09C50E8B25BAFE9CE9D4447EEA12605FC
1583	1326733	AD070CDA4D0CF784E3B476A289463D22A6FBF5B701BE1925B8CE665C4E9561E4
1584	1327678	0F6AC8E6C6618199615D48927471D5EDCF15132A1890F18A58B8E5B1D08CECE7
1585	1327917	747BF016685A809B4A37E40A22F49966AF4DE169E8525E4C81DE18324C3676F0
1586	1331447	F8C6E5C03C9F3F3592A0791FA150CCB62B0AD802FA553067C3F55E83740B1800
1587	1331747	42A74D182B9C8D3236889C83E4654079D5DD436FA9E7A4F47DDD73B6CAD4EB12
1588	1331755	C27F44ABF6E9346A783511D1C9732AFF61637AD787EEAC0353360D9CD31308EB
1589	1331757	68A6253F01F4AD8EE3A0B1C97BD12DC17E0B9C7A4DE3DD8D17C002F6DB847DB9
1590	1331907	289F9978117860DF69D352C1D1F1A90390E11A751463A549B539683985E0C681
1591	1332297	22CCEBCCD86364DA8A644891F8A379A68960AC218C63C4D22523857B3A37E375
1592	1332311	77DD546FB2C711DA6EDC4874EDEC28C0E02B871D50708605E38052A04220999A
1593	1332947	630C780F38844C2068CFD718CDFC7A4BA1C6BB73AED383D8675AB53D62A4F893
1594	1332955	A995BFFA9BBA2325DBE680662A1570E455A6A46B4C22910416983D198903F347
1595	1332963	5AED7AAFE3C4392974E5A1684E4861FC9AA13A34F8B4C9CC65CD1CF1DAABB0EA
1596	1333074	FA5A1409B24B242C5765FBAEAD05DE7C557877515C0A9DE63CED8498BF22695B
1597	1334089	31A439C3D8BD37A0332BDFCB56C3E59189DC01D56EBCA78C65EA4AB7F8041EDE
1598	1334107	A9514F10BA4A29947A730A19AF99C795EC7520F8A02137056D73EACE12A8F73E
1599	1334767	AFB54C5696063E35B2D489A29E10F2DC122714BFA2ED3FF2EB66842364FB05C9
1600	1334784	0C8EDD1C65B805051DD5D4AD830E9AC9F3ACFF7D23790199D5C433D763CFF3BC
1601	1335060	0A4F8D18990915D901F49AAA4FD87BD27B4C4931FE5BAC406C2BE60C56B53684
1602	1335102	EF4BCD6E99921217C383D71A5D0FCD91730183E33D0921FE5DA6CD84760C5128
1603	1335338	B1A4D07202973CF05DAB9522AA65E2DD9965E964B1A6F058D26EEFDC9124E7E8
1604	1336259	0E44C96F99FBAF77B37822475866AF43628653E6853D4C4BF0AD81B378577022
1605	1336323	3E44239258F401283BC19146D29C17781069CD37193B3DD1FBC88CDDD0B3D777
1606	1340605	80721ABC45F11E725C8FF31B6EB17AFD374CF942289FBC26F7BC2F6F5790A225
1607	1340712	06C9A6C38D0DEAAB53AC9E0C999B4F15D9655FC1535817625A03067E7F69A436
1608	1341368	ED9FE87163FE0343AC5EF40066B7AB628ADD28D4EA793AF0E037FC1F63E98C62
1609	1342487	02223E2FB87DF1DF64ECB476D158DF1BE28BD6A26621E73A1C91E0CB37EC9A99
1610	1343389	228FB071F0557DFAB2CCE1291EEA5A653A8D9720A7BBBE095FB0CEDB21FF825F
1611	1347188	8468628E6ABBAB1F0504FCAE973BB356236B365A457B61DE4A75B01C3325B288
1612	1347227	1B9347F3A81E81F6AA9E6FE3FACF2FFDA0C3644FB0FDB0767B70656859C21312
1613	1347235	454F2C819F7DE8005D073C9650D3B240BEECA7EABE5BAA1861164D95CDA6A643
1614	1348443	A5F96B45D68639223EF2C7EF353BAACCC61CC47489F8EDC43823ADC99C28EADB
1615	1348537	AB00605EAF8A2DD7B7D1D70C9529678434A3DF3998C630370F2B28F5201E0F9B
1616	1349442	B1473F26182C74091E620E3AF6A212B660F90C6A32C0AC4C2B0DC48CC5F4EF96
1617	1349587	43EA9F35184422ACE7484C4F253B2F4DF15CFF0C6C5EB3E73B5BC8BEBDCF2DD1
1618	1350246	4637BA8BD44B4A9988E70CCB4121BE2254A7EE8137C064673ED0D0D5BEB7A8D7
1619	1350247	DA6EE5AE24C8F67EDD84938630B072071B1265ECE4164B5307D1BEEBB9E8D335
1620	1350264	E4A96533E11186ADEDC00AA3962CD00A110A31B70200D16216AB1F776459C1B7
1621	1351500	26094FCA8D989AF2017E1C30C219C008C2F9B34BAADCB7E58869A0165080BB93
1622	1355429	F64B51159F3210405D4E865C8F2792F45A0BE7236EB9B592ACAFBA600D17C55D
1623	1362582	8C302AAFDBFEBABC602471C52811DF2C1E4ED5312501E8BCFE3462E5A313A7AA
1624	1362707	C2E9A2A2B17A11FAC9F635F593F35093ADD8D9DF6C38DF32A5D6F3AC44693296
1625	1363257	2D088B0D6224FA88D8B8EDF2A0EFAA58383DD1851296127D93D65B3020D04689
1626	1363880	9F7E5FD681FC826DC0D5A3FCE6A3FA12CA795B3869A6332756A59E5B0A203D34
1627	1363907	0A71CA907FA01420E5D5D6699FEB6DBF663FAA5B9265E65EC01E42EED252CF34
1628	1363915	E94BD37EB04043B055EDE6B7B6E8999A75FA99ABC4E331869C13C4CE023693DC
1629	1364915	DAAD2DD30E077B45E3475C492DD38C1C3666BFEF115D70D461C8551AD025AC4E
1630	1365726	2AD2FFBA1D7F932B4AC6B5C3D009368162F850274272A7D16F4190B77512603F
1631	1365727	AB11DE2198F81FF83BEE6802232F61A96085349E6695C542890851995C82A4D9
1632	1365744	59BAE60E6CA7688AC7FB72FC5B04AFCB0CF2D48C741A23B3460E4705287BC00A
1633	1365745	CDD3C1D717752DA1112E77BA40AADF3633136D6873472D60751B662C093B5F35
1634	1370937	2CEBDF46F9A3545AA2DDFFF2DADBB48A45B8AE1032C4DB5278EAD8670F4DD59D
1635	1371600	1FA3E8B757D65A062CE4197DE938FAC2B42A3465A7DD379F4D8EA2545E853517
1636	1371700	CC5729C01036A354676AA4D632C62CFA9B94CFDC7B964827C2F1222763427EA2
1637	1372370	E2A077B79D73D34468A21D6E91503C6AE52ADB765D6F39BC6BD3603D90B71047
1638	1373278	7781AA174112B7C8A0E7D2F27B92125A701EF49D0ECCEB461CD09C73CFADD6B4
1639	1374556	B5D7B1337C347FC30FC59476D2942D2CD43B3FE218A5ED70DC1E6CB340087714
1640	1374741	80D789EBCE8003754AA59F317C7EB1633D7C84CF3C15B1ADC96708F651E1FAFF
1641	1374930	C46EC1E75A7403CC7A4B7AF49996092ED0F55ED5936C016CFE03DED774EF3AE5
1642	1375187	30004BCC1E61768FF4FDDD9B416B41C5C250BEB5C541865785F501A5C003E5F4
1643	1375246	E1A18FFE8B36CBEFA8E012CB76F779946DF45207963E24B7CE53C3A9559D3A67
1644	1376135	BBAE93057620588A9BD515101A33E13CF8E478E8EDDD32833F66A65C41314AEC
1645	1377012	F4E4F05F224E8FB1086B1A6EAD0C43F59D88455E4A41FAFA39314EF810B36321
1646	1377032	1442919E278C578191BAC78E00D66D5B2B5705EA5FAE2B7190D383B6E83FA5C1
1647	1377183	A2B65CACE7C625B87EE8F0A506EF91ACD6EFBF9BD8131219F3F786664B51CAF6
1648	1377310	38E2E7E322268993581D1865DE78340F7ED224E6B3E4804FA2B7C455F634E933
1649	1377367	DB91866EF7161B8CB73766A99B7C477131F0967D545C87654B0A066C2B217F2A
1650	1377368	D41260FD4EF3752721B65D1AE70372EC43C279CFACB8818E939673C4160E4AE0
1651	1377424	EDA5EB868C8FB31FD1F4366E7646550C25586FE4E5CACA8DD8A02C74B3C32DF3
1652	1393656	B2769EAC71C1492DADBF5B6770A7F877CD9B73F931FF22C144B3C8BF8EDCC709
1653	1396939	3D0353DEC45B1FA611DB73CE7D20598A120737FF97F33E02B3B8EFE26E766A92
1654	1396958	595E06916696DF47C67CE43B8CAD2EA7EC00955F65B73BD6E0EE6D6588CA6924
1655	1398113	EE0DB896ABF2F882D970524584C14D85668D6D8D683C957E95E4E8F9AD0C2BB3
1656	1402324	9DB2A6525B82D01421C9AF95777534ADBBB44DA46D495A04A50954D75048151D
1657	1402825	FB52FCEA18D9F507C8DA0D3907B8B009D291655B0AEAB6B817A5B0391C2FAC98
1658	1403780	E3E4B77241EADF1630B06033F0D4410F5BF2FDBEE0DA7A5F035B9493E3274152
1659	1403912	2DCCC1E4FE9D9119B835D051F2BC49462E1BAC057C262C697A3EE4BC1231FD94
1660	1404124	6F2E3D1A72391AAE27CA65F2FEB0BAE019254F4A25C6217875CCD5616DBCD9A6
1661	1404444	80628FD0D7FAAAA9B3D52B58C20F9F7D5B3E92499BD24D6AAA621C79CE2C4B4C
1662	1405160	7B4CEE40F9EC2BAEE92CA14793D23BA659FE077FDE97C41378709B06E6272556
1663	1428574	DB7E01DF9EB5F00C2C0D2B6D71DF5582F910CD693CCCD72EE2CBEDA9CFF489C2
1664	1430218	6A23F9F4B9DF8C00718F2269FF9E09D7A04BFF47B74BE282CDB1FD9D830615FE
1665	1432863	0360CB0B2204F8B1EF661A2B026B3AE8B6FD239109277CBBC6E587546B144028
1666	1432887	9723B5FE89BC2464E287A99600BE6DEF4DEB38F74406400DD7BBE700F2A9B665
1667	1432899	93F01F05B20A6CFE5D55EE6949E5D7A33E375E806AEE6734BB42A22E9D2AF7E9
1668	1433187	45AA17053D2417FD635A78E6B017B48BBF025CB4CDEF3AB4644028635A2CEA56
1669	1437171	F515028F529D0AF7684216368555DB64D37BC6143D218CF2559AA7FFD9B3BF62
1670	1437195	45C1E7BB1D7D6577356DE9CCDA21C575AD2DD0D587460A2FF0239A039235D5B7
1671	1437315	267B910915F80F56198D2F87C26C3D3E529BE100A5F1D811E1DFB667C768E601
1672	1437339	B2440E6AEAE436496B97A1801AFA7D0A3F826FB1019F10DFFA88D87722606C79
1673	1437831	B4C2B71D67A63415B19651B67548D7A680D4B26953204DB045CDE2D28F855C58
1674	1438311	ABFBAA6D4E61D259EA54A063C3BAC2348B555F39C532E2583AEC6EDD87C36F22
1675	1438774	A298772B6DA5E4193E8CC507C1E7501B5FFC951C424D8F38C3D6AD6892EBD2E4
1676	1439101	692431D7B71B29252B129818F1C79A3CA11CB9D568FD49C293F082E66D079627
1677	1440218	C678CF2112D132E052BBA75F0FF95077AA7D11053DB6D3EC475B53ACA0187E5C
1678	1443063	144F407063E0D8CC83E337AE26F71A5C860BC27BBC3B64DA16C0F5B729024DCA
1679	1443087	CABC2F7972D71B7072BE3A015A46936FC432DFA6FE6E9F8CA83CB2787A5B29C6
1680	1443099	DF8CE16AA1BB882C4C1076C37E4F0F1CDE30B5B785BD48C5383BD5494FB01099
1681	1443387	DADE8D0CD206E771851C89DF4A48E8BD9AE618C2E6B6D2C649E44AFAAC9B5670
1682	1443663	EE35741BA285CFE461401C6CF745AA2F894AFB4F85D12AA2DEE43091CC07D1CC
1683	1448496	5C135F90600F28824A27A2576FAE9A6DBDC68B8C96405219B65AE2CD56C52B9B
1684	1448498	93C9996C6B51C1015AD2E4F35C00FAC139CD042AD8A47A843F9CADFF79709758
1685	1448839	4615B51C81EA9E95A1AE549B12439B8858F4CF42406CE30A55F6724D62B589F7
1686	1448974	2CF9BE6A62D2908AAFD4B43CB175BFD5F178028EC0EA192A72F27317B5603359
1687	1450418	0A2849D1EFAD7AC1332658D6E805ED44E9E0748AAE40EF2406FD2EBA9B1F00C9
1688	1450538	833246A785D96216BCDAAFCC5448EF544C9CD77F7DED325771452F117ABD70C9
1689	1453587	61DFBD97D316D4CB54A60B33C72F617852E2B6F031C68214297DA9FC4CA61B2F
1690	1457715	FF85EF524B8518CFBABD641778C345B1BA02A4B44D241D3013F992559AC73B0A
1691	1459174	5E33931C5B32CD929EDC7CC7DBACC53A87966F9452C5ACE2556451E1550FB16A
1692	1459371	D02F7D0DD332ED88835CFB9151BEE92C62B546113211E58C0BC7FA5BD3EF92BD
1693	1460616	E7E1A129F1E168C5A1AEC25E38FA792D04B766884C6C71B8CE56C58D73F97E52
1694	1460618	02849B88BE69940D6F0388C926262D2FB6E6A0D4A02CB2C77D56CA02C4E2149C
1695	1460818	57290DE8C79BC2348D549F6E84F7F9933B584126A44C086136E2D1616E1191C7
1696	1463499	993D57657848C8AFAED873E76F3F973445DEF46DE29426D810410987C8508D23
1697	1463787	69C39B1FD5855B5505B569679C1F18D7EDE93AD3525679B429FC3BEEA996A0D3
1698	1464063	307E794F794AD96A50F3886F498B1EEF9463706541AB42A952B0C37F9CA4B647
1699	1467939	DDBB57A36B4B18338912319D620E5AE87E225B6BBC96CD583EFE0376E23E5C81
1700	1469374	850FB7119AC3A489BE72AEA60995A124BE710BF4AF23E4BA7E89FCFD386819A0
1701	1470816	F324962060059452C12529EBF30F8BCCC9C447BEAAD1198ECA50BE9D1D29E641
1702	1473687	461EFF95227F52847E42043E575977BA6B187B15D9EF9F9664432DF982736EE6
1703	1476532	FCA6FBF5D9E5B737BA127AEBB1DB9A6ACA28E5605B0E44D6BB9212C583A36D8C
1704	1477020	5D71E19B55EBDA7844A6610AFFA4D948F5677D4B703EFE041CB6EBFB779359D3
1705	1478139	4292F59D1BEA1B695627DCD5DEC5BDCC14BAAC4AE737DA2AEB5181B7662459AC
1706	1478535	0BF80CAE01B5337A8BE5D2B652F2099472FC96D5C9EAB0AAE4B47B42A8CF8367
1707	1479096	EA01634ABBDC7AB2940208B70ABBB7548783107B8D4753B5D99300A86A45C42A
1708	1479574	83BB220B90B3F4AC0962FC1568ACEF5D565FC5284905DBDF6AB72D12DEB8D3EC
1709	1481016	030F6C1577B48615CD9C6497F8A5E0546AF48E0C598DF0D05F1CB50A91B28500
1710	1481218	98497795A958CBB241E1488E2CAB263ADEBF3D5B1084629966D4A7CE8EA2BD9F
1711	1483887	333A02F16ACF99EC8C0E77F3D18F42BC39981FE733B6DA875B121218CA4A29DF
1712	1484463	7604C75AC61C5452410D08FAC3F625200A38D739D3E5187C35EDE34689113064
1713	1488102	C83AACFBA2DD6F0719CC6C28DB85650442CB04939521F77A9C1770D93580C2BC
1714	1488158	B8B2D78BA3D45A164DE7FD9367965818DB5AE56D13CEBBCFCBD683E6E67665C0
1715	1488462	A5E9D9B503BA34ACCDF6D644754158A0E5D57DB94660F40D2F00D6C593F92873
1716	1488638	768021AE65E48045E405BFA556A4B2451A79CC4249B42C333234DA7AED6DDF74
1717	1489357	EC3907317D5181D546808A32771A09352D901DFB26D0368338E9B6B46AA3B295
1718	1491574	8708099DA7DDE98ADA38B35D88508CFF0DC52FF840FA7626B12DD0840C69B2A8
1719	1492189	9EF3D13EDB43D98384706DD48E6567A9E60A33682CAD1336A933F4317774C8A2
1720	1492400	AACA99C5E8B76224196992BAFD8509848D854CFF7662B47615D82E9F96058338
1721	1492525	5FE74FC743D8B3BD78DD96CA93EC5E31113230B30FE3D4A29C9D27A16EE9E0D3
1722	1492527	E415DB5E0100BD2B31119B5BC606A2AD1958BC4CD8662537D5ABBB831909DA37
1723	1492640	96B46C073E662AA19E3623A3BB94F380DBE9992548200CCD8C51C4DF97BF5969
1724	1492642	ED5D548825C76EF1FAA8004A006A9C1630F46C1316DD614013735459767030C7
1725	1492962	8DDACE9392473B18BF13AD2E13663ABD7D189E7275BD114653C6BA40D704AC66
1726	1493911	3D7AA02E17E1F9EB50CAF7CDB35630336F7D84377D8AF493F270A3763821863B
1727	1494326	9FDBE55C9015717B0041F87C219436C6654AEF8BE5BC3CE3E9E4BB94F45FC904
1728	1494538	BE18759C9E5D410DEDA0FF5120C1D522F67A2771A811AE71E944D2FDDAFF80E6
1729	1498302	7A351090E48E63500B89D983C9C73740CD3895EF9EBE0BC2B3E466783E9C9FEA
1730	1498358	BEE667B924952B9BE86EA5E1BAB4A40CC88D1BEEF2A592635E5F4DD3B8FB4492
1731	1498393	8E7F38CAF4E8075C2A289946808A617D35CA08421021FD9E93BCFCF9A638F3B4
1732	1498662	0AC793C3AA1126A3E29832D44B34D60A0C4FD1CF3686309F01813A94DAA7DC30
1733	1498838	72B3E4DDD27A5DEC3A4F10B7BF09E2F8D96F2E257BA98A4A75B76876CADD6C09
1734	1501576	175C298D46AD1440F030038D9ACC46006C83E7A54D4568909FFA75B864B94FCB
1735	1502389	EF8A64B5C3D3E5588D7737BFD6A052EB4A32D78CB597D876E617F40DDC54F3C9
1736	1502391	4342B220C1CCB2FCA039130DA6C8B7B8FEE3155B7A03F75FF374B413DD413D0C
1737	1502600	E06D3ED8902C7C31A5D5B5602D36A6BA9BB4BE35956C7E50CC98E7D48E2E2B06
1738	1502602	198E993CDFD66A2BC3E6A86459B67312E2F063DBCBD480F1EB00A53E460332A6
1739	1502725	F80BB549F8201FD54E2E6421FE82AB2EC3D50464AE098F6D733A9238A72459FC
1740	1502727	2552B6C67F5525E262896A21BCAA7955DEA7F8345606F2EDA9124BA5C91682D3
1741	1502840	47415BE65C7A098A9465612308A51C6A46A976EB8222036218CC7744D66D4A46
1742	1502842	90FC747EBDD77D0A29DA7852AF97CF5940E887D1724388438C889F92EC96E44B
1743	1503162	FA9E2706CE79D19CD4F22B7218417CE5E9CB7A2686279D919589BD935F69BCB3
1744	1503260	DE8107F2B148CC0A3B957B0C206AE3593BAFF713A3EFB2535FFAC1C23331C71A
1745	1504526	8BB4CDAFC3FAB4F570E05504991BFBDAA49A11248DE329944DE2AF5BBC8B8421
1746	1504738	92359CF8053013722FB9AA4B6ED3A2C86B4C91D529046D41943F9DF6546FCC5C
1747	1509628	69D1B5685E8956456B6D6A08A197C070791ADBBE58FD0BDAEB0F05FA00F78AA7
1748	1509971	5726781CB11187A68173BA8CFFD61C16EC5E10952CEF31C47A438EB4E847304C
1749	1510096	BFB69B931E98CF63FB7FC136DA5DEBBE1EBC128DBB7B9227E068BC4E88C17F05
1750	1510558	81920B6844B3282DB75DC24A2EBDAB7660C18D6DB67CD73810D24716CE343F02
1751	1513040	5AC1D10F0D0E6BA3AB63CF4632454788A74BAE00B710C8074A29764ABCBA483D
1752	1513362	B83A65228BA173E239A98537B09B4962943AB1386F7CDFB3AF6BFE5A1F8DAF07
1753	1513460	F3DD1A971182F389ADECCDD771D05D594273D5ACDDBB49D4372AE478434E7E6F
1754	1518702	8EEEA88CF36C49A1D32ED285091C0F7AB2D14E557B7F9576B1E2F3E6E2F901E6
1755	1518758	DF9B56785E98A3B7D21B47558D8EA6C761F886A2D000F163F36E1E54C2A36660
1756	1518793	1DF481343FC294DAA097420C6797AF47CAE6217CD0AC470CE73EC5ACAEDC11E5
1757	1519062	2955D7D62704837767CCC83E916DCCAEBDB400A0711ED20492F9AE2D9E9F7323
1758	1519238	39363F9F918E8604EE083E5C5E5C0DDA48C5A0585155DE76E96CDBC3BB27F202
1759	1520296	BA44F4A55812164E64CDB5771FDA2AC9549B84189DBF7164578249DF587F2246
1760	1520758	9B264E48606A4E7F2CEF9DE3878650B820A568F8A73C977F9BDFD0EB0BF0DDF3
1761	1521976	0AC37E9540EC26F64E5E24DC5924C9E08292300E922B74AED248959172F5CE07
1762	1522174	46000BC7C0A5F2C0DECB3D3F6CB36B5F7DEBDFFE764AA3C025E8A87F179FABC2
1763	1522789	E9D3EBC82E5C69CC466B8187920E20917C9702189AA3A8BB1856224E6FD57A9E
1764	1522791	0AC67E79FD1248AC047A875762895845A8C69835A9C7B25C8C9D063804947A14
1765	1523000	E034D3A6404BBCB3792FFE94FB3161A133A73A202079DA248587D812BD172D28
1766	1523125	9ED9CF4CE5A931B293C5B9071C3ABB720084D32944714587043966908FFF91D6
1767	1523127	88031393C905D8F16A9A81B8FD1C5D786E153AA57A5B5BC3F1CBFE42D2287410
1768	1523242	F2002FDE86C5520887C4E92CEF80DE717F80CF7EAA9213A2A3CCF6AD6BE78DAF
1769	1523562	D88C1223C90594C0D5ED0A3809130036D55E0D56EC150EDF3EF16343878F84F7
1770	1523660	904D63654A20AFC580CF543596229F29A5785731BA87F1290B7088CF2467CE2B
1771	1524250	56D81B2F531E3C51B595888135E2F5CCA2BBFDC5126DBB81F20D3741A512EB66
1772	1524511	D3FC38FE350A23CFF2FE57A34867DD29C2C215FDC98EBBA697F4EA7775936F38
1773	1524910	89FB630BA6D93B3C3A8E9B2C52595A59AA92E675505DAAA762E03D44BDDF7DAF
1774	1524926	22863972F062A6E9849BBD865F79E11923FEA424E42196B797091DA627D3EB72
1775	1525138	9C66AB4430A5EC665F3131C9C8F7F47DE431459326F4F5B14306A46263FB00C3
1776	1528902	44AAC65A6E285264CB9F2B69F5A7451F215DEF813153771936B2D8A164AA3766
1777	1528958	0C4D7FAD555D28F862BF3FEE86F29797E78067A43F22220E893F5B8741B1D87B
1778	1529262	C1E78536FDDCF93FAD7383B0A96B7DE004ED90132BCBA1E1EDB48F2593C64D23
1779	1529438	048A0E38A889BD98315ABB3A2264A4BA7DC2550F036173F78D58985DC1F2E9F4
1780	1529545	4D983BC212C01D06625793E0B1A7C2C5F0958A914E3967B58A5A0448D00133A1
1781	1530496	ACB7726E997CCA8A9A59DAF5FCBE4E04D89B5BD57568D9E24E93C543D286EB98
1782	1532991	173E8F2EA2BAC8DB9D43363993551BA47876500BE201162A18345228B656E352
1783	1533325	89327038401D14EE6D4132F553B47982288FB0EEEBDF9383EFC0CAB5FAC0139A
1784	1533762	263A0BF8050EBE6D92B4FF10DAF30D9209C90F062137B224861BC8CA56BA6230
1785	1533860	FFB04D2406FB56EC11F4CC655911AED83928A321A354E5E31DD7B956BD0EB101
1786	1534503	78471F6AC6DC06C7C02D46CBE0D4C0BA15D069AD77FA9DF5B350575705872CA9
1787	1534711	7C9A8F5FC0ABF6FA81EEFD470A14520B0B2E1623264491F73409B72D637BF38D
1788	1535126	20A1390E23A200EE0ADEB61845B2DFE80F353C48A2F9AD01EE1ADB0FDEB4AE0A
1789	1535338	737FFCD3317E6D0FA711DE02BFB8B03089E7507B0F39582B09471B9275959B7F
1790	1539102	382AB0BF392DF4A9791A7B9071DBE8A4FD20432855921388D0B63AEEA4D9F444
1791	1539136	31D78200DF967C42B7740B2B2B1ECB42DF5575B53CA583800D91A5B0B1263398
1792	1539158	0045D1702D8279273DF60B67A44D5656893C91D775166B96DE66A353DD711855
1793	1540696	8133D218F8C97CA3E0C39F2B9D438B88594A0998804F74A0635BF662945C55E3
1794	1541158	4679F50A4698CFCB650BBD6ADF80420D845B402CB2EEF1943CB4B59D9B66C3ED
1795	1541432	9FA99561F3F5975B28B3FDC276D858596964EAD1971F6FC1E29769842B45EF7D
1796	1542376	E33F5D835E40BC9105A980E3C742957736FE682CE67194421E128087141081DE
1797	1543189	8C812CDAC65D9AAC5458129049BB937FD189B41A2F5CBA03AD4E15C7B0495128
1798	1544060	71A1D06652B048660F936FD03721384C9F37DCF39535BA82AD227AF116151E1C
1799	1544650	6549DD17D4CDDBB67C1C57EA546A08D301F00D5E0394436B0AEEA59109B1170C
1800	1545357	0BA301F9FA2ABF5E6E78C4C66C7E37AC48433B44321F3B810F9DCCDC46C0E33C
1801	1545538	17966ECCFE90FF3C160B0C4E851B2401EB6138BE9753CCAFE26A7AE4BF945783
1802	1552424	93F67AE41B3CEF3903C0A87F58E19333C1C40441DE72BD8D18F60BE5B34B4CE1
1803	1552626	66E3F39CF055B048814989119A3AF450F7D13DBF27BA411312B62FCFADDAB183
1804	1553182	73183E66949495D9B32B211489F47A735D81C5D66A90BF8611BBB68064B524F5
1805	1553330	926786153A69E325A389D2F2B46D2F625B3A9B5942DC500BC1BAF1D1459FA333
1806	1553678	26FC74023A02BD755D8D3C408097591F45C326399167D34A4F9E11C40522BD65
1807	1553886	929F6302F66774F0BA5A2D3293B6AE604D3FB5A10A5BB5CE13DECE07AA0E4697
1808	1553892	8FC40B67CB2FE6661986A36CDDDB637F478FC9C3E956F5C10D7876AA0F09CDAD
1809	1554443	3245CF06150017EFA11AA72CAB6F6011E806C3ADC8ADB5C384AE9B22DC528D95
1810	1554477	04C02EAAF274DDDE7147322D6C84CAC9542A8A5972FFFB967D16D8BF5ECE7D19
1811	1554665	934422A9A0E84DCF4C5042F733EF996008C6D3FB8E94101AD5BB8A7F542F2010
1812	1554875	6A73548BE1CDDA35CCEED6EB0A0B1F471A0A1B61B08AFBC035D403821AB95E35
1813	1554909	3C573E4893BC4F9AB5B96BD031588EC947F414C0BACA80866B4556EEF01ACE3A
1814	1555384	5093BED8C0D5FDF00E6FBC37BD32F2ED9AF1B0DB9B5F62CF9158B7852084555A
1815	1555450	55367F902A3CCFF207A32478D94144D122A9BD513C7967341E1204242A6EEC83
1816	1555456	041F21085A3C91867495CC2D60DA665C4CB1260556562CE809467F938984BFE5
1817	1555634	26A709381CF05B76A636F68772CDE369923ADB3A2B748464F087E5E4D6BA58C6
1818	1555640	8336025B10BF86F542923A57F2D3B3F383FB5677BB827E18FCC296B5582A1CBD
1819	1555781	A4984159ADA104FF076D6EA1FA5B74B6FE4D45BA415C8882E5669AB13B4C0216
1820	1555883	CB87CB6569802F48C0C094754050AE150A8B4CADA89F9598D96EE44FB72A2DBC
1821	1555917	A2888F8B0BEEF62488DF9FEDDC87B480209A31196BF40E80E7FA4903C8101906
1822	1560789	24182A9207B98FBC88094CCB20D620E580E3823C68493699C805C2BD1C298525
1823	1561027	282526B82C8515C8F06EC2B5336750F56E4EE3E2A4D9FA07C1D3C942C33B5470
1824	1561503	9309F9D148FC47C72C82D15B246D9FF14D7978355A6FD5D0B93EA2140F6ECCBC
1825	1561791	BE0A5F8396B4286850F6A05DCEC90E5814D2B864FA1E4F0BA229E2C473B3B0B8
1826	1567866	3BEC4DD4FA434CE24B07F1F6C902BA4C0E0933CE5EB046C4956226FBC416C57E
1827	1567883	E1226F857EF1F7D2765064E29DC9ECB74C62119334EBC20E4EBC8BFDBE9850F9
1828	1567889	FC39AB29D5AC447C73FA5234E63CAC3DEC412C4256762492E9CE2A605E2E738A
1829	1567914	95012C36C6802EE98BD5F3575125D86966AD9F0BEB8794ECA090B10921443E8F
1830	1567931	D9D535E62AA5681AE3D5E4AF81207F60AE17D106D18045219D53962384B4C352
1831	1567937	1EEB66D0AD800CDA9D583C1C62194E6B92A2C1D576E592BA016B21B57A08ED0D
1832	1568077	86A187BE8F70BF190CD3D151C631CD715A2C2B913C8FCF1CA18DC50AD71ECE6E
1833	1568087	3AEA6A6EF996B919048837140AAF73864EC641526E0499EFE1EBA521ECC0C76F
1834	1568106	F33D834ACF5845BFB6A2DA60A4C76A1A5F26EEA6B49EA33C4E17DEA966A51B80
1835	1568668	A7919821F4842AC1A92415F36A5811528CAB83C3F332F9DB557BFC84307A6B70
1836	1568791	CB8617C21658667BD946A28643D3757A74190AD17340A982D10D458458948CBA
1837	1568810	755E886029B5A46C28ED9C3EF5F11208F7614DA74061508BDF94C57ED9BE0D9B
1838	1569372	5EB8798F28353C0B175D582D1930A779C3B1B66ED162639015674D00F9409C27
1839	1574879	BBDBCFBB6EDFB8E46C9C18E907D05D0D251FB04EBF2D0340C8E85B874F535980
1840	1575845	E1FE081C3C0C47DB6E1A19DA9DFBA8C04E7EEC243ABCB2F0FD42E1E0114B949F
1841	1579251	DBF8496E7ACC89C13CF0613E386CD57F4EE5B58BC3C916D9B39EC13ED4B6E7DD
1842	1583346	A70F657AE73339DD6EEAD11A6A61A2EA78BD066B5F98296E37231382636376E8
1843	1583394	DFC1B5C68CD32C421A9C6015E8806578D35809E3F37C3B075F6BC3B4383F10C1
1844	1583411	708A1D128D9CBCA9B6617E02B740FFFFECC775EB3592591FCE74511CE29ABEBF
1845	1583557	690D63FB9868CFA79FB2178ADEF320A89E30FCA6183DFF66E359071AAF54EDF3
1846	1583567	FCD408DB901C317FC9ADEB9CDE753EB44CBC5899C33988B6C77DE7991D3507BF
1847	1584271	BEF2415665542059C81D628F273B4DFD6E76F1BE653C72575DF6FE535AB98334
1848	1584290	107D1CD8241FDBF8DB63BA24C257E3BDD3B154BF75DE8EC8C25306328D857273
1849	1584852	0EF721445234ECDA45FCDF50E0D7C41DD24265A36F2B47E76457C58F5E8D6409
1850	1585403	61A177495125D14D0F6D53AC481B8F65A0EFCF1465E5939BFFF78E1702CA97D6
1851	1590081	8997DBFC924C669D85649F0BF9844BCFFDE6E752610EC30912FF36F63065580B
1852	1591325	CEFD569F143D70BDFE5CEA8AE8383FC64EA33B2324D1673C11AEFFD3201F4523
1853	1593470	3202474033593796EA7CF495937136867F9CD88BEF2B442218F1923D5611B7FD
1854	1598102	D5FC8406865E1B8C236067C45EDD96340C7C09B8D3EA7A9416BB11646006DC09
1855	1598816	97C592E8CEACE0858C41D46981FDD015F409B4FD01A3FE0789E24C476CAD7A3D
1856	1598826	0B62ADD1C3125D1F2425AEAC6AD3E5A100CEB1C1F89EB452300F0D3A692586FF
1857	1598843	14E0ED9B4EF5C7BA1BCA36085264ABAD4A93F10E2FD4A9D560FBE16E610A82C9
1858	1598849	C57A6EC3A27A9504A384ADBE457304C32030E5439F62B1C62CF75AD69AE629C0
1859	1598864	81395DE71B559307B3872F83867A4768D4287A72B449DCD1ECB81945BA2D76B4
1860	1598874	ADCAEF21BA52AD57EF4F5971C2FBB95F7C57F9E2E1F8A47ABDA5D0309E906E7A
1861	1598891	4A64B2D60F635E1D480E8F8FA956FC2698DC6EBE4DA5A9715F18CABB1C4EDAFF
1862	1598897	78F6F07999FD76D8E1B565F074659B89D94657FBE95F2F0C4D32117B4AB07F96
1863	1599037	3EB410E97149AC343326213371BF50F885F081E85BE1902FB1983C4320155D69
1864	1599047	AF643626CA5BF98CF4B2E410E93983D4A418B5140916A3A1A9789360AF19A379
1865	1599060	53B936E26EC20FDB99EDC01389C5E7D6B657A501867D9582DE11E89A4C09DCB6
1866	1599066	86B29C69196B764354598AC44641F18C850F2DA527A5FC27EC7832983A93EEFE
1867	1599751	0BC03CB538ABDC8497B6474173A25920C03D533A018FC45FB389CCC55FFF8BBB
1868	1599764	25A0A4ED57BA600967C23D4FF73DFCBB456814AEE7904F06D1CF5397C042C4F6
1869	1599770	96CA30EC4F60C39683F2665B362A5DCE487E1CBD7984638948E6D9F24A070FF0
1870	1605465	1A0A97F477E35CF1E51197DC86D61D11AD23EA1696DD590E9041FE3CFEFDFF87
1871	1606949	DF03AF8F40415BEF800F2C18C4A95583EAAC6EA9687D60F36F6303D783BF4076
1872	1607323	4F6401F597D7668CC46E798D3D4ECA910A459AC8D242CF8B4768369A101E3F4E
1873	1611458	3C500B15F0F4B885695288A4C351D1F70E026AB7C61BFA9F41A4D22B7304AD51
1874	1612203	8449821B7E536D9871752EC760A08CFD3E88EDCA62A90CDA86F5A6A2BEB16D24
1875	1612348	37FF87B6C77BC5E41D4FB1C048EF0314E57CD310E756AC36CB3FD26A22CA050D
1876	1614229	D5292C46EF720AB598CDD1B1D9EF6CA4D2DC8BB615DC2FFC6A78134B76013443
1877	1614231	D0D96341BAA75D93C2528964162383143E09791B36BEF8D6E07BC673DA371D3F
1878	1614496	A9F07D4B70E897240DD5892D6B49C114CCFB88CC9CF963B9002A0E6FBA687582
1879	1617153	DE71FE38FCC950664A4A13696F3AC844B00569445AC86F12E34A32530365329B
1880	1621432	ED5406D315F1E440862086A1AC652B6EF0E63BB0EF41203FB50FD7984E1F461E
1881	1621778	50AA5D56CFB13BB21CB91CA621318769D143D1997FC8FE6F1F4444F6E54B9E90
1882	1622150	EDF94F657836D5696ED43DBBB2DC1D9FD38DBEAD3D2FED34042C2B7D9C0DB94E
1883	1622222	6513C34C0EDB6D3A0155550772DA7CC77E726AFA21B34902D8341AC9F89715DB
1884	1622401	761F8D0D7A33FF282B9C64C439363F14F23EB6BFF9805F4E1D91B78C068FA071
1885	1622452	C2DE0710C9C9FD4379F59F11473C86412041232CBBC6FBC6AB14304B0E5A5A4D
1886	1624429	901DDCBC04ED146AABCE871AAE6F74ED5193F62017480AE884CB1073E46861DB
1887	1624696	E4F86E8D9644788EFFB79DAC36159E0304C1E093C7B9A27AF06FEE13AA2B3AAD
1888	1627677	CD80189618D0D7BF966B32EA4CB398939BA6A518DC73D5291CE5CF4BF2D6D997
1889	1632220	D4CB671AFF8A307AC484761946946F68F5B145D736B980E0607FB10D328EDDEB
1890	1632601	A373EE94207FCD222A7C769991C4366A7D9045C295C5054B37150672D5266062
1891	1633216	26C60717955E2C4DFC506D3ADCDFD4FED8BC9F25B7DA4BA478978EE65E9A1B2C
1892	1634460	BEBA6B30FC2191CF0149F1D5D28AD0D3094C3AE1ECFE2C6E8E55B348AEAF7870
1893	1634896	6B68F6918CBD9CE7943563D4A405204C396913219B6A7C0D04CDA7BF9E64B616
1894	1637849	89A31D9CDD4B26B52E138ECFF59EAB7E230D040DC05E850A4A91DB8925E42E7C
1895	1637877	F635B7F98DA6C99096B1ACCC74DF24D15F2350075EAAB06A8BE78FB7CC178E29
1896	1642622	85E84F7FB7A1566FAFDC4C0ACC9B249B1998D551959A80A3F2D57D7F275C5949
1897	1643148	6DA29678FBC66AF17A4648BF95D240D9E28B38AA8B91776E94D676BD5CCBBB53
1898	1643416	6A73BEBC2BA9247A5C8F0BF1B01FBAEEF8630793D03E9292F328340117580BEA
1899	1645096	5C9CA655A6CBD02B2E870FD809DDEAD03BC93BA47415B95D07CB166859A213A2
1900	1647371	F68B4A94CDB09C0674CCA073D49576F88A9D65839A567EDEFFBCE1CB9BFB6447
1901	1647773	BF2C196AF6AE29CCED100DA249A00FC0F973A7FCE1FA46BC28512ECCF3667840
1902	1648049	BA93375F6D69FE85E27CA1F6860D0042AD17747BD55C406C568144011CC8AA93
1903	1648077	3E52590E9B32369AF25787D82CF949F52A80D7F151503C8FFA059C89C5CF4265
1904	1652620	C12442170511DED488EB160B2D4CFD36395213266A1B5F5E60B8A60F9B7972DD
1905	1652822	BB2C3567AFDF5C5B1EE686F310B8BBFA4BD434826C7DACDA78C4443A034B36EB
1906	1653003	E96E998692490BF8F68A2D8DA64942FF1A43DE295D34593D641B2E46EF632B91
1907	1653541	EB231420A141CBE0ADBA40472B48D30F2ED26525742A9B384092322E4B51AE7D
1908	1653616	86B075A403263517CEF7867E02B2D8054DD880E064B10F426188E407653F7D0A
1909	1655005	BA3CFA9F8643F7E21642CD63C7CC70E922E209BC50BFA2EC64D4C9EF996DAEFC
1910	1655296	ED8F666A971B4B380360B53C3BD2477F1B1F04C1AAB7A24D84F54F24EB88E038
1911	1657973	6930E3B4E4A43B1A8084C5AA718D41D6FC04A6E5037D79782E46775F95AD220B
1912	1662001	BC98B0CF5AEC958F6B8D772CEEA5D08779C2727387D74195F58F694C7FA1739F
1913	1663203	5F2CC9AC0CF9250E19D25DC2E7524E6CCC442DE1E302A9FB531D7665B5C15454
1914	1663816	095AD6BAA192E19C25A6F1750A7D70AC01EA95405B125AB9A276189A72D88565
1915	1665445	586EEED82EEDF79F84C9C67134BAD5BA9651824B583BA066FEB636B8C259E346
1916	1665496	5640EBDEDF690B766E293567BF8239E6BABC24C420BAA51A9EF9ED7BB792EA79
1917	1668153	4BE59B42A694B6F2F535431EC3DEFA3E0EB8722DB8844CAEFB476EA3EC17DD64
1918	1668173	96E701EB3E38AAFF77FE6F5252962074BD042F141107655A99814FA09C08916F
1919	1668449	B2592A116B9E3277A194C3177DAB8F66537713F66C5138EDCD4BED74AE48547A
1920	1675554	743E26484C8716AB613B99817183181145081EE3F6AB7EA16BCC973A8F00F21D
1921	1675571	3195C0CF5030D7CD8F08230DECAF1B1D3314AADEB78920BE3E80EC67B8FF93E3
1922	1676302	77F53CD13DF63F78BF32C88E78C03E380E91801E04DAB1B30082D12797039A51
1923	1676308	AABB2E283233ABA60F88D63AB8E15647ECC9D2AF0B6FD510A150D73F4401CB1B
1924	1677006	91EC03B12F04E679EACB904C6094D79721572909ED7DACC4F3B7777A39131414
1925	1677012	8617457187E8BDC018B5E8EBB045A83882CC6124CBF75CBA47F855D74296ABC3
1926	1677563	04FF4AE4A767F68DAF9023352047C9D8CFE5D5B5766FA724918A1C53216CADA3
1927	1677597	A7029D2EFB4386BD7A5C0AAEF3141F9EB57056C6F1C3C80462CC4E8080C8E6F9
1928	1677995	EC9F3B2DF054CE877C33CCE88A96459FFD967F3C236C06B5C051F2590D018DD7
1929	1678439	0CFB02904B17BDB7A695D07509C62B554C9099E40294DF7A3CF60CD4AA4B807B
1930	1678570	854B021641C0BB14159FBF281B02D7393258280582E6C961B02FD61098A035FC
1931	1678576	4B787D2A76EBA2FA9BD327B28C1F92A0A47DA120565C59707D70551E4BC9B616
1932	1678662	1D1355CDDB8E3E744D05EA578633979C0AC62DA379F9E35EA39728E738A05B6A
1933	1678754	E551794E292E00241A570FACCEEF482630E2E35510F12D1072031DDEF7D95D84
1934	1678760	E296115DCF562A8E81EDA670C1A5A63B66D2C4249BE321DD76C33E9A89457B67
1935	1678935	0FA079BF94C3F45CCCCA7FB9A359A2C581A548540B52898FB652F22FEB3CEF41
1936	1679003	02E40F0D28925A013BFFFE55B6A0CC29EFCE5C47DFC1570F1E3D2A2CCCB409A2
1937	1679700	A7CD14B397922BC7DB45E6A9F5578FF1D64B91357432D296C71B7FAB04C21EE5
1938	1680923	0EDD856113B567A7829A8BDABCA5FC68A6D3561E3FDE7795784B772706EABC2B
1939	1683369	34A96FE733412D9F79DC0676EE38D19D2FE522847727E19D5CBC7495103C2DE0
1940	1683792	632242907A1836F9BD924E9D90A011A6FDFA6815977F53D65ED669B1FDB54749
1941	1684025	D7F19E86DE55A3970E2A6210167B83A4C0462A0C521B22B77132BF86FDCC2B46
1942	1688903	97DCA073D6AAD72E8645B29316B00E568B7C7666CBD430F9619E2625B4CCAD4B
1943	1690986	1FA676085C0DE37847BE7BD8C07CBCD2EDEE8A4131B87E1D8D14E877218FD041
1944	1691003	02053CB2A3E4589D19D8FE57A1372A634107D5FC8C57AD800B66FD25AEC4A288
1945	1691009	96C7A727ED6EC9E1B77F7016B4DB602FC6F4513801E5B2567DE3B224A69407D3
1946	1691024	8A85F57227A11CFD07BC300C3F59FDEBF44C03EF459B12A55892F53728BC1C4B
1947	1691051	4AAB38CED4BDACF9F96C218F6675DE595D430D725DF8CA058662970F6B582295
1948	1691057	526A1728A24F0A47FE6EB3A02959A9ED5B1CEA57C2715E9F4CB299323EBD76B6
1949	1691207	69EF3E0A9E5C5888EB6BAD0318DBC5E2910F1B6CFA308115E55A34FA23230764
1950	1691226	2F787F86109FFAA090299A31E29C2D7C442D5C8D0687ADFAD2272DA6D2C2C595
1951	1691788	6830481A8E3ECBB5782D74CC1F676F6384418800A68DED345B75417C168653DA
1952	1691924	73B7C21217C873990840C5DBB1626A6873C526C0BA0B0B6D5A778D6B21079E4D
1953	1694056	E4F3B38909E9970E870DD2C642E0F38DA91BE51FF3126A36C6261E9D85A9223F
1954	1694240	173CA75141F55C2F2C617951297A2E40F27EE35D6B54A187D0EB3ADA22AB848C
1955	1694381	9E7BBD094224DF93BFACA28DD5AC0B1503051B7506B1D488BBF5F8F6BBFEEEB1
1956	1694415	D70A2A4C77F1950678D330CF1FEF7F4E3568B2A074F6C65D1AF16930105D2EDB
1957	1694483	C70EC9470C85953E48E422B872711A33D3D6CD345BFB2D78B2EF0A3AFE3C735A
1958	1698307	C67253257F11DBD3CFFF6816B3CAAA1A7F27640448063F03A1A1ABD30874E899
1959	1699627	0A2FB75343E565A65863D0785B9790FC6DC9C62C28F7A2EE78FE1EAA99869186
1960	1701340	9B9A2A2DE4D3E56E9637D694D1993CD0A9DDAA14B50ADC3119B2E5D2A409D084
1961	1706466	A3A76150E620580160A6BD04E7D04ED96B1A6C9520A8F7E0DA798C023C648248
1962	1706483	15D4734F6C219A770920218CE3E8AB1141C21228ECAE1AA7D0CABAA96E793071
1963	1706504	026E618EC6A15A42AA663721229B96E818156462470DF5D1A1AE18062EA8C9C1
1964	1706514	DA375A17A43AF6A841D02450880A10542855D2776C26750C686B16AB664FF369
1965	1706677	F5AC5433DF9CB8702B5287BC63D5DF3321F92D87BDC6CE0489FAB63B42643821
1966	1706687	1ACF213537008E760EBA9CA10223FBC82B44B049E2E6657CF1E9FCAB1331A7EB
1967	1706700	6C7E1EDE4FF4BEEC21B905A0D5A766621BB420DA5F15A4B1AB9F5B6A45B2471D
1968	1706706	4170DA142A8903F451D6EE58ADD42C6D1BD7742BE61933ED5515C7914007C709
1969	1707381	9502FBC0519F4AD498C45AD38DDD3006EC2B3951C94286A4A8ECEFC2259E04AB
1970	1707404	92789F2C80642B03554BA07648A6A46AA36C2AA21373387CFE1952FB6B1F1CED
1971	1707972	1E8ECD67F5471C4648B2A863097E7D400EE61B188B4B4A7D4956F10FDEBCD16F
1972	1709642	7F92ECB6E1A55387E240D6D1C0AF90C442F7FF2AA9F53069EDD35E3B9322F948
1973	1713045	61D9B1732C59A2E7106B079F430C3949493D6227962BF37DF253FE304A2EFCC9
1974	1718541	91F70BAD82B67097493C654D5E8184EF8C5F8764352B60BEC3D4F53C68A97A9F
1975	1721936	1EB289C87F0998262EF52EB95525D7308F208894E3AB6BC496551EBD255E0436
1976	1721946	3A7F2AE84778DBAAE2E6FA0A9C47817CDE4E900ED96EBAC078903896E8CA89F2
1977	1721963	43582C5245C662CF8CC8947B7C84CB477064ABF49D26DFB2BEED813EF203237D
1978	1721969	4232C513AA9039B7F846BB667DA697A6F656240C32C53F1AE0964E40316E138F
1979	1721984	B3457026BEB46EA87D8F185A49F2CF987AFEB871B2CCC0EED4E34249223EEA4B
1980	1722011	9730181417387E809659B4044ED686B0F44C133F41B680F9844E16F5C2B31978
1981	1722017	6EC68E5F879C42AADB4F86B6A2302E0D0F5489A4DD97AAF2B48B5888C698F568
1982	1722167	81ED13BEE9303BEAB1604EFEBF798E4BE53BC6D2C792F4CD98B8F799D48135D1
1983	1722180	0364A9DC09C25CE96482C94CC84CB4CB3EE104F7F5989DD409AA37838F162109
1984	1722186	304AF6E71E8C4E636B13C6BAAF2B4136C72133DBC470B2D147CC02571D2279B5
1985	1722861	86F915DA8937ED370672241A106580BAE00612FC09D5012E718EB49F171B4F65
1986	1722871	051D636FC0CD314D1CC8554BC986406FE7CF5A79D77E84FDC0181660617B409C
1987	1722884	19AFAF888E91A754B844313D9949260703F1F1B2F33374DBD3F6D655FDE7FED5
1988	1728563	8B92308A2B64A0DDE5DDD49EAA8422ABE88F21E6D59DC8F3058A632C7B77E772
1989	1728709	9DD3FBC13B039F18D03DFE2A4DE40801F72B4E3B288710F1DE9CD6A9DED1AC8B
1990	1735384	C9A331823BE72E0A0A1A6A464BF02B8AF5789138E4D01516C130E6016D7E054F
1991	1735829	3A7EDE06D3C57ACAA6EE67EA18D17994F959824CBD3EC7F5E30EC292E472A055
1992	1736313	B11201F3580BD9F28358FC6EDB71B2422662539166C3A93DF43B1256BAB6157F
1993	1736321	33CBCE1F3AC790D5A641193111D3E82C284B0FE2489CE48B96ED69012A87C184
1994	1736582	853FF56519BFB6177C34A924B18E57C4FAAB923FEABC3ED604F1602DBF3E92B1
1995	1737640	FEC6FD0D16BED5E4E118998E1DC0E33CADBBB1781F0CE52B6C39179AF8F74A04
1996	1737908	2B10D4924E9C6179C7158BAA39058475925E1275CCE1FA8124267B6E3CB8492A
1997	1737936	572529E312DA998F534750C1693FEE712F770551405D590AF1BA28F97E09AA44
1998	1738039	C0CACDB9911494FC8FF0EEA17F24C9B08ED6F610AFA40CA1E365955916BD0E26
1999	1738186	B7B2F1770A0D65372134C8AD8F9BD4DDD6FE564B518B4A6E5401B3F87537DD7F
2000	1738187	E003E4BCA959841EFFC82DDF479496DBE336ED26DB14DFA7E3DECF7CD5A64B95
2001	1739173	90F664803DB45377E9D0F52FED65C2E314825F1B0B15F7CE9F0F0418F0134C9F
2002	1739698	4012260DDBC60B0EEABABD74590EE6F19A4BA135EA11E958D6B94A577CE7C6E1
2003	1739699	BFA346BFBB67898294BD746B8C41506E56223A65492281A856B39168AAA51D14
2004	1739736	13519DA179092C544247C2529135EEC541F2A3B4F3981B7571F302B52AEBC90B
2005	1740465	E14BC775E0608DAC86D6628DC22DD5239D6DB9AF7E935C28E4B15035A3DB8989
2006	1740495	9B251860B547169204D25BAA547962C4EF22C0B2FBEF3919EFA7DAD8FC996262
2007	1743847	DBD240D7D3C87748A832E42A2B894F63F173C86575B0C030F1ABDD7E5DDA47D8
2008	1743938	2B68C9ACBDB0191736C5355650E9C128DAC741CF521D4EBABBD52C431C9B8E28
2009	1745259	467292E7506903B57E71AF5E9428D01029FC1E7287506C7BC8326EAEE3EF74F6
2010	1745429	11CF9EDBF614AD1C3D892017456885EE6EE21C0A7EF0C6308E19B121EBE95768
2011	1746442	D726FB348FFE1D1CB30BCBE1E1E8EF7898E561BD5974D0B732264C9A30E47D1E
2012	1749753	023A0C31B951ACB81B1D72E2E51673E75CB8DAB366ACE364C0A0676A6920FDD8
2013	1750446	AE622A49046D6395312B98B7FFFB35E56137021D81F84ACA116F930A42352774
2014	1750593	AEF0C2B1C7F2BF55A998BCE4AD24AED018C275509271D012129AB76ACB99803E
2015	1750595	1AD141AEA5DECCAC2B6145187DEE832F7D1C60C7D67595988C08D3E7B78DD05F
2016	1750941	63DE5C95A7687F9BAE356011A4335D71085F8876E861B4E3134706CADD35E9E6
2017	1751782	C5EE8FE1B492BE9DF3130F1096A7412B28A457A3D4FE5336CF131AB26EF4044B
2018	1751793	0136CFC4B35E3C4379AF94943642A119079B0A4DA9C6BE39D8660F250D1863DB
2019	1751801	3F5EF1390BDE85655C5B781E77EA51057812AEF5D5F3F5844D5364808C7EAC11
2020	1752102	2F93827DAFDB51636ADE8A4925F43D5B3AFBD3ACA6EE0D78E6CB061B86ED51D1
2021	1752901	F2A769EFB023E40EA6154DBAA227DCA8B40894745B537840D30B29205761F291
2022	1752927	60185072E68EF9C5E04898FC32C4D0785EB114C95FA882B40531AEDCC3660B31
2023	1753102	837CF297AFB1F2D899F401159B98F5B453DE66A1D5FA7329F899551634B68B52
2024	1753103	87D49791128D4B8DFBDEF63A582081EC6382B629300CE059594CD8C3149D88DD
2025	1753120	ABBD01DCBD21F1A099CFE9D717FA2238E6EAF3C6DBCEF07909055A75B1CD81DF
2026	1753121	7C8FE2275563A22E974885D03316742190FE3471A0B0C89DC62CACA0B29D5010
2027	1757918	5313698B0AA0C9971D4A32BD20123CE4040A03D7FE0B0941D8FBAD2B2F076E44
2028	1759304	8AC64A72D7F4BB51E3F01920A9B384CA8DBF21EEE6B32BCE536B20EF201D1DF9
2029	1759781	7C15DD339BD0FFF4D21D4277D46F46C9666F3890D9A29D4B1229E4E4F97D73A5
2030	1760355	75ABF781F9317C720AA413BBE075E7897D738DAAA6F132C1E2EF363C83E3322E
2031	1760715	411A3B949719454AEA107BDF242F26B19CD3BC858B85AFD8BB6B3435644F8395
2032	1766068	F71FEB0422FE8F3C4DB038746B012662BB2AC648A7075EC42CDC3C949E34C688
2033	1766073	B93363CF43D10E445956277F5B99D8BE01F77AC9B05A301A256D73ACBB8BA45E
2034	1766075	AEC2ACE9C9496F0335FD7512B610A468FC06458C47C679A05DB7AEF13BCD302A
2035	1767273	92837A29E08E23C1D6D96CDE2AEA34046EC077069818E5D372EE73B75D12CEEC
2036	1767281	6D8FBE621C2EF508311CE860194F77255330AF6B45477900EB39E4FFC3906678
2037	1767488	822B79E0A941202A451C73A03D41F9899A93C5B6AD112F4CDFFB56D7162D06F1
2038	1767542	FF6118CD847E27E7CD994F39CB404421DA5549678D933EA8508AD2A7FC135AA9
2039	1768381	14455D8C92DDFBCF1AE53F4F666AE9B908E2DD90F44EFDA43CAA79F592D80522
2040	1768582	FCC99831758A43D9BE161293B4DE8B536857F186F0A131E5855F337117C5BCB8
2041	1768583	42E7CFAA54E7AB9E026FD2F5DB959306977EA9D29F048FE0C80E16AA664EC4AF
2042	1768600	D9CCAEDA9AC7184F3D5C6967A776DE07D7FFC73A45450ACE1AC668D3684F9F0A
2043	1768601	4D6BC67ECCB5C76DCC13597D79F747D7D85C53CF39336C068942D31CA2DE5FFF
2044	1768887	401469ACA8663C83BFC3589ED5527F2561A445FDAABF0561354C512E640C4A56
2045	1775619	30370541D6A14F79EC865D6DFFBD02ADA57B714B9661DD0BEC3AFBA859B63D77
2046	1775942	065E54C25ACA19CA509E5E5DD2EF1CE13723CA22D0413462E3F9A8221BDCB8DD
2047	1777175	4AEEBD910B527760693280BEA4F071AE567C2626C8BC0F29BE649E57A8942765
2048	1777496	E772FEFB8BD25EC0BD48D57427A8BFCA0001482B11C1742EE89C524FC034F15F
2049	1781282	F27A6F98C7B592F880DED358686447456B3B028C6E52557D06EE05EECB507FB9
2050	1782706	2C656995746EDD46359E6EDF658E1511DE65F7C7B78EEB62EDF4EA4EBCF8D99B
2051	1782718	206B19CEE336619187100D4E0CEB89EB40BA54F9C112D4F865831FFCE4511D5B
2052	1783022	C1AFAD438E3BF7618A8237621DB7854D7CE6ED97777E03C80FD09C9302D494AB
2053	1783101	1C1809E33C7CC789D9F5968EA3E7199091CDF38B7D964A2B62ED26D8611F0683
2054	1783958	3CEF0CEF7CC96D11421CAC051A60C41AD3963BD30A59816BEB1F7EB14E40218E
2055	1784062	849A932A75F6C7EBBFE1DC28AF191E4FA1F034E1B3BFF626E2508FB423C4139B
2056	1784063	0E78E88C39FE3D14EA79AA8A44CAD19BCAB1FAA9604C833826F261B54044FC26
2057	1784080	9B254C3C715D86FD24A0B141AB4B93B51DD6B99A962C58564635BB26F7C39C54
2058	1784081	875BE915C01B8F54938540435405DC3F288AA29CE176E9AA911A046FDF681920
2059	1784348	82D95E1E628A111924BEE2BD202E85E1549E2CFB45CF91BE176EEA807458E6A7
2060	1784478	F889C1E087674F8EC9E5F54A1059CA1A1249AFF467E01BFA60A337B200D875FF
2061	1784479	715117D0A1923D7D4BB3A55B224E192F0BBEEB3F23665EDEBDBB966D3ECB3AC1
2062	1786036	94AAF69C9766266C4085E9A1B804DDC82F8CA01007CAB64209ABD32CCF39BF60
2063	1787291	D25B4A8C04ADD1AA901FC527FDFF94E802014D66416EF59C403147F17A1CDBF2
2064	1788451	9485AB814F1054EF54D69520B6E18486F0FA677164198FF27351D76CBF08F9C5
2065	1790367	B2F40E7E6F0CE10F35DC0F44152DC8FE4AFB1C0A2AC7FB2BC64EB1522D1EFAB2
2066	1790570	D3B6874BCF36948D223E246E031ED1BDE3E2AE4C780BFA3B4D657C53727EA999
2067	1790721	9147DB5AB695FD3E6BAE3477A0A5DE70DACC3A2185EA8902396D2B033CA31F4E
2068	1791315	27F49F2C9422407B82E5C2D75B2E812A8BFE3CF5434320F651ADB07898B53720
2069	1791480	50BD803FF773BD52FA8D6AC7655172371F05FF7EEBCA11E34D9DCEAFC88CB729
2070	1791573	D504425F3FD5667A4B12C6A4558EE41814691DDB48CBB539AF5AD90787BE6004
2071	1793222	56EDC2AA4D7725D7970A0B884321AB5EE51759C88971B649DEE311C7EF8EDCF1
2072	1797180	914D142A1E17CA300E96699B5AFC60FA6858C2228E4BCD2CF35DA389790E7744
2073	1798439	8C9B59DBB4A41CAEB7E419F448DBF400C8BA0D5DE2BA5FCB99BA82D15F6D1321
2074	1798712	9CE8A3CDCAA81A790C3F7CFCA481E84F8A7855711F29AD06CC3C06DA6658BDF3
2075	1798846	A150FE9443396E6BCA42C3EBFFC9AC0E99B2567E62616915A01316CC84C4A3CE
2076	1798950	A7B3BBD0CA4BADD11A3E57BFA8C6248632D30D8069F886604BE541617A988F24
2077	1799842	BD27CBCB9DA7D713C0BE510567EC37F95E46D97F6971CEB8D54BE84666B2EC0F
2078	1800514	3EF248C149AEE173DD1A6171768E03BEF8A3503E11F5C956B2225C05DBFCBFB8
2079	1800912	1AF5DCD374EE661A84E628DB6121A8AB4FB8F0F60F896D762213B0EF7797C10A
2080	1801099	1E1173796BB9090DCAB8354810338115699B5B12C2D2722FDE9915A6495F1C28
2081	1801643	0236ECF4FC8045E2460A3A3EA459E535002640BA0280EFC0177CEE4CA5566CE5
2082	1801698	8257C3804C67778E87FFDC075637AE5A195CCDDFA2E59E84A2EF747F178DEE9E
2083	1802057	A2E77EA71CA5383BF7231788F4F08677E6B17400051B7BA4E146B0350E2A353C
2084	1805165	A3FF827BD85B79777347D12429E57B4DAC4A82DD10D1FB1D1AEC825039163FD9
2085	1806307	3BB82BB859A215DE67463AA55AA83AE953C3C8FEE2CC7AD03977ACEEBC744EE0
2086	1807617	9469D3975698C723421696C898370B37E3CF1725B93397917E6A78750608CBF7
2087	1807696	8771E15F3465C8F880889150678D3A2BBD4E480313D78C59CC13CD33106F353B
2088	1808407	73D210BCBB112F0CDE51728E47207384B8E401BD15D08A9BD331A392E5EAF3D7
2089	1810928	2DDA0BE87A3FCAAF8706C11FD2406B8B5DC77373368057BC4D6B3B5D0FB18F4A
2090	1810931	26F56D8B44614BAA8E4B1140CE8EEE31002E33350E049C3B98ACEC2468B26924
2091	1811157	0123096CF91FF8870629CDFA1B06E38566BA831FA08C71CB2D3C360FC74194A1
2092	1812149	6423062A5A82D7ACF381BAB98365C866FA07A2EB52BD2E58A779BC5D1B1E12EC
2093	1812302	09233F600D7E20BCE0050770FAB29A94E815C87C3DCDD45146C6F2947ACBD419
2094	1812569	898667953AA838F8C5B37568E9D81D82E32C44A2705B7D3601ADA87E820F8E02
2095	1812663	2AB6681E74469DA587E27E7F29594F6495F2D4823AF1BE3867CDFA350F5FFD56
2096	1812831	07847FD08587FCF84C5BAD982CE9CF0B730A23983A43F81E91EE6CB586154E8C
2097	1814219	794A25AAD52471055B6B8F9CD2F2AF9DA5CC2FA60341FD5C7DA2A21C3CEF3D4E
2098	1816397	0297423BEE4754B3C45D85CEB147D2D605F9FF8BCDD48610D2173A6850A9A449
2099	1816399	6093E918EE9C9EC51E88BB0B0C8556DF2AD4B6B0D52B802AB8BCE8F6F87CB2BA
2100	1816489	407A469A4BFD06C1BC356168EF2879E1A984E8E85575F7EF6290A9C53CA50FC6
2101	1816491	C7EBAF77168375A3FD952AB1BF3060473F18D72922974F58C1B00B8087A61FAA
2102	1816613	440C0C15A90C3C97D94CAD127DCA39C0B9950AECE80529E6886C5BDC0393407A
2103	1817291	E1ED88211A423E874C5AEF0A2B6BF2E0AA2005EC9879E121EB9788514F857372
2104	1821127	170E59AE4E4C837F39AC42A2C6CF061795B4B00FB5093D6B74521E9DF4AAE204
2105	1821357	19EFAB3686D42713CBE6B7A9B3581208C270F639E724C3CB5C38B664C05F9497
2106	1821363	C3BF2CFB73F6A72B296EB5DB870F72CC49E4455014B2268E8ECBECEBD85D4B6A
2107	1822349	066153803F9E8D5DCACEA19126F49D2BAE88A7907A6D4A93EF06E0D3624B5253
2108	1822502	75514ABF565E13C7E0303FFB31BC3992543A4E8AAFA48675CFEBAE8901D0E163
2109	1822769	4425F68378857431CF0A3CF1057E560BFB556E6209C6F6E94252C2141EEC0777
2110	1822863	DBD28369047E0A33ED8A947DA986B5C8A633BBA2EB65A6F19D40F014E2F94EAE
2111	1823031	9AB3F9E35F08F85B610D463DFA6FD7A124A78284944FBC7668D0E64BA82DCF9A
2112	1823119	09D03A1DE7DFCCEDFBDC949321B5F4F8B9CD1A30C5573A91E0DA129F5770E8F7
2113	1823283	9F1DC914A3C534D964E227DB19B4B4FCE48DE054754642475528DECF3986ADA2
2114	1824419	21EF67F7FB47DF9B6A9AE990C4838D5B7FB1F6CB5BEC655C5C0EF780B35318D3
2115	1826597	23D5FFF9AF9C6A8D42A64C0CA5137EC3D96012B57A9AD042C04B90255E64D97C
2116	1826599	5305B6859EF1C5417806CC5718EDC4A0A018B637FC578EFAE7FECC7D495CD413
2117	1826689	85CB99858569A66290D7768E99697F74C6AC44CD4ADD404D7FAD920993EC823E
2118	1826691	3D46101398F2196DAAF64BB40BDBD2A90FC1C666B3AABA535E7F71694CB0E3FD
2119	1826813	E0E450C96CC2D2C3B11E7C7FCC04218ECF812773D1B7018DE13D6C8DC4507F64
2120	1828412	B157198C9DC2417C4203F4C38B07FB88ADF1772AECB497AA181CD385F07E5C53
2121	1831330	D84EC7391AB7E02E9B07F6E91333E07615A5CFD2AAF3D758B46359464A4A4E26
2122	1831331	8010EB39E2EDB114796114C7C07059D1DFA00B8DFA04BDBBA8E37769FB5FDC63
2123	1831563	EE03A262FF35A61F162FC2E2B9970DBD6BCB125D59FC2D067352430BBE8DB5B6
2124	1833063	9F145D4C22B3E55EF4180E41B127294697FFA8E31C905357D76436F580CB5954
2125	1833231	FB9AD18EFDE9A0BF2A2111AA0E99BD10938F251B0E3C15BDF5573828580489FA
2126	1833319	0A978279641A4943B39C3029BA0210FD9E671D3A21754C2DF6556DDE4C4094C6
2127	1833483	4687521564B3A0AC7AE161CE07C3FEE79913F2C22F3FA5EA4818C29D941D6513
2128	1836799	002AE5B5CED6E263CADD7CF302CFA547E2C7E46C6ABE76DA154F81FEC29CF0C2
2129	1837013	365F1B27267EB2CC737E055A6EAF51E6AC3E33DAF85B62B59AA247DDAE6A2A7D
2130	1837316	7A00E30B059CD7785A46308CA9953FC831303E317D90298AFE2F898C1797B713
2131	1838072	0248E0B76AA80D1DC82ABB0E946D04B0E05D4931F291BA3DE7998C06A57E6805
2132	1838270	CF10B02B8E8EA805FFD2E5404C1916366AAA84D5122D77ACEC1E5D7E5C545151
2133	1841368	4A47D0D0556D9373B5FD991F4F039582E9840EB35259868A5213304E7A1A0159
2134	1841530	DA638D51A64CE308B68A83800E21D31DC6BEB371CA61E4EA3CD6393EE3825061
2135	1841763	FDD661ED6E97D968CD263850A5E74E1E375136EC5BDE4EB31AACF31778363A11
2136	1842749	0F9104ED0B75F3E05309CB965D3645B496CDCDE837D3FBB8EA7845A628B42722
2137	1842902	9BADB37A232B2134A4ED4203E8D90026D8C05A958E1E050AD7E94B5CEDD1219B
2138	1843169	00798DE8F685BC913C8B29A2488C2729D25EED830220C014E3E05EF237C27911
2139	1843263	CB59BBDF5FEA69F05903B87C5A5EE4F4CD417BA9D9F86664BFA323AC6C47C9D3
2140	1843519	916ECBC365719DC0F31CE4C554BC64570E97E1D54BBC768D79A9EC8FA590CC7F
2141	1843683	3AC743CA6A8EC421B7415C133487A071A5BD7BDD5E0ED9A2000A2980CA3F903C
2142	1844819	A32686E9AC7228A2C72BBEE18275A02BA10C14802332A85CE5C4FE67A482C007
2143	1846997	7B815F0FA495047A755F267ADED3D77B5F84C209D42582D9006662051840DE87
2144	1846999	873A72D879BA5871D7564E2BC1F52D88E2CAD1CE30DBE05D9F30743F7484E3A2
2145	1847089	AA6408EE48191D4759656F6D2152356623860C415B8C1D4C6B58B24D8C8AB2AB
2146	1847091	04F96F37FDF3CAC33A53D0F906379198234CC761B0F7DB6A1F163944D8333D29
2147	1848551	8B4A10CDFF60A115FF86A983FED91D883095EA5FF0E806DBE2ECFADC104528F0
2148	1849084	F71CD16CC510CE9C57875FD2CA50B806E16EC33AF00C36546C68E492631032F2
2149	1853463	8C3D4C83825BEDFD4E1ADC53278D37299C10C46A9461AA4A806AAADDE635EE80
2150	1853631	5DA51BB9A82B5070B92C04B16D0B4A9EA067F6537D9C2B27A4AD03EC22479A84
2151	1853883	E32D3390CFB52E40FB4782835D9CFBBF31B6708954BEDDC7A12DE3433206C9BE
2152	1855019	D151E70E290C22D8DA39E46606FAF7FCBACAFC063F1E30492497EFAEA54CB804
2153	1857197	9656ADBD88899B47AF65F9D3D869FDDC3C68AC5D6558D430FD421767AD635DC4
2154	1858091	882C526044BA3932CAAB3149236FBBE3B1A97F1CD35BC8031EB06F99EDC4D705
2155	1859772	AC6A4CDF3AE19F589502127146482122943BCC2C7F1551FE6F2E16C59FB7771B
2156	1862162	47AFAD187E98BE0655C51D6D9B4C0983AC90373A36ABE3FE422DCC003E8066EB
2157	1863831	FC5C921F6754E8AD7F80A8C8AE9C7AAB8A937B777B78ABFE13273BF8CCBC6C35
2158	1864083	A812B5E752957F2F9962D3DB3621EC4164788C5CC294E3D1F4C9D44EB092C0E1
2159	1867916	590A6FB5B2E24DD028C92C4B49F8BC9AC810375D86E6A7088042575689D64CF3
2160	1869212	5763B080B657EFA2F08F3805D047D64BAEAC4B2BA18E0240FF6711D98B63D936
2161	1869685	FAEED0BFC88820443DC18197B17FBBCFC7441AAB0D5D274A614F35E39084389E
2162	1869972	A893043E0CAE91A336B77510005FD9F4DA24FF6B0365A0C6F4F4B968F54B4AF7
2163	1870483	47CF4354059654E141C1282C8CC1C93EDFC5B9A66ADB2141A12C2F23D1FA7CCC
2164	1870653	EE370C02979A663538924D1661FBBC4B5D946A0CCCAB91F89C51D07ECB84737E
2165	1871396	93A2794EB2AF59E427033BEFDF406B99A5932F850280AB62FE353C6AE573E2B6
2166	1871401	81509C448553B5EF4D6712471044914BD1C8F157441714813C4B310FFE1F90D5
2167	1871569	170F5237FB54117808F0822F7D7D0C15E4C5BC0AE99DCD608BB00C17752A990A
2168	1872411	6212350B74412B3FB53E563F3F4A62EE41CBDB083596525ED0D856B337733197
2169	1872509	607B9C136B221AE2FF6CFE2A1AEB96C517D118DAEB1C8770A0597133C2BDBF62
2170	1872511	23B902BD46B1ED262BD84729499CA9F3AA956560F7922A2E130673872C58C9DC
2171	1872622	97CB6A3C56E76CE3F0C370942F0C9D3D18429E1A2451DE3C484309B563039A89
2172	1872632	5CAFAD237306DFD9352D986697C0B86306B1E1DFD6A7CE40C76CF5CBDB3B4DE7
2173	1872732	3F89CBC8A116E04A641E0DF55943D9FE85A396D8334F61ADDA40456F3787C98B
2174	1872931	7224EB0991A04518A02F69330E866A6D92A0AB40C51DBFE3DA010A5F01B9AD60
2175	1872940	10B592CD932E373968AAE1ECC57896D5714EF14446B238707528501B16A99751
2176	1872941	E81C3755E310EDB27583A1EA59B1F6E8EA156F677684C9AF03AFF44B013F24F6
2177	1874471	F91EE3D701E3001797D6A60BF78D849FB1297DE24AB3AE90519124D9D736F752
2178	1875336	3CBBFE17476A6898F5C140C4665C703CE22DD0466573FBD4AEE90AE4B8263293
2179	1875450	DA181F76AC6C626DD90563B9BB4BFDA88E0DAC4A252B4B22ABBA1D5C21140DE0
2180	1875699	5FABB077F3079F1AC2A55794CD94DFA051414C09DABD9B49EA63E6EF5062EF1C
2181	1875749	D5B688952FF3B5D1250FDC16C259D37F56FBC919B3E47CF0FA25640C31358984
2182	1875999	9B36B7F1B31514A7D6A7FCD9C475044E5AF3FBD84A9DE1AC17B360F2338E8CA1
2183	1876386	C1DD12F3E3CA7CC5D55107141C5397999E07428768E38E08054685BECA59F9B1
2184	1876395	FF71EEB01DE154EAEE9D14F2800DD1A5BA55390F09C6B29C5A79FAE317F3B44F
2185	1876443	827CD390AC8BB6E9C9B85579C7771F0C01A5C9E28895286B449509EC03C8CA2D
2186	1876978	0A79FB3B698E419F99C8C9BFA96A3C573B8853C480BBAC78BCE232C099B5C2B4
2187	1878389	9EBD9570BE53205CFB825A611D6E699C2CB43AE430025B35CECB55881228D026
2188	1878485	96A89DAC5D3B579712169A8A218548885B842D2274F38800DEDD4A2DCC292913
2189	1879043	BE17675E74B6540BCEBC4235644BFAD84EFC13D1C2952671B464CE59488ECFC0
2190	1880655	7E4C1E8170E49466C4DEA65198120889863B2725B1FA8D4DFD3BC21460B9E9E3
2191	1880669	15104DDFF30650481B3E88499DC5AB4F6D9FFAC0E8860E76DA8B8847CF95CB46
2192	1880671	E3594CA7C0CD6E42AEB16A6D194B090EE59868C4232746F76936982EE4D671D9
2193	1881411	7736242517F869CB86FE3F5B403E70677D94BC5DFC84DAA5D390780511F91260
2194	1881533	A74B2FC1F10E1B452FF64FD8B072C35905ACBD4FEEE65A5DACCD8D83417AE707
2195	1882145	7B558B3D61750916DA62661727723B42EC9D0E4E8512FA3A8D06D1382EC48104
2196	1882147	2813F6C382DF3D4791F49685866FAD0B372B3C3C56A931260F714B39BE0D8931
2197	1882825	2ECBC4F761CD141A357B65083C9BCC74A2A882F7BDDB640ACC187E9FDC0106E6
2198	1882913	D969D5991D337E7EA4B09530143941D2B09AE6F62FFFAA887400FF5B31322438
2199	1882915	B931A18EE9323103A6498F3E34783DECFEA564F0F96F9C362E11DC2BC29955E3
2200	1882995	396D247A28628830A4949FD2199F112BA817842B273DACE83F58FC7E6F79CE92
2201	1883449	216B51C3836E9CB8F78B936ADC7CDC52C40AD56234F229A6668F062348B03F28
2202	1885055	C3EA115B93D81D0A862823CC3257DB35B87251E35977E0166C2FBEFA6956C95C
2203	1887889	DDCA638D076EF1614C392E5D50B5C528AE9B0C1D3ADAB4CAA22DF8260796DA99
2204	1890930	0BED1CD238B240905FDEECAF1F325F0300E490F44E2439F9AC50424B827EED49
2205	1891291	8CF92786C3C674E85C5D5B42C5AD1120768BBB980A21A3BFAEDDB0C8B3E4DBA3
2206	1891741	5149B5C16F224B857571FBE434784E2951C6FA0CE95DF214141203E2E01678F3
2207	1892451	B691CFF52C3B6E3C1D985DD7A517EE51DA1F21F996434B0E2D855DD12520B199
2208	1893759	CF16566EB8454EC64AB8499B7AD1275FD106ABC499A8DA52DBF95A453245922D
2209	1896075	A737D57CE8A3BFBA93D1F800B99BA6773F92D856712ECCDE2FCF10AB57BCAD3C
2210	1896133	931AE82EEBBA86DE0BD893D7F46F422762C445CEDEE05416080CE47095ECA8EA
2211	1896233	3824382A08236ED508468A32D50DB2FB1546B2450E6443014474BA00327D56AD
2212	1903221	8A9DD0F222BD4F0A745724816C2F85A9BFA0E715DA1E15EA5276B8BDF7CC6513
2213	1903369	20BAE366034BD885CF2FB2D2CFCBA7D435A8353801D0A727982885C74A02F82D
2214	1903583	66835F03881FC4E42A88FDFF5FAE3950276D57403B465A0E277575A865AD9D88
2215	1903682	8301EDC8DC18CFDF083132D6682706B5004C111AAC4A223C8B955B24EEF0C077
2216	1903792	80B0885AC904A65104364928D2A8139404E325B35D22052A8016C942CFE309B2
2217	1905024	BDB4C5FCFF69602D68CC5556D34DECC802DD598F02C1EB59F26F248110348C97
2218	1907209	66C5F45D99EFC1D3099E1E250CDE5384EF1032FBF95460321CF6C8B2EC52932A
2219	1907355	0274579CAF7F63DF7030D6D14C63592DD4CFD58445D3B1AE68A3BB654DE27B25
2220	1908772	F792F80F347C2BACECC886A54BECB8237A26009F6F5F9B41C344346010E1DD94
2221	1909979	53A7A65640E9BF7B15223DBCCAE80DF2C564104D0632E4C9A229DCAB79CC5F20
2222	1914544	A8BF222CF46A0268DB474AAC61E1D15E484515AC75C2780E6799151764FFFB55
2223	1914548	480622AF6FFFF9A8FAFA74F4634ADCF7223E2E77107AB1522DB81D3A2247CE85
2224	1914562	65CFB977037211DB917DEA2581D54B12D0F06023965AF2C90CB2F87934A9C6E2
2225	1914610	4F2C217AB695CAD79446A5FAFBA33C59E318F9D177FE8552076736724B72FD24
2226	1918961	A807549F10D0DB967886F592F9B584C972A218F73AA629179C43B9F3F5C1949E
2227	1919072	C0CE7A1A0FDE88D4B002E55F745D04DF8DA2177ACF383075F95F281F9A4FFBD5
2228	1919074	F2C2CB6441872AFD0D51D032B3BA6E883860948551E879F32783E1903B05C88F
2229	1919164	24966D8D7046CF2C3B59FD6B80664BA9CD71F0D83D8E980FF8E231B1AB394C6D
2230	1919174	B6900F3D7E301CD1141E410A9EFB8B2F535B57628468F24C2B0377E99E8AF6E3
2231	1923427	C7A876900DAC2BF2272E9B26D31CF59C2D2E4EEFCF707450D145F0C707AF8765
2232	1925741	B4F3502D6BEAA70A3EE2596EDCF33F2DF06FB596BAAA5F0489D65A10CF3FBCF4
2233	1925863	8F8F8901DBD2F08BA86DE3144F15419E48B12AC3F383388C3D3A7C3E3EB873E8
2234	1929323	0D5E38EB3920310F4BF7E5C8743EEAEFA924E2CA4BCF53E0FF2E8E112534EE6D
2235	1932151	5B5F8AC686826DA0FCDE279C1A501B259C802B11508EB23C505175A73D1AD79F
2236	1932192	BB6F60C27FB353D4E40B0AF7F89002CF0E414E6B1CFBB1277BA61047A56E7014
2237	1932291	51CD08F4D122DB6D13FE7A95BED3DC04B6FAC5D984D3AF1DF7C1492D94C0FB2B
2238	1932712	FD227731612DD03F34C37AC7F15C2290267CE7D7573F75F3E6C9DA316AEEB59E
2239	1932859	1643BEDA6DA1F7F93F61F543C741E2A1779A0C73334C60FD7279B04071B59F1C
2240	1933083	C8D8E9A1C2E2F67CB1AC3EE173F709DD41B29B7B5557E40656017F5899FF1C7A
2241	1933458	FC55678AA267103AE709B393406B5382D43FD077BCD581373A9AA61D2660D766
2242	1933626	E53AB690BA3C49830EA8F8DF40E9D8D7607F476AEA39FDE3FE0A68A73B755D89
2243	1933770	AC7A74FE6D7A9EA1934CC0ED18CE88C88FE8A3A7547B7C2D233C5058DE41FF89
2244	1934227	EF3BD578D810867E5A61A9C90C8BE804FB0E6A63F71D9A183799D5A84563B030
2245	1934316	532AF24844110429331C333B97556431CCD8BF97C5AB914F3DBD702D76BBB5FE
2246	1934323	5411BA75ACA7E4AF7ADB916D986FB3D28C16F9C89AC5CFB5E922A95568CDD883
2247	1935346	70DF9154D4E68204C4FA9FCD8998BB9F904B6F23F6B5A156A22C9CB3803ECCFF
2248	1936370	253E7DD0D9419A8A7F504001489331C6095F5FCFAA8CF45A6939AB6B3DB3B9A7
2249	1937569	D613CBB2F094A59A576CF950C59B5DE2A0A467CE518A4FD9C8C2D8BBBDE54444
2250	1938339	185E48FEF8E846F14A84C041B311B5F8966909E09B6B9F1E53D6B8F29525D1F7
2251	1941634	1E25D3754B2466D96A25DA33267C9274F6CDA454F5F389435E0A7AF69B680638
2252	1942214	B9F2790C64F1A728E48AFD1B116978FEF69D4E80817CC286E4D78DD310155648
2253	1943004	85E3F0DD0650FE1D3F5A43C020B492F43906A1621975EBDBE1AC02E24A4CB07F
2254	1944140	DC1E8846020BD8768D887B9690A962B4338BD6248F63B11463F23D9E57E3C2C8
2255	1944562	9E8DBFB7ABAA4FB6E05764131452589DCD485480F014CD6007221A49487AD232
2256	1944588	35F0070A2CB2A1517281248970B8692CAA3ECEC99A73D4F4C29535DC5508A017
2257	1945924	01B32FCF770DF5B78B42BCEA4C139712E82923979B79536CFC750D80FA2D8F41
2258	1947266	F9BC971E24704890742DB1755D8A3B3A3EBD31827492B67E03009787C7CB78BE
2259	1949802	8943C1303079F55CC09A328A49E02AC47A3EEC8389C6950B3C0699CF7143FEFA
2260	1950894	C650ED3CEAF89C921AB8376091401037063538E71658F336608DBF47BC095727
2261	1950966	B35DDEC3791715D2DB42E0617AF9B393A12325FBEDF1FE2B6786D9F98BA1616C
2262	1950987	E966E7AEBA30CEF6189D9F69B774774AFEFA0FB625190537A0E6966357FB90A6
2263	1952725	62E7CAA048CE49F0E5936E9DA96CFDE3F4F7272941F10041B21D1B9A1F53D171
2264	1952980	A304ED032F61EC31CBA40D6A3B0504148C2824299125CDAE99A493D2755BB281
2265	1952996	E3E08F74E35253D1679B7C51A02856B7A2ACDDBCCBC97E8E64FF944F4F7FCCDB
2266	1953049	2B214D502142870B2F847A421BE2BF374938C9740233F0A90979C984DE9E32DC
2267	1959620	C6819DF2503DA623A8C41906421AA13B38B29EEC3403C80702FA3C551B5E67DF
2268	1960435	FD9AEB5EC36D3BA9F5275B090AD98C8BC6E054802BA451A04C383A5327E61806
2269	1961349	5B8781610B9AB9EF30A19685F983C65B8E02416AE483714D2117FCD5D33E4DA9
2270	1961946	29536272C3DAFF0F3FC98061A6BA0D1649420EC24B9347A2CB224DD64F86FFA9
2271	1965278	97F7B79ABF3BF14E6C76443D8E2D3BB5615D018ECA6AED4E55A990F8EB848045
2272	1965950	B6E8B0037CB4ACC4B46E8F297F01907772F606C1FF6B0259086D4A085A3E1989
2273	1966306	874910521E3DF13E87F4F42C088645874E471929C6671BD1050D1F4EA5F972DB
2274	1967782	A9678AE912566849D691881B49F2CC667ED22DE71821975A536F0943E18D9975
2275	1975765	E50DD6385AEC4EC30055CAB232335B2F3CA357E285347F821CE80D9891F17CCB
2276	1980443	212CCF59D61F15CFE9D7B9117D214739F4E6DA528F12B5B0D19DFF0D880DA422
2277	1981725	8437D39DC104C8B45E998B5747DF815DA4EF3EF19102D3BD828FD574F21BCAC5
2278	1981812	5E4730834867C6DD9F68F55F14FF5A37ECCE05F5A4B9E77D90AFEC648BD28C94
2279	1983956	320D9AAE6E91747924A2E6ACD1951C3389FD2CCAEB5EC68FEEE6B86060C0CE33
2280	1988863	E66A4FA95177A314CCC83082ABA8968DC37C3BAF799252B2581E7E0F45EB54E2
2281	1990308	35737D05A8CBBE2305002A024017E879D77F9A48D1F48968209DBD705008F620
2282	1990606	3F1F5A29A1FB7E67CD966F1C5CF3CE7DF87CF2183077A1A2A95D3E59AE105DB8
2283	1990990	F7621FCB86CAE0CD0776E6B610804692198044BE1CDCAE7850355BEDF267ED3F
2284	1991672	22065A0BE35854CD879CE65D1376DDAD2CA57358D3A004F184E49817D0910796
2285	1992309	D1D448DDF0AEC49E7EF5A1E1E0F8EA87D67B7ADD1F2F9630807531E774439BD4
2286	1992775	10161C3D940BBE44ADB5ADC8B59B237E20D9D877C3AEA9AD64811F7E49E29471
2287	1997799	63411E930F360A05E530FF68C0AA14A8D354AC7C3E76BCD706B2C94804A27969
2288	1998472	EB6902877B608C58EEFD125924E477F24E12ACC227A856277C71133907EB0E74
2289	1999936	0360F99D5729BA35FC6E38594DC342CE01B04F1D93F63D37CF0F4730DD2A27A1
2290	2001038	1A0A46E034769F0F0D56D63B2E6153827FC30AFD4580E2417959FC94BA25F85D
2291	2002613	77BF412F2146FE41ABF28D9D51599F3DF5B9D750BCAE146FB223A17D9CD0766D
2292	2005859	1F074287FA4C52E2E989E029C5514CBD2EA584D285D185E231A36EA5F8CB0BCC
2293	2006761	49FBDE023B366B6BC1D34518C3C1F826C882B0815872CF19131B6D5E78B4A978
2294	2006817	0EF856260663102DEAA75A63CC82FB806011C3437005936C3F0A276C92F87828
2295	2006827	4C0ADD541757FA967CA95A49F466C4B863DAA503A5D1A4DDAB2E7697BABD313F
2296	2008133	82B7DBDC0DD79CEBEFCDC5D8E7447AE0E651202EC1C2BB91E83AC28F062EECD7
2297	2012818	5350D83D2BA8E6B7F084D40A49BF2DBCB416AF2EE2DB16586171D5AE931CC67A
2298	2012890	51682924A4A2BE7C4DECEC9B9F0AE66C7AD5AEDAC84913C2A7259ED38D80AA6E
2299	2013266	C5EEECE1F921E0573A665485CA816923151A62D8C4810CF75EF4EBFD2A7ECBDA
2300	2013304	B98995AFEC3A9DDF91F4371041C76288DB2004FEF5AE16842A2734617F690E1F
2301	2013306	90A46CAE3C550F7C47C304F1964D4325CB0396A6792C9590FCBD6CC535245948
2302	2013749	7ED0A7F63ACC347363AE4F33E8804F6D29C33DCE9A20AA2725B741981E332F49
2303	2013756	0B3C81C11DBC224660EBE0ED1EE2EDADFCE69FEFC40D4D1BC0CDC3D1ED26E9EA
2304	2014233	FAF7897945A6D9016B1EAF4DE3B374AA1DBFF7AB8D440B460C4F4C145631305C
2305	2014241	C74B0D2909BAC15BDF4666309D8B00C0A275E093773A3FB1FE775907314FB8E5
2306	2014335	AA223F4C1E72E519F5BBFDB0D06C1E50642E6311E42CA6F905B5011F47EDE70D
2307	2014502	25B035B777587686ED625ECB7B31125341809F5AED46ABB593DFED368226EA6A
2308	2014542	BD3D0031235E1CFE2A57620181CE074D31ED0B34369ED9A48D25BCB0CA505909
2309	2014877	E7C8FAED3951F11508D0B620DE8AF599BF7EED33F79A17D06E3055257515EF2F
2310	2014949	D5ACC497B7D58E1D55543CD193398895287F213BF2306EFA965FE5BBD9338FC2
2311	2015074	8209488FA0B7A3C04245B9A70A4A04801AE45373F5953816D7689423D12C1257
2312	2015542	BBD4FBBD9DAABDFE9B961565F393085FB9FBB8198B035BD4B1F72D2AF28D7DD2
2313	2015958	78460175A505571669FB12D132C5C97853FEBE5A030C29E43FA08E394DDF1D92
2314	2016107	BE87C400CE753E30B915CCCEC73891B2CF321F88F7009B6C99FBA76B87477F78
2315	2017492	8E74CBABE15F94D99F94CD98BBA683A0660A3BFB95E6FE045089CF9A4CEC1955
2316	2017516	B1FE5711DC0F49AAD2E29D4BCEF60BEAF1281A8266ABEB5DF5BC38522E9BD299
2317	2017656	F3646E28638F580E80D34111809E43A82F0FFD0EA34DB0CFCEE5CACFECFED66F
2318	2017806	4DCB4CBD193BB8774DF508F4545F143E7A9F85116D841B520AFA63132CA02FF8
2319	2018415	BB35D82EE423AFC5784C1D57DCD535AAAB52D03F95694C865EA850768604707C
2320	2019929	E2F6D34F5F748050B7A3D9B2423371381CAE69DAA5FF7CE34F6113F32F9B28BA
2321	2020354	2CD599BE3AF13F817990500612521DFF351BB3129F301DC5F9F8909540559A01
2322	2021428	28D266EC5DC9690AA4A7EC5013DE6F7D9872282557AD27746DCB39DBD31C2CBD
2323	2021767	F1F4AA660A24E2DC46113B715E59F6588379B6A2D2A78CDFFC9B8CB9A0715DDB
2324	2022201	8997D07C0673D67D01B4DC779197E99B3F0640D58B98A74BBBDEA371DC89CF9E
2325	2023006	D010004E590F586334378EACA281256EB93CEE047952749310F10010DC71167A
2326	2023052	89014B8985985F5F82E9800E1C89DFC9F2BEAB438E92E4F111C985563583D391
2327	2024525	100A54EBFC061A0C5612D15850065D21D89B51B140D299366FD23F9979CA2DA0
2328	2024702	F534DBF66608A3223C0F83349AA328D06F392A5579F010A7C738D1D6C97F6A6D
2329	2024919	B5D17F63A2D532A011B4BC18D6C53FA3850F564FDCECCB93078E694D0A2323E5
2330	2028508	63D27AEC18F49D90069D8AADB4D3287728A707FC493BBB6ADA1E2562A9C43561
2331	2028513	73B5625A9F4C243D8A00B03FFF864EA0B85F0B438242C1135D9BB984C1E84C42
2332	2028515	38962535EB692D5E36799A2D932965E0DC39C7CA9BCB9B9ED5FA75AF6DD52B06
2333	2029713	797D474903CDE5E61CFCBADD15FF4620FB1AF2FFC989B3EA59C3B49AECA039D5
2334	2029721	41C6ABABF9A24F803C1E3C5194F89662A345F92D4E0C08345E16981D8AFDC773
2335	2030061	D42A2A4E2BA0D9D22FCFF991F5A08BBC01D4287928FE38CE30218AAEEEABA646
2336	2030277	8CF4EEBF9296A4535F2C76A9E1C25382A29202B8AAE35C75B4527A86DB20AF3C
2337	2031022	D26ADBC4A77E8D01A049CD9576D145F957A52C7BC1E5C9F15333FF9AA9F07D3A
2338	2031040	2D72402098006D893F0A0F62334CF3C4A094E9C7D0C1E3756F49BCC770D53F77
2339	2031587	68CC99D69E3336CFB16A1F7CCE0C09226E6D1B4388130EED8848321E11B5A045
2340	2031771	C1B277BDC7E44E158EAE5F1221FCA6DF7047B30790B12E145B2576AC07F0D17F
2341	2037530	37836C674270F7DBF69A73E845689251CD657EDD0C233A582AD3645753905740
2342	2041720	9EF7CE8DE9B895E63B282E5959AF147EBDB1F91B1A41225DEFA9652D81E76AFA
2343	2043712	FE5B3BA29BD0A6BA0564D9DBA4246865894B2897A13AE2257220DCC2E0354012
2344	2043920	E2D7F9588AA11E2F731A1FBAA28254991CF6B14D08BF9C34B7FF0D53D46075A0
2345	2043988	83481728DE430BCAD35E5DBF96BEFBCC6C9CE3AC7954F1CD3B77D845235BE0D0
2346	2043993	812ECA9A7417FA4523E710FCB20BC9104BE165F4F496272E6F19849E14758018
2347	2043995	FDAF82B3906D2CC0F4EE8BA1D02B5A52622650759855E1E63969FF10BCF32921
2348	2044119	6AD787EBF942A71E73C20FE036640FD0C4321C1E1609A167FFA62D613C8C3DC7
2349	2044264	FCE20C844E19C8D76C987C58FDF5223CE97DC41FE6A4CEAA1526C0E683646264
2350	2045193	B5860AE48060AE424231474AF00AE28228146A374B3EA8BBE2B6179C5342E510
2351	2045502	40F6786E55BE1DF1F960E0FB8171AC551F61E85D3DD20BE80911A984FCC43908
2352	2045757	39BFC56031DD5BCC43ABEE89097F97825431D203FF79A584068E46A8F5EC3E5C
2353	2046503	2F22C9E146277A0247A786FF0FA9AFF8A7BD54902ED182B54BF11524DACAE0D9
2354	2046520	41B2E71D7C977871436A8A24026B9536257AF321462F6E257F362CD692A1F642
2355	2053153	CF573EC16688B371704FDBF457D3313C70BE2AE19DCD8FD0A66D2A67D326AD97
2356	2053181	A28B955BE7106D9622B7DD8362E5FDE1DCC06CEC601DC4D60492AF156057E888
2357	2059330	360304F4AF4F376F0149DFAED5EEEA71DFFC2A9F79F5B5B70CE72907FFB3B188
2358	2059744	BB022B7C9C561E9E82A75DA9A953035CCEB5CBA7949F82C370BE735093C1E1B3
2359	2060673	CF8ABC802387EF48431D6431AE86C458B37D5A1A4EAE2994D5587E34B9F45F26
2360	2061237	5C994DCB776ACD0199D0AB184409BA07412E858268FBA442913D59D874184F7E
2361	2061878	FAE972BF30F9EE02436A92844C01D8BA7AA4609FF38FB22326A086CD48D3155C
2362	2061982	7CF2510630C42DB8061117235CB17143E0EC4B374A30E72E2EDDC09C6EDA4097
2363	2061983	4AFEC07C5EF4FC140957651AF7F58CBD628BC57B6557C40EC5EA0CD06CBAB1D6
2364	2062000	2C093E7E9A23741675B835B65CBDDD02E77D1191A035E3616F756880FBF9B4A7
2365	2062296	EF7D25A4B9BC356F28EE82B2BABDA7C464F42D556A4DF3932606E91ACD80D7C6
2366	2064096	5A320689A8F8385699E00D9CAB48184D57DDD5879E28CCEC002908C20C5D3D54
2367	2064311	C65AF89C298733503AFAF9FFBB9264E8DA610146EF3B2D44F65F0490438F6837
2368	2067896	F77969F684647E7AA2ADFA41D5EBA9EA11FD47D04DC9C2F547B994DF65495A4E
2369	2068633	BA461354BF0A99345712C605138CA1F1C58655DC283F815F82102BD48A81962A
2370	2068661	2ABF9DE597A37BCC7BE5F371B59C818AAAF32B848B5F160864FE1714D20BEE3D
2371	2069289	C65BCFBEE853AABE7AB7A821DE06B9A40754FA89C1A398CF9FA70E064C8DA954
2372	2069914	7D0C164953EC2BC735BE0BCA491820B23BF1CD43C93A5EA26EE812474C809C64
2373	2070802	C21C45AA2685342491634A0F3493D6C7A9DEA25AB70859FF4B7F640E2988773A
2374	2070965	2E4D3D39484684E174CFE4D99711E2A9DE3E27C2B34345FE3A9409CCFA16475B
2375	2071142	18EFD72AD2AC44F89007A14186928676EA2109F55C182BE0FDAF18C6E276F49A
2376	2077416	2DCAD86F2F7BD121FCB31670618A8FE378C9C4604FA1B0BDDFD754A15CDFA560
2377	2077443	BC5B37884C301BAB06D28CA565F8A77BF39194226B869EACE989A2D167DC1C28
2378	2078415	67B6529C49633126654EC541CD693385752C26C22DC27BFA478B66A798BCFD15
2379	2078422	C71F1D00462B00FC547164EF44B0BDC72D8674D631F695F17EEC50C2BAE7471B
2380	2087370	244EF7FA97FBA0404A65A99943A2812CA7643C57906D3115D171F0A8CB0F46F4
2381	2087627	295636973FBDC4BC002DF63B3F4FB17AA591EF4DDEC8ED63399FF72D35017373
2382	2087687	B6CA2116FA3292D49674A60EE264EB5CBBF826EE3A9608A02C5DB76C19B68A61
2383	2088098	22FD03398932A04AC5217AE5194D8D58C5D7842DE1124BF2B91C9C8C5FA161BE
2384	2088298	E121D851A4FDE367C3BDC1A33ED7F5F7C0C12FDFF4265110A4CFF284B26F9BAB
2385	2088463	A8226D45E0A43E1A9BDD7A82DD28D21F2327B513DD5B33A9B595C97354DF9CBE
2386	2088576	DFE1D725C0C38137F3A77B84D861894D813F8FC9101D003ECB5B3295C715143B
2387	2088716	856D5DBA566CFBAD02B5048DE5E9ECD3C31B55F24357821BC5E12DBD1398A5FD
2388	2088746	AAC3923532E3EE896009C97173007A7B0F6B3D993E477CB42792B2F9464678D4
2389	2088751	3769D89FDB1053A165E9CD4731B1103978B035753D163EE08369079667E89F49
2390	2089422	124775D4AF2EFDC7F9858AC3DBB8DB30B6928BDED152C686E31F6BAA730A51FF
2391	2089700	77F2CB645FD5655C0D263C28719C1C6F5E98B8181A207ECB0A73D3DF8A3FDE98
2392	2089750	FFEC51A3BBA2447F51DD54567CDC770CC9FBC8BB775D17E5A73F5E243D43AFE0
2393	2089796	1E03590CF3A9204C3175BBCE902B2B1C2D96C863A54CD15774C1D0389D1117D8
2394	2089797	3F882C8BE59D991D907A524C5FAD10C3769E661011EFA93FCF18758017BF9D43
2395	2089799	9BD924168276543A0B279BB3B82F06665DA5921B11BB4B5EAC1A5EDB1305453F
2396	2089811	83F384A83B3BDB9654AE987869AB236F64243ED90A57078F90E7FFA891CF508B
2397	2100772	32F07E9225267FC9DC03917024F05BC7F8C11502AB3ADBF4968029B29296542D
2398	2103329	B61CFEE1894CFDD9F6E03177F98674E354EC8FCA45D8733266E725476A6D5F2B
2399	2105287	97B8A2498A6DE4FB2FA0E05D1AFAC600CEBFBCA89E83C53D7F079FC733CA8E7C
2400	2105429	368AEE9B8A33D154EFD3BD5CE951F3203880A6A7F478B246D2513D3EF77BAC63
2401	2105814	8AC3F5F6347A9E98E197052916BA5E890B7F056AB5D7C8C574F8BE9C35DF29DD
2402	2105896	C59A5A3F2C00ED2479B1F85DB3091FE6BC855FEEB95DCCDCC4F497FEE1017CA8
2403	2106228	C86BCD57544E323C8527E182E2D95A7D95FAA5F323BF8C003DA390F79AEE14A6
2404	2107348	85DCE6051C2A1687ABED907A981B2571DD21EE142F30B72BC9498BCBE98B4852
2405	2107616	F5F76502E1F760EE103C60BBC148E5D99F24A6E19CE6C6D5D75D01D241D5D957
2406	2109772	8484055C523D86B6B6A2C70316D516DA1E7B52AC32513DF4C807E25694CC06D1
2407	2109774	9B6A4C781CED3D28684826A22CB99818F9B36B73B0F771BC4C44FB9FFA94B77D
2408	2109844	7DEE5CA8F7D1D13F11486C264EA1DA6A98BFD19AE529690BF392823B745FDB35
2409	2109846	478616108DF8FEEEEE886E7019D7C8232C67B58419E716AEEE49E2A4686AF296
2410	2110028	54DAD99FDD4915B1A66BBF8C80E1EC86AE19FB5A810ACFF60E4F610604084500
2411	2110934	548586D440097DF5EED5EBA9A0F72EED738EDD5E9FE1031A6588E150A66C57AC
2412	2111902	266EFB09DA5124FB2DECFF6C00BD8A01319908D9EFF9C61899CB7FD99929DBB4
2413	2115487	21F12CF0962128EB17192001D3FDE2D0F6ECA8B67EEC3684BDB09D8C5724ADDD
2414	2115629	288CE18F7C1B278C3CF33F9BE951386C9A65AC3CAFE4942BF4615FF4EBB480C3
2415	2116014	AF91A63055B854CAC45DE005B2C3981A67D6159607D32C4810AC7F71E676F464
2416	2116096	B8DF1B3C106C9631A30B131096E2FF98A95B583443E0244AC03E20799377EAEE
2417	2116428	8071540963F7F1504A64DC531CAE4A3A2E6F3007109AF37CACB947E57BC8F254
2418	2119972	F663CEDC3523A9AA03CB42C33D3E220FB6EE8387A66A8986A5AFBDF4AF14D146
2419	2119974	D4A0D53EB6C8A1C4D4C81D726A9CC3D4E4015451B206870D26DC406A556BF261
2420	2120044	3A7D900E2DD54ACE324CCFE42E222EF84C80FC006F1775F39A793FDB4A3AB989
2421	2120046	EE443FA7ED2D3910A669CACD1AC2F4D02809603FB7A463DC21AE05A50012F44A
2422	2120474	79988EBEE6E7C47A34C84D5975529CA4099642DD4836008A81B95C14D1F5D617
2423	2122102	84D3CA9A7388D6662BBE478C0C7B90524377B9B4EBB35EB402AAAE5EF6F116CC
2424	2123007	0464B4931DF48317949FBB7A3526513EC1A8FB26E8EE2B5DBB4080619EA43647
2425	2126296	F3F04BFFE05840326B847253F5A8A9AE335666108ACAD7748F233518B6BA598A
2426	2126628	5A8FEBF2016862BEBC1D947D9A21CC1EC4A17DBD059F277527C2AB01C0076560
2427	2127104	31E5860943967E67CFBD401C2D6847FB35EF4487768FFED4838AE8C893E1FDFC
2428	2127748	33C4C00F4377982F41636C916D42B7BE0B1C9468CF2AB9919D99B45A2DC45C73
2429	2128016	8557C10FF840E32BC7D7DBB6EEB843FB6953315640D348D1D467F78845128CD0
2430	2129247	EB9D1E50AEF94A01688E8BBB7C0CA5FC736B3D68468E9FEB00C08690E90D206C
2431	2130900	7C1DC4DE8F34D146860164D4FA4F51AAEC63687F2F0262A0BDC24AFDAA176141
2432	2135615	70C953D61C2C1C24ECDAA119C6C7BCEB68C9A28DC6CC2B14C84402873A1A8E40
2433	2135887	B63F74179C0839BBDFA8A0D23159144FE49C68DBCAAECBBEBDF8635F6F48E3A1
2434	2136029	7C90B1EBAB9F12CBCE37CC7EF43CC318BB5518992B1135C1D01CE7B273D10672
2435	2136496	29B426B56344FA67FD1574CE07103109F70850B3C212F2EA48EEA6AF670A20B6
2436	2136828	4978C8A3B3487412F727C507825F0392620EA907DD72A727CF8E225FE41CE68B
2437	2137948	8D389A35DB9508409F3821813103EC5C0EDEEEF63B3DD0F17035BED4056DE930
2438	2138216	B51ABAC3A75934474695BBA05CBB8429F65A5CF0728B067588B3C660E418B809
2439	2140372	D7CB76442ADA739E41E7D57029336D1D0DF45D2339311914765DC24B9514339A
2440	2140374	1495965F6834F05C68D87C210C6DE395610570FBA5FEE4853AE32B87A8C36F2F
2441	2140444	40DC1E486965178B6B51005EAF70B43C450004989358F8B197D98F4FBFED24F6
2442	2140446	171F25DD72E0C50987C63E9E0BB0A97DBFF4E4A6C870BB4A70A635EA0F313F5E
2443	2142307	0EE7728B88EE41A88DF3FC563B6DF4E04F8E5D959036FC79D26CD3AFB7E69EFA
2444	2143136	1F86E55080AE3C4C7479F8F4249516BCD8BE859D7F9D61760CF85AB9B272992B
2445	2147028	995A39125A8F219D519AA207EA5CF6816CB8457BB1F70F4A00A10CDE286DB152
2446	2147325	E9FD3F2617F2DB0F6A4622367F631426DA7479818E3D9A4D325E73D3E81EF0E8
2447	2148148	8F839E207B88E5C21BB8575D5155E543F0DCA99B199EDD4A96872452C6356675
2448	2150646	18B70E680D48C45842C4DF3C27FC45C93E62D269A4831847F1925B40D0CF336D
2449	2151300	768394B3AFA16433A4CE2F7EDB4194A7C394DE732F85D55254DAE96EAAB67D0E
2450	2151931	B5F313C975627EFCF5ADE4FD9007564B4C2D8C913A4A697ABD838D128BA9C519
2451	2154332	55500AC8A92FA95583B2BAB296017E19A7ABA9E354684C7186CDC4A410F12121
2452	2156016	883CC9671F2226B2E34A13596894B19CA97841FB54F7A85C75E2DC1AE903A558
2453	2157704	6F99183C858304C5F937B1D03B9F65E07D666EEA0E778E8B28F4513F3923FF54
2454	2158348	02E3B012D6CF12AB54581687ABEB7D8C97F2D67BBF0B4EF0A50DE8B235CEB303
2455	2158616	7EE55155DAA0387963A1A7E9458202CC1722310A40F23ECA6D584324B6E33354
2456	2160846	31DBE2FBE12DDDB42F97D27DFEA62CBD7EA669D4EA8014DE634A7635D0D892BF
2457	2162038	5D0B8E2AD69894724CF7D048FF22A925A09ED53A5BFB5D0D9333695DF3AA99EC
2458	2163375	D98D05D1233B86C67FC837D001D668F83A898AF9BC3126C6C9A47FD46346E017
2459	2166737	687ABCDAEF01B4320A58E607EA8739B06A49F4D143B76B9DF4CFD6D168DE23E4
2460	2166747	FBD034586619A8ADB3B528D4E6D1B9591596709B615A8F15512A698D09ED048B
2461	2166909	D69C44B9FDC9A9B8AF4EE50706748F5217511A65D24545BE9F035C87DC8F5C9C
2462	2166945	DD58E8CCB318D607803F912BF5F53B139F5DEEE04383CE354EC7123FE8190121
2463	2167033	685DD915945C261EA5F5AA8B20D46285D01C039AC7E7207A1EAF630986246910
2464	2167648	0A0C7FC000FBCDB49CD7A4933E25131A1FC3892250EAE292CA5B0567087D5E2F
2465	2167808	22A3F20604425A242500BA3C05282AE149A2B5CA761B42B5475AE20DA1EAB6D3
2466	2168217	F7DA98E918653A460A420298B415F1C507C03D70AE7818FB62279E82AA132897
2467	2168235	6CFE44B47AC3EA6A89336CF1C59252D3FD890B04C6DB644B4D7CA533D79E9E94
2468	2168864	B0C7B6EC617EF2367A8BAAD6535B611F2A5DD9AACA32217D1C75A09479F9ECF1
2469	2168936	7AF9B6D2049B45A56D7B3F9E280264FC61027C486B383BD8F0B960CA64D0D71D
2470	2168990	804E745ECD45C41E0E8B7E59F4F1068C3A312D75CA0C3B880CFC38EFC1BA0F1A
2471	2169894	4C4D79DB362D117B42B2E901EF81A4BA4C66BC838A7380701C4D4538E1414C8A
2472	2169950	6B2D7D0637F883DA519D1B51AE7F78A6E1EA1D39B90D17C9CA05B25D3439496D
2473	2170094	2466B48A223E8A09FB27E0056C7B18C7FCBBBF09C14EF39695A54DC036215F4E
2474	2170095	077B3649F7CADD855E9E35425B8A56D78D79A8EF5825CE99B4A68237F8442C65
2475	2170413	35E206590E09EF69CD65ED07EAF7B5D2D15C2D0563F64A2DD7310F2A93715A39
2476	2170598	4D75B539E502B798D41BD9AC3B99CBE73E6A06D5D83FB3188D43BB6F32E677AF
2477	2170704	A048C13299A6A129C938B49440D6D1FC98D40FECC1B7B31904C17A8830E4E3AD
2478	2170705	D8D99A7E74DC739C5B603C7C40BE5D81E183FC49F8BC7B638C313F4DBE9EBA78
2479	2170756	38DD780833C1117A9C7745EE6A8AF14C4645481B94D0F9CBDD51DAD429E3AABD
2480	2172508	EB1FE7442D4449CCC5DF47939C608FC4314FB852138B2F8768D6FE1751628448
2481	2172512	19117D10C942F9EC2AF9AEF719D48628E13FEDDA8AE66135F9D92C9EC8AFB4D8
2482	2174806	740ED74A2A2A93D09FD7C6CD85A2D4B73609A05BC4D7BB212F4CC14D7533567D
2483	2175075	2D9A00C09DBAAF1C3E4D4F18F09275144294E80608E2A1AA8214291449EF0BA3
2484	2175430	2C69219F011C1C00658C41B2B964D2CE25642B487AEA61E6F5BE9C70A8D0CF49
2485	2175939	FA689289788E37E9DA65150A7440D2008C6B3C657F17969F55AFCB5507CB9715
2486	2176090	197D23E01B421D8E92953F994658EDD0EC28345E94E54AE4B7BA3250FE48C3A9
2487	2177126	29F05DB445FB6B5D763EC42E8ECF40E4925D99F2CB8245260B482E854280A96B
2488	2178537	9069C0572EEC48FA4445D459A3AFF181AC350FAB5A7990205F4DEC2C7605B2FE
2489	2182497	55A5C4BEFA02D23EEBDE54F957FA32A9F6E049A565E0A340F3245F7888A6A10F
2490	2182513	89F4DE7627816E884CB366F49EE2AE5D8EB8B2C8196BAEE85E3BCED089B9C50C
2491	2182515	5D1139C4D340BCFFB7B7F24FA3598F53E9EB3A71F084C16AC35DE3D3CB10158C
2492	2183128	B81DE143DD4B6DF61CC6D06558E7C9D40D56C6EF5C4786DB5FE61257CB4EF197
2493	2183707	56106F70465A9419A4984D163EE7D572B6CCB04264DC05BBC2597D277142E073
2494	2184000	44ED8949B8D27CE0F3AC38035012C139200CE7367EE9C01B4497DA248D70F34B
2495	2184892	37D0BDE98F93A530138C4F124F024AF0B5C4426E77CEC0E31E91BD4BDFAA4DD8
2496	2184893	A8F27B0421AF2EC78A974788D98CA5D4A445E2C2C46EA6DC25357B383501A32B
2497	2184902	614F9E68BCE27FC1D9088DD1B19A04D733C35B7026DB4553647EF69EFD307DC2
2498	2184903	EFBC04FE8A1C4917824D8B489058598B7066B75FC71995600D5B418C766D9F5D
2499	2185132	7512348104FBBC3FD77D24F2933360F095366A6BBE9308E4FA3AACB1DA078766
2500	2185430	7AE4FD9A4F3EBBB15343D1C9372490D8F19CCC228670082A6C931B4F0AE12F83
2501	2185574	133213644C1207473E191F61A9E38167429C6FC96EC681DBF1A8138010E17EA4
2502	2186237	92D30AC0FA798E2D5448EE241A81EE89B60FC8FACAB5DC6C7E189554EBF91C13
2503	2186741	836B7DA1617C8953D26BCD00039FE045BA18CB7237B00BB3DE51120FA793D07E
2504	2189656	711FB69720FF5C711F9E4D7EDDF1CD4A8BD9556F636CF6B72D7491E424203FC1
2505	2190063	20E918AE4D250FBBB73DC1184DBF5E84F442F18EEA3FC3FAFE3361070BB126C7
2506	2191611	BD81D8DB89491C509761A962A8693D3D3ABB7A1CC85624CE50C58796FCAFD0A1
2507	2192410	5B4FF97BF812886699F99F48E2C012D62B3FF5CB1ADA746A683FF051D9146BF1
2508	2197905	9F90CE9F9A0AA313D4D7FD573295F508EFAB0AAACF049BDB90009F324536F976
2509	2197977	40600B0B383A5172A9C7E60FE004093CC829BB5550272494BC4739D06DBA8CB8
2510	2197993	A37D020AF8894EE28599BB9632B186181584D4BF61B4B136BA0B45C3E401DD9B
2511	2197995	A8652CCB2F083C093F1886C8B1B517700D27646F0840C1BF5F74AE5CD5264FA4
2512	2198023	820149C494971F10C7DC10168BF48FBB094A68972523D4A92F651353E5D8BA90
2513	2199373	C95FF3A38FB47B645EB8370B03E8DB6FB01A2C7AFA27C4E47E71040420349A69
2514	2199438	4E0F70C214EE54B3BD301AC2ABF0BD28CE687FBB225EFF2A9AFE591FBA6F5786
2515	2200372	C3AF9DD88D34C70EB7272D5D8D31514C87D169C41197D0F51D8AFCD2760B855D
2516	2200373	434B3D3EED30BA5A839C76BD9E1FECE6CC0B221152A38727C8C123FFA8436503
2517	2200382	8AAB13213225BAE0BC49EBCA4295DCF96C0D091001A1749C7739ADCD3918D1D0
2518	2200383	A09BB15AD0CCBE6476AF30402B0EE7DC1F37CB09C9D4D48CF25FEED4A34AA7A2
2519	2200586	0295D55168F80675E52921A9A79E73B8A3E41CD86E655751B716165196219212
2520	2200612	77994B4EBA29DFE5CC04A4F3F165B1E524A0262D59D743163A68BE03A206ECEF
2521	2201558	F66628F946006B8787B702B99AD03CE479733EC82C2931956E3563BE6C4FB74C
2522	2201716	85299313B33834BF018311C407979FCA1AC1F51135CB89EBAEA2323CDC2A5C59
2523	2202461	8D993128472931CF5502C6BB90A28AA07BEA7E365B22D915C217FD9758BF93C1
2524	2203370	70E30466EE38886A14F908E2A6397CFA09802A8DC6E9AF3EAB8DF6F579D7569D
2525	2206434	3E34450904DB4C1228900A7A45F796DC3CF305BDE155ECCB69D21F666F7D6181
2526	2206806	8023412F8FD484EF619311691F66F758CE175AB599C0AF69E921AE49BA64090C
2527	2207050	77CE2BEB55F37AA10201E0446BED005C1E555AFFD6189CF7FD500E21816D310D
2528	2207943	13DD8BA4CA995019D9DDF3F75B99033187511976C0382E94E24454CD53572372
2529	2213421	79B74AEA23644C4FB821FD7B0F75581B720566BD7A634EF9A2F734D776105641
2530	2213457	DDCCC0FAC6EFE8B425D6C0D64496C202AA898012F9895362E4D5E35BCF183776
2531	2213473	6D3CDFA527114BDFF7650F3F64B4DD6234B34BC1D5182088E6E65B38627F942B
2532	2214667	50316C6824A73A600409B9524E795D5EB9548B5B0AC7620D75FF7AF75844269C
2533	2214716	B57983FAF2AED6A5166231E7D58671A93A8ADABE0B27E213D242F033988C3710
2534	2215852	7B6912747606D1DF935C211F19E3E67B1A91D882106A4DFCF1CB8175ACE3EB22
2535	2215853	FEFAC170E62D63AE71A331A619544449980A5F43CDCCE798E75F95B6664085A9
2536	2215862	52FA2AECF1ABED202A2174215458C4731BB02118F1D762F0752F4E64517DEE9E
2537	2215863	7436A95671BFC749D32DDFA733DBF0F384D43E12E5F95ADAADCD8F6C667F9073
2538	2216092	DA95B3E217BDA471A8CECFBC5032274BD660CBC1B53504C814FB83CEB7DADADF
2539	2216441	77C4B477F33DFCD967210AF4CA6A606D06B34FF1FB5BED0B63FFE3ABEFF29B12
2540	2216684	C695BC834096F4B3C438E8508248956DBAAE064FA24D856FE2040DBD865A1FEB
2541	2216932	8B3C60388C91A2FB95E2D01B1A548EA63122D6EFA3C6A20087F44C793A813AAE
2542	2217144	5F38E6BB580AC5AC9078BEED06F75C9476C2371FA06AE98EA0F58E0803666F04
2543	2220038	F0F89506CC1C2762DD8523FD2CB93D78D51F636A1502486F743260467A101EFA
2544	2222623	8D0674E6038C3418FEBC46368D97620BDFC392B76FA7DA66CC3B69E86139D340
2545	2225044	1CB7790A50AC1F136AEE9F110CFF1109AF1EC12D8ED7D15B6610232B76AAEDC8
2546	2228805	094C6E0162686EC7B261615B17173C984C509756DBA4E60519C21CB17D761127
2547	2228877	855FA172FBEA23AD59B36DBCD93FA3F04F88EE6DF626C846839EFC8067D8F0A8
2548	2228997	CC019EE7E1B148F59F6F2260764B328F3CDE52ECEF2E161457DE2045189E4018
2549	2229269	5B1BA8A1331D1DFA637036C3CE370CC84A0C9DD7C53C217D8891563B1C4DA9BE
2550	2229576	B7884D1FE4258FE74E01BEC0E8FFB665E61221DBF9929E39291FF1D7DBDF82ED
2551	2230774	E54FBFA9928C23A467E5F37C4344F27BE6F513349021A802EE3E98590A7C4A67
2552	2231352	172F3B9D09790566F24DE2A80B57201A981A252B7E13C5A37242AB23D51DD7A2
2553	2231353	C78AC2A0265DD2E4490630EE6248F667C39D738057514693121F93CB6AD62ADF
2554	2231872	D24F999871927AF2E830CF3236B7764FB693FF8760948B1EA25A2FB478883C87
2555	2231922	F867CB5C742EC3A3766A2D5C6C40BBE9F84EEB6C9DF4E8986C8E46E226840C09
2556	2232063	B1AD9ECCA10830423539B34D5D22F8FA75E86553F33820EA40FC641973CBF597
2557	2233169	4FC7FCE4C486B428C6F4DD2B2F12F4B90065B93B59784F2DFC03AB67D34AD690
2558	2233220	7A2E8C84CF4168848B6D01EF336667E663B1860F04131A48119DF4285B026E0E
2559	2236708	A3D9C9D241445962769EB5001837AB2BAFB01D89CC494A9B79E46DE3F923C928
2560	2236725	07F166086D7C21900CF07727CBB8304FA9DBBC265F4FA096FF79A518600F6F4A
2561	2237380	ACDCF0CCD9570B091973AFA3F5B9667E15CB0CF69E63BB40BAAF856E76E71976
2562	2237762	13228FAB19B88347E8E358ABF9C137F4161028562E4BDCC288D1FFD5501326D2
2563	2240513	814A175753EE92708AE48D03A168DD28B4E9CE01213AC013002AB996CA560BD7
2564	2244467	BAEADD99F7AE77475FC4EC383951FB80957BA41EE5A4258642BE31764A4806E0
2565	2244479	DB21EF4D6C407FEBDA567CDC8456AF35ECAE28A6D6A0971E2254CFDC326CAD13
2566	2244963	FBABB655D0CC7657E5EC10A2D4119C3F4EAEB26BB28C8736D8A67298D1B818D8
2567	2245671	14806798AEEEF02CEB64EDB453AA57E185F6E77370C59EDCB2890C1B9CCC49A5
2568	2246276	18BEC09376151B2ABE349560493FF548C624089B6C9F38B8E5B8301BE0D1FCF6
2569	2246814	3D2DB4EF751F7307A7D6103098DE7C9F1218B5BF4317178784CF61784E580A45
2570	2246832	442BC6555F3AE783BFCBF74B9D7240DD9940F6CB81EC71D587075691E40276D9
2571	2246833	DDE8B64036C9CCA8D3D150255D1962366828AA40B92973F219F49A69980C78A1
2572	2246866	2441499C318AEC687B1F372CBE2F68E03D93C38A66B47CD541959075CBCF0204
2573	2247190	58ACB7FE1EAA0B32A47997034576CA8D1B4DEA28CBE610F9B44C592ED182E982
2574	2247415	2A66271681B4680A6EC462B4A0F2F682875AD568074A7C9C93C7FEB8DDD9E45E
2575	2248648	0A535F6BD4A6C1FCBC2675D93A7136F2A901E347CEE67196A09E74430FBE5445
2576	2248700	EF7A982E0902C0E075A74E1413A4CE3054F5AA07226716FF0CD8CD2DA3BF8AEE
2577	2251633	E1B51B8CEA3699859E07D8EF5C232CC26720E125857B9EB81349E04B8086CD7A
2578	2253618	F177D78AD18F2B9582B71F3E7C82400B811EF14239EE6ECB1E8AC072D15A5173
2579	2259858	30B32C90EBDB1D1C4D4CED0B5098BB882340658685E308C148D9C6854C65547A
2580	2259959	AF782CD8BA470457341AC4C9A090E348F943AA1EC9AE800BBA25766EAD355F8B
2581	2260139	42B344A7FF436D4D3C52AC2147DC5AB94A5643214CF38485CE2776DBB060F4D9
2582	2261141	1B28D253612BE8C4C21A00E4675D1D0D22A874FB1E470EBEE83617FEF505230A
2583	2261151	07B8AC549EB1C629665940D87FE80C286EB1B2769EA5E3C43FA4F46C94308497
2584	2261159	A87B643A766C26E8998FF006064E70A707E2314E854B1E9392FC811974AEA3B8
2585	2262294	400DF64890671DC175078425EF1E02DB84A307A35D10001216A4BAF3CA7ACF28
2586	2262312	023709D74313713A1DC1C2037D66B6AE5DBED4DE80952E08C5D246CCE872E41F
2587	2262313	4C3CAACCEF82C19DCBF58317CE7649DF69FA2F6BD83CD64DD3AF3348A0C7A1C2
2588	2262346	26747905A18F83291B39473FE3C6B757CD0919DA5662B75D3985BA156A663DE0
2589	2262988	57C768762CF49DF0DD18383E007071431AABEB280516CDE93DB5654F6BBCB97F
2590	2263022	0E1734EFC56D070D0411C5BFF8B4AECEB53B0DB6EFBD7200FC2D17B7BA831B29
2591	2269902	9257D6BC03CF894312C51B9DF64FF68D256D700F950EA27E13B39C81FCC57FDF
2592	2271381	4ABC0428C08A6FAF65FD3D2697921CF0C30D8467F68F91293FC32131F3265A50
2593	2275386	020EFAED05E50A29EB8287D73DA68F75B721B007C94B7E2DF839A213E1258D88
2594	2275619	88E6715BF203E7FEB6A8881D30D1E7A7CA39C22167960E4403D0AF7B66B5DCEA
2595	2275923	48A4EFEBC43B1AE3E00675895804AFDE4A27E937532B3A23F3D42B99638F7381
2596	2276621	B59D8ECD26AE980101A0A057C9B848B9EB60529658671E8A96F250294C401DBA
2597	2276631	D7940FD732A9121720C3A0DB13EB3C006F17EDB6A3F118B92A0D3C0D5272964B
2598	2276639	C60E238B1AFF3E0C617FCEB348AFE098748E31E0A4239389E37D4C323D406430
2599	2276830	5F1F2FC8A27B9BB7B3D5FDFD5A1E500090909CF760861B79C39735F33B53C9F9
2600	2277214	834A023B638A1242A2354E499E03DE24BF11FB1B29CFD7D06A8E1B7263749044
2601	2277774	424704EC62D8266CEE57A690BE7A89D0D030948ECCDBD4F5E43E0F4634D6C543
2602	2277775	DE3E312265FFBF47D192DCC6737507C36D7F1B71DB5E8025EEAAC889DE647801
2603	2277792	C2E611B6AA53B8306D319BA4F5CF4DD0CF42143BAB9857059EDBA7D7090120F8
2604	2277793	71484C03613FFA0E720CE439779AF85F24973433FBC6DE7016D66746AB1E60EC
2605	2278262	2B6E353B6514F9F2EF7E49388650AF5A08C58557BDB7AE935BC7A22C7FD5C51A
2606	2278589	9E4128B285882A95B96AC1ACA3024DB41E84663083DD57E758B43ADFBBC46197
2607	2278722	78402308B8EE90E39B694F99F38449CB5F1F4612F4748D00E6C48E844F88D7AF
2608	2282986	B0DD739D7CACEEAEF2E9567EA30FDEACA13039B3A0689EF9E2D4327CFB22C4F4
2609	2284578	EFE9554506188049E739BD694AF585A9540488D7EF56B9955564D8A342D7FFE7
2610	2286960	B8D3F5F3B24A97180C9D970E8CC1F4F1B1532FC1F8392ECB94C8A0257231EC11
2611	2291132	793A44D7C9EFA866F6737549F5877E01C92EDB610B7E89D53D1D4CB69BE6A4CB
2612	2291142	F6A23F4FDD48853F82A6A595D105657B259D686BFAD7F2EB383226BFB36DE41B
2613	2292414	0393E6C850D9F5FB2D9144DF5A7C021A62ED95B036E3ACC075B4D539E73C52CB
2614	2293408	BF3C9FF646A864D7EC3C88AAAEF4D40AF955734C08EB72901AB286DF0E50EC77
2615	2293412	900462175EFDDD933C474EDFE1116FDA329DD018E0FBA3A099EF78883A23404F
2616	2293414	385A9CC0DCA19C122ACB95DBD16C00FB4F5C5ADD78D26A7E0E67EBF20201C5FC
2617	2293422	308E9221D350A6B431A915EED61C84EB653F146BA5C6E908D9D53259616BBD2D
2618	2293585	EBB55CF121D6FB0D09A1654107988AE6914483B82C5A22AE695867E831AA82C0
2619	2293732	53A6397C4E1AA38735A932160079208022FABF3DB10E6AAD9EFB88B2B5798DB7
2620	2293778	B92D7DB82D6FD2DCB50CE215E6973838C2FCEA9876C11C2332DB30B9B71C29BA
2621	2300784	2E3E575D677E55B4C13E1306CE698774C6D7FECB93713C98B1DB01C84584ECB4
2622	2301026	BD8B2439707390A8791E7E219FCED8DB1FC1E6950A4CCB595CE9BDF3F506D4A3
2623	2303709	14E1621747F7822E36DCA87819D5958D3DA1D5A8B396B07B9173044B6E2AB921
2624	2305024	1EE7DAFEC828239CBBBDC51E99C54718C2CB502A3C7679EA841C086C81922F51
2625	2305055	7CB1ACD78E296DC9D174CD263C39E716DAADDA832170251ADC8589E59802B972
2626	2305155	6A2D1955F82A339D6BF18DC150566EF8AA565B5DE135324586D85F020E788873
2627	2305181	9E42101BAD090E68DCE32490CEAAD500CC626C918E4B3DBB7FA431131C9CF22A
2628	2305368	714A9A32895F704EB4332FE05244EFC8DD9B5DF1DB19C209A36D9C382E867EFA
2629	2305548	156A25E6C6B18B2CF53CED580A63DAC5C6BB088CF30A620D42389D3D65081268
2630	2305549	99CDA68AB3174E4B8CDC9F36358D0C8496FEE4FF1E0CC14A8C127821AA660E2D
2631	2305557	BAD5D5FA2A58B631858FD45CEC8250FFEADC613FD5FC0DAC2AA5724A22DFE3C4
2632	2305755	6300B706C08DCCAAA2DD3DCCC05629B447A7229D3FF346CE1D8E089D3B400F24
2633	2305756	AB3AD1D89C2F32648F48A58DA7C559F7250D3819C7375DD0462FC89EF831C04B
2634	2305976	F3B3B10A16DE24A604296275D07C6D60F14988438CECC3DBF35268C874245339
2635	2305977	EFEFCB5D1F184117618E414ED9DA0AA7D479892C40AA548587C6016BD7819EE0
2636	2305978	6B22AAD7F078FA7C83E2DC74C2E63734C2B6DF0229163047E1EEE4227FF3B39C
2637	2306303	B076D7C135124BFFE92FC90D9E5B828624DD28FB16D0FCCD5D1424DF1385DC26
2638	2306720	080A8B9C7240853794A341C7252858F2FAF622430C317ACDD66285DEC34D053C
2639	2306878	15DF11E5BAA363F1814002874DFF5B79ED41D29E1C7C047EB4419AEF07101846
2640	2307161	07FA1225396E29B548207A7AF6BA32703B6B65056532B452C203B6980D3BAA12
2641	2307171	12EE15AA3D1411214D16471CF0F4996997FE6701207EA85FEE24AEC94A305C7E
2642	2307351	E05B429C7E0C6CA1E9D49509B266FC0590123EB3172C455D1AD5E1B056563E71
2643	2307413	1E5AE7DA803FF00DCE9ED3DE63B67B6A12542F0D7DED9CDE5733D976D6D5AE71
2644	2307782	5538CF04DBE1576C56212F06477468AB6A1FCC5F06C22C70155D25D19E27872E
2645	2307914	67A4876643E9FBC4C29D960529323B2FF0CBB90334AA9DA57A09638336CD23A2
2646	2308409	7ACE1C2DD8E57102D6D02325D81426883C0F01F3E90E2B67162D6E6CFF6A3AED
2647	2308992	477B4FFCD200B6CBB68494ED7B70118D39566E0B708105B853A951250DED5DC4
2648	2309806	D63229DEF441AFC7986441287C0B3B71878B6306097AAD9D0005AC604F5BC7F9
2649	2309815	E5C74AE3C9B83D65A4E77B877F8F5AA145DE4A7A1B83CD108FE2B5C0A17B7B5E
2650	2310092	F3B347130B661F14EC1F825A150F8BD41E963B5F1B9BF1C70AED70121156A101
2651	2312017	BE97E598FB0EA226A4ACEB888AC69F4FC7A18C2C1F0E351F5F37D25C0E96D905
2652	2313293	B80EEB5B38A497FB99848FB01D2F58059664DB4D8A5EFB7E38BECEAD9DC571B9
2653	2313393	79752A425B5484157A1D56B7BEB892218468F02A8476A4CB19E3B81FFCCE7113
2654	2313395	BB73BC59133C61329194A5391E3CAB3BDE088EB772F23E3BAA97E58BB9362A57
2655	2313433	7DAC972D243BA8A258F976BD38832AA2E80738CC39B59041161F7021A89D0A11
2656	2314109	C67EAAC8D6F1199F66D630BE8337531E5B18CB28EF38A24DECEA3CC13BDB43B0
2657	2314111	F4101CFADD7F0B7EBE52DF344FACA730FD874086119567A458192E285342DE3D
2658	2314257	C556F29FD47018A16E57AD0E4990ADA564A57278312BE0C63418F5738E360987
2659	2314259	CF99BE0AEDB97CD06D98B04D94E922505642C9F9E957A11669C2635D62D4C1F8
2660	2314859	4C87682E0226533374A712AF033363E2C7E8810A672A098B8A472C412467D3E6
2661	2315637	4E3B396F7B66A99B0A7A5075A02D14F1123E4DBD878563C567EB379372120C83
2662	2315639	7D39B085530FC02AD59ECFA88794EE4C00CAA3E92BB22E2FFE745A34E9970532
2663	2316289	3F379875D481B74A75A8535D42664436C354672A33B4B350EF1A6EE290F6D8AF
2664	2317390	66C566AE3EDCBA024BDA950C26821669ED936E571063FCA7E8F196C9A29E166C
2665	2318101	5CA1BA17834D6067B719716B951E76CA526997166D61DBA4512CD2F75C7D638D
2666	2320504	235A811DD04A2132B1250556CD8B04B597A4107B2D0D70A2A2F95EEEF9121E09
2667	2322214	06705888C2D4A5C79689FEDFE32266670869D1CFD67C9CC18FEF864D6EDD8AEC
2668	2322644	BED821FBA573637EB79449C596FC31B58867438F141BBBD9FCCE035B5D3D2F90
2669	2324241	1149674A07E347C399A8AD045C87637FDCF63EECBF1A1C1B24A9CC4EED4E6972
2670	2324259	D126D104C00E19610BC0212BE67BDAB1CB21F59DD48299DEB0C0589A2FE60EC8
2671	2326115	35199C9F3E4CE63E1BC2FD77262017D3DFA3775F7325D998997A750AC5CD50CA
2672	2327447	D349D6EEF14EBF69A4CA9865EEA88659709EF207CE521F28B395E507F3B9B0C9
2673	2327479	AE15C707F4BAD57B6155E2B2FA7CB0BD44916B295FD0F300F06A6185DC032443
2674	2328773	2492D52B75D9F16E402DA55803248D996E836C96AAA236C3CA4E0CB4DF8F319E
2675	2336319	D4587FF9B9B11660FCECD1EF3ED4DA936ACE1A65413DABD65F628BD9FDD22EE7
2676	2337261	FBCD6BA831CD3954267F1DFE1421AE38DC00702629829D7E65F9ECB95F530C35
2677	2337694	BE57ED183CB4150D6EF20D0A54D35586FE4A3AF1A98AEDF42C3A29236B52D776
2678	2337727	EFBE44C6D4678EAFBD17EE404ABD6AD50027EABE35B91DF3CC29F6E6CD9CD39D
2679	2338874	29620868581FF733692B6DF36A3CCE88E965371997CDE2753A59EC87BA2E42ED
2680	2339369	C245489EE0FEBCD477B3A8DDED2785C9E10ED45EF0FCCEED6262446CC276025D
2681	2339899	89EE947E44700A127D811DDBA34E72C95DA64661DC7CA64AA06BC8130B4BB43A
2682	2340636	66DED47D97C134C23143F7109B268996022E27FFB6D10C154B090432A6BDD34B
2683	2340775	1A2C570037EE6E775D26175D968A515B0578D94DE0AA75423875EC4788708A0B
2684	2341474	5BE1B038527630EF3A9FD57633CC650E62E7E6CFB06C0D69C203F16BFA41BB0E
2685	2341809	36B0E84C38488373E80B3B5BE4CD67F94F61A21D6785D09AFC5E78A729D34129
2686	2345544	ACE8325249D2F8EA80C708769D9E5E97593C216736563D579A79A7BD50C94531
2687	2351496	8A5EDB07FD4B061F0411E987BD76AA783E01543C166014E6D4CF4FB4AA69BE87
2688	2351610	3867BB82C4904D79BDFBC93B56B011101A117F5038933CA0BB0C6A61941E85EA
2689	2352196	079215A123D876D6C81297A9F396B51FE60289EBC75B58424B4E561CE8405F3F
2690	2352408	5E9E3A13E1322F2677E935282ACFF955F8ECF48EF9EFC7F4E547E11C1C4EE22B
2691	2354222	5BBBBA0648459420C28773AAB58B053B179F24808E0786C5722A051D2CAA20FA
2692	2354225	98A0BB0B8AE5111FD357BCFB4DBE09890C8806929E5F60D5DFC117B1C98BC9C9
2693	2356246	5F1C1E6195B3C620ED83E19B5F78057A92FFCBE7DBB73070068EE0D53CECDB0D
2694	2358480	F95082C9D3A1F639E8F6B423ADFDBF2CCA4F4880EA7FEED559E986CD1FAC3458
2695	2358505	66206BB97D13A217100E2CE054C12DD4F05BFB4D45CDA1D9719A8A81F650FE8C
2696	2358689	FD22292BB416CCF784E55A54639717B03877EA6DFEB856A48C889E39F94F5B5B
2697	2359751	D9119AE89E98884A02AA6927F1D398B7B51CA4C0BA1DCBD9C448BF89664F5CBB
2698	2359783	D0FDEA60F125C5E3EE4D63B306BFF4E3A2D3BBC60D6F762A6D848EE9D179FE43
2699	2361271	6C907D471C37193694578D85A40461917E1FB39F26110907978D3FD8E59AF577
2700	2361623	1DB87A857F13CD0B5EDA10B6D2A2635BE0AC5CD3CC7B9EBAFABC15C60753B138
2701	2362803	DF4DFC23ADF924051B20A57CA99F509316EE461A831D430DD0214E8C7C544B2F
2702	2364382	74F137DA444F664E17983CBC02FE01A221DE5FC44E322554A5322DCF924C260B
2703	2369810	7051CB049D0F9592E8A901168AD375AE936B6F251E48F532A7A9A665C05DB927
2704	2371828	307C6CB736391FB67230535A21738F14FEF00DDA07CA4BB7E0691A141805D45B
2705	2378369	CAB7E7012AFA8D65CCC7E72222521A7C4CFDC8BCEC8F8B272155E539BD7FDDFE
2706	2384089	51637956268D1DCDA8FFD86BE83EE2B42823126628C7B0C1163323BD753883A9
2707	2385370	C5B5D7FB9840EDA1F33A2C7AE7BD5EB5589618DFEEC9988C21D58B1237E45656
2708	2387847	A10DDBA0454C307750F4D93E872EECB624A29091F7D62306EFF9673B4AFBE738
2709	2390659	B39B32EAABD23EC63CD8191D95BF5DC3C116FF729C5B589CC746C4EAC0E18A6D
2710	2394553	8FABF1E815BDDCB385A96DA134E355E8BF4DABEC9CB7B8B3A10789867A7BD777
2711	2397915	74E97AFF2DAC31219399AC46576A064C6A01AE09A6E567F1372549224E89D865
2712	2398130	8E90CA7BF243658A114052B42F6E392EA279735AB3E53062EA2717335998AA83
2713	2398131	C76AC54620611C6E2AB6D05C58327B9386733E7621B03915A37579FBED868F3C
2714	2398312	D1AD1210CB53626862E7A4D69C090F71368E00607E1AB99C26D93DD0163246A1
2715	2398342	AC54FF8088D8C24CCB0F5DAF6BB95FCFF843DC9BEA3D5B6C22F4A54BD86F6D84
2716	2398343	B3AD27CA0A56F229A0DDA89EFF2FDE6F33B765D7736AA41F57E3D8238F7894ED
2717	2398545	7E079FDBFC9F5CA44507C2E4667A79E100169F520C56CFF26C4666C20F3B24D8
2718	2398556	01D1510EDCE9FDBC3671E101753B363320252304ED4B7DF1EB496B4A4370DB2B
2719	2398557	7847AC96ED8218E7DC867856FF1A7C03C6BAFA55ED92A5E4F23610170EC6BDAC
2720	2398657	8AC7F06CB7044821CD4AB83D204F1D2F8CDC1BDB30B85B157B3C228E73196FF8
2721	2398852	F11C8AB6098F857142FA4BB62198C7375B6BF537982891B031E0CAE304398F54
2722	2399408	AC6FF5F5F4D565475AB55419D56E65CD363356EB0E4D6349B784FBB15EA2A1CE
2723	2399766	D216B38C8B17BEDC537AFCB11115A20AD4034739041508A61F72C8380BB0FCC1
2724	2400135	22AEB8810891FF5383DB2AB858005B4CF3A52B8EEB444B97A9443C6A36ED82DE
2725	2400301	C55445E044C5B9315FDFBE3647F879D7BCFE5CEFB662CA1B0C864E29641705CF
2726	2400946	A902FC7B3A14F5E1687F8454DEDD589147A1F3966C00F3AE26E907E6F623097F
2727	2401295	85B2250EDF79CC429B8AFE20689A543FA6561E782414BF17996C4A772D903A2F
2728	2401347	5153FC32A8885A0682AD7F0F6833D4ABA1DB8AC8F7AC6300A8BD006E024C9B2F
2729	2401717	4BC0562C3B4AE8812AFE1AE5BBBCFF2224D6A6B3CF07140AE67FDD9A6EE1C133
2730	2401991	906168DC3D8F78D11F43028605C00EAC506BBEF02470EE558EBB4A7128261305
2731	2404679	1AD7807F61AE46571935B57B119F12DD42C37DB51742F4954E17E8F8878F2022
2732	2404817	714A5C17EA1A6B41774BAFEBEF471F768EEA3BDF7E703D487D28552C81D310FA
2733	2406217	B757C71289819F231F7E05D38133A1EF9EC18A4128940411B1026BDC8ED7E23A
2734	2406277	BE868ACA227E5F8E87EC0516198B6E0B086C6F73DA14F629CABEBC2CCBB2CFC7
2735	2406305	F3FF71E6DB688844DCA0BA168BF4D6BCD95DA671769F1D7CF274087C6CA8B033
2736	2406319	255A2B472CA36B1041E7A26C4C8FA0843732B01C76241A3A7F132113DF426FCE
2737	2406325	324752AEE85045B9340DC9ACB3DFE461913DD4B7F3B69AE127776C4661375CC9
2738	2406999	5A6CBEE669663611E477756AF3DB441834B16F8666B8295CF5BA4E28357A08E2
2739	2407033	ADD5EF820DF46A73FDC00719D673B633D1F4CC93E8FF24B64CA16190B78B401F
2740	2407109	3CA05898A658B86CEB6A2622F581C4A9BFB919BAD4F050742718615B3D0D6F43
2741	2407219	7686639948B4BBD7A567DE07ED605A4CFEC9BB8D4096BF2C371EF6F55445A572
2742	2407527	E55F76B7577DAAD3E36BAAEDB0847F7419B5A1E65418FD2B829E8BA0C90BF840
2743	2408503	54B139C43CBE257DB83407700011308D96BF1A7765A3B0A78BFF13852A1B5284
2744	2408949	3020EB60B2B98B40657A059BEB2F53010D28968BEF69B07BB7FDF2ED4E6C428E
2745	2411189	760EA40577B1046EC6A4F26EA3D19E5070A4BF851D58D7C4E8FB638B2D8FF43B
2746	2413604	1EB1E7704084FE8925814EC6EC70E0B9ED045C717D37F2425C6DF1945982FBE4
2747	2414036	F058DA10F6164EF77568A3AAE7A61AADB8E60DE1DAD10BA19939ABDFE6A20BE3
2748	2414740	7BDCE85E237D8D77A7EA45D67F72E5A8E9EBAE920689E8A0B75E32D158B1C9D9
2749	2414888	A134613E66146C2AD99B8D2205FF90CD58D6CB17DE0EE4456E5CD956C6E779A2
2750	2415852	3CE8A774C3D19AA899EDF0903874C5A11698C6CBAABCF9DDB7304CD67CFEDAE5
2751	2415940	89B0DE7E2BCFA06D98B79E681ACEF68B24B85DCA47F4A7BF0A567E324A6C38D2
2752	2417306	C32BF456D563D78AB08B8F422347977190DC37110D64AA7A806E760C6A2120EC
2753	2417462	1178F8BE31AC04FEBE648F08B44C3FE7EEEA6F650C96923DBEF9B94DCCF5BDA3
2754	2419151	384FEBCC7F82EBFE14FDCFB6F80DB35A479D2DAC3C26F5D8CAF5D6A29FE29646
2755	2423955	CF15A4595FBE6B74DE606F2915EFC8390F2F27EC9BEE561EF81C4B385F536883
2756	2424215	0700633C6AAE4CC1A40ADF900F26C77353E5775DCADD24AA71BAEF1742109640
2757	2429272	481DD8F0CE538C76A27995CF4B8D6BD38A44D912EF69DA026A2BE16B2351DF82
2758	2429330	D6014282B9BE0BB4E0B038A08B7BA968EB6BF4D4004DB6549211E3E34BBA2096
2759	2430116	BE4A65F2B33470D019C336B5B487539BF518EB224A52CAE14DC0317E93A24D1B
2760	2430220	1259FC8118631CA54D77B90D9424214EB27ED498B589877C083841900F8D16C5
2761	2430368	0CE127D912557DD8A480C43C8D73388993A0CF0E649A97E33266C89FCC0D7C49
2762	2432261	1B5CC42DEB209FF024E4A88404C5BFF10A9BDC9BD4D9A6E478D23D080B3EB842
2763	2432598	F6B56276BB562B51A779ECE4A32A69BBCC44F3410FD489302B2BB70141F75987
2764	2432607	2FDF8F5031C65160AC99C29DB7D1FE03CDFF082E77CE7EDC3D58622CD540A475
2765	2432796	8ABDE6F5B549E851446703BB081888DED508457152C74A461498B209DC2F4815
2766	2433271	FE2B422FF0DE86B93585DAF7B45D6844AB7F3D36C37F12509FF52DD2CC21415E
2767	2437177	4DA5477939F354CFF0A9BD5A2B138814A34DCD26E1C9F8B9997FC97E912031D9
2768	2443518	9750555E576406E1CE6692D3E9A6E508D7090DCB6D7C77DC1CD0F749CEDD9AE4
2769	2444355	8988CBBB436F66871B17D0A388F87480A2E6A20504ECD8BBEDF8E8E27CC3FF72
2770	2444987	5CA1E9B79BA42E6447711E85B38E86CBE16304DF963F40810A6276B9EFF63952
2771	2445293	B94C1B92AE03F46CC61C9EC763A8CFF0D843CE1EE914B0EE42590666C6E91B89
2772	2445596	BEF02F0662248E14C6357C4DE31D60100A06954FBABDD45FB16F6D0CA507FDB6
2773	2445700	BF9055F1EE99FC464C13DF7C2CE1CD44047F348212543270FF1D49B91BA9269E
2774	2447024	CBBEADD5254079DAB17032247E91E07AD2CCCD5B9D1FE884CD9D7C0623C6A999
2775	2447589	6B88A57F154AD4363FFC43A720AC65C1F989E3FE0C691B16F2EA459EF1627E82
2776	2448215	6BDD89FC825869281D7C87775C94ADA2446A359B7DFADEEE131FE7986270CFE7
2777	2448431	5BA4B6538E63B77B4B2ECC9B03D63007C84D1D26B853B131EDB4611632DEAF6E
2778	2448800	FA645C8F7C18B40E19DA398201EC8D0D391BB3229226857ABE58E9526C58479A
2779	2449016	FD7A2D905DB93C6CC7F8B8C57449AAF7B3900DDD40D4A64E614A9D5D9F7C04E5
2780	2449937	27622B5245295F06CBB08A468F6B28248AD7C435047CE05CA9A861F365D4E126
2781	2451257	40E0A23F173703144001FCC82A10E4A9AFDDB1026D89ADAD9F968769E96A7DF4
2782	2451450	FAA11FF6BF1A6AF83D531F2D2373FFE26FE8B825EB50B4ECAEC2E89FA0A27B9B
2783	2453719	5EF40065AA3F8A718E6C53B105F1F4C1B7E1966A5F4B625ED974DA3E8043FB44
2784	2455603	E47E2C173BEA1C56F3B6C30553B8AB6DDF38FDCD8F121236AF2DAF926BF636D1
2785	2461664	242F961D237D0D7E25B7F0962191AC7892F587754B26BE46355D9FF9F3CE279B
2786	2467066	B8845BE01316C67DF935C37F1F0BCAD9687B9C993169C6829204DB704ED35232
2787	2476886	8E4BDAE74747B3DDD4F8CC4A3412CB815C1795C9924860A3C57C10C4AEF1378C
2788	2478399	C5831E1F590572C63DE718109210FB66B67A7A52EA78469512FC0E552B43D4BB
2789	2480709	CEB709865155B04CBD59103D50B5B464D92A2EC34C90187A478DA5001D3F32F5
2790	2486131	F3C7E6B99E7A03CE48B6435779426B018BEC98005A64365E4D4B75A2E32B4F6A
2791	2486136	0E501CCC0C0A28233A22D054AA0555D69D89A5CC85F4C028A67464415E65A883
2792	2496973	7FF74EC539EC2A86C45C21D84B8CC9FE275E15B1A7C590083E369A2D34849FCE
2793	2497038	4A51817E3D74B923ED71456CA3E40C276469A626C530DB6CE6AE1DB70FABB631
2794	2497099	33060D23BDFE1EE147179C38E2EA0D7E49B78F480DCFCE76DEFB8E587DED516C
2795	2498017	E1909D56A6405A35C86564E671E8F86D15A4895115AA7451910D8979532C3E44
2796	2503215	04E742067027FCD3746AE7997529306A8C7660BB8B792A03B255BC7892EF82B6
2797	2524706	C93610FEB72E5296BCC0932CCBC52121BF2C3C516D34F5F5E70C97CCC0833168
2798	2524707	D7FC0856A5A85C7BB0D98C1D3B994F5C49D47BF19CE932321C3138372EDEC7C5
2799	2525461	14624D13ACE54E6BBD0A338CECC7C05DAAC630CD1EA0AE340E97BEEDC1BE0115
2800	2525462	8475A1640D5D061BFDE9DD516961BF82D0E37A6B90222821B7768C34481D954F
2801	2525463	02F184BFC59717DDFE2A246113C04F49F669F69039B35B3B54BCC31842DBF891
2802	2525464	DA74F781D2F14F9A4F6DB762A99F7C5458F66C9A4564478FEDBF786DAEC38885
2803	2525591	B2050D5BD029B2F8D13D7C06618D2E347B71B88586BAC42E57D5D30CAF792C59
2804	2525892	1AE232F1B9C59598BA854F4ABEC91C642A7256A11B3B5201A98A1F28F1AA322E
2805	2526199	B4ACB73BB7A1B461DD31E3FB68B6DF8954580E2F1EE08A99D6034E3AA032E4CA
2806	2526361	6E2110ACA9B82F8041A0F4EDF080B22984F8B6D10A4F4AF18538409798B570E7
2807	2526558	AAE681DD96DE7A705DB3667E798B4C9FC7A5D791DB974D16EB686B183C2846CD
2808	2526581	9315BBFD5F6A3D503F30EA03C1DD286B46495AA6B6956777467340ADC9BCF574
2809	2526730	7F206ADE98B934416F9AC45A4E7723F636C0AC953F9A7507B94E94D3B3FB1F81
2810	2526917	DEE7298268739F881B91183BC4F779D761AE067AFF958610D9694B8862BAC8A8
2811	2530221	ED0FC8443704F772CC88D84F8B10B47914B416EE6E4AC7AAA7B63CD7AD140966
2812	2530223	3BAF80D1DED23014290FC9674425A85BDCB9E1E5F31F52A358C1F22507AF53DC
2813	2530233	843C2988F2B9BCED187ABAF8191B9E89833BBA809CCCA993C4FD7A0CC35CF699
2814	2530235	716CF6969D0A104F71FAB429E29562755ABEE433224334A13DFFC38EA4ADE4AD
2815	2531375	EC7FA3EB9411774AE6475E4C0216E8D776A3938CBF79848FD4F8D3AAC2894353
2816	2532552	D782171558EA0008F7BB12A25DE03A88433C72C064AC3607B4E6CF2EF082CC89
2817	2534907	67515C12020752477FABE5FF108F5EE3222657E56081BE707F59D11317AD5596
2818	2534912	41FD83B088FA6E0DB0ADFCBEF72F3FB093A0518D305C54321BB295F61F2FAD3A
2819	2535661	0B9D8F31BACB6B03447668927E975B2E093820F507F9FB56E62F852EE996082B
2820	2536092	C841B9A28D6E9BDF891274EB1855E3D8097ACEED3024F79732E042BF2E64CD6F
2821	2536399	5D5D500B898D0F8E37E2EA2FAB65DF0EFD1BC6E455F84C9B3581F89875C93600
2822	2536561	FBB21F0F61CAB8CB74ECE9C0B78779350CFF340A199C2D33F30354F7EE86A59A
2823	2536758	4B78C14EA5AC88934CCE45BE6A34561C13C8D891A24E1ACD01828D6CFEF5A27E
2824	2536781	3B560BD764361C997B402C41945F16302B82F4A78253A2943F60C3784E97757C
2825	2536930	680D88522A70B0933711BEF1CB71C1BAC8D5DE02D24A99CD9C4DC257582B79CD
2826	2537117	6B2AFED48FF883C3D0CD05D711CDBD217B4261C31B18288B455E88102216CA6E
2827	2537745	B32090D05AAC912A0F4BF2ED1E1FBFE1F4BC481F243D8457FDC3FFB3962D3128
2828	2537990	15C8BA0918363BA6CA04ADDACC5B2C0B3FA59938BFA25CE68E66089570F1D915
2829	2538631	7C5E569DD448D67C92CCF87A991050767829282251CA8BBA433873B7EA12E99E
2830	2538769	8DAF481675A6693F23FD931666F61A53B4DB4E0CD72C6F59DB44D67141A6A88E
2831	2540421	34777ACADE8AA884BCC23024C6BB861CD2B654BF44F93413716CDB7CBB9DF359
2832	2540423	860F4A80E363E2B5C88F880CFFACAE60156EDD593976322D7317643CBBD0EFFF
2833	2540433	6AFF7180C6345E6196D2980217E7EDAF200042360C4D9F04D5B48FAD08AC4B51
2834	2540435	E65D9B91DAB767D64B86DFAAE8122123C8A4CC314AC8450C8C0B391AF76C200C
2835	2540888	442EBE0B748A81FD6741AC1EF100443CD339328B72B05B9EEDDB228B44BF0583
2836	2541146	16F76612C04C3E40D9E3A602C4EC52CD60CED876263544530C2E855DAB1BA3D8
2837	2541284	76D5C5C92E169C7195110E22C7148A6E37E8B55EB4357C93893CE1580BD5AEAF
2838	2542382	A5EF9AA46DD4458181554701C0E390372A2DA173DDFE259F457CDB1D7B241593
2839	2542917	C2336BC0EEF39731EEEADEB43E978DA89A06A2D121EEAB32F29312136CD80C19
2840	2545861	251C263B120201684B88C66619DBD6DD90B1B10E3431C3B971C2D7958BCCB13B
2841	2546761	4F42B1406AFBD954A50A45413D923BB25D32C69CD569235CC18A51F5010052AC
2842	2546981	5E82CE5B297E06699D30740CEF4879C1D219E2F26B237BC7E3DA81A82C1478A9
2843	2547130	B3412E44BF1BFE36BCA87EDE72FC09B2BD5EDA9627801EF0AA769CB6AE47B8E4
2844	2548190	CA839D52774E5BD4696345A4315538383ED8FF4724C015A53D280A070C25ABE8
2845	2552952	18CF63DD3FB55F4B210052B9A83E376FAF3273F53747023A209212C20103C4B5
2846	2555312	A70EC4B2E1D4A0CA039001C4DCB7C5AEB4BB284D681D5E20C584E2DBAE66A34D
2847	2556492	B48AFF848D740702EC84B77469EDEB75D99D75D3FB24C3327BD1297FED4A064C
2848	2556799	969AB3C6CDC70E029ACF0C37E3A56ABFCAA5E3D70E4D43F6BA3D232455FECEE4
2849	2556961	C660A445E063A8A9C3D2CF6C883EA46330F1D4B1884135D3BA1BC3698D9AC773
2850	2557158	5199C9CCEC6888F0AE619FFC9B5911C3F076D3CF4E77ABBF8156C1DA867D7973
2851	2557181	7233A3A7C2CF61A3EDCA39C3266374D59879542D30D15880B1CFFAC2635C65B0
2852	2557330	33AA6DE1149DF802CDDBD46B85F2397588A31E1D36091E00E5F3AA109CBD327B
2853	2557517	7D8E022B2C2A1052FBBE72640AB9C0215BE6EFD0EE6450EBC94449AA02768D6E
2854	2558145	7E4D27E2ABDF0FFBE9ABF72BB4C24022068C4E42E91B328F85560921AD012C3D
2855	2558147	2A4F34C8D235B8D7D2201D2EB9AC5AC50C82B6329D042F0E736BAB080315382B
2856	2558390	8459D1E96B04062F4406B98E20E9AE723DD5BF8B49F88FC663DFF852981F91E6
2857	2560821	78F446714C5883A77EF8AC8EBD0A8FCAEDA6C412414EA74F04F278734877D298
2858	2560823	BA5371AADF91D1FE0E0AB39DF234FD7853B13B32BF5CD77C6A9584328FB5D81F
2859	2560833	39107BD8AF40E41A15E6CFDD509BA792442029B5E3DBDC752B707DD2843589A5
2860	2560835	328DB33EB17F80AA5696C9B0EEE7B6390CC32BF3D1FCC0F8906E6BCF163CBE13
2861	2561288	F84251AC791FE7E98E057189CAD3C15CFE0857DC4ADFC4F81B39D034881D954F
2862	2561357	9D5F07CC11FE7E570B6AD961031B3B1FEC7A0A072565CFC9CEFF3444ECE43B53
2863	2563022	2874D3BC710AB57973EC58704EF98FBA84A104AEB97DC11FBD5CFE1E4F58A015
2864	2565511	710DE7671FB23414234C35C12AADA35DBBE839BED72D4D683C07AE03C056A075
2865	2566999	5FE706E46C3003CBA1FA78828001085CAD28C73B830BE3D4535C9E9918BECAC7
2866	2567381	5EBBCE8FBD9C2B32BDBF358EDF55016901A402592A87C2218B32C06785429AEF
2867	2567530	2610DE13421B1B2C3C048EDD180366E31722346C70201A458313B8027D6E17BB
2868	2567717	1E41BCF4046D143BFD5DFCD400C6C9DEF8B1BA52887E234D6CD4336A03DD10D6
2869	2568590	2DF1EA13B03EECD379AD0CDEA311CA3D26B56B3F118171EA5C492D2BBF8DF410
2870	2571033	D801D894DEC32445613537C78FE4D2660335959F505F39073700E585AE4FE10B
2871	2571396	A36CA825887BA9715CE93A61CFCFB5CB27D833F91C50CCBAD17607068736958D
2872	2576892	2E73A842ED7D5544D724D9FC81CD88C7BEDA527613FBA2F306A4F49CC9B45DB6
2873	2577581	D467A22D591196FEC4DDADD7BB0FE8FA7A9EF1A9E4943AC91C0C7065039D1FEB
2874	2577730	8A56465B81F5463E3F8DE7C35646805EE4EB839A1B0D5DE4DCECD04AE4F307DB
2875	2578021	D15B8863CE7C58961EE6135C856D7EA61EABDFC18D2E5CBF2A49F24C9971A49B
2876	2578790	D9A91943ED212F72402BCAE0D3E0ADB9FF9D30D26A93F4476C03807DA609EBB1
2877	2579997	9D41BA98DABE8CB174860AF63CA1637C9E42C7B1BEA20638EB6A058F366919D8
2878	2581223	22FCD5E4EB7395AC20F162AD67ECFC889A2F8ADCE41BA669CCAC199DCD0D87CB
2879	2581946	DEF28A54A595C4FFAE1D012FF22225D0CEC2F0760BA20AEAC47D0D2744D27C15
2880	2582801	45C19071D8AB5CB89D62045F20167C6327C8E057B1A9F256D2E76788795AFEBB
2881	2587212	CC02DE55B45267D74E4E949581CB098D43A4704011869EE56EBECF17C86AB13A
2882	2587321	0D65976E892BEE63B602729D14A6E33BC8CCA6867E8E7C561E0B7119B04C1C31
2883	2587633	FA53692CC4259B7FE3AC823B53547FFDDCA485F941EFBF2F4C0DA8155009F9C3
2884	2587705	ADE118135902E4A493FCB25B5BE9F40AEAC87B6F86BE907D8DA8FEB974EA3CD7
2885	2587782	3BAD02063467F7F602962D2D369F0533C95F512A48D92EAAADB13452C31855B4
2886	2587810	CE112203BE48B90F8FF553D4929779B7F98F6AE0D3D1FE829A6A92C345314337
2887	2588602	4282388D63FED1761B54BF4305A276346838032CE4F27A2959B5F9E3B90EDCEC
2888	2591457	BF60A9F1EE619F4CAD42A236FE0BCA2C988E73B5482FCE6A4F261A4530A39AA8
2889	2591459	D0349819AA8EFA71C2337CF864E1AE4C3B810F3513502CB1BEA701B122BAC4E6
2890	2591485	19451D627AA92A1DF2D2B7E07C292A82D769779CC1A0E9B569F44871A5C36F7D
2891	2591487	46C7575CB38A5069521E9F2A66064103C9E935F0180A3A928DD34CA3EC568B88
2892	2592670	F0A76E59E6A4D6B6A33B37A56F2F0BC0C83AF6F351F149BC2429615DD9A045DB
2893	2597412	DB3B266124D9FAC48FED1948B0AC3CF51B88DEB03A13951CD98BF86CC2F0772A
2894	2597521	3EE28CEF63AC31C8B459A9BA23FA0C976C5909248799A0C69D71512483FF5518
2895	2597833	31DF508F4DCCCF1B9B0F97F66F7980709F8A63352E640251C72EE703282C5B47
2896	2597905	7767E315E9005EF6F8AB4E9257F9A41F9E855C8726BBCCF2D289F3E61FB21DF8
2897	2598010	D57806F5E9330536EB1B373DE445524E4C8E800E63E36F6EA26E27B3C26E3955
2898	2598318	438AC4B194A61A3E290960616D172A8259D875CA4E7C04ED7BA3702DBA36D753
2899	2598802	E1D0E0B21F17C945AAED5B645B8529E8E9B126B27E140FD26B02E0236520CEFF
2900	2599603	ACA261E5096800ACC8FD8A111DB55074F218C70A76FF1203E5F57C6F4BC00EC3
2901	2601657	06B8F45494DEEF606EF3F2780FC7419D14FEADCE1C49E4609DF98D084D6DA834
2902	2601659	469623139F1BAC6FEA4A2F3C16818B41B33AE1126ED790D01889496D5B6BF29B
2903	2601685	820992C9E2A13EEC39693CB0AD95DCBC07EED96CB9C2C1295636A880B6DA9479
2904	2601687	883A6717A73EDA3F2C7DBA879521AC05022AF65C3E9A0B98A39069CD3C17246E
2905	2602870	7F28A569C41C2E6A6C41631B75C38E1D515B9672C022202F7BDEFA99517F7E80
2906	2606632	0DCFA720745255EE2B3D7BF10D1DFCB735780B8803FC8035014693B57259EB58
2907	2607216	0214E26D9337B784357A24EE3A67A766D08AD67549C73DDADD4C788E2EBDB0DA
2908	2607612	720DDB6AFBE4B264EEDA43E55DB2EB7CC9BCB33F47F0AC9079DF1783162584AA
2909	2608182	09ED17A9C14779C9FBAAF0BAA2D3C75866548BA5B0FCBD987FDC8BDF45ACF379
2910	2608210	9FE8B3DFCA7FACBE136940494AF66375472281BFFEEDF24BCC6AB09F0FB51A06
2911	2611885	E570026737462FFFE05A70AFD9EA67FD6442B097ECC92038CBB9DC647D1EFB5D
2912	2612326	333A32C4BF306894E78EACEEC55EA249429BFC0D0D1547929645C7D7400E7F63
2913	2612395	08C24F5CB63EF43ED486F3EAD7B9D9E65E0D09886EA34361DBC6F631C16F77B1
2914	2612534	D457F8B42AB3F53B8A79FA9F881CEFBE7B1AADAFD60FE01F0251A2555696DFFA
2915	2615977	A6EC92297CD6A5C91C6A5B06B257AF0D9CEF711A99E088E798A7E9636EEE2150
2916	2617812	34E846D6D4D3761DC63C3AEDFF93C639A9FF6DBD364ACFDA2AEE4D512D8DAFE7
2917	2617921	C7991F26CFFAABFEC7F5D0B3C81EF3A90D01720FFE84CA548C8EC32EB167F4F4
2918	2618233	73966617FB43D94696E408D8E7275D6C59E394B174C58C6229FE7FB776A06FA9
2919	2618305	7B022A9284F080AF9CCBB6F50223CECAED5854646AB2B2286B74D525CBDDAC8C
2920	2618382	6C4CA2A770F6ACE94396FECF21833EC3643D51F84F3CE5827CD1D2CCEC2E07D4
2921	2618718	6ACCB6A2FCDEAE9F67618344F1C936BB1B1A01ACCB356CDA1241B1DA97C221B8
2922	2619202	5020691AF7FFE726AC74A56B82EAE88E61F3E756EDE593E6E58AB35DB57137AA
2923	2622057	0CC18EF16452FD265E519955EC19C0550A29DB177EC445F52562EB48B5576B18
2924	2622059	20E4B421C67DE7C963D685AA304D60F1285ADF64C1DC69C03E476D9058842BF3
2925	2622085	3D6C2C03E9867F5743AA0B32467197855F4B6DECBF77836C0717462B548ADA29
2926	2622087	5960C28DDFD7C8D75B13C60DAEB23D1C8BC649DF232C9DE6704AC14E664DC8A8
2927	2624196	774BB651A5D77D65F714637AF52EDB1101A3EBB2211860AFC098F680A07902F0
2928	2626969	0EBB738793F936A3A2737C600756090D10ED59DDA424BC2DE6645724646175DD
2929	2626970	AC43F52D3B9DCEB358D5118FA867737FDF3111E2B391FCAE8D32BC200BAAAEA6
2930	2627616	6AD64EBED13AF918D1322D67A183A4DA4FC323E1454524311BE18BF7BD4A1004
2931	2628582	D0BEBC0080305C5F65EBC02ABB18B60D79689C0E07891274FA6110C76889A925
2932	2628610	DC68E24329C208B6CDFA74995B9DA1B2F7AE224B6EFB0BB64D811F0198ADA200
2933	2628918	822D857EF73F43DA2B1FEA9EBAC4C619860F194E873ADBBCF23D38059E9DC827
2934	2629402	AB47CF68121E80F7139AC93DFBEF4806962573DB2DB999CDEAF9710FCF3AA975
2935	2630815	295E31C521A446A897E9A07ED729C536EA4419AB8E51C0506915DCD56415FA12
2936	2632934	D3B20805D0BCE1BC4F1241A363E8DA8AC360EA6488AD4D8F9FD56305CFFCC4D8
2937	2634285	05DC4607AEE318EB1A3B8476D6D3EA6FE4B9FDA6CF0C283BAB651A7C4610FDCC
2938	2637169	D57FD4CE05594B57A78300F7D19376FEC86EA52E6E467F8BFF3BCF0E4241F992
2939	2637232	4E113F8DDBAA6C2984B18A27A36DB0C0900363DAB8843E1DB3068B1AC1049542
2940	2638212	A9EBC132B2A1D5D1291B55574CAF670F88AE8FFCF69B987B20C1702C0B9FD0B6
2941	2638810	6C8854E0CFDD0BFD6B8C91E599409CE85B319E325D7AD06411EC8FA8AA99200D
2942	2639118	B2E204C09484E153A981C8DC9E8B6F9C36905314A077DADF3DD4927460324492
2943	2643670	8A36067D29D4020BE6E82FD90D2175B12FD1DB8BD29569237D80C3D8636D68F8
2944	2646885	F6DC83F8E5865FE1152D5295D1B33B691BBFA2096D7D391B52891E8ACD774289
2945	2647495	3319FC86746F8968B969F1828CF0499F09C60BDD4D7C054399464F68D3D42E2C
2946	2647620	E01FC0E1BA693ADCDC0F02F916991373D0BFD9F72A758D0C79887CF2D1BCA7D5
2947	2647798	BB564ED8033DCB4F269C40E0BB34C117FD6D4B849C685C51188B076C2149F000
2948	2647829	9ECBDB9F8EC15653BF8C74599A18C25B1E7AC255CB6A228BC540BA1AC4DE7DB0
2949	2647899	8CD4343C1A54EDC5724F61E67904A9CE541A5AD6709606A1734E12AF9AEF7C45
2950	2647927	22F72CDB19B8F9EA81444C1F2DB6E0B272A3FEC9D2CE933BD5FE9954DEF2011B
2951	2648243	42B6BCCFD45CDA8E6D2A36BB134C4B4B5935B7D811F62720F60C162454EA7856
2952	2648245	80CE1F45299E433EC914E35AB577FBC4F4761BD7D2DFA11B6850BB0AAE7941AE
2953	2648342	2CCFC0D49C2D8B725936D6F1AC334526291B3EF42AFD856654014AFCAEC2E073
2954	2648351	0DAE61B55FA8E1F9CB9C25A38AF0272986F8B5F247D096C9306483E7BB8FAE01
2955	2648631	54C25962F1327100D93F261BE219D6356F8F3203167D8E1127DC10574CB688DC
2956	2648882	540A3314C0E38DB0CAA29D0498FCE40FA380E838B2486390B41CB257EB0FAC86
2957	2649609	E87CED1419EB0F461D8B9AC28822EC4FDDCA0689BB76D3ABF1E38AFDB16CB45F
2958	2649709	A86A4F5E6D718756795BD319CABDEDCBB6B701775A55FA82F7089FF9F5812811
2959	2650272	3E645DB9A6E5644FF52F5ADB45E4B83D7BA305168127638B98573553BD57C04D
2960	2650765	0DEE42CD3A6FB56A4E8E3B0420B39B2351493C787BEF3904D1CB5BF0009047F5
2961	2650773	DC612545080CB0EE59A13AF77B88F44F44A2A1BAB35F4DB6F854F86E7B35CCC4
2962	2650831	9C020D24EE7B414D1D79F200AC0868CCABA8FE026CC74FFE570258E33ACBF180
2963	2651348	0AE75AD4BCB771DADDF034B3A28BF0E2260F44FBD65F897859862DEAD73EC363
2964	2651357	F3FFEDB9449DF21CCA234699D750AC13C8AA2F66A492C21986A8475654259235
2965	2651460	9383BCDB736228BA1D2A47AB3F4BBAA3CE432283A1B54E57DF2F1A7CF8DF9020
2966	2652081	62F8778D05F5064A2914A2E52B421490359A6C783EC1D415B3FEF92593F0ED3B
2967	2652164	3384C604B360A27A35FD636ADADCD6B2EF0F96C80DB2893C89B62AE023CF2ACB
2968	2652173	0BBB2450B4FA5A6EACC932F4C4CE380C61BE052AE8E1611F641ABED621A970EB
2969	2653467	7529F2B073488E9B9395BA9B835C836F39C8DE2439C03859F39ABA989E1C6526
2970	2654375	846D523A2C0203927030EC6B398E753419A66E8C5CE7063BF3F4EDD92C88FCE2
2971	2655731	7155822009F7AB2CC29504DB1E967008F26698DCBD7175C0153961ECFB304DA8
2972	2655745	F4438B518BF7AADC90D36A82933DF43F55B9C1D06B1FE7B50153F9230D8D8646
2973	2656509	7893322ECF5A4F04B6F895D6B45D08BC98AEDAC1556FFCF3D9ABA24C04BFB4D6
2974	2656829	B2B8CA9B488FC70F09E0D6FA9A15BE6AD133D3CB2AD67516CAC6F3A448B0F6CC
2975	2656831	FFCFEB5F800F4DA02FFC86B17F821C5085DA3252B42338C0E017450F10178B8D
2976	2657877	CA85D45B5188BB2A3D5341FB3CCECF0EEE157BDE278D663919BC5DD05E087F9F
2977	2657879	437268F83D0EBF580C305AC9174E16945E373DF4814A7F79000CFA1CE8FCF037
2978	2660351	C54A3BBB03D9E7357C8906BAF3A80DB4E8EB3A9F91E1F1A62F0F02CD22124341
2979	2660545	62E45B91A48D99903A35FECE2DE2DBB91437F10F5E34FB4FFA519AC285034BB4
2980	2663379	657429666BA41BA3C9971824CED011AE40E560B3602AF19D2A2AD161072CFAD5
2981	2664173	EF035875BE7350DA4393DA6256E8A7BA2CA6EE1E979F394945B0E17F9AA20561
2982	2664182	658D198A03423947A1B49F1F4CE6D205D4B0C21CF278A2673140CD16EF389DDB
2983	2666588	514BDD8DC9BE17125864B8B13C685687B8FBD32F32D0390DD054B4CB0B34C700
2984	2666636	67C644E0CE4F9F7AA063962612C3B4F171C78A530D8F1169F0B8BFC7CFAD55B3
2985	2667041	6D4648C12E3C10B8BD09E20B763B8E313C51D5DF24AD1702D6CD633DFCB68191
2986	2677845	D211E0738E0F44359D8D304DFB7A3E27EB9D440D81C89FA5C5688EEAE7E2A5DD
2987	2678012	5AAC2C13EAA22585E5F0220A142BE41612370FE849AE89662E423E8588F88923
2988	2678579	C922C892FC4800A0FBA24E8BC28D5AA6EDA4610F9B6717E19F4C85DB0E9EDABA
2989	2679016	D0F66CC05AE3375E63EF351EFDAD57439C2260BDDFE4EE443D021C6C66E940AC
2990	2679204	D832EEF676484E845CDFCD7C746CE029E7D2E1B219347123AFEB83888BB862D0
2991	2680052	E545ACE42066CA97145DD428DE3D079A1638716F2474F62DE018304AAA6F424C
2992	2681018	E71DE675CB60C948B2BCB85D66B69E06A22DF87E06575AE52975FEC9A8CEB17F
2993	2681232	D282645316E832D88C34A19A679CBBFCF0F2935D050FC4B163BA9082A79D7A8B
2994	2682068	59A5393E5E5B800E197FA09F3F9143DE2AF163CC2A152A84242B717FC956A20B
2995	2682138	D8A7027C7D3D57E3E2524C6650BCF9998BEC886EF16E6390DF20C559CA3042F1
2996	2682793	2D76879FC610CC0049E39CBC32B2607026E03DD9969F97A54F118E48C4775327
2997	2683133	37995BA41641C6885A620BCAF46E0820CB47742EAD1EA67FA2FFEF23DA9309F2
2998	2685322	464DB8002DDC11E299011391DB3DF4E8963F39F7A495ADE8D3670FDECD046FB8
2999	2688016	F7E89A063DD27F0DA3347E4A4326C8EE45A31EB510EAE03CAEF79163CB7C3699
3000	2693936	DFBAE75C88CD4AF1829AD29517435CBFF8B8EC6A2C40B11EA069BE39B7D9C59A
3001	2694269	DD10AF1138A54271BA630E4323AD0545BC096264C47BF061959988E8A50F3AED
3002	2694337	7C6B76A66DC5FEB539DC29A880CC1111F06A146C7AA2368E6504EB032F0DBDC2
3003	2694685	EC843EA9A1A73B6A5EB177E5D7FAC18AFD4D6C2C3934E6EE0DCDD77E50FDAF84
3004	2695322	DA498E6B33A2C67D9B7971680DAE7F76231CB605C3D7B49603A4A4B6320F335C
3005	2695532	715723F5D11C4C067D4FBD2186BC43AB9305C4FEF461A30C57926EFF037F9200
3006	2698211	1904DF435A5620A7E9AB5F2D5F639D066842A218EE0D1EA8E4FDE3900953ED73
3007	2698389	3323C99926088C2E8F5FA7DC7DA14304401BD4E9E43903200A92B574181CBFFF
3008	2702933	83FB3E9A55526A168ACA58736E03C53B4E044DB4C84A8F5E8B4AADFAED7BA77B
3009	2703655	251362F43B2599F8C5931B246812508476793DA167A96BCD857832B9C0D609B9
3010	2703761	39343FD34873F8DA085980752B85C7D8415B6C9CCB0B870AE30026AA21508DDF
3011	2704647	FA0064DDAADA0226902D8B3279C828D3458531318469146F5F7A9FA20D22385A
3012	2705839	0AB2A920A507BCBDD302F4AF00B335D1B5D9EE4EE398E8AFD150DC5FD6674E2E
3013	2706613	7A0B7CC54F2379C95BDD97959F5F65759454713C876A66526776CC9712A3366C
3014	2710027	FE58F40626F11F4B3E0BE331005728938F51B088F673F3711652A84D7080BE4D
3015	2710796	2DD241C224B9200052D882EC0B2673C1BDC6A15F1ECB7EFBAEE446BFA688831F
3016	2711129	D9310921EF75045310415B90AA8B7F02D8A1E0D73D8058E0925F4A323375AF7A
3017	2720177	BCFD759DAF8FF01522BEB0831EAA52B5C9F6B89BE34497A58E4111131DD65A42
3018	2720588	EFAF01D964E9E1E95429D0A90109D94A2FBBF3A58462DCD75AF4E20D02AF9D06
3019	2720920	0442DD89C8CA382949616E22E9F7EA29F79B4709805F3982BEBC7BD5C86F446D
3020	2720996	B8924036D9F1E86E7EB65564972C82F116D89400C1340334509300208A9F65D0
3021	2721239	3C2AEC26D75017FB10771DDFF7D51A26350F9E7DBC32F6A2BDAFD5082AD3FAD1
3022	2721329	BD854B516FF2D515BDFD75A88D77C9FFD766E5EC3FAF275ABDB482401B8755B3
3023	2723203	6546D43CB6CD778920992A9BC126E74DF835E2CBF3AA2D5BBA099E0618234D00
3024	2725197	D8EAF4DA1AF9BD8B0BE7ABE0C54D58E93C372DD4D16C02694E82BEB756AEE14F
3025	2725199	0C265407B03114839B0E0B14980E5F9A0A6199DCD7D9A1CDD12BFAD18421081A
3026	2726349	AFD65207AF71FB2F67BF2336E5AC64D5768703C30CA3B860613CD5677BC8A3CD
3027	2742977	0DFEE43EBB4AF8B6A21DAD9A0AA572A876D912FD7912DCACAF0CDCA3977C5182
3028	2743603	572698EF8121C7A88A95F8B4167AAEAFC8D0936C3F617ED926F598ECBD6B2613
3029	2745599	0D95DE313A55F2C2B19E4E3F0BC3C95A325C37E0C1883EDB30D6C4EA3179DC0E
3030	2745993	ACFF2FCDA21E6CD3240BC4F4CC0AC33459521479DAB04061DC66A6A0ED444910
3031	2746099	0FF9B12DF9CBB087D84FE595501A5B631E2D1C45371113570D1F94A783E8AE8B
3032	2746749	C579AE686D69567D4F31CF28024F196662FA52BF621CC5AB3BF6F5F9F2297505
3033	2751064	88FEA0C025C5C7524D9F73806D6959E9879B20890E73CF5B6EFDAF2FF1E2BEE7
3034	2751835	74BC72A5C2663C89E395BB79FE33B4350703D3462A07E92A95E951CBC29274B4
3035	2753494	37C9C519F1F29BE8F4C4F9B1BB304D802A2044BDAF2C989C53143240B5F7C413
3036	2753803	35D97326B9FF7B0A243849B72BDC3DFA7B53FEC95FEABCD4C2170FBDC496745F
3037	2754269	F6C14117FA5F17EF0EC8B9A5F9A1414378E70E723FA52B0BB06D39F0AA52B293
3038	2756959	328623134846CB7C8BCCEB1326BC291473335183440EBAA0B12563B4D8E50F74
3039	2762035	732B89723BF564B81FED20917CC9F164701AFE75C24228592D62C305D8E627E6
3040	2762129	6138E920DF6C345BB845CB7B1AE45F3DEC4ACD595F7DEE56389174774248A82F
3041	2764003	01B53F12DB17397D185A59784C9A02270B0C08C90A1D8DF8C05C05CAFFB8260B
3042	2765997	EE2C11B4E8D5FA33DE4614EAE6007519288876CEB14DA6D90AA14201A668D7EF
3043	2766393	FF9ABEDB265756AE4AC4E9716219B43AB7E3F6DA01C6B7796ED0C3067824F0E6
3044	2771765	72DA803C55D1AA53ACF15F71B1151B9DBD98264452E9FF573B4990A035348E39
3045	2772123	D9549C3D5C891D84D13179D0BC2720249FF36C6DD00CFE701828751B3461D450
3046	2772352	126F86B5B9A2C9AF74EB4E80F1EBF6E2ED1A723C0B3F2DC40B3498E01FD50580
3047	2773325	949FFA0933D6A8B8C876CB5439096AC9E5DE43B423277061FE092EF45693B0D8
3048	2773582	21BE3F29CAEA18E61DCDE8D383ECCAD06F5B5C1527DA225B1933C1807BC6CA4D
3049	2773737	5A98A9C991CDE591E31CA81C304570013E22D8ABCC478A5081DEE29EB37653E0
3050	2773938	0D22426312B41A4F274913724F0AA711784644930F9F4F62A9A27A3656081A55
3051	2774006	6B34ACD13B9D077B005B2AB4CBA40C8BE6C67AE561F6E62B645142BFF720642D
3052	2774272	278AE400C9D47F712C1A3E8EF362A9511D4D94773274C24E226F23DFA04215AF
3053	2774273	FB8CB44881866DACA4DDA10BA173CED02EF175AEF2EE4009AD171676864DA2F2
3054	2774282	BD0BF766AF1AA2D93C683882FF0F2EA1574A420EFD61BC978A37A3C8A6B74697
3055	2774695	C5ED31A3C6D9A746A80B3662905736E65E05C970D8F324090BD81F1D4178E69C
3056	2775448	6F6268F9988A3D078F12BC8B9EA2E2071D95F3DFA768B46930C7E0207EF2A3C6
3057	2775516	8A8DBE610ABD431E65B3ADB4C21CEF98DA764F1343169EA43F7BFE8D50AB2426
3058	2775686	395E510C7B8B82E02CC6614508C996D61A7AD6898310A6245C4BC793E6171EF0
3059	2776390	4F16D3A5683C7689F174ACB5A96CCC9B599B8C8B63421997C894312691755295
3060	2776414	8A7245737352B48E0922FF95ABCCB70B16B549040AF872FE46FD201370AA4C73
3061	2776607	FF4CFB6C002D170ABDAA03CC21940DD8E17FC64AD8FAECD397FBA1B68B54BD73
3062	2776713	974071D2F689E99C24F1FA8624A8145367E11D90BEFFD22615D861FDC839AB56
3063	2780552	E2E77C0E44ADD615371ACAF0402446B4FDA69D475488B083E7C8A3104E6A9A75
3064	2781139	C5FD368AB5B32B79D1811A9BEEDE3C7D97B6A2F1D2980B9D39A3B73A96DD63BF
3065	2782744	32056E3BB325F58F93677431F614CD2053C091B974D80C0FF96A42CD46DEC45B
3066	2787245	B3FB477E7CDB19722240FBE7CF4CB0FCDA7BD44DB73EB1D4DCF6F07C323D82C4
3067	2787279	6B36B9FC408D4803F895F9F88A54EB881EEB5ACC87F739FF6CD3462222058C23
3068	2787381	E82107C372599ECE80AC95EEE7493BEEA697A48799A01C36D6558EEBEF8CA7DD
3069	2787593	F9E8672AD3E1953CE0E142BE995EED08C8FF1B4AA98633F359208F3F49E2AE17
3070	2787603	54F50DF83AEC5CB54395E7300E197F614B16C5437C92FE3223FB804623781DB5
3071	2787605	69C50431836D3AE9007DD43D4A0D481AF57A925DD7596C8FDC994DF4F17F320D
3072	2788754	9312CF10768F700808BEB1879BBBBFC4BB0A37AC9AFD2D98253454D2A71D88C2
3073	2788793	322799C5D39D268DA77F96A66E2346DC1A810978521FF14AB1F231829FB0B305
3074	2788805	EDC2B6E530A2EBC697842F6EEE5B6B0DA805C1A82A8496C117797C04EA18C6C1
3075	2789032	F0A9FF3182A020CCA2FD8BE791D94CE71D2255D108B520C6EF70C72774515CE7
3076	2789062	B5236B302E1EBD9A26D718BEBD1A9B369337BA4D7A6E8C6D96A8D4DE67C81485
3077	2789752	1EC7EF3497453065D7A63C38D336D35B22009E4C17CE6729370BB26EE9F7856B
3078	2789753	FEB808370A002EDD208B8F0F005F4985AA46E01C55CFE7EF2934508C3763D1FB
3079	2789762	B2DBAEDEF90AA101FCD80B238FD099E3D77C1C1963190C24F790421E7FF5501C
3080	2789944	0C43C842E658F2F6AC075A456CFD08C10CE4BF6D8CD4D5E8BD981535C4A849DA
3081	2791047	0A2E6504D8625EBDFDCA54A712BE1E0A7ADF779424D7DFB53DA44E70F01346DD
3082	2795158	20F3262B86D46530E3AE6E58CD2900994045606CAFE8C16494587AC7871F7709
3083	2796258	44C01E644D9DF6EE9696AA00D7F24B5B5D1C1661CA84831E43D04DB0548557CF
3084	2798304	76B49AD088CCDE9DFEBE06B834197DED88214AAB2B778D24A49DDA87520E3E3B
3085	2802776	92BAC94AD094B5DE5CB7F5D70EDCBD4AD32008EA223DB04189558FEAEDF65AE5
3086	2803083	39E3C88C70D4DFE94A2FEE94D9911E796F62D289FCA8FA1CB722CE9AA4CE07D3
3087	2803623	CD1F64776ACDC64D5A4BE559256FB7EC275E68A75E8F106641826F49DEC7A263
3088	2804273	181157713A2F24A96C01BD0B2C2D4B01710EA788B219B8DF9BAC86E17105745A
3089	2804769	533664395D74D40EF32B80362076C1A9E9228A2C8839C734F8E6A646B1B6EF6A
3090	2805022	BC01E65D9837F04D6B16DAC2B6C2A28483C8845320F3803F5E765957CD20BFDA
3091	2805232	CC75AA156FB2FB7F39778916CA1ED944814C6925AE714E26E0365D2BA6289692
3092	2805233	A4988BB6B3D45DA7B246D3E2608528369D2AFA275F1F4DF26ABAB8AD8CF5B5EF
3093	2805242	F9FBACAD8664539DC63E54300758BEDB33C2CEFAE1C6AEC7C291FC16E8CF8B5D
3094	2805243	AABA35892B7026DBEDA74794DA90DBEA67229D6D81BE4C91BDB6060DF3168D5D
3095	2805406	55498D13BCD2DBF5A2351683AC0BC4D92785B59CE1943410C591FFB472405026
3096	2805424	644A3F264F5756EE391CCA852E9E01F92F8417EB10A4241B7F86ADE1ACD77492
3097	2806646	F163EDFC1DCA23542C5F672849DC78C8685D111EC10031319BF8EF645DDC8BE3
3098	2811265	0FD4717237EC66D2A7BE828B533E581DEDB794D41C2C712C84D61FC0C1672E7F
3099	2811279	A6ADD88614FAA0BC11659FC1FBE3210E0BDF99CB8FC3A40DF6E1E12BA9CA7D2E
3100	2812335	B6E38260CE107C7AF028B3E65235D61253285FCEFDF412261BB46567DCCEB0BD
3101	2814185	6DCEB25E581F5CF3FBD32A7EAF169DA1C17AE0047875DAA793EEEDBE8F308543
3102	2817975	B55B43B4AFC7300042B4B4FC7939142A087F34ADBDDD9AC0FED87AED8220E9E1
3103	2818063	CFD9C9F33437F868355D955BB2477DD904EF91BB869342E38CEAC874D53EBF31
3104	2818563	AF2471AE4F9F8AED74BFA59DE4615EA25872D75123950D28345EFEE15E9F65D3
3105	2819049	38C510F7E0DD16DCB57B9E8D780102F0777DA52549FB4D58D63DF78AB1D1128D
3106	2819552	E40540A5A419D69B739705A4206C404EF24A83C0E6CA7E7B71819E6FFF69B6CA
3107	2819765	117E082A8229AAF3E56010BB9E68C80A090D5E5546B44FE0E0449E3B1339F3E1
3108	2820198	DB2D5D297EF5B413981072B8E1C629301F3B36295BBCF4D738B3AC63A03520F7
3109	2820712	1AC4EB554C42B931DD29BBF944E27049174BC92F77207334D98018965DDAAF1F
3110	2820713	C8BDF8605331248517D2BC21C842AB91582589E7D968221F1001D6307DB69F55
3111	2820722	9470D558FC3FFA1D54785B21179A914126F6625E349652EC97256ABF43751CBA
3112	2820723	A0FB90F4E60AAB514D1DDB16A33C8C5151625374C6954C4FC6B8A772C6C6C737
3113	2821135	3FA9128440871178D7F6A99C9B9C0777037DB9E73B8141103FEC9FFC1BF44352
3114	2821615	DA75FDA67E44377F69E1D4BA8EE21BBA90F0C01ED774BB7B33758B3143E9A9D7
3115	2822830	30CC08543FBCF1F90C87F81D67A68508911DE8287D261C88AE8D2DEE0BBAE222
3116	2822854	ACD0FBFCF2CF1927E98F317D0FB3DBB27364BBC3FE16C8D2B7D413211C504E05
3117	2822969	2167BE6C3ED087352BF959A53F0F181B6879F67F1565DFAC5D229595706DC858
3118	2823153	B49FC3F8EEEF0DA31A3CBB55A34657DD460D259D7CE7B73498A4E2DFB782F4DB
3119	2826759	F3F7890057D45F39E32EA366F74C97EB188EDFD7FD46B8EA322DEB009FA38C65
3120	2826980	612238A3D61C5500B7E91F0B812078A8492C4849F2430D09E581E408B7F30251
3121	2827258	89E37095CE8CD11F11136C464F6396ABA25409094DB74AE48005E2CBECEBFB90
3122	2830858	4C48FBD4A72D5C48268BA4153B90716E503AB056684419A90A7E53D6014FBB87
3123	2830860	76B6A01A7A2BD37389B1EB702CB35AA9634E85A377D019C2E6159ACC5CF414C4
3124	2831156	A9A4AF313A6AAB79888F9BF1A0E3055ABE991875626906DE9245DCA4A8ADC5A7
3125	2831733	8CBBFB2A50B63C5B88A90E097A11FBAE4286AB0E543B9F16165C99B90D611AAE
3126	2832435	758D43137354810C2B0C831A4DFED2185DC45256AC7468E0AAA7019F6E0A4F2D
3127	2832459	98576BFD8C37FA0014B517D41F74DF5308DE73E002A8B981F84F63EC59DE56E2
3128	2832460	CBB343CA6F70FB3714355ABBA8C1A1AE2A4DD9D065EFEE5A4CD19911ADB49788
3129	2832646	AFAE71B34802038BD47A34D167540DD02942795903FF63DDBC06D46C261A6B99
3130	2832862	17651CB28E2988D53BC88DA12D740F6101949AC9BF3D375F0199DC98B47C23B1
3131	2832879	4E2682D9C603E143D31E8E8002898010759BF161B0E96B9F4B3D86FA0C0CAE09
3132	2833065	621D42D4C5F1D44340604EBEFB0E18FFE816C1B596E13D3C4967D6C7C27E7083
3133	2833066	39817FC233BE5384389D135C040AB6B1A9E5EF8B6BE71F30C381E822FB00ABB9
3134	2833067	F8A318E3A6E5999D617DFDED3C7D42A20B25E2CA08833C2ED1145A73594A871F
3135	2833076	D1545DE635169C0A9C097B641054A2CE80B6C50F14F215AED81A45E0011A6822
3136	2833146	285B174E25AAF5B1414DFBD8AF92F6107DBAD9E3F72E455BA0D987ADFC23F5D6
3137	2833147	3B3C38FFCCBB5D74E2F04E1662E44925DC38183063089723AFE4190D698AE464
3138	2833176	6610B01A77CEE9E440CFE6D891E5F3B3CCA585D174991F0D807A4ABD92E3ECB3
3139	2833386	DF93359D83157B61F9FBA6F924D7C9057C1E7CF20DBA97025B0E64696AC50C1D
3140	2833918	3C0752EF0CF7C00B8EB9C584AF90B2EDEA4F93B766203E6A5919C508C7D1DF12
3141	2834294	3AEA94EE69DCD1A414AAD9F44C7240BB46D6E6EA60287561C9C3F9C7B3D9B363
3142	2834645	609D36295630FAF7CEF8744F6C6A5CE4FABC667B93A93BC093A17632E0EB2255
3143	2835094	76EB0A9B0DC5BE782F735BE90E1962B589AD54EF552448994CFEE4AF50481012
3144	2835797	C7339C7821976055397D197CE4D5DEA0F9A4923A1C6B03EF5C0C34A4DB9DE618
3145	2835815	3A7D2341979936C276516398A2390DFC353361C66CC89EB2E98C773893A4F559
3146	2835921	D3044F14470913B141DDF0D3D277FF7D08952BB50E1BD087A910239E85580C46
3147	2837105	B17379A5A637FA6F685A8D4A25C1D53B00CF5293A0F214A99D832819E5A9E037
3148	2837748	667F36052272454E1E5DD2F5886A199DEE9EB6EB7C7896C5BA842D0FD2DDBD48
3149	2837757	8D51B6F8EB1572BC726CEC3DE11AAFAB8C37AEED46F17BB3F34FE1D3CA94CF71
3150	2838473	74BC28A95FC1B5D11FF93328A320684E591A38CCB2C352EAB1DC790674900A16
3151	2839193	E3537989D006A91F3289DDAB8547629A233A7C08477A13A500EA6A29DF2D2D84
3152	2840737	29A16D452C9C7F801DE9A2C19E5EC579A9AEE37FF4A8A69A4E0D3B55F573AFE4
3153	2840751	164207FAA7DB492F76F27CC957299CBCBEA8639A19341D51A613BE2AB39D8385
3154	2840765	759D1C94EA67FE80D33CFBEF26BB936C18F6E11940FC2DF221B3ABF6AF7B83E8
3155	2840825	431AB6A7D4F67453FDE1B4520EDDBA826FF401A9E9426565BC238B6A3A2D3DDF
3156	2841631	822177573109E6FC7BB11B38B6641D701D6B4492906211AEA4DFE0758456B1CC
3157	2841739	9B6BAB61F7CC23EB06686F79DC7460F74BD36499BDD0CE63810F89CD710772DA
3158	2842273	0B0E39CBBC74C0820F08E08698DA4B2D99319F98561C103BBB0ECE1D36E0E9B0
3159	2842913	F379725E4CDD19E49B84B98FD6843AA1745C9E8E8B970A7065E14327D07DB291
3160	2844797	E140E3F9BCE560EB9A90661140BF647F9E793DD24C510D6AF6BE01E3B92076DE
3161	2845609	D39A822945188AC9D8E6047B16652CECA81DDE093C5E5F043588352A75816544
3162	2848342	38961B8103FB5E1549BB668C263F6222E5E3B2EB5701563F5FA8B57DBCFA4FC7
3163	2848625	8894D7FD6956D61E8AB8BF949424BACCBE5A868758CEB8F53F69676A24E3B512
3164	2849257	C9136E6D85CF85958EA193F0DCA226D2327AE4247396096CA5CD2995D628FD91
3165	2849445	CD645D56EB5DF697CCA654A70624149C9FBCBAFA555B7AF6E515B48F05D40C4C
3166	2850463	EFE6CC1DCB3CF2ACB09C9007C7B0CCB2BAFCF6A21CBF250BD700782E3D084410
3167	2850466	ED2DEB298E5CE9CB21FA517A58C66F6297A6E874A2804D66295C0B0A7F2A9896
3168	2851401	FBFA940E4AC6C430ED55913247C6EAD9256E12DC863CDE21DA6473C30E8B11D1
3169	2851647	25493D1598E6C9F4A97FBF70E81F7E257BDB4668872B1ACFE53E2C6D7011AD8D
3170	2851817	E963534DA385A52DC4318E745FA756207BBD01F6AA1F0EBB9EFC783930699717
3171	2854605	7E5BE7F7AAB4620FEA92C5B5E701D3069D153614607452733DB2E33A0A5FA681
3172	2856327	FB26D32E6FAB405BDB06B3C14E1154DE49E8D58645D348E2FB9B1C7ED5C0404A
3173	2857672	5EF5B4FA84244085B19E146F82F565F395A6AD81A23A8AB9592F6E5CBD5609F5
3174	2857734	96BAEA784C6830D6B3BB1D942837CD38378CD1E07899962A1628689B65572609
3175	2857833	0661DDEA441A6D9CEF765B5680E58610492B666E1255AA3E65134DBF7CF22680
3176	2862524	F6499D2F8561373F888BBDC072E335E4B2BBBF96DFAE5F0D622A8ACEABE89A3E
3177	2863395	30C4B2451F45A487DA85D72DBF7666931EC4B02D9C04C86EDB9B590F927F8637
3178	2863609	34E84445F8CAE12213DED9A6CA77B764784C205214AF610C796069D8508EFF19
3179	2863792	5A1DC508A845D77C20ADEFD6DEA9829ED71BE738BAEC451281FCD38555EC377E
3180	2864737	841D33F0772B5B935DB16A9AD800FA65BD7C19FF45D98FF058388B35556160E6
3181	2864746	FF461DE7209BA07080F309C9B027A877A42D7EA9049339EAF86D87A662B336D7
3182	2867101	9AA7AC6267798D87B7C3040C631B76DE407E46918715BF1CFAC1C15F216F2B29
3183	2867127	14DD1D2607576BFE5A03CC35B1C3A611B96486D9447A68C90808AEA552625D87
3184	2867316	800CF60229D0BC10443FC2A0723397BDBCB04906B2911B2D8257D4BCE9760FBD
3185	2867819	3F72DDC0535FF1BAF2ACB2BBF2A559651354D1331E38BB93B27B5C9A4E6035AF
3186	2868409	6BB0F3861B85DF5490F09D077C9284E803E39CF38445D0507FCEBFD933EB3E9A
3187	2868898	815948AC9CB222F999571C330E9C2AFBB95F1307BBE77899AD964954FA954C64
3188	2873190	76253893D0FD6B2F9B884A1D36EC61ABFCB568E1B4CA743C6C99F41A31CDD8C7
3189	2873788	639A7B093A7628121898609A5A438631BF23386860E67897703A8CFD29909C91
3190	2878874	A8F8BB25EB6129D09497D0DDEB406A76EDC94D76AD4EDF6710EC8E2823D8002A
3191	2878875	563855A9857380B2F8A59F1A52296E5485123E983E4B7C3DABFA441D5CE36F9F
3192	2879320	24726EDA39842FC9ACB40CC7E353BFA60721E0F0E74A20EC89E802EBFE92ABD3
3193	2879506	225DEA69966F90952945693E4030B48BDC7FB6527EB3F629F62F344C4C962009
3194	2879517	B911B296301620209877B790C27ED723A3861FEED62D0021826AA5D786E0A4EB
3195	2879615	14DAE98245FE005BD26F47A17FE4BAD439B8E25858AC570940E9BE3E12E4E0B5
3196	2881417	2E0D6F04AA4A4A1DF6026E2D64A25410FDAD5E3A8BD1CE511BE925F78DE89840
3197	2881534	84370E8A6E8CFCD5726B11DC2822C02201DF9DEF89FBA360778BD97A39166C24
3198	2882361	5682609B647AE1B7C89A0A3F6058A03905CB157145BC6B52A6A3A5C58E5EEF31
3199	2883404	F623DE694B726DA1711DA43DEB54334862A84A32C4BAE8DABF596F298724E9FC
3200	2884641	3F8452DF1C152EF002F8AE8ABEA642498DE49CF30087E4E55FB6A6E90D260E39
3201	2885655	CFEAB491C53F1724CF839AD38AA1103F9561B9B0B40171BE84E4ED9AD1F1827D
3202	2885980	C5D62BD5AE3618E7E88EA907930E6A8C46B4219C2DF744779090CE657EF1AB38
3203	2891569	B54E4E9857FCE64CE3B30640FCB14DE720A8BE95123C2457F077F6284BDD3E3D
3204	2897303	76AE89B3852444E234C183DADEEC1F74D56B8B8652D826F505D565F648842203
3205	2897448	186B9E05988F3F4FB5D63DA3C5F135DBCE6874659E0FA67EC5F0F2E1326A3442
3206	2897467	220AF459BB478119699F28E5648BDB4B18CC23AA1C7D426F1A0F9B9009F28217
3207	2898226	A87C4F1715E29274E58B37E78A1323268092000044E3E45D77532C8A92262FAD
3208	2898442	B4C1DFC0A700C94D87724EA81AA2B637BD50DC94936FB8A52D0244F0C19A298E
3209	2898453	2E674E2B995FD1F0757844FFC972383CC72F14F47702323C9D8FEDF632C18921
3210	2898588	7A730DEA3820BC544BBAF7A79E4BEECCE6EB1AE022DC967B402028F802B0DE18
3211	2900598	7724883D3A9038837C8381177EAAF498937E51EEEC025250FEB1CE7AF5E770BE
3212	2900665	E8B1C872637BA234C761A5DA1AFAAA758189D4A90847BD246AF019D22FEDB839
3213	2910643	D2EF8A86F27F8DF7D94BF850F124F5D0E9F061B601023BCED6BEBC6F6B8DAD81
3214	2913745	47D4C5681AA33BCADFFF2747946C388A986CAFF10C3ABC1E7C8B841F91B3A68D
3215	2913775	EFD073514A7F3C84A1FA71C75D0E8A0636B5952321F45335336E3C652E014400
3216	2915637	B9E6DFDADAA55AD3E355C551F4E32B61C898919645311B244CDB0520DCD990B9
3217	2915929	643A4405CE181CACDE976DFF5FDB6576D898556754647A75C9C2450E8473380F
3218	2920867	0CF6388DCAF76F14E8A2119452E8AF5FA8AA2715EF2E600634165D4FD5040F81
3219	2921359	C524D033FE43894B3C882F6623B958DF844A7481EB3CD8D8F1E0F9DA9D0DD0F0
3220	2922259	2BDE2BEBD3DEBB407D98712B4EB02267A8DCF04D0A819B28E91BB81D73091CD6
3221	2922331	7418C653640097CD247478AC23885FBE7234CD9D7EB015CA722200252353F903
3222	2923975	6A975092DB0D0F918B91A00D6D2356A57A24E19B4E2FF381BB2B800E38BBA336
3223	2925735	B33A1AD2D723CE5E4452BF056C7FFC7954FABDFF8421EEFC5F94DCAC1D8BB13A
3224	2925837	88B31B29874869ABD3209D308BBB62A70F87B912B43276982988E15D544349AA
3225	2926129	E2D2F4FE8B75441FBCE0324C935E4EDAD8817C51671BC662F789CD4E81842C5A
3226	2931213	F029940E53B43424451D41CF817EC4B58AA9AE9D07713AA533F71F1E24B76C11
3227	2931657	F8313388231FF1A0A9346FEC09E68DCAD3016AADA5B66648FF553D82998ACF83
3228	2932459	14A8A82ABBD00E79662470BF430CB30843319C3E084AC3EB618E98BE50BCB931
3229	2936037	A25928CF0A8A0B165DB7EC005114EBE0ACA8C5910936BC15D21BF026C177E0AF
3230	2941509	1D1879BCC67956FF7C080AF16CF96FEED918F7AA4367B31F2896428270BCA9C7
3231	2941771	CE0B4600CA358F4F6994565A478DDC22537086960D8E7FA40413FDBABA31A832
3232	2941857	78D07AF5AC133A07D7D44D9C113FBE728AFFBC0D7E6197ADDB5EE8A72B8F3950
3233	2941917	3DD66595190476930A56D7A74E62168E920726CF49A739AFB0CD542494CB3BAC
3234	2942731	159790593572FDD9DF5BD4FF87EF903BFC64F00CEE422FF42A99E7EB9870F398
3235	2944339	CAEEAA9D9F2F5FC78E19270CDBDECBD1B5EEC361D0375D524A927AC22D68FF4B
3236	2944375	29C77F96441009EF8545334774F91E65E42044CF841BDD62BF7F5EFE3E852E20
3237	2946237	1DF41482CC16458E4D836D1DA440D1C0E2D82B04F2D3AFDB7E71C73E5C9F0463
3238	2946529	47D515B637F53F06A9916AD890C77201EA86CCBC52F002A58FD099FAE1117752
3239	2947533	7F3FA54228A1BDAFB8CA408DFB69276DC5D16F675D5F47B5E1527F0ABC04E9CC
3240	2952859	EB5BCDD900871A3224E14EA91CBFB96300C13F3D215BE35B1B0D208A904C1D63
3241	2952931	BCFFDA5CE3C27D71D5690B9BA663F598CB24BF81BD5A7114C3207EE3272F557C
3242	2953687	F7A06FC818467F8DCF6409629E7528CD1ED8C926A68B6D00E5430CAF93D08E5C
3243	2956333	F9366C2202D076DC2C0C125C6C4362AF8C13AC3A5D93D5C5C59B73402415C080
3244	2956437	58F1D88B46102BF646528354667E2256C9D86A70A4DEDE389CEE9C60F54478E1
3245	2956731	A782BE4393AB0230D8FA643E15FB60AA1E614CAE1E5962ABAB4A643B700E8BE3
3246	2963131	17F0134E8DBC1DA4A495DA863FEAAA7C4813E2CF5B121F4EE7AC813DBF8EA9C8
3247	2964739	F1A5781DDB54DB045BFD8A0243406AD1AB8FC39789F2C98AFF90C719B49CB3D8
3248	2966637	F285AE0ACEAFFE99839986ECD516C0CC4793F61AC337E003676B4C147C2129C9
3249	2969420	E2F7AE602994A62DBB82533D28072DB356B12672C5487FB8207B8B872FCCBC3C
3250	2969594	6C83BCF62EC1F9C22E73A112BEDA5BA02E5270B49D083E9B58D83357CC4351B9
3251	2970321	1535F55ED6554CA4ACA3F2F8C45D7856581593459F47D9B63DD9F33FC454F943
3252	2971040	E9AEF284E31C029419BB5A3C26814504E85D2ACB96768989997C48DB28F13A40
3253	2971149	4C96D0044F0DF600AE692014E6437A97487201883B4E996FA2E1517A66F9A1DC
3254	2971150	4D8742C8E45C2A5B24BC52A97FCD50CD83F1A2B43F738B3D79581272D96AADDE
3255	2971533	F4A1A88B8A2E8E4DC52B5BFBF8FDE5B471C5BAE589A161B871CF1BF5122B3805
3256	2971562	F06C643BE1341E702831EC511D28DDF2F69F3196522B3B919007AD542A960624
3257	2971563	3D7522B47A967BD9A2ACD759123E09E7FC21E24BE0F4826EC3207A7ABDF65ACE
3258	2971655	2E44E02B0B7C1CE50E795A37ACDA291166D4D7AD481F6B5346AB39545940F49D
3259	2971671	05F00A9E1CDA89B9AA06D3F7A5B13002607EC36D31AA6092009B941FF1A9FBF4
3260	2971741	F53288BE13E9D539D78F9498230F802963BDF86024704CC48324635B9CB07E90
3261	2971742	8AFB8622D9A55D9C190B3108500958BC74C083B126CBA0E2E1EB36C389AE2418
3262	2971771	0CF5D9E90B558C37DF989A2E35F065FF55605FD896A49F31AEDE3C5FA2D1E54B
3263	2971864	8DCC9FBAF7261F4D0A5B254F31C7B997706D138E6BC447EA4BFA19DC0B67B5A5
3264	2971878	4609DE88AC9A6650B9B40EAA5588A53E9B59EFCEA7FE02D53149C65B77AA3BFC
3265	2971879	D3B022723FFC28073130F30BBA34AF2815AE3A77D29A30F47358D6C14375B967
3266	2972285	A216434C630485CDD3FB2034FD1EB0160000A0EEF76798BB2FF9965A31052130
3267	2972520	C993D7139EC9F7EEB49EFB26891D9DD68D4388CDD586CA140B8C5B79E8D46BF4
3268	2973489	4C15C47DDE5758BD836642FC3A64B47CE01214DE0039DE30C0434EBE468A1850
3269	2974525	7DACD059B04961EB5402C43BD0D2779AEA3CE532C8246CA2B5F5C48B2EB6E93F
3270	2974579	689B02B675D0FFE07204C3ACA06DA0219B65CA6ED52ED07AE1540D95A942B0D0
3271	2975591	01372E1C763DE6B18C13C96EB7B03E27D926A63415168B497674D92FB80C18E3
3272	2975867	3A2ED131023D4C709AEAD467F684FFF7DAAF0F904997BA267CD84065F66CF6DF
3273	2975891	EC3423CE4F4718A95392A92DD3DCD99E6E952321DF7CB26B6ABCA8210DCF8FA9
3274	2976361	886EBEDEED93BAAF5F9F079CC69D3863E4781CDEF4DD52A139692645A7215CCC
3275	2977683	35021C7AE5B6D7002C71CCE1394E8DB0568EE593449379D9C9137668BE8A7BAC
3276	2977725	F492B9C4225661A024AF015B372B3DDD79D56169FEB2CCC452A861B0A804276A
3277	2979307	09795B3B16AD290070A6A2C207D8E4C3249CB815369E66CDC6FAB622D4D963FE
3278	2979321	3DFED8A48644033001A62E1F534C1CBEB3E3D7A345BC959BF9ECBA3A20AF81B1
3279	2979381	CA35AFDB119CAA4654FC89744A7DAE4E8FA52079AACC3B9B554A92E46351C1A4
3280	2980123	B2EACC119D937BE83B87F33535AE97225F02607E2073641C4FEEEA03310DC61D
3281	2980139	FF1C51FC410794DC8250F0E6C475C45A56D0A29CCACEE80B8CF6DDCDF6C1D45B
3282	2980247	4AFE9AC2736F046FA459EA2FCE5BAD57449F3283C7142413F334FAF523A721F5
3283	2980333	342D3F265846571C826B5C536CB4E89BC371F29AEE1D2B61774B902A33E26786
3284	2980761	B9AEB18CD77CA1DB1177E734456A626D3912E7152A0621F4F13408675C0C649C
3285	2980763	5C92189238DE1FFD366A85CA529B5245CD709824AA9C31BE4373FDE94AC4533C
3286	2981099	6510C72CDCB7621F627E9C7845A4B3FAACCB571E8101C9DC506F0379F8B82B06
3287	2981625	719417B92C57B8C05A5C8CFDBD5A996148EBBDC858F2BAD17B9BFA893ADBEAB3
3288	2981627	3B44B40F507E3FA622716F00DF67C0520D5ED741B56553A5A5C1E89A7EED9CBD
3289	2982029	2C0B218BEE8F58E3B30BE7B0D7D00E6E1CBCDED2C0FEC3F78BB6AA12CF23CE49
3290	2982327	060B28765BAFC13A70DB3EEDF0E48F867108BD2863A9260D3E79F0F23C6C32A2
3291	2982680	8197F23A1C78BD47E22B6CB74EBAFD8BE3B3DCA16FB03BDA8684B9F69A53962F
3292	2984113	CF2308F9BBE1126CAF6825B6D1F756E187DDA4D7FEF07C77FB43CEEA344F8C43
3293	2987344	8EFF1948BC2B40FEEBC78B4DAA8F17C287F59120B1ECAA8943BB718D007EA2F3
3294	2988000	9531945866259CDA0F7D93FDE840E670CE1AB7A08949F6FE70D7548272424BF2
3295	2990304	C1D3B08CCEAF13B8AD20DFAF0BA9EC6C6C915DEE6D43563379A74F386F819BB6
3296	3004110	BD2D0F182CAD348FA93A827C2092D8CFD3C09B313D4F65F91DC09FF9EF670359
3297	3004590	5B95E2E0F993FE203637DAF2197F70EE9F7CB40937878BAD4F39E89F6BC00EE6
3298	3005539	CF54D24E25BBBBBB34A1ADE0DB6579DE19C889392B8258F7D9A30942F27AF500
3299	3005749	FD7B8EF56380DF9040A45BBAF4BBABAC7237AC948F7C9104241A2905EF1B89A0
3300	3005784	5CDCCCABF1BFD53DB02277CCE43DF49BD7DAF3E5785B4757303B2D4B1F414EA7
3301	3005909	F66226C192C59C5A5B4859CF7D9448CAFD6F8FB472D323E48C7675A7210F3AF3
3302	3005935	D743CAE727FE76235D5F2B4D7EBE1DE2D4ED09533BE0D5783BCAAAF9BD3A8EAC
3303	3007721	91CAB8803F2BC2409ED74D8D216A0717509C7A5561CE6EF4EC65B417002D1A3B
3304	3011868	0CB313CDDF3557AC5E1BB3B75A943A6081E5DF9C885EEA176F1C2ED8C4C4F1C0
3305	3018870	D23BA316471E126F24D59D44DE9FFB28D94E80101A55B0E58E9B823A15115872
3306	3020070	A16ACA3D09B2D715A2E07FE0F74FE3EE2988BEFEAA0B8A4FCD15BA23E53F0CB5
3307	3020136	A09E6B0A4A4B7F68F54B55B43DF2D3147E081E6A0AABFDF6131BCE981531F894
3308	3020839	AD018FD8D1939E717D4360FEE8EF241262EBF7F015DA8051C356A26EE2ECCD0F
3309	3021895	A85C4A6CED8ECA03346766BF8D511EAA47E565239C2EFFEC315160F5CFB4FDEC
3310	3021924	551371C2F23DB736C4E4BCD92233F9707976464E56E0B1A9D15FBB297245C8C8
3311	3022792	BD5EBE75B42F48CADBDC199C83016FDE4A805179F9DF5B38FA724F89E8264EAE
3312	3022801	A21EC9BD18E9644DF8EFE1140A816A9FA619619B36AEC6324451D9A49B69BC11
3313	3023663	83BAC548172B0186C52EB1A7E7E360EED3FFEA8C6FA87E0D57F7816BCCD42F8B
3314	3023694	C9253CDF192A874B0F7BB1F4B9E48D10C74D042F9E748F26E56E808E2A4F796E
3315	3024261	0DCA90C47DF74D08CAD0F26D29CBEB52D4F3490D32F673C5296DE8A306C4B68B
3316	3024677	1E9E55DEBC51F4AB52BD16CFBF3CF1C4091966FF81E1C82EEB67C9966D2077F0
3317	3025763	66E29098EFD381DC810E8208E9333CDBC623D295D49CCB1E9405062D4FAE9AA4
3318	3034397	F4AB20BB222BC28E18E640279BF0E894244100AD78F76E2C6B61FF0552CC9AF3
3319	3034521	ACAE51E426994D6EF9F2FD5E131C4018064EC5F9652BCAB16EC98E388C92D3F2
3320	3034869	BED4843B48FD0E34858B48CBB78AEFD23522B0CA6743F92794C23114B4524E3D
3321	3034906	999C827ACBF02BBD21BAEEC8722D326886A634232328C03CBA1F6E1CB0C37324
3322	3035090	3F9DAFF48C86B32D5BC033E73579B48CCBF5973DF678A62E97C5837D36B2E4FF
3323	3035721	A4E02C0CC4A9F9FEF3D75E0FCB0F3245F199BC92820B90CE6AD80A5EDB7A5588
3324	3036118	FFC2FFE807497AD6FE6B0BF5DF1C1812B704DB0302FE89AD1B77A1D65B2C4300
3325	3036664	2099B6FFD211F9071A9BF274701D11C4D25625EB4FE90D4EF00D2C6D33B706F0
3326	3036876	EF97E5208D3F4EEBB3700123CD3D9BA67403AE4F3878D2C090B67CABF946C8DD
3327	3037896	17458742F7EA642D7AE88F123BE01E239EA2029082CCF824BC9746242193ED72
3328	3037946	F6D63348D92FAAC4C1C55031D706FAB6C4D1C3E15F702261BD0D60668893740B
3329	3038086	852F5575A9BB430406547354C2814E47BD7374CEFC5D54332EB48731D600AAB4
3330	3038087	4EF8B95F677471F7DBFAE979030589A6FCBF11B62E82FEBB1B000ABF30EED641
3331	3038398	622E99BDDEB50BB46485C33BDFEBE5E6BECBEE0316B9E1C81041068298D56FC9
3332	3038440	7B0E54E940EA3F53A26CF197ED251EAA61A272904CA6BBC021A35BA55E47A620
3333	3038614	6D6DCC99053A2540BC04D6D889A9A6BDEA8CBA7DAEA29829819E669CD0268BD5
3334	3038615	69D3E7517951727E477A587C81987D211F5BC1F53527A3E3B8EA747AFBE623D4
3335	3041155	E910856B96BD769A7A49278D86BC170968C3C432C1CABB81CBEAA95EB460438A
3336	3042119	DE3007881191196D39E7E637849F4DACA5B22D9D93E7D0A4D40E8E685A57F2FC
3337	3042841	D5548B200F37D5D2D4C25344C5BB79F61E10330ABE1FF98EA0BCA93737463A2D
3338	3043035	3BE6E36D4C7AB1E186237823FBFEC5294F8BD3FE14FB55BBCA497EA913145B32
3339	3044485	9CE1C31FD98D288A2A231B175C471DA6BAE791330225FFDDC7B3FD21E70F0C9C
3340	3044739	0DE1EA2825F508E7150AE68AE3AD41F071663DB35A33BD79D894EBDD543ED167
3341	3045642	A085240AD4F052B440C7CDD9FB229FCEBDD19CFBB7721569D582F11D680E2981
3342	3046050	57049029C287DB4759A523F924E2F4B05DC720BE5FE2109E3330496569030467
3343	3046065	6AA02DAE6105D95E949C3D5B4CAD613F6D8FB47AAEBED814F3A383B64E1F3D6C
3344	3049465	97C733B0EEC6A97F95E039EFD4A345A36C7770DB871AFFFA648B0F04E70F241E
3345	3049707	A82317055C4425BA6010958EEA26D6BC90D9DE8BFA70551D9417408016E48EA3
3346	3050255	53DFA504A4E6606506ECB9AF72E817C1F0728998ACB7966E39ECC72864B84F2F
3347	3051193	0121AFEB2008DA99CE6172C3A886D13A51F9509B665CEC4F424326766FF4BBC3
3348	3051201	EF8EF8EB38364901DAF6EEB3A8C7F7DE44EFBEAB938A18923E551CDDFE759E76
3349	3051598	F3044F8180978C1F70F4BDD416D8532B7CBA8984A0AF43DCAC4533CFE43C8E8F
3350	3052144	C8BA013DB15E5D29A0DE71369BDD3AD9FC0F11561FBBF9B835D7374B51101DD9
3351	3052145	9217A51B47950FA3C4EFA67589579F2BDC376649AD0A336EBFB5E9CB752C734A
3352	3052155	9DF7E1CAAFDC61BCFE64139F2E6E6143CDED801E935B586CA77133363DD59D81
3353	3052356	ADADBAD6CE979EF1B3843610FB627D728F1F9FAA58F3CE58F36D4E9C0933E776
3354	3053214	F76C8CF95E41B8C4FEB5635B7F074760A4B81C2A61D47EE2C4CE98F1B17EE659
3355	3053567	8370964A4DC61F4A3394D12DF549D4370D64BC1A2BE44C0733603B7EED82937C
3356	3053920	38FCD7CACC370080C7E4C653B355D433FF3BC8C4594B3FB22387D51ADC56C05E
3357	3054095	F0C2284A0752D7F697C9D8B020CC12C8BBFEEF52B95FD8F112EA9D304E804715
3358	3057993	12EE65BDD9FFC2CC8A2F205E8FDA05A73F42245B3DE72A5D4A0D09A2E6C38C32
3359	3059965	32255D602D635369E4A53CE4778E518408F1FD583C94EBFA4EAFFA4B930F20BE
3360	3065479	19118B60F7A59C75DB1A4420DBB6270DD16402EB94BA03EFC42B4B8F1674F9E8
3361	3065481	E7C0561E684B5223D3F72DA961BA7EC3DDA30157E89C77D2591128387D0C5925
3362	3066681	F150C3577FA3978C35E165AA75F6C9E0E9F6EF6628EE5C05435B1AD5BE4C2528
3363	3067624	704FA707F62CB714E49D34EC27CF389F8B2306FC94B2DAE072BCDB9D4A1A655F
3364	3067625	7FD36099D282D1A3C1339142F287D67499FB8AE8ED34A0140FD78DB76BD8A2AB
3365	3067634	838FB6DCCC71F79AD76EFD367580BAF1A54A4ADBC3A8CAF771299C42654829A9
3366	3067836	5DA1A63AC4C43266754FD5C44E2448534AE51133946AE8412DFE0F33BA7B306F
3367	3067858	D928D0AD28D6D1FCF7C0973C3ACE4F79E9941AFBA13B7C9777A3C8B141F7007A
3368	3069047	E27D0A264D2E1B4F72D8A6BF9665BD3CFBDDB49A4BDB5AFDF02B2CAEC9D4515E
3369	3069418	037845D9BA6034045133526DC4AD2AFD7C90132C5A00F940090DC69C2FC297F3
3370	3069471	80731988187D31FB4263C6D29E0F72406D5832FF4E979500CC7D520374199579
3371	3070616	23FE3391FD0F0C7BEB28A8FA786F95CCC79614840A68375CBCD04518DABAF291
3372	3073801	41C093F94EBEEC5503C6428A6512F901534D2C87887B919476B1929372461F58
3373	3074238	877888B011C7CBA5F67E3DDEE53D8A70EC1088A4AEF314A4877D9B483D87EF76
3374	3080959	792626DB45F669362A150C524822F1F022C8616C4F2EDD01EC42C17109573E35
3375	3080961	11DDECE4E8B21B47928DFDAF753550808A518D904056BA7255A9D2564B119038
3376	3081257	655DB72047B1C54C615CA749C8C8CC4E7EB4A0B3CE7615155E77C72A709EDCB2
3377	3081937	CE2B2D8FCDFF4D8F5BA4CB71BE7499B3EA5E9AD6A39E1D713850D52C82AAD518
3378	3082161	CD049CD40A4F085D96170D1CE1C1125B531866E32A71F4A5A6646A15E0D04A11
3379	3082198	0102876DE43BE2651FDCD4DC96490E1025E281B7708691267D95BFD8AC50A2B9
3380	3082558	D53DCD6E9CBADE6E51E6CC32FAEB112D23DC7324FAD71F9CDE762229BA05F943
3381	3083104	606BA7576234573AE9F0EC1C3CEED69ABF75937E549A75DC5673CF237704191C
3382	3083105	175C3D3616D4F17CFEF1B98DAA606366E564EB03229823850240FF8B01202FEF
3383	3083114	E05278FF37B43B8F8BCD4869008B6EF7C84BA284206FEB0742B763074E2630A5
3384	3083115	65B43F046E8E563E2087A6AC351009158F36B6C38753762F6881711C055396AF
3385	3084526	C00E3844300D53DA47577B77641D1EEE9E64989246A2B3A6FC093037DE8A9F1E
3386	3084613	BC53EC8B7A587E23DC8C3927583F484120B5BF34BAE482302BA40ABD7B9A1A95
3387	3084930	332E364D34871544E1A02CE38767A4207A1BE9435206CD01116D8BFDF4409C92
3388	3085055	D1E76801F7E6DF31E81AAFAB00EDF7DD11F220D8E579498859AEA3EF5B29A62C
3389	3085161	0F5A9B699010952C80C1CFF50BC523F34CA087F34592F776716C82636E7FCA3E
3390	3086500	CEF577BCCF4DB0BDA98DDE471A3FD7AF75A63DFC0334F602AD47ED86ED6D7740
3391	3087258	75ECC3E80C6CDBD5CA337D7DBBE98EC8D952E2735AF4990DAB60E22486C0DA07
3392	3089386	7DFCAA78F64C828E8FC72601F7ACC369BC10F8C23F2B2F76578B0730BA900A59
3393	3089518	AB1CE5063EC59AF05ED610F826DB02669D786607CF90B56260F1B7148C1BA298
3394	3089638	A237D76E21E42D60A3E8937402E9216E049C3F36AB294A06F7795216E308EFF4
3395	3090925	1D3567BF60804EDF2971F573E25D476A64D120D1501C889035E0CCD36D680B08
3396	3090945	DB66F5138A4FA5B6E0C7E4A76516C6F8117B7B1E96EFB8FA59096F079A1E8458
3397	3099080	B7BDF07BE07EC1073BD473A657659E8C11FD6B32D26F3BDC21A03DB2EA5F8576
3398	3100759	CB89F86763D56044E3866C44F4FA895CFF5DF78CED1723A3DB41C15BEABD44A8
3399	3103914	B46D1EDE588F5626A0FB0164FCB36B2F30886AC0509355E1F4EA4B4509697902
3400	3114274	EAA73E4354BF0833FB2B5841DEB853FD3FE341368918F6BBE3A6A6CD89C60AF3
3401	3114528	948B75EA6C43954F00635BD36B384B5245C1F951723DA17A753265ABC7FC32E8
3402	3114810	201DC8E5D5F6E6D179583E0D9198FF013D0ADCFEBAD7D3815364CCA5CAAD07F2
3403	3114865	3ED521357AC012FE3D9864AB98C8B1842737A471AADA6C708DE5973347721E46
3404	3115007	A01FD4AB77F1ECC9322EDF39BBD9FDF0FF020CFAB9762CBA1708154EDF5CDC47
3405	3115575	E9A28DB935B11A58016A4753A4D3C8610757EB339F678C3537FEC88D6B7055D9
3406	3115613	2D10290DF2C14BC556A45F698B7E9C6A34C3618C5DF311DC3CD10DDCCCF6E0FE
3407	3115892	F3640926131C37F531BDEEDAEA1E959BDD00F919C805084E6CC34A24C633E050
3408	3115967	61DB8214A48200B82E5A37A8F20800B69E55E98247D119DDDD8E79A21672FE3A
3409	3116069	89E13437806D05E4C6CF7C1B16531A52DA4952A7959234BC9A507E3FA95CCB8A
3410	3116120	398A9F8DFEC7E33CDD18CD5419C051E0C7C4A48ED81D3FE9E78097B61C25ACF7
3411	3116586	00C6505EA19983AE08AF5DC8863A731601744F16F860BC473C4D1BC014742A6F
3412	3116993	5E86D4FE3FFEE0FD1B8E8C159F8C98D717B085AF6E219D7AEB95D4C8E086C8A5
3413	3117014	624CB7E9D5CEEB178EE0C501824F32760B340EA7D47BDED5A01DA97B0C444393
3414	3117049	0727955FCFBC728574FB4C28E2C7D632C95D3BEAA319D076DC3042B5F803F0AC
3415	3117133	F697708ABE2E4BE29FAEAD6ED7AEA91AA2464DF0C3A16DDD903358FC0D1E5BEA
3416	3117150	B9EE466C74834018CAD9E4AA1445A29B93077F8D6B1E485358B7D8BCC6791AE3
3417	3117245	62764DC3ED2DF5DD5A9DC60EB380D6948795702BCDC736FDFBEB6839B7214A49
3418	3117323	F534EE692EA58B5FCCC0F8883ED9CE2E55E5E7824431256D80840656505330F5
3419	3117361	A25EB2222D7243123E3F48E5BAC821307B757FF99689573BBB1B4411FB04B6FF
3420	3117458	9DE1061647BB5799EAE9B95B25D0373B4CCCC93EFAB17AEDF041220CADCF2A23
3421	3117594	291EDE4A260A84D9FD81582A864BBE9C574A7CABB4CEE7167CB0790FF6A73054
3422	3118521	A0FA31D9317F428493B7483D7642586749C406635938C318904FE6BCCADAA439
3423	3122779	5C6A25C14E7F4EADB3ED15A7E68180798FD9B21F3DAC6CE2382C9B96F581E508
3424	3123565	6272EC229A4C26A0EFD79C2119B960BF2637C6E13B4855C7D1CA18F015826020
3425	3129556	810E699717667F989C1EB32B88109B98E7421696F1D3261E94F2AC04067CCD69
3426	3129597	471CAA66EC4FA36C84B2097CD53ECFE48C2D8F57CA5CC13EF4E138FAA3C21175
3427	3129620	D3E789AFA9F4654E36C400AEF7F9AF9BCC42D9793C929E397254764B417A1C05
3428	3129744	AE5A60D670ADD3627434F36D7EA9FAD26CB29346319DA439BA9136E84E5C9048
3429	3129771	EF9950A9606E018B2DF3653DFBCAA1F4D29C9ACA4E12D2176499A6455809F2E3
3430	3129777	B8BCD6575E08C9533C6F9C121F9EA1637E88C110C94C372632064ADF07861E70
3431	3130451	C08BF0211105A83495052E8CBF3E165337D3EB2A51699420ADCA74F3B012163A
3432	3130478	1A4ED13A31F61229DD9412999572168880EF43335D2AD7A459745A8EB20FB21B
3433	3131055	627C25CFC22139F21A4032073452373FB60A9441B58CB24069E3EA48D1571A3C
3434	3132488	A32D9690F71FB01E032D46E2A4AA884CA7C8B185D716A8616931D8F1E85EEEED
3435	3132803	A9067E32311940E50BFCBD37B686EADDDC3C2A982244F5B9F90C22B77E8129D3
3436	3132938	06DA8BDFC7F69F03B6740936C9E360D1C382B620795BC8C550BADDAAF311AB5E
3437	3133033	E35DA87020F3421C71AC6F573C7D8B208C1127543B85524970E291E83A605C34
3438	3135853	31661B5E470E5764055C320EE701CF6C5B12201843E0C2746297C3E13A116A98
3439	3137037	B7066F1A97B58F8514DAFA1BB84D50DB6E7CE13CAA58AFDD4AED37E4D810E039
3440	3137597	49B576FC58EF3DE0349D0F9B09D257ACE735AB3540CAD00CD52E32E90DE7AF73
3441	3138181	52FC6AE0F045079C62330B76C8B9BEE68D1A51C45BB26B6531DEF6F6738098F1
3442	3145019	1D9D9A75A64E19E7DF00CB82473922FADE935EA1B86C67624ABC90DB95A0E84A
3443	3145077	E7BB07370AAEFDB20581B9E7A6B358153022E88BCDE665EB1AF207FCF9C9B7CC
3444	3145100	9C13985056852B2C1470B56C4EE2941FF50D2DCCA522893912A5DE363A80D158
3445	3145106	8D3D043B8C004A868C692E8723307A1AEC735B3841BD7E0C173F0174051EF56A
3446	3145224	AE7D7C03C901EA27F917593B1E594BDEB7151435975BF3CB91C528198D9D92C3
3447	3145234	8A1A6D9AD542AD1B7792CF7D255EA028B974D1370DA880F3936294EBF27A17B6
3448	3145257	DDE3AB76969831B6E4DEFA1BC170832B95993B5E584EA33AA9C54EEFA879F0EF
3449	3145931	EAC220118BFBB0839ADE43B0A52E07BA31011EA0F4EC611B8CC8DF7BD7407F89
3450	3145948	36AD5E69F3C5E7804BD799D31542806D0E59DE895D839B042BCB2FC0E1D86516
3451	3145958	39A29DBC59F5DD69498941EFE3E818707391E1EFB9379839BDF9CE3FCB40E490
3452	3145967	CC178F8A4BA706608BA743FF4623DFB9810AA44AA0049BFA2AA58FF958227BD8
3453	3148093	65A84948C0A384E3C36A333AD2B2A77C74A6AE079215CBABFD9A5EA2D2C24476
3454	3148283	42C4A537C0507FEB3D53922A98EEEC86353399FB8FDA63872225365CA1B9E45B
3455	3148418	9B8B2E1C3BB45D5EFBAEF2A36115F2B3FD11A6DA008510C22D9761B80620FCD2
3456	3148976	43F8C276A0B5C217D9E7D2921A971615757015CB36580882510DC3020700D561
3457	3153201	B0C4A6ECAA9939D03EFCA54AB2AFF93A143C25A2E9BBB760D2F2DB9466384BAF
3458	3153445	75F2ADE19F29CB589699A8FF012827BD7142A1D40714C5993881A8BF3604ABD7
3459	3160526	63A19EABDB16E22163680786A461884B0AFD66D20E8220C9223AEED422CB0254
3460	3160535	F178F9C76850DB89049568584C59F1B748C63BE9EAF1FAAC4A386099885519A8
3461	3160557	E87BF212C28E9CC950F0FBD420361F3D18DA66FE02D02BB6C7BCBA009321647D
3462	3160567	82DAF839AFF2A405BA8E1489C44B15E8464A4B79504B96E4BF7EEA6DABFEDCE2
3463	3160580	9F1B7ED7AAF24BBEE6AC3ADDA5AAF7D13B42A6ED8FCE1752C4CCBDEFA4458C9C
3464	3160714	8FDBFE15D9BB5AC8D1F8A2BA5C53B09855D867DE05A0F1CD5D940DFCA328F61C
3465	3160731	518DE395F257B564F5AB4351F1AE5A88D1B95B4612602A6A390AA8F13DDC3348
3466	3160737	E9A35DBF41720F2D1AD006F9B865DE612CE77859157EFC93CFEE040106009303
3467	3161411	BD61987B9F138BDE13A30F0FD4BCD5CE25505F4D388F39140DC19AD5324A6D1D
3468	3161428	14E950FD514944DE2EB5BC542FA08D5965F93C948CCB22860B0AD0889DEC8899
3469	3161438	745FB343C2B51E4C36AADD9BE95E887D703987FD34FDB2C7A4C6C0CCD14F210C
3470	3161447	8094618126EC93217459194FD6AED55691FDA64CFB2504FDBC0163EBBD27D750
3471	3163424	325211A68ED52EDFAC85379D24B88BC482C6EBEE187E14AEB22BD6FBC5D7556E
3472	3168681	225CD2CDAEC5FAC130A06D65060363D7BF10CFEFC003B0A1F5D333EA8FCEE033
3473	3168915	B4D42C33D962FB800E0A7789E09952F67F6ED362B89223F1D5CEE077968FF67F
3474	3176166	82C6D9499C22AD7286CD77051241BC78758229DEE5EF11DDF7C5EF03F3413154
3475	3177150	3B1BACF28F0EA52A8516AFC9170EAC0D9D194FBDA28A81860938A872844BC2CE
3476	3177156	31EE45839739367F05D4AFE0A9E6BA5A4FD80159DAA600F4B31EE4EB419B46B7
3477	3178034	AEF2B0DAB4C0FF4BDDC49602F13793FA0DE4F594A0260522750475F8EA13BFF6
3478	3178957	77CF8C5B7D60AE427E36B97F0D153F063B017E13C598BC5FF309F1A9BAE1A719
3479	3183128	1AAF8434187E2A79F26F6380EF0954D3118256B3177E77D264460341B8278117
3480	3183386	FABBCB2137DE1F4662792BB9D66DA241ADA519FEBDEEBB3C0EAD8EA170A5C867
3481	3183705	5B9F0BE3733751F609AFFD681AC14E5EDE4713F4938BF472EB214BB22DC2EBEA
3482	3183741	CC968802C35A2B2DE5F5C909D7B610752DD5F7DD16A3281D012E42F9F57834B5
3483	3184308	B090D90341633E930C6C63AEE42C4AB6C229D73BEA8492BB77499EAA43BF8550
3484	3187995	73B9B14B8F28AC482938E07C418DA3BBC11552805B509A8E4CF294157EF49C17
3485	3192605	0C78CC455855C7F3148E5F4D9F8697B080DE08B46894A4A47601C13698276FB1
3486	3192632	8FAD8385BA6C047B07EFA7DE62CF45B1BED138510975BC3BCDBD8EF52A451BDF
3487	3194288	1EF33B89C511B1A28E07FDD2314634539E328C5319828E7A725C980D2A5AA98D
3488	3194845	9C884F0F40F82D0F87764DBAF26B9C0CF32AD78B1581C49D525ED4932D88649C
3489	3197045	33371E4A9DB0ED5BC147D6DE1B697BC004693C3556D00C1D162994458D5F609F
3490	3197991	57E9DF8163EAE62A70E8F41A9C4B833BE818ABF03BDA80B543C91B0303508904
3491	3199082	BCC1C8BBAC4CEDFBEACE691B588CE9E3D76CD7602864A420EFD9BE9E3C1AF087
3492	3199201	F2F29F0A9366A8A2075C5D83BEBAEDC36D2771EA31C25BEDEC6300EFFFEAF85D
3493	3199236	FD55A30C2A7BFED9165410FBC5C78F5E4F1CCDF61EB7F84AC94FFB2E726CED2A
3494	3203968	B777076039D07484666713884D88EF057690BA276E8357736255329517371340
3495	3204062	150D483981812F3B10DB1C6F7810DA63F06B7457334C45CEC8D14CBF470CE573
3496	3204312	6737BE554CA0234B3E48A0CAEEF6BE9A244A38BC43C116A3D2D5E15F794FA29C
3497	3204406	C7DA3C6EC4B848C76805C1B32041188FE2657531AE21144D374B914731F307DD
3498	3204891	5135F3C3F4D87A3004214D2529787DFF956A7B6BEE16DACC93B592B0A52E11BE
3499	3205074	B72A54983CD45378BBF8397BDC8BDE08130DDCDCACB2069FA34994383F89E3D7
3500	3206895	306DCDF80434C92C28A626C867F9F127C768AF251D7A179A5CF349B5E6A92BF4
3501	3206933	085AAD7104700F54DD89BE9D6E9E78F511580CB24B1A79BC89BD06E836FA67C7
3502	3207772	BD7506C09AFD388D61C69855FC6CE0E00F204C63873E5A076510F984201E7EC2
3503	3207773	BFF960B4C1C7DAAB18C7EAFAFB20BC574CD1A185491E66B51314A999B0557155
3504	3208170	A1FE135ED82238CBF63BE0ADE67CF72AB3FAC1E496CC714E4765CD5423FF4161
3505	3208171	DBB0CABBE83109E26C3A84421CB670A14206970BAA9F122D460534834704AC9F
3506	3208206	B20DEB6992F58371A44792727179D8EB6092B3AAE87DE02E1D566AB592FFE8A9
3507	3208411	B635298487D43F75B48E39C65D107CA31F4AFA992E29ABF600FFA74933A0B400
3508	3208756	A62C80E42CCD76DB7362161C36B197CCA318D7808F92B1D527BC8D88476390AF
3509	3208878	EF73981161642AFE0DAC7C44768F612152A74FADB8609A1F23187ACE4F6AC7F2
3510	3209758	3E16CD82FB2B17F9A44CA152AEAEC822023A0A99751397BF2A9EED98102BD8E4
3511	3210427	21546B402BF0D0A7D41499E69AA9520194DC23E0B94BE40670C847D4BE7E527C
3512	3210445	11FF31969485A8032AF2D56EFD22F192901BC7B8AB10922C7DB529E2185387E2
3513	3214168	52C28E014564534E5AE89732268C312FFE9D496E026069546807A46F5A625238
3514	3214262	F9995B511E9F5A28F05BC81BFD850BC2E60285448FD55D3A336A7300F130CF55
3515	3214372	5350CE39EACF4D51D3F4BA1866B2DF280C8DF4EC9A1F8F7500907C22A978A1DA
3516	3214606	46C33DF58246B616E2839A3DAD9ACE547F14E6526B8534390D02A3E639A73042
3517	3215091	26630696B4AFFA4B56216CB1E74A1ED8B3EFD4B0BBA8A3BAA120AC94B6663D3D
3518	3217133	C4CACCF5CEEA96EA70A337DB218E27DB06D5A862D1B3D3ED4CBE8B60F580DC2C
3519	3217972	D4D0A4A03EF4A7A626299A586F79FF664A80FE294A0F9B8765C24D3C44E3E6DC
3520	3218370	8E9E9C3764BF877FF1CFFBE8A169E0EBAFE300AB7EED921450EE42ECD6937F53
3521	3218404	AF77447B0F4CBD762A625A5F03ED26A92A34084C9DFB8D93FE38A1A5CA3DFEC5
3522	3218406	0D4FC86F13434835C75BB1CDB039DABBC64B6B6F993F045CD78636264F87A227
3523	3218609	158E0403D200FA5F7AB50B9BC9DC63E994C8B784D06AE94ECBAE714DED37FC88
3524	3218611	E3D5907EE54D8B055251F1A8F2EB13FCB0FD5EACBA92455D4EADDE2D8306DB84
3525	3218956	FF13BEA77E3DA25CD84E1D3BF4EE1A449F803B0BD326605D4A04FB3B4CC430C5
3526	3219509	4FEA8EA71637AC8FEF21755CC2EA6464B4B296BC66FEBDCEAFFEA5CD1B44791C
3527	3219932	027D634C28473BA0AE9713A1E565556E9470317FD31D14E3BA145A902EF0D717
3528	3219958	2FF68DD0D7E34E818D6CEF2AAA0631F77DD0EC2459F07E66AE35188B4112EB73
3529	3224368	F8740B34BC85CEBA41DA5A7180AB72F11753B166EA37F2FAE7E9B739E7EA1A97
3530	3224462	7BD5002A01FE28E3CDF07A8CF79C48A3F72AE3040955EFF34BA0252B9E6C1F17
3531	3224885	28E71DDD0860CC86056EEC9F0DBBB9F14FAAF4F1D470E45A0AE553F87221F06B
3532	3225120	4FFC019C14668E6476BE10C8E0C71D1A3D69828CC4CA41C157793F325F257CB3
3533	3229798	07196EDDB5A540F0AE380B855520EF4C8DCFA3B561D11FA7E71F98448A555D45
3534	3230251	6505E1E6C24EA27016895995D0A175B340A8D5E27325C58D5946D11889EA83AE
3535	3230377	AF566E6FFBECB3443B41B4432B0F7BD69A5A296836D26498D3D70073862E24E6
3536	3230845	7EBEFBD0BFED2C75A0AA59717104527F2697A27724A8817879E833502F9C360D
3537	3234568	261E113054AC8E833047C3FEA5EDADBD20CD7C8DCDFA6908ECDDC9600AE6D375
3538	3234662	787A81B823D453C22F2DA44EC83AC5D52FDD3E4D6AF4A866D1CDA6923E3BA7DC
3539	3234772	2388FC6AEEE1A5FD108C70BD39E4A89F41B88F189C9A3B6CAC61D07FF844FEEA
3540	3235006	F038AB51366DAADADE38702BACE4B8265494A20C143AC6400E4B93600C56A720
3541	3237159	BBE58431303AA6D8054DA6755646359705F4461ACE4C5A06D10B6BACBB810560
3542	3237533	DF1803F835A06DACCBE3B9EABD223B2DF4910C01CEC74ED23ADD9141D526143A
3543	3238372	04D4E9CF407E6215B78C0B5CACB727EFB4B9789ED7002A2B4DE894C76DFE51E4
3544	3238373	6A47B5F1B55BB88F7E5BC23614BD1C8505C5A7590373A1C0868909BFB849861A
3545	3238770	3E8F17FFAD8A8F66200CE8218B68AA0B2D103EF242C294A77EDA33BD8F933B44
3546	3238771	E2F2FC9F2A10415D73274578791B11633CFA595F451BE83164A69ABEA69F492D
3547	3238804	114E9C7D223DA84FFFD326CB99C052772A4D7905EF72911B34A1EFC513FDE022
3548	3238806	09E0B1C854B5A37F16CA4D4CE79E008A3A8459D3E8A6884D02BD9426E10D7DD9
3549	3239011	609A960C8B9B265D83FFE78754FE04CA249F5D7813AA9480096A679463454F34
3550	3239356	1EA28641FED96576635AF394CBF89B5CDB533E8C8E5C360EA00DEC327BCD6E8F
3551	3239478	C18D39A7E8D64B1442C7B42532B749460F8FFA51B903F926EA166CAE55983CE0
3552	3239972	4F29A6B152E014B128C14949AEC1F1CAA8D84D0990E0CCA448691C0873C70542
3553	3239998	32662941AE30FBC79FEAE28C18AB141BCD2374CB432542851F3876CC69F9FE2A
3554	3244768	91F72EF416FEE91BF3531CC65E2767317E128B32A5ABBFB5A1F8379546ACD9F5
3555	3244972	A7CF636837305DFFDC92BF7631F228BFB841EEA07BBD9DCCF57E8F31169F4ADD
3556	3245112	C554DA9684680900DB8AB41524A6F2514DD8E75C28318956AA0A359AD4726558
3557	3245777	D7A8DA897A5323D9009B72D81818E86FDB08ACB4D0B9A36E98C030EA5FB3A3A2
3558	3245874	CB791DAE7176FE4CB7AD4F3B353759ED19CCF24B1BAE094CE389FC4D2725CF3C
3559	3247695	0A4B9AEDC5C772498989C09C7ABA97AF418571EF1C6B913761D2CD3B9AB113AB
3560	3249211	05C3EF75D03342A7F930D323BE2F5DA27208797F03DD337EE46C6FC031F8246B
3561	3249556	C567051EE4EE7B5F361864FBDC87F56048FE926E83BAAE15FCD0C78C64F4B624
3562	3250777	D20BA62FC37F545CBEEE34EBFFE2C59E8E0ACD399F20EB9F58DC3BAA9C1D31B6
3563	3251245	B10BEB34AB0FED0D0EE0A31AEC78CFC200F92BDF977439610727BC5E2197D7FE
3564	3255172	359EC318F700A0F925F79323D3A5CE3FE3D2214969E4D27913D97D7D30A8983F
3565	3255977	CB875F692662F745A3A8EAEB4E8361C65028A44A0D6E10B915269F85FF3A467E
3566	3257206	022F1F258EC226A1642755BE601554AC13D5235C880F3B9B8E626115AC7346B8
3567	3257293	79D71D71D9477ACCB78A11C4F569B37480FC5FD4702A02C21A8AACF19947B83B
3568	3257846	86F11757CB1FD89561032177012611D8F239F2AE07B8D61D7E751FDA4EE7C366
3569	3257933	6139F8A3B82D8C2906C859492D0E75D5AF4F488F5BD7434EB55D878DCCDFE25C
3570	3259756	79293323AABF27EFA469452C61A296337A953F385A2FDE3ABD5FA9210F9B19B1
3571	3259878	820CFA3C77C3882A488B118489A4F2A3335FAC7F3FC766207D086CD8748AC8C7
3572	3260758	E5CED48704617B1E38140A1119DA8679BE5F71624EDB278AB18837A382C5C71D
3573	3260977	6A87D72ABF67B8DC67347057135BFCF6DC0E92E5A0FC1E54132F53C4107659E3
3574	3261445	5BAD16D25288143C20D216F5BF2E770B8CD2895B3B8519228D50F2F536C9BCB9
3575	3262373	A6F285BFE594FF9E186ADCD78D4B11F2F61EB76C3B34F453FC2E34009535C8CA
3576	3262539	1A1EBD3BDD9D89D72254F4FED1F5DFD1C5F732E25459FCEB6C6C1FD25129BBE3
3577	3262557	EFAB93DB9B564C1C0672ACF4B2EA96E9CBFCE492B92236DE5A4DCB414AD3CB8F
3578	3262705	AC478D65CDE7AF7C640A74ED1C874AD40DB9EC2030E8EBA0AD7577306EF07EAD
3579	3262725	A5346C39FE4FFA96FE334D4BFCEDC5B270316379D1DFA31AC451A9CCE48F8817
3580	3263101	CBC8030B0F5BDF02C21F2E71DDC2840DBAA3A137736C0ADB9DE9D48018F39EEC
3581	3263264	7A7E1A0CA1401D50A230DC867B6590E337CC530DC96EA197F9785DD482B56C43
3582	3263471	F306863D5E51DB65D147C399DE8DBF5162633B5B5EE5C6BEC064104FDCCA3B27
3583	3263639	C57631E257C2BBFAD8ACEEB12DD6553AE84DB1C8BE37306020052DBE54839198
3584	3263847	D1E283D4AD27BA12297901E34A5CA64438B1D35FA0BAA2725CDAB11DEE3D8F57
3585	3264633	79DFCD6711E43BE692B77610E389FD722B4A893DCCED94DE6A3E1F9562FCBF27
3586	3265737	755FA3FBB7C4A6E2768AE63E21F0648628567CF8FB7BBCC816E57D2EA8129D49
3587	3268075	838507A0FE1B9E48521E33F7D7875A4846BD6A88A9C250B6242817FAD5DF1FBF
3588	3268750	594567831A6D76357E65328D42A0A231DF3F55DE1573E6B98AE3225886A8E10A
3589	3269807	4FA1914E8E0BD1BA87F6FB92DE0BCD0C53B33FA24866A600279FA20F71793983
3590	3271940	5CFCA678B495B04AAA14CB3A3224DF35D3B6CCB95FF5358013C2DB869870FE79
3591	3273462	D52347C0ED16BB76AA2B5CB5B49379A0681E8D5A82F82ACCB76C5824F579BCDE
3592	3274601	30ED9EA5CD41D736A25AD2B99CD4B9872DC728644719317414B20CC2A56346CB
3593	3274946	EEF5D2D2EF7BA587607901001FEF860BE3037133D27F87E5B238E35FE452FC1F
3594	3275366	DC7174E6AF90C90D84BF0DFEF7AD6909A37DFFCEC7523AF9C9D9D932C8F40A26
3595	3275380	32412886CCC5000116C42D594DC7505EFC832EEA50BD4603A2F287362799317C
3596	3276190	0ABAF26271C6D835BB0634017989F5A9D03843FAF39EE79129418ADC580791DF
3597	3276679	7B1B40B86ECF2FC40EDEC646D928385998339B3CAF410F9340FE19A40B8E0DE8
3598	3278583	6A63396296BE5548E0223E446EB70E5CA462ABDAED9712EFC02B15AE0B46DA74
3599	3278606	3216452E7F3CA08A0E442CE3F72B87D59AD35E8338A4AFCEC67A434909B8F190
3600	3281145	46BE91142D15E901628D8D1B62C2601F10ADD799FA0C15B6126243E115330103
3601	3281208	72C3B30DA2A3EAAEE5ACB74DAC097702F3A3DCFFC144C1CBBE26B04DE8C35085
3602	3282417	D1DFB8A8A157A01710B33E27452DA1DCFD48CC436C7CA4194CCE6DC2EE532277
3603	3285733	6B185CE551133722F8C8BECFAB87189C5AC718A8AED55C7EC6B82FB1B9D115D8
3604	3289813	069686CA80053B35E7C9639A2A0AD9E31C30B4706DA4E1C59601E9F3963124FD
3605	3290493	2059B5BE39CA657BFD7030E820ADA499FB3168F12572BE0AAE7011E43F9930D5
3606	3295142	5DF9EFBC80C0314A45FEA9737A1E812667F2AA6657A650B6150B7DEC9CDF0639
3607	3296529	EDF67D80300BE3DCBB45F833C7A4E92B9E94C84E771F6159043AFEC2743DA3A0
3608	3296697	9C3369746AEA85CE9272828172C295551F2F46F5F3C6BAF0AA4F3871C31E6256
3609	3297552	A639BECD25179C1945D826FBF22D9A42350F0AA3E0568EE1BFCCE72AA9618075
3610	3297716	ED539A8122E87A41608683EDFEF1112B215EAEB2430465248787EA343D6A0833
3611	3301079	9AE75074C5C63E3FEB33B84E2C81FA4BC6EF1C32E6C49EF17A913249A6A4EC38
3612	3301213	0675D81F24C22C23B467AFE33922569EF43A4818C4B3CE98AA1DA7C89EC42945
3613	3305418	41F1340EB00B3FCF88CC941A53F0964BE10AF926C7BB267A2D1204419054997D
3614	3310079	B1055704641259E6DD878DEDF69B103C69FC545808F19908C13161B70F614E22
3615	3311919	431F7ADFB9B2088298E97F925E0DECB323E7B26ACC879755AD2A192167686C45
3616	3312913	4AD75B53E104B28688CC85A2735ECD2DB502CB874CE88D1EF7D196FA33E592D3
3617	3314702	D32A737B403D80A5BB0B40F53293EA049DE0D68E4C44258140D33304E309C530
3618	3320521	5D5919649061C577F225A58D413C8417556E76968175B4A75DC442C3871D1538
3619	3321074	C137B7AC15DB12A9D5BE444D88E7980D8BB471B19F1AB6CD0589655F4960D4F0
3620	3321772	9B3677E6C43E382E1D0720383AF34F3428201B8AA2FBDB5F96C4E683240D3E76
3621	3327529	3BD25099AB3C786CC15B14107190CBA1D7B4B4F801BE627985A42DED8D20E57D
3622	3327588	8B80EDF368D9AC6F7E12323F17C31ED2495B5394D2AFFD184D3D39E9475EB765
3623	3327601	DDECA1099E1CDA2CAA19AEC5E608F0919B46B60143843A5E46A169824ED60685
3624	3327719	F61C01C0F900F469ADB1138C67560D80CEFA43E11A27ACCD2BB26D3F18D0107B
3625	3328298	32FB193B5FF42B821FEA1D4D2E7BB136F6E7200656FC80A7A5D52FB9779D9066
3626	3328466	E4B7172FEF47FB5ED24C05EF75DAEE40059356A5149E31D0525CC936637F7082
3627	3328919	3E1691411928815B6DE5CD61CE07744685721E47260979D8241BBDF311A46610
3628	3329399	69E1CF86CDDDE4C7F92ABA4060199FC30EE38F26BF65F38FADCD81C56A0CFBC9
3629	3329494	24647E21D33D2E6C2FB0AF3D340540162F925D1667ED483906A667FD501BC8B7
3630	3329516	0540FAFEE09AFF32E2DFAB39C7EF3B91936D19E2706687A486949D850E8FAC58
3631	3329594	9020141C8C0F15F5EA32E95D2AE361E09A950D5317326D925B6320D891CFE8A2
3632	3330642	C99B137067B540087AE328DDB36FAB8DEA64C9571EF2ADD105D9435398CEA801
3633	3330748	8A3FA830F4CF79306A324C0DEA4B522A87A8909208D68BC6B13399343B7D0A36
3634	3330782	E8D32F1406E2E6A4AE998E8286F6564DF596824DF756DC72276600ABD07F55CE
3635	3330783	B74A0FA6F50D7BE17E6B30B25460C353FDB28A2A22F457B749E35F866D61A44E
3636	3331838	EBF02DE7D356D8712C020AA69213D8F784C9674CDCB86F8728823BFB706F66D4
3637	3331888	8C2D29F7657C3CF9327ED857906CCD7A7902EE39BF8E639F0F32C4EFE9B36C4C
3638	3331940	5F508588B87C72BE80AC172A4714EC9B85D242AE0A3F0E0A8BAC069C9979BDE6
3639	3331941	992F564F80BE4065F880C010DD28C29BA5B5535B4053A5BBBB6D19F557639AC0
3640	3334226	3714876B43103A261B0C932FD29CCF93454076D05ED6F2C6267CADDA06E8D56E
3641	3339507	91A2D019A2DA8E618F75E8B985C7A130E93F8E0A7FFB23DF90C0C815B0CC8BAC
3642	3343187	1ABAAFF77AB7EF0C46B7A595FCEADDCC280D3A11CCE1B4640F2C9E8641E4BA14
3643	3343703	77363A8753D137DE559349889A71FF2BA9F8EAEC693BD5302B9A1973373141BE
3644	3343778	C91207F31C4DA550B9F2A89762F678D00DD1D07133A2F9CC1B8155C1C9112867
3645	3344391	FC06DBA122EF1A91F720B0E5504ED40BFFFAAA1012AD658BF446B17B702B9AA5
3646	3344558	810F73E7A66E7FF900A46D0C36D8CBF56980E17847C646268090A1B19AB9B105
3647	3344996	FC3AF5F53FC3A4E4AF94AB2807C82666A9814D17D6787961104EEDF9FCE412FA
3648	3345534	3C047E67889E94E891D893A158777AC155AC18DA79BB842D7D70CB544DA005D3
3649	3345535	2FE219EC46D6512182F053019508EFF31C7C1E5C4831441A6E1A4B22A59A33DA
3650	3345552	BB14CB8CC3DECF06D80301681FA026D701C8589839FAA9269F0E5A0C3AB68FE7
3651	3345553	2DF2D5303A7E74838427706B85508D8AF44495DD8D723F4864C0A3F73ECD9ADB
3652	3346262	E13D6A5A10A095EF113DA2043E58FB6F1CEA69FB679C4C34A288583DCC4736E3
3653	3346263	18257CCA3E7E078594661308E02C72524702B1EF6010CE9989756349F6443F6D
3654	3346460	6D4D03873F273E99D4AB67372A636E46CF8BEE80504CA7F173E6A7AB8A5B5029
3655	3346482	968BF6426EC7C1E0CC658AED05044805184AF2BAD1049854F8314C63E7968FD8
3656	3347421	51A3D7FBB9C94779A1573767003BA4B53B25457F442EE7EDCD7CAFB2569A3181
3657	3352215	52EBB9DB64FB4270169C875035799AB5A5918C5F500E3E0A1076254E2497452B
3658	3352509	1F9212B977F78BDBD9F5992A6FFF780F142224FA3917CDA0D08B9DC8DC2530B7
3659	3353661	A9EBEB686EA18291B840AF7D4681777E3AD7E316C61763C3739DDCEF3C3C19C7
3660	3358677	B2D63B48C4BA9E765482AA03CACF2A655202866CC4B1DCD86EDB8691BFDEC80B
3661	3358679	25735AABA8E77905DA234A7C75E8A857821BA63136986222083E115041476270
3662	3359078	D8601B19145CDFC88060EEBB7C7AF87A5D0A7639F745AE033890C92C9657A406
3663	3359205	E20211085A52B783754636A861555B6E6A0659AD2A2D23B958AC41C763596409
3664	3359861	241597AFA09F602C19DB98AE9823BCD7B31BE74941A1FECED2D90D0357642A14
3665	3359867	D01E2E2BD7AF36379C3BFF1BF7A47B18667B5A5F5437BBDDB9CDB12E3CDAB084
3666	3361014	1F70A16C94B50CCFF26E1BCF2E4B0E982A8B5E1B0E3A7E14DE2AA7C09DD1C31F
3667	3361015	67A44689C07FBEC9BE4EA648916AD4880A2F25B5C773C375C21C86CCC8E41BE9
3668	3361033	307A8AF35D502BEFDED3BD5FF6D4CD5CD25D73E45B6632572E1DAF4C1B812652
3669	3361592	6D5E264747BB60D87F3E434B65203D3C3D292FF1C389101296FD68255E1E4B67
3670	3362946	2B8DDD113F75084D1ED9959C3C5ACDDA1031B21408BFA141576B4685326D6655
3671	3367039	93EEB6BC63E8BF8CFE02BD200BA1B5659CCE46E5CD596242046453F03402B21E
3672	3367931	4483FAB1A2EF18B9E2482595B73BC959ADBAA14B13207A3F4CB0D9DEE33E9FCA
3673	3373969	15F6AC770A2D5192BC939C3D7AB01BAA472F7DA5BCC9D9B4AD932AC4BF386EFC
3674	3374106	92379C27CBD9E5236EA2F91D5EEDB7230BFC66FADAABF53137010D4CE58A79F7
3675	3374147	622072B91160F8E514A298600A5BA6C48C1F7AB48A44B129B6DF2D28A58F876C
3676	3374157	6A0D9DF6D77F550B2442E4DE4413A3319CF70589C2E0C4A6BFCD7B5FF79FE120
3677	3374655	228B2A32C8B8E78886D9CE358B66361E16A8A9B2AD0D043B7DFE52C135A6304A
3678	3374738	8E74D87434A1461545527D33049421DACBBF8B768CDF9254B9B7A771AB09C0A6
3679	3375299	D46FD0D49369728B1F9039AB3F0A51E11A2136760FD6AC274E631440EEF8E9CF
3680	3375351	D3C2A30EE5E2A9D1FA7F9E21B4A8570BB66B5048A16BDE47771780D2EE9F0BD4
3681	3375770	86D5B95A10FC24A51B450D06DAB4C42B69C618D8212D8508D46819EA7724D1EA
3682	3375956	BFD75E3C36E5E8DA42450AF7F1182015EF45E76949F362A3276484B8AF322438
3683	3376494	8B214C3E6A23D6708F2683F3B7AC072628C60E5F5DD6CAC87D09113CC470C54E
3684	3376495	C24BCC2599E506541E01968C9058B9088C41E3FC7577343884FD52FF0B43929A
3685	3376512	81BBC1AA327985BB60A40AA0D7DC760E2F301B44816990CB77503EC210910F1F
3686	3376513	5242C7EE3072496A3598317A8B64278653D0E7E51326B4E78F04333392C241CE
3687	3377222	A3AEEE731733A0F8053E002E02B44B7499329E7D922203D40366CE79AC6A2102
3688	3377309	51FC7EC55AD1791FAA702F763CB420E134D648E3461FA04168FA04261ABBDECA
3689	3379578	2793FD2F037D94578A4E5DEACF3A1B701D1013065FE8F1EA29A9865C7D5B0F43
3690	3383550	4484D2821FA8050495133F81BED6AF68595924AF72FB853F03E0988972513B55
3691	3383589	AD79A96212A9E0E19A0029AF967A535CD860140C29DF901007CD53FB39B04139
3692	3384301	6F4019701680F410578171E9788F6074B3C699A95342D2C594893241FC061447
3693	3384621	6A551ED53A3848410980B2F262DAD4E8AD799763CC076E213D015D56DF4DED35
3694	3385207	E0470FFC3A57030BA188A924FB87CA6F91D5F5579A7642B4FF1307754DB2F8DA
3695	3385709	0D3127B0F11905290E2269213B356391DFA4EC65E3E0B8C21337A4C219583AB2
3696	3385723	5BA4607C8AE89EEDED2BF8ED93A5FDA7A74B3516443E541091AD9C3459E16028
3697	3386637	06FDE7A5F631E19D001F35D6365E9A3E66892F43922E6AC556E8FB16CE46AE04
3698	3391218	77BC72B958959AAE5F2E8A4A782F82821D0110B2D7F62E2816D5F3A4C2E4F551
3699	3392187	EA20B04360EC6C59F09C2A5A55376128949772A184C32D5642EC993C3BFF63DE
3700	3394365	E49AE2F2508A8B7F52F3ED99E8C7BBCB96B15C63ED5FEBE639BBC76927CA96CB
3701	3398913	F01209CBABFE5C1F85F4ABD995B640569252889591CBD9B442225D1BF2CCEC29
3702	3399365	40BCD06D805561A7466535FE12DA006CFCDD2E1D60892130C3599E1E84D2A014
3703	3399512	6173233208D7902BA16814F883E2D0B74FC6972BEA9D98865F0446BA006E6388
3704	3399721	D181973CDCAAFA70419C13F2B6840209D2530723F129EB8ED7AD3294F77FEECD
3705	3399746	CDC340851503D562774614452B536EFA1B2195BF2D0AAC4EB00B4BFF55040E3F
3706	3399756	49DF2EDA620445784802E1B6EF5964DCB32D93AFD03146386504F2F8DDAEC46C
3707	3399910	1D7EC2DC0CE5E74D1149A7B2509E03063477E0A073302708833B16CA65D693E4
3708	3405023	5201F9F028E101B1363767518F61CBAB00BBC17FFE277CD3AEF01CA0B0FA642C
3709	3405040	084013DB60FAEF2F9C044B18D28B9B1C3595889D9ED456E6AEC339DEAA5E7280
3710	3405194	8CC291CC004FF24D917366D934E1C935FA3D484ED7E9ED3FB86E79ACFF93D3B8
3711	3405230	6BEC4B478891C99F5D6BE45BD8BCEEB72DA71B2EEAA0ED400B2CBB09C79588FA
3712	3405513	FD796A71AD21294353F0562FA7A697E9E7599B01597832382AE69DD623A6108D
3713	3406454	41C9FEC7185B57FDAC2DAB537F651DEAC0687E06D85E38A7DB954F97D20176B0
3714	3406462	A1E3CDF57F61C3E784ECA33873260B98A07BF679E69AD07FF4FEC574D9B79DA0
3715	3406721	86054FC26BE36431B9D2C41D1659C82975F7810C294B44A95A4ECC0DF0CCF249
3716	3407034	A5B4D4424DF286C9241AB190EDFFD1A6B6A0BC09FF00213A0C69E50B745FAEDC
3717	3407438	1840D59481F2DC13E24420CAC70D82E5A4137D076CB6961E9A6065928110023C
3718	3409190	E011D26E1828F1335606229270860DE5C456904B05AA853057245A9F61DFE198
3719	3409212	B547699A8F347ED4F2B5D6B5CACB773A45737A7AE82B5AD7C2AAA30780E08D6C
3720	3409383	0185C667081AF53215A33C919610A1E7F007C6D1AC83825382D9757B8AED8E5D
3721	3409482	39841A3F5454DCD684E00EA9E210C79B3AE00450A80C7B685888B326E45BC2F5
3722	3409514	170088068BE4B78827B8F6C705EC36AE9A60D505971611FAA5BA53EB8D3452A2
3723	3409622	0240CA8DBAC8029CBCA397EA8442B4F5019B3BFE22A006A949D0F3B0CBFA6AD2
3724	3409914	2027BF3A53A6C2E5FBB2826BB2215CBA6FB1D9F27C0FA2FC8C5E86DFBD22125B
3725	3409915	4A11EB6F00BD1F8CF7B97A5CD2258D368980D9A3CAB642D2BA1D140D0CBBA0CF
3726	3414404	E12D3E33711F2A61F52EA24E3612406D1ED3F0CC31A8D69CAB9370DC01BC1292
3727	3416682	0B8D63D924389133AB9C676369B4DF43095E9D5B15550C6925394AECEEA9FEF1
3728	3420993	2D8B35ED0EC2123095F786560C6D7CC0CA7DEDD1A05604882F6322682D15428D
3729	3420995	1DBE0070AAF21F6CF80EEFC4BAFA8C6BCE2446ACFD2C6B2408D96C574762D101
3730	3421386	300101B4C712632292D58A6D5A4CAB522DB20C3053AF630A1AE9A07DBD61559B
3731	3422193	5335279065AE4485946CB34D89F4F1C12FBBC6866675EC3F05A8129772D9834F
3732	3422387	DCC824CB48267038423D51A71B16B35529AEEE89E8D9ADD074D23468A06BDDC1
3733	3422961	9C6073882C0DDFAA7D159D561246E4783234CE81F4505BE4E792ED25843D6EEA
3734	3422979	CD534E4C7E39AE5422129392DC866C3E66B53C0F8E8E4DFE451426637084FFEC
3735	3423857	A10C5EFAB562403BED8021A7B18B81F73E4602488E2DE59A85AFDEA09EAD6804
3736	3423866	D8772B09F4BAED743F5FA18A54CE664D8872C568F4E49C47B38D5167D691EB76
3737	3423867	F019295C043905F9B237ECDB7F2FF10C2B989B6040484A1FF6C6765B46BE68B0
3738	3425395	2FA38119CA934177195D474B8EFFA6E7FBA807962C4EB4D63E2CF4D993970874
3739	3426798	8BEA94E689C91D0E525CDD0DEBDF481856141FE7DC8036C0CBE4B80D90B0D1F5
3740	3429513	E5D07D7C5E751AC95330B0120599DFCC4425FA5DEB766F4C60AEECF9EBFDDCDD
3741	3430206	D55D9ECB7B215399563C8545B5CE8907FE2F670A94CC1482D6C77CD572F3F6C0
3742	3436190	D23C44EFA455234B5FB9F23A1F245BC4AB898AE4CD7636C1665712C0B69F395F
3743	3436265	B130760EF3EFAFE6A8C787F30CA33365D7BFA34623E4FD1DB4F18EB4EE11579F
3744	3436322	101F31FDBEA4098129C3E8BFFB8353FA1443D316B7F1FDA21BFB43DC8DE26CF5
3745	3436465	724729F4FE3904FE80289B76E48D893ABE049FF25780B3D551326344542CE18B
3746	3436473	6F84A943F2A6E1FC6D5FBE0800F4D076BFA5F4277E0851707085719BF77744BD
3747	3436695	F5592E1B7D625E0507EC76F430F63F60DA7272B16EB2A8E58307D068AE56EBF2
3748	3436848	A1A8655116FA8124C5058C9B273F424054FECF63236BEC1CD4BA6E54055563C7
3749	3437673	B24057A592F03E3F032EA4B32D5C9B72821C64E98D1C7A5A4ECB2DCFA2A87BD0
3750	3437681	D2C0888D024D3150F624C580BCB51B7815CC2547522458124ABCBA184164D7A6
3751	3438441	7D4E5199956062B16B41EA234956AF1442C54EDE1688F53ED0A273FF0FD5D02C
3752	3439336	BC02FA5D6A05EA7B7265D7B9DA6B9FE3536D31A0F1639E61FEDA77236E870FD9
3753	3439337	29999BB785A2702E5354B2456AA8D2A7BE3542F311091F0E42CBF5416EE1176B
3754	3439346	BA6872CDA618E3C1EAE739F2C74D35C21609A92BC612611CC8169528ADCFFD0C
3755	3439347	C4E02B7985577FD74166BF0829CEBACA3CF8895BD36E2B21D52A31041E865552
3756	3440474	921BFBE1B7C875DBECE7A0BE846A02AFDE040E1A2AEE04664ABDE1FB83F1B357
3757	3441245	E8EB445C61DFCA21AB41C02452ABB9A4D6A9BEDFBC85690D7857429CFB57676C
3758	3451483	E2A500681786C96E9D40B1FB9FC4C03B5E07F3F377C2B7FC24BC9CAF32222E72
3759	3451955	E7ACE0095BCC3931BC51D3EF4E3E8437C3D3F8FE598E035167C3F2E04D9B471D
3760	3453153	BBF0CF1652584EC681A80C91F36BF0512AF781D822DCA3D0F522D1C06F1BFF18
3761	3454816	45F2DDE5220558972F6E453BF1B50905A496278C43F8C54364E10F70DB5FBECF
3762	3454817	71B9B5E552F8582D7BEC1F25A80BEA7FC3F1C3523293CFCB2FBC78EFD7FC527C
3763	3454826	E63710365D5F6FCA5EDFC70B54D3D30BEF0EB571E832AACCE606DA0076561216
3764	3454827	710A83049FEE33FD98CB80266785FCF08BC84E80FC2BE097A3692291FA763EBB
3765	3455103	8A3FEEE07F687352E739AA82FB9C001967BE72B386F89395634A3C2218C40250
3766	3455652	1D26C2E2D1F3E7B8FA12D5D1B3E58624367E79018414048CD45D9EA603252577
3767	3456355	B1B89AB2E469FB76A2FF3A248AF89AD8D1F155535C89E7D0A5DA423BEB756F6E
3768	3457293	49F77ED58E440FAA04B11B2B35EACDE5B975E82D4F503CEEC4D8D4236BC75C03
3769	3459897	F799F50E2CE58B215137A66B4CEAFF800F3600AE3B07747C469F7E0F333D9BD4
3770	3460627	99CB7DC48C73E684B108A3993219CC3748B0604760EFBFA2C9367536FA09A9E9
3771	3461128	2231016771CE09B9433D7045BAED6F7A98A11D98A0D576641A41357B86414197
3772	3463295	ED6A386617D247CFA625BC831D0AE16C945D19F197F8F5C2EBF2C7C819EF3E43
3773	3463998	4091625C8FAF5CBEA0D4A0A75A38DA487CE06C14703DFADC2EB5C7A13FE2B53F
3774	3464129	B5F2206F54C7E0F310EC15BA3F7AE1EB26713E1155DD166A64D00ED3684F03D5
3775	3464964	E4C8F3855C51386995CA8B5B4F050FD6256FE74A2D686067613650F121E0D462
3776	3466052	042220F5C71BBAA0AFE0304C8DBCB1AFE402B9B5B3AAB641EEEA7F2F4B25FBD0
3777	3466082	1517B4C9E54C2D2EC0F8CDB37070122C9E7D641BB06F584B1E07761A22ED3CF7
3778	3466102	5DEB2A1DD91BD119A501390207FD9B238600D92371955A225D6FBD016D4EC970
3779	3466172	B499FC54ED8958BBE2F7BA8E96DC87561D381FB6C3DB7AF69D5F6E96592D8BCD
3780	3466225	924403B20AB8F2C7FD81CCF33A46D71AE42071155496C5E8792DD0ED3FDBE0DD
3781	3466226	A96C089665225CEA8E3A746E470A53A3124385006D42BF2AE94A11F813009FC0
3782	3466238	99E9489E426E734563886C8DE0290AA66F95364CC0BA51AFC68EF453255F843B
3783	3466267	6C96979C9BFC46A79D31DC43D334B61174113D2EEE3F34D6DCC428324924CE88
3784	3466284	47BF983982EFB79775C153E13CCC0743A957FD25E561508B581F47889FB2E98A
3785	3466288	947689A4FF2D32C1FCE1DA836BCB0DC81859FBE4F749428443D7B9FE67F9B833
3786	3482763	24016BD476636DF5BBB3CE1CB9342730A94C681C4FA20902CE15FDEDE5C19AE8
3787	3484103	0AE612C0B0815579E1E346933ECC8B873ABF8248B2CDDD16961034DF7784AC5B
3788	3486932	079CF8C1CE308E440CDBCBE2D55DEA3D595759A24148457873C436F229D2632A
3789	3487095	61E47151B63F1A2ABF79B8CDF0DC999A2C9F359D7D432E02B183607B070CADD3
3790	3488021	58D8D8209E472F78C392B7E9238DF91603EFA365AB67ADEFC6C8316A70A3FFE1
3791	3488377	B527C0CD59C2B076D7B77A6CE257F3F786FFAB77B27C9F11AF483F415AEBFB05
3792	3490222	E2A2795B24125A6626FE76A97BE5F70FA29AEFB10165BA39105EFA9CD892E9BE
3793	3492106	E196F0BEE1687EB673963B8F64D06C13A60CFF2A45E8C52FFB23BCE5CEE4C04F
3794	3497457	BDF1D3858B9FE44590E947FE2FAC593EA8A76E01A367CA15626CF61C0FAC5F8A
3795	3500426	4949445D8AFB5D074FAADD9BDF4BB8A9AD6673437710E82FB58E1D27F4AAA3D9
3796	3501162	F9D10C138A5A6136B042D014AF318DAB94B81C91C2580FBE8534E32C95D0B947
3797	3501268	FDDD08F82063F635E070D24CA5AFE392AE1A26CD607E841B0953515BB89C41B8
3798	3501855	AE8FBC06947A3B0F49C252459D755537B0E7B0F46E9AE58D7D67BA4DD17EBB13
3799	3501893	C4E3129B188913782FC273047D165E4BBBFCF914246902B3FAFD2C53E319AB9C
3800	3502011	95CE3775639C0695A61C540765449DD9884ABF0F3B43E4BAC709F59A229CB5A8
3801	3502390	3706B7D8C1CF4E5D872AA4C1630624C5995DF1FD082266BFEF92267F9917B0FF
3802	3502400	D70F309CD1237E23EB50C106C708E589A13D4DFB8A78BB81E28530A30B52AF46
3803	3502825	17C0DEF023078AF9B6A8B866E17138A3156C73F59D931C0187ECE3BA95E9345F
3804	3502866	5F9A07D4030A26E71FA4B987FFBB2CBCD6176D7DF178F3DE3323041A3B4A838F
3805	3503264	41268F3165A2CB360B6865D2F4F40D3A661CFC7170F520B556806CFE72A981DD
3806	3503294	BC1E35D42C14BD526557635E5B702860D8204C95F6A2B4E39B6C4928287270A7
3807	3503413	F02D0C546DDDDCFED936090D0C6BB3D56FE6C5E1A89CACADB48E7F8845048565
3808	3503525	4AEE85E4E0D4508FD77625B368A86EBFDA7D1F9152A3E2940A90A0D0AC7BB7B9
3809	3503641	F8FA0BA741F9ACE64E7249A8718F5BB819F74CD36161F809130583578EBF96BB
3810	3503728	B5605AC44992411FB97B2F32632E2189DF3E67083063EC914EE639A55E6DF646
3811	3503738	A9CFEDBA52C3F37DA1DB1B871070B463D5BCBAA2D7A5C1539581932E233490EC
3812	3503833	A5C5052EBADA90149BB575761741D24B22566B35892C02F54C856DA08D2C34DC
3813	3505971	51A1A76EF6578B25BD04F61A6339E761F59E55A76FAED6CAC0E9E5425D232BC3
3814	3507779	D16C3B23F0BC096A3BA9A9C64DAAEAFF738606BD8B5803BF7E655D8ED618E270
3815	3508379	4C165A5FC5631B9F14C249969558171910372B567C84184941010417B96623B4
3816	3508473	93B03F86F67E8134C0D8CA528B9980CA03F7EC6743E0E4DAA5F1C5C01EB0315F
3817	3511441	C2305C5B45D1E1FA37E3535A4B124D414BAAD171092E8DC57D113535ABEF7479
3818	3515819	D61B75229AE73CC70B0E55D2A099F66016BEC8AEDF89407573CD503938386B6B
3819	3515836	EF0895AEE526A0C8DC9FA6676EFE35CF94FE6DB399B046D68D5EC273CFA5427A
3820	3515846	636B2F0157B31B532216A8150E9C20C999808F2435A22AB09486E1FE84294424
3821	3515906	36647D6E96B22FAD20E167CF3E83893D4A995D03ED984A1B92CE51875CB2E72D
3822	3516024	113CA949B1F6630A07E2A886D80658D89CA768A4C1FA4A9563459DA1269EC795
3823	3516034	BCA91D9317AA12ED423092222120AB7BBBD567F16010A7AE95C61845694B0AEE
3824	3516051	77AEBA9DC45B1ACF769D9FC0AA4218EF00BE3AD394B59BC36A79A16F14019FB6
3825	3516731	F51CC94ECF0799AFBC27570843BC052FD785803EBA41476A8C6F98215C9ECF92
3826	3516758	AAC0B0E4EAF5CAC36B1B063A5E40DCEED11431604E7983989BEDC2F77021B0EA
3827	3517373	3F5628733349E0A42ADBC2B5375309DA97FF683A1809514BF40CFD80618B4305
3828	3522525	6A49B1123F3F54536728E5CA0B162FF2100DF1036FE76AD8B18E7C82E93C756E
3829	3523259	3811ECD5DDEB74723FEB98FE39B5605A117E7A333A1434136975B542DD619F29
3830	3523877	DFF6E9EBA74208D815B649B9DE989F9314C48C16E8C092D70EADB502E3314C6E
3831	3525279	EBF35A2BB5F4F612FD88342EC0D678B02F98C5034350EB8DC50ECA5819772CC6
3832	3526312	D6544D796F96B3D12A69B53B7AC98A0758AA029928E8DEF89D9CC701D7047A2E
3833	3531299	3DDA31574DB8F09B130E508CE0386C968C5AE91C764CDA54388D1DB1E007334F
3834	3531316	0B21457D84E2CA133DA3A01303B5A1A4894CAE4195697F986DF91ADE3D73AB58
3835	3531367	D53BD17F3AB3B2743C3D81182ABDA3B471BD788782A6E244820490311FA4395F
3836	3531386	1B366CE2F2572EBC208EEA49D6A2154921B3D0BD9C9E26ADAC792475596800B9
3837	3531537	6ADD3DA831C39EB1778C2D92C56CB41FF3EFE18B9D7735770A6E095F01E467DF
3838	3532060	691AAAA3F24414F335252A822A912D7544AEEBD9634FECECC6A1D8328456ED3E
3839	3532211	275353A30ACA1CA84827EF6A2DD34AFC66749EF701EEFC017C30D80382964BC8
3840	3532228	E4156780F4135B5A43B1AD4FB2B04FBF8001D30ACCC005A189FBC6AA7356E05D
3841	3537613	BEB51C8060F0937DBED182AA2E9DE54D0A22FBFCA2053A7A7E5DA5FB5C5857AA
3842	3538739	74DAC5BDB4FC4C3405C3A0C1A5E0A5E66CDFC66FEA37AD944825A0FC5A184D47
3843	3539461	35E7B0B66675B7AF1404672FCB8BF6CE3D639EB09DF36ECA51DE8D76D621A342
3844	3539481	DC39FF35F49337D0FD2E9C6B0555F2D8225967CBC25030506586FD5291F8CE29
3845	3546779	F25FE7A9561AA9C1A011F978500E6240A80C484F14A67314A5D7F8987225AC41
3846	3546806	640177A5D91919F2C171CF0280137687E76D8B3693DCC45603173A870FE20A3C
3847	3546860	75F5DC3A14762BBFE7D7324981F678834E8DFA2686C524137839115F3212BB3D
3848	3546866	92E354A57C3CDC4922AB8A271CE58D27D30D291527380271093011BC2C277FF9
3849	3546984	9E32D9DF2017127BE8A2C7A5D506DC10F64114121E4F3313A89E632F18E08C23
3850	3547011	ED6AA3FDF249B889CDBB2E46D5076AC0A9E5463D5F44141973974AC9D5495776
3851	3547017	6AC121B0D642D9FF9022ED9B3203950A3417BC634C89F0A0A1683469C6D3157F
3852	3547691	2F2B3103D2667B5BCE1A3AF75AF836A05964EAE22A6BED0FA5A96B2831650594
3853	3547708	7D14128F39251D3BD8B4FBB096F46B6DCC027349ED4019DF2675C6B5EEA65572
3854	3547718	8389EAEDB032B6FF52222F11D4C4960AB6DDD8E37D34F897F7DDC7AF91048A01
3855	3547727	E561E6F0AFC4F2B9C0A89B39517BF9A503BAB384394EF64F0398071DF34137E7
3856	3549870	C5D166F77206125EE38E8F1A1DD58E7D7AC6CAAFB06854ABB7A81DDC273A1E0D
3857	3554219	3D5FE1F14338032314DF2A056A875E6286449812831A9DA29ABF670C7CAC369D
3858	3554925	BFAE982423E65EC2C80DE2DC28F0F234BDA24A1D71C2DB00C8E1806482DC1714
3859	3561105	BDAC613FF332EF837860B525651EEB4D0FCF07A6F335D3245C36E3835E560633
3860	3575568	AF2C1EF11F0E9254AD49563919285BAD960F9FA711DA532711618AB6103E1635
3861	3575614	EFDDB80AAC6B34131389BFF0EBC8709E53B40BBFC2B454795D7A03230BA38E2E
3862	3575800	257B75F4D79AA4998D97015C60DDE25B2BE57F6C5D8069BBEE8C3AA93A3DAE0E
3863	3575947	1506A7C534327FDCBC59D2FCDA5040621784B0EE368AC212C5F58AAB60301737
3864	3576892	D5B832C550B960BCB2180CFA14FFC4E793098B292BBC9126A4046A59AA4D5823
3865	3576906	D85231BB8E53A45889E1E310D4999C3B1F82A7CCABC6B9909D3F0F8A7D2AFD3E
3866	3577902	F7504AF2B2BCE3CEAB114840FFF6C292325AD040822966A3F2042C552A6FFE8D
3867	3578889	24B02A0FA07A24A0163D707B88386601138DE0A2F8026BB8BA87A452D3ED1243
3868	3582110	B2B092711F06674E8D37623B1B3E83E43DC05E19F96653DE8067825B22881370
3869	3584821	86061D644B2AFEDB502EF4CB4432A1EABB578A66F870E9E87E104AC1943C7EA7
3870	3585449	3440183D750A9A65352DDC16B546328F1A592B0BB0CFF849D51595F66B4ACCAE
3871	3585608	147860A091653BDBBF6B31E345B3A32C1DED142EFDD9F3EB925EC599C2BA2B53
3872	3586312	C337EAB06447E74CA1C296964C0240D22700F8FD992386D1AF59AF75408578E3
3873	3586767	EE1575EA3B96CC14C5BB3423604B7889787246EA60B2F8390E2F416EE5B73FCF
3874	3591060	41A4D5B0E0A9AC9ABFEBB06E0E51C46B1BC083AD1C7101182288ECC253FE4E07
3875	3591304	7AF50512C144F1C896BADF2209D431669D62A7CEDE7B4254FA1F5438E3CE4167
3876	3591310	E0F3DA47FE7F38451F0101B24902337BFEBC8A31B6A235FC422F84F96EC570FA
3877	3591320	999FB54E3145903430D16D3FE81B7CE2D8A0BC3EFD2367601F566915402D516B
3878	3591579	0AD76627EA38BB48169CDD07BC921B27B223884E4719391013ED82E75D5F79D2
3879	3591815	E3627919372D69CE16C6FFAFFCDB68042DCE67BD4B39D4BB1E74FB7C996A2034
3880	3592590	43AB7EBA75534873084D4C928FA4A70B532ED1146B47D799B1C4F6A0F3EB53DD
3881	3592592	1D2D96406AFB731A25587429D1920464DE4C8198734F85A899CD16A7E673CF6E
3882	3593584	5172ACD70E970E6D77B1A59057A6BA1870E877E4FDCE90783FF067EB8979054D
3883	3593598	4B0872164EBA278DC36DE77FF1F18154AC94CC942918958C87D2C1A401DDCB9B
3884	3593699	412BE1AEDFEFE6CCC4AA8A7335B4D7486CE1E9AEB9AE49929B600AE463EFCE80
3885	3593826	D04228AFBE73B1FD649892A0FA6523F20F1A9DE1F053156DE8161AC4F3BE2879
3886	3595166	79FB52F4A9647AA3C391D50298D937A47226B113B85184F406E46ADE4424AFA7
3887	3595367	D01C12F9C8E1508F27B4B33CB84630E1C70414F73B2ACBF23C4FA3A41B210FBD
3888	3597610	3AA06900E528E5ACF82E83AFD6485594CDF36C07C4F968EE968EE1CFA5B31089
3889	3600187	9A825A9BBFBA39032CC9644E847E90DE0402DA8F7AC226FED66100CF781A4D4F
3890	3600321	20B4D9D61C40C735C7DAF7855DF476A3DFF8028575462E3CDAF1F2A8153AE4CE
3891	3600930	56B6EF2B3635E1E6EA0371F1B5302698F65E513D2F9A1FF177E7D32576B38CEA
3892	3605653	EC52D59EB886B34D9F56549D305E5975AE64E9EA350E7472C9A91E2E4CFB4D20
3893	3605873	0B94B25E161D3973168F761D33BDD4530EC3C66429D03526A7F1119DCF8C69AB
3894	3605937	93646326B954A984C6DFD2E59845759AE4F8A2F9788FE742449ABD56BFF509FF
3895	3605970	B687C917F25A218AEE414CE12E7E021CDB948D6AC61C5A77759C8321E4D009D8
3896	3606153	BFA8C3E5A9934DBB7D9F88B4B1443249194E389261C515E0EC7FC748120529F3
3897	3606317	FA4AED26E4D0FAEB5C1D6D0116A9456284D3B41F4187696053BD8160076ABC15
3898	3606414	49681C17285BC215B4163C1A5510435B12DDCF4D1CF745B8023A9EAA1ED5CEBA
3899	3607245	FA4BE44DC470855CB8D555DD2046ADB20ECB7FEA067340D6497AD10A884EBDE8
3900	3608933	C9490D1D52BAE738F6157DB4CD69950731032E1CE389F147139FEA359C034336
3901	3609189	B817AE316CDCF26A67FB1EC4493B2822B4CFC62DF726ED4CF2D9608A1EBA1762
3902	3609624	D20EB62885B53C99679C25B3367C014956DB39E890F6159157E6896203DCB4DD
3903	3609625	EFB3A6D8C216FD37F87B8DFE20F770798DC712E8D701532CF27B8680460E4FB2
3904	3609914	815E7E915F7D3BB09222106356715225A261E49EAA85D6D993051E8D53836699
3905	3609915	0B197EE100685A68CEC1924121C56D3954A36AFADF99517FADC738C40DDB8E44
3906	3610008	097AF0E03086E0A4DD4003F1F47E3DA54900518AD86C9C8FA46B7A7104C98636
3907	3610010	C52E8AEE95747B203CB41D7639FB7C0E13F7B949DF97AB280C83DC274FE7D420
3908	3610153	8205210CFAF7BB23375FF3BED952FA0AA5C323018054912AEE8A0F2B2D0B1D41
3909	3610155	1013EFB4972BE31CAAD291A0BF0F14C029067E049760D886A72E263089BB70FF
3910	3610900	1A507C9863278E3691E13D735FF3A064FCB97FA134389D3E424D69015AF9D3AB
3911	3611398	9CC0644F0AB41DDE6273B8CD2968AAB2E868B5DA2BDCE6C7B8D6E7BE64F66E59
3912	3611798	5357957D4215E34FF0520FBBE4F6D842E289C01FEBA896A2B3C76CC6F4AC1CA3
3913	3612155	F6D69C36D4616EDF13DC3136C4C6D303D92AA28BF3BE21754C8D288623805763
3914	3615853	B90383135A569389AE0F65CF6D9CD7E095ACEEDAB549DE813B166EA8AE878660
3915	3616073	F8323B7BD2466B66D78831CFB3D76C6127885B52D61FD6FEA8016FD4C6EAC6AF
3916	3616137	1405D31F278298F8F32AD87437CD0099C24C1B6E55779EEBA5886B776C40A93D
3917	3616170	D3BA41AD66BB0362E0FA8433FC070C499E392CECA3A308FEAA03ED3DECFE2BFB
3918	3616353	E13CD4E3AA6491C13CAA0C09BC8706F09870E2D5EDD6A59A2B8E4B92F0019891
3919	3617489	29641DA8E4874D8AF2C173EE392D9FA4DEC528C6A44D8E912FE0701F2AA4F5A3
3920	3619824	7F5837C7973AF2DCFFD94C236C4616FC9AC2E19A8504508CCFF1E41D845E374F
3921	3619825	980872094EDB0A3DFF7F2E16C666E4DEA12FBF869E0C11A55939580C50FB841B
3922	3620114	1BB0315D19C4F21C171ECC0747282ED8BA1823FBC1DE0476A5D091EA63A9B6E5
3923	3620115	1AB4385F50403500AAA45F9060CBF374E688C8EF722C548DB91A43B30F7237BD
3924	3620208	8A486C19ABFD6382DDAB503FD148F84DC1F5E05D1195A841C9BA03CA3A189EB1
3925	3620210	22B2AC54E93A5A63D34322BD3C6C640FB7616719B595E86FEFA5C0EC7794AEA9
3926	3620353	6C81E702D9DA293460DAA71A95085AB00E88317AF6B5E2C486993E6660C73B23
3927	3620355	A433F2B052D3CF6DD695A5AFFF06758636E00E4E2CBA3185DAD1A2E8224600AD
3928	3621598	D8CCC28E00B93E25CD8E5D443DFF2CA045C91A85BAE2FE43B2F715FC2CB9D547
3929	3621998	63EB032611FE1976AF716B385772910609FC81BBA17D024FB6C8B8EB5316C598
3930	3622355	B530ADDBCC6679F58C5C77CB06C5CD2259EC4E970306B44C123C42D5E187E8C7
3931	3626053	96C35A27AAF78B60FC4FC6EA5F5176770F48C666EE4A1F882F61A57130C0D1D8
3932	3627042	D3C2D8C0E61039426F6AC04DD09A1C7DC39A8123D53174BE6406DA10DCC38180
3933	3627689	ACD802E1C9BCE162829F9146A99C02B06D529CE934B812A2785397E8F70DD092
3934	3629333	666BBF90333123A791908BFEA555F65BCCD16652DD69EB918510006511B1B99D
3935	3630315	F4E3335DF2B597113C601C3EA3C1DE2B623A84F67988374FCD26646CF0AB4237
3936	3631300	1224D7FBA2FFA399DF0B3E6715B8AD85C1DD9DFD3BEC879909A362A4CDD47296
3937	3631798	64814F884424BB66980B33018941F5CD7F8643476CABE0E1C63C3B5DBD7F34A8
3938	3632623	A4BCC1C7B03348154650B0945DB99DA3C446105561D2E8723F76D3224FBDC52F
3939	3636253	7CE26F49FF0C971F6D606A12F1646FC92D454CF0A8B88ECCA5F04ABAC002CBED
3940	3636473	C0AA33ABA4E787CEC4F0E740EC8172D1E20D007116AE1644CB2B351F7A94BD84
3941	3636537	587AB5FF15E53EED8C8D4A8227A94C8C841A231ABD8DAC3A3FD2FEF5B4912547
3942	3636753	5040302F50CF18F1B765957F44A86D87C1E6D5C72085F2E391C0C8861181EFA8
3943	3637014	7825B17A2C78E5A542BC8C4F3F95E4C58E0DDD72C5C42B04A88643BFD1CCA226
3944	3637889	6E03CC34EB00CC353148E28C2F92D6A709812013A59951F4570B8B23CE71639A
3945	3638441	F45046ED7E3CF4235A083BA5B1C2ABAE05B2A3430DA47DBC722EE7A349A49690
3946	3639246	E7BFA9421A0EB47E244334323DE15001433D91053069820254C4E0715E6338BA
3947	3639533	2907670B9B130B611E817245B98BDFF767D427B1EFF458C850A8FF09AE231F59
3948	3640224	125CDD3436F79942FC379780496D21623F073F05B5ED66A924A34C5B6F8C8A43
3949	3640514	8E0BBF8B7125460EE43FD8CFB08CAD95FB836115E9447853F9BEF1400D75E434
3950	3640608	1A8318D63863B69D49F540FA5BF50B1ED5EA4D9647507151B2470EDCD627F18A
3951	3640610	1403459A8FEF116309AB7FC31309EC716EDBB8DC5B2D2FE6A25FE3A8CAE4EFD5
3952	3640753	CFAAC2DE50DA05F392BD998B29082D014C358F00CEA6CDB1CC19917C5D6ECD19
3953	3640755	4A8E09D7A3EBD681F89BEC48CAC97F77CEBAFBFFD0ABA434091437DF8FEF24E5
3954	3641356	B974371FC2634DBC3E7DB8142DA45994D24D50FF41EA2EF9DE7263D2766952FB
3955	3641500	E709C7D08F143AD01B9C2210A843D68CA4A76FDC464FEE61230ED3F95FFBBAFC
3956	3641694	88984A0BBB56F50ADFE27FE7B3606EF613D2978A96A1DEF9110DF009EB35B7FE
3957	3641998	7564146FBB06F958283AB96011F0C301548B46D8A450FA37177F4006A75A4B32
3958	3642400	C31907E81A52E9D6D2227976CA65E9451B7AD8A95A80D505E4AADC14B51C94DE
3959	3642755	04C839071A5A3F4FF084DE7F47F978689D2A6541F6DE310D22F222A4D38A818D
3960	3646601	9C01E2625F2D28EE58BBCA007AC137EA68883EE0E35F68410D5E9D0FD57AE8E8
3961	3646737	6932B94114F48779CCEEE1EC7600CF00E1F9B234D16F9C90DF525711B10D6D24
3962	3646953	AA374CB4C79F56B3ACBAA9955B474904995FB09DF391FB5DA67856D423D60AB4
3963	3650424	73EC2E6E0BC1014AB7C50CCAD71ABCADC022BBD09506DF99BD79BCDDA2760C5F
3964	3652198	80E69D1AEE22625821E011C3B7C653C06D2EEEB874C8F4BECEAED8E993CF43A6
3965	3656221	AE851B53F218C170E3933FAE919B4703F10FD8FD6090ABCA60AEBD0F936A8143
3966	3656937	A95428A0D266B6F4CF9EA685BA009D3D9D4534689045D8F228A01C72F7AA6721
3967	3656970	B6FAD51D36077F8AB1F1B87F93F2FAE26D40B118D4673D5DB6769B0E3F9C6892
3968	3657153	1EB6E8703737E715AD9463A99C49CFD9E50C507926FDC57CB4D5E836FAAA134B
3969	3657414	E8F81AD1352B41DE1505445B88671AFB2ED94DBAA674E9D8DEC1F46CB030CA70
3970	3657642	D6B7547001E6013A86233F79F668E90E621E6D270082C015DD1B05C54C259F87
3971	3658289	003E5822196EDA0F6863F6B7C32C719A73974C79329A29B36740327FC63348D6
3972	3660624	04B83A37C9AA8A1AF264AB2DDFC10016D55D847A7AB7B30A24BFDADA461238AD
3973	3661756	C5ADE08BCF4ABA44EB08F675A8C8802BC98EBA5AB0312B16105500828954A781
3974	3661900	C2258F611C4896CFE68D53184AEA5FDAC3D8321DDF910DBD3E507112A0E25C46
3975	3662094	1658FDE5C3E2EB1902F30753BE0FA939C4C9C4AEBE05A91942A654A6B8884C45
3976	3662398	5C6A738D151981C869F2768B139581D6DA2D74FF911B5E7BF47ABF1238197266
3977	3662800	7FF7F9BFE96452F51EA309B1E8499E4637E8DA2BA98BF2FFE0A01590025E7808
3978	3667217	95A008BB2803E8ACB70A845EFD4E92262F80222BD005C9F57FD592AE0B9B2AE8
3979	3667429	004CEF851C194A231897F091E3211CC1768578F6D24CAA1E369E572439977DCC
3980	3667461	DE8C1F44E4EFCE4580DCECA189EBE046191479B030F3AD586B7DCF985B033829
3981	3667515	6622EE9AA81E5A03F48738964583B619D948529E50459422498A717324E2D88F
3982	3667997	7ACCDD873DEDB0DB2C6E8AB9A46606E2A43E659D46FB6871ACAA2B92B2451FDE
3983	3668111	364488613C3998BFEDF3508395D7A703E828A634AB0093B602A6862BE2CD8E4E
3984	3668128	47A551D60D236391A9D025E7109BBC482D121C91FFE52037567FE1AD445D8E8D
3985	3668294	20585C0EC5686D45F1E70A9F669083DAA5DECEBE3AA27E8D9ADEE82FB68486CE
3986	3668715	5E552B21DE2E54C02B23F189860C19D8BDDE6D6016E5181643F630D2A052DF0B
3987	3669332	F008F713ADF58E31545474D752167D6A508B2AFE16BB98A6360976BC8B463008
3988	3669344	7DAB4A0939A8A2C3862E85ED26D4925B3C03791B3EC8FC240493D34126049C00
3989	3669422	E1C1359D165DF040D1138399D976BC6313CFB44F6D4510CE0A26B1C8326069F9
3990	3669630	79C6AC231F2F781FDC2F9E0A21EE6B657FC80F360D7C5E0059FED2B3B1AA17FB
3991	3669903	4382E07F74457FE1598713B81CB510808418025DE04AE8DD14D8965D953C3186
3992	3670430	0928AF04D9C2D01C8BCE396D7B599CD8865332B311D995FFB5A7FB38F7B6BF05
3993	3670468	56DC131DFF9D94EFA0314DE7F0453F1B0295D0744ED77A3EA2C84CFB08516178
3994	3670481	943D0B1E36134479127E178DAB7372BDCF414809B30E6A64C556E64C3243D67C
3995	3670575	8F60FF1D2A8076D7BF55DFDB1C34AC2FB85956D725140A220E7EDBE8A99F199C
3996	3670836	73C3E36ECC0128C587DBFC08D9048FDDB89E0B2754E635E7C810FF70ADB67FC0
3997	3671078	D562272BBC59DFB70A4F77F57BAF2454E1916D59391D66AA79D4639C480EFDF8
3998	3671106	40B465469E5BE15AC43C76E91ED7E8C57F0FD28A7500221CFA086C0526EFB5F9
3999	3671134	DF483F501D7F701FF7139E9F2C1D9DA8111DA908FD445DF3397EC4C5BCDE0A86
4000	3671184	0301DAB930B248BA6BA119B3B919F6A2D996C549AC601391DD5882677AFE42FE
4001	3671185	CEB6DCBC1D47F78AFA4E12260F09470AFFF8B0EAD66B849238D003F2AB95D512
4002	3671236	AF2E337FF0BED00792E5AD4CB6C735BB5D326094DDCD58B7D0AB29E977997EA4
4003	3671237	BC59F76BDD0BE7519D372D2F6ED0E41A005DB300F3E3905161F3F2D8CB93FC8A
4004	3673074	E531FA1B28FEEED3D227B48D0EDC142D3AEE090C9A44B6EACDFC0C82D5865241
4005	3678451	ACBDDDEEA8A3E309745C2DEE959DF9842FB94DFC847F05689C8E58A6A3CDA198
4006	3678756	C0404093F1128B07C76FBCCEE8D5FC00CAE93894D72B406240F19058500FF9DE
4007	3679271	4B9E18F8F5078E6322EDB118CDD04BE67A3C0D75FB0A3429CA3D30EA91EFD525
4008	3682920	9157C339E1B903D906BBF8DD93F058C41C9F3553603A265C1003A2372C69BECA
4009	3682983	6B0B1FD4EF48D8566BAF693394323F30CF06C8074FCFABBE8829BACE1A355903
4010	3682995	DE1AF81801A8AED23327748585E861D9DAA7D5986C71129D201BC14FC48FE5C5
4011	3683222	AA06419766FC28FCD20700D8F20DE0B007B8C12BC10A3304880E6623EAC99330
4012	3683610	A4202C1E3E8E8521928B710BF120A9FD19FC6E934C1583999549430167514F6C
4013	3684187	EFD057AE01A8A1A9DA9FA99159F62D186006E7200C54374C20733E8F7691D471
4014	3684812	B908F402D6B14763D773D48F69BA5581C49ABE581EDE417747A9B2004AE968EA
4015	3685382	30D265FA5A7A6D2982F45DAFF06E86AE93558B826E902DB6074C0DC4F6D1E459
4016	3685383	A5B05D014B7B05746F19E0186F355748586228B46FDEB48FFECA2C2239D1D3D4
4017	3686716	8CEDFA4BED5143D342157526D808E700703A426AF07A6FEF39B3D57581BCFE58
4018	3686932	283A1E8821A49722D2EFE041AE62A55BB62B4305FED4D07A921B3F1E5675932E
4019	3698463	22387F85104C57C7534DF5D8704A89DB0262F0BDAF6844D52532EC1C2A002C7D
4020	3698473	B1EB5F80BA866308F549A0B3B45164C79AEAE7739BF72A4890F5E062C2338645
4021	3698475	D63D226CFFBD66FCCEDC11ADEF164C96B2D59130B24C258826EF86DCB6EEB03E
4022	3699667	4B2847D13CDD81AE0D0F88870CFD317E5CBA34CC2DF1698D369C1BAD03E2D613
4023	3699675	E710A30D6E6D03EB6E0D28C90989D259088D65F3D9E1BA82263E5097C826AB9B
4024	3699853	DF61858BED75601CD633CE12D12D2E70F1C3CFE6CC7C395A06C224116B42C815
4025	3700292	2E1AF8CFA3E95CD2101BDC6C33B2A8017050E2B40846E3D4B0946B4DD1DB8194
4026	3700852	211462FF3FDB85061913F2001C9903B3430205130ECDC9E85AB9E98AFBB89C5F
4027	3700853	AADC1F7C841A79A9B25DC42D2B95974E0F39B4A9AD0DB88F41D58BC06A5B2885
4028	3700862	C47700ED1658D48054699729474CA279486A28AC9743546E796DD89F9C2AD63C
4029	3700863	5E8CAE02768DE6F045E2DBB0F177C8796CC0F4B45B60CC7F89C6C9D4E37FDB4B
4030	3701390	B7AFBE731616FEA21FF77C5064F0FEB0BEA882C48FE4CE7ECDBA34945D7DAF09
4031	3701770	DABB45558986CB53DCC6A20CEF939CDCF547784BA630E8178A943295A3EF401C
4032	3701796	28DC83F7F3938904C041746DEA1ACEF827EE3D7C786516798A0549AE66A18B4C
4033	3702196	75852D4BD67FB84D4ED7BE56951692E70A891D45BC999A58679B06BBCA8C2A66
4034	3702197	07526636BB1C959D7D497296515BD3A01F8379533A16B0B95D7B4357983D42A6
4035	3706697	9338CF9D0C4A8FF8223A5314BC7D827248D65C687B40C98288A3DB7EC61241FE
4036	3706962	5E65D1F8407221B2CFD6A68FC18E7E0459610474DBC1791E469CABB7EED626D2
4037	3708577	5914DAB668441D6D0576D8CCD99125CE205792D821E813CDF3BB076C8807BA48
4038	3709533	CC76F04F4A491624E18CCE1A58F4CE3065C3D5595BDE86F34C04A39CD7BEDB77
4039	3710106	B83CA42DFA02FA63CDF9AB819EB4D4E5296980E02388B6B64D2787E2718411E9
4040	3713609	8AE58D4ACBAEE299F8F78EEB0418A7EC58679D320B7CCAD7086270FA6FAD6060
4041	3713953	1E72162E4AC18FE5BDB41CD2799E25165A3DAC4E423C6B28CB8A15EA5F604EDE
4042	3714050	DA47226CF68B51EEC6ACA4DB2DDEB70C801A6148A719BDD5A16D7E41440A21D8
4043	3715862	88FE5F5187D40ECCD541134DDCC2877C67929379918EECBAA6F5AAC960995DE9
4044	3716332	12904EE1EE0F333982D60308E7BD0B69C5E5FB27258A6DF78F7473B061A6933A
4045	3716333	C285560DAFA652B9E5EBC5F66CD60D9A1C5C8F2E5EADA9B44309F4F07F972F7F
4046	3716342	E064E58074F6D6A507C24931B947272EF8FC9E87CBD87226F46926745E9635D4
4047	3716343	9F39C386E27B874B1D2FA970D67C72468FF6684C54CF6F3ADF07CCE9E91E86DF
4048	3718085	98C6C7D301F025585B9CF229E55F819507FB9B69018AEF1C3393648871FFF6A6
4049	3719356	7D0B1BA18BEEAC5877BF790683FF83A771C9172379E49F3079DF375D164C0613
4050	3719640	9F2351C90C2DD8D56C89E87AABA400BFBD2B82D303BA85CB557CE6C2E2093112
4051	3723633	FD02DE81D72B9381671F532F4A89C2F338DCDE0AC433D80A53680AE3D4DF8169
4052	3723733	4BF1068BDE47AEECA40151BB4A4598445E86847174E54B104A377756920A17EE
4053	3725348	8F99B364782A8E09D956D1FD2A5652CC7FF06BE7E567F3121F8059669DAB7326
4054	3725711	1128A0D348EC9C965A12F19E23FB6A4A7700FF1FD346AD4061B9DAE50DFA86EC
4055	3726013	3DFE19D2CA7EF8758A8E8F64ECF997EA6FB28AC06482DC24181911ED5E278793
4056	3726093	EA9565911A619387755D35913C054F6D892AC163FA697603088FF509E52580CB
4057	3726193	68567696D33184EF5E029F5F844313113277931BB7973E9469C8DDED4776F6C4
4058	3726257	3D3F47AED1E86DE1D8FF48B0828A0F9F572C6C137FD4F7B64172519E2C3F86EC
4059	3726441	A97B856C87D5E1F5EA57C28865380040FD99CBC8519D216483FE84C6F2382977
4060	3726445	50FCDC4FD797EA40B71992AA828AF1A18AA127564101FC4F78AB5DB92BE59C09
4061	3726573	BE2A6A4BB758AA5CE429DE4BE21F4370A3D10C193C3CEEB6DF5912BA136509B5
4062	3726761	60CED711A34A00B7A493EAF644B10793C12241FA28C3C8A622BA0DEF687EE67F
4063	3726908	E15DDA33468932F32B8C5CF54013E5252119F2E924A84733D4A456A6E888995B
4064	3727359	9F8BFF66386D914A45F29739834BC133D2BF65409E4D74E916A2D07A3EFE7712
4065	3727671	2A62D2EAB0F6586275903E587925C2A0916F9285610A4F46E4E03E99F5654764
4066	3727675	05330D18C27834071CF7769700069101732B352D68B7E3A77A67B3BBD54289DA
4067	3728077	6D7B8A2D5CBC8E63A011ED2CCA95ACC9CF29F3F2978AA76F01D7FA7D138419FE
4068	3729110	931482607CED15951854487EFD6EB205C677382BC27DD18416FA4263B07A4F97
4069	3729261	8EB2455F116A06B5CF094878B87D9B80F2D10AC556D83B4BD82A1078847C1B59
4070	3729285	818E30ADB37F3EFFCA2B81F1D0C345EAAA98E713FC859B8192D47C1144EB44B6
4071	3729308	164CE1DA87E70F57237BE1513E7EA790712F94C7C71CAF39899A1FAA7863350D
4072	3729357	54B95D879A433978FA5D7590787258A60E542FE90A9764C9237D047B0E2EA4AA
4073	3731348	52089E4B1530B35AAC0DEC5879206BB7EF8CCEEA6A1D0E38963E1D452DEB214B
4074	3731405	11F43C32A38EEC43DD6D419B866BF44CCE75A77A3304A518636587524E66F994
4075	3731425	FDDF348470389FF59326A7A9CEC486334CF7ED18E9734D4B7364142F1BC38232
4076	3735534	602FE250EA8584103C197F49985E6383510D8E4133A2D4A1665313E4105A66A0
4077	3739178	3F01D20F30EC93DB9EB2845EB84F3931648093138BD68375D305C9C24945078C
4078	3739631	929226138184677FFD83183E2D53D49ADB6C72E65888DEA4BB23BDF71E033514
4079	3743561	196C7349F5124BCBA5EF983A352179222A7627E54950BD4F3F0FB8E651FD487C
4080	3744155	35B43D1514562F4DA71CF2D00FC603F711743849569112118E4113394AB95F4C
4081	3744550	19BE37B3A739A225CFD4E2669B693625E281EEB12FA599E636A69DD7A57FD393
4082	3744719	A4A5FE04C6A3297565155B5816B0E405D46B8C2E5DF579ABE2A7F2B9731555A5
4083	3744837	C2793495FEF0BCDBE8B1D5B6AD24C07858BD965C5341F416A7F1DE01B8A29499
4084	3745190	D73B3604BDDFCF4DE1857BB282E17C9828C4D5A25EDEDAE1FDD9DDBE412FDA0F
4085	3753488	F1E3C3FDC083216FB3C79C09CCE6F039365DE638DB98D5CF3F5968CCA1908ED1
4086	3754122	F2417018C12AF25C4E36BB876FCE4883BA43B97D6B3A4ECEF6E3DA12156FDBE3
4087	3754265	7E0823D1F3A54DB814F9C4A9EFE35D476814302A87D203F512CA8E30B9B5B942
4088	3757401	C3B2D9D49B551C9E80564BD17495DA03DBF730C04C8E96908ED507F7F0C7BE51
4089	3757533	E2320E44A5B54ED43261BC46D2ED3C694A378975F2B566A0B6073B18D1E815FF
4090	3760221	B157174F9576C3C31E394A9FE45A6B0FD3B40666A315CD9CFFFF2F4296352420
4091	3760670	1007937EFE2B0A5151596A7F1F812AAA9CFD103B233E4E17FC6585336B73C418
4092	3761621	3C4BA5FEE537618E2C626A23CD6B8D213EBDFA07A6E7BFB12F8742C463366434
4093	3761870	D9467A60B91BEB863F369DABA8C196855CA4FED37E18F06EAD1CDC6CEE54C85F
4094	3764759	867AC19BF1F30E4F2F038C3C63105DCB777D9BF832B0892673ABECE59B38EFA1
4095	3768887	4FBC98A40B017CC5902A0CA9AA102DB4BF86A3EEAFD27E21259830EF8992090B
4096	3768968	5BA4B0F98F466229054A01798C6B9710654744DE64758EC96E3C436CE61DB213
4097	3769575	278D50CFEFA9C04A93EBE183647CB556F7E1F1D277D8E5D985A05563C3ED4E3D
4098	3769602	B682F9BA423F21BF6F090B7ADC3EEDBDFC50964CFA2D6D5B34D818E80E049D21
4099	3769771	DA263CB49862F1B687AA825F98CB9658F56660556601C2BD60F6A0FDBDEE5CEE
4100	3772697	93E290EDBA12D81B0E95E501EE614F059D2D71CE97DE1D94113E9120E7FAF07A
4101	3774263	CADE85F2B3D195CF4162B6F1A219B10020AB4331A493E80CF1E274472AD7FB54
4102	3775155	C112428B643710A67DE8A94EBDF4267BD09CAFD1B7EF3DAF34E64FB769380771
4103	3775621	533630E39D4C02F532B003BAC9807B53DF8B2A234FD9B1025A50D39E54A7ED80
4104	3776150	56EF27F11BF633B9B928CA4057E24AF4B61FFEDFEE3ED86D0AC80EE9211A9941
4105	3779067	EF4ACAD87A2C75C22004903B428C61FD56A0FD283852D483014BD7FE9B0218A4
4106	3784331	76252D93077B89AC0F4BB689F5ECABDC12B1E8EB198DB361413355852545FB44
4107	3784419	91E552EBBB9E469E87847724C81648FFF16CD5350EBE05D67D0E5737F9F15DA4
4108	3784448	BFECB4DBC089A6B98ED1284D42A141187E56B060D3AC4AFBF32D6C75A37FF90E
4109	3785251	535F9E8E961FD47E1C014588AEF7C4B88F4002EE94F000AD08BAF03708293843
4110	3786616	5CDDA568857BBE4B7140648582E885F4AD649BF36D3875F90C38065A57508D5B
4111	3786940	CA3DF19C6C2D2C6149C5D26AA6299830D0183F67373105C4863E754E9EF7CC24
4112	3791850	BF4BA82C50A5F1E8BB2475E401AABF247375DD76EB6429AE78FB18B3B1DB033C
4113	3794892	CFA53BC4B94698397169B4D3FE5F258F137D7CE28FF8ADC8A92080FBE57C925E
4114	3800805	B8B9451AEBAECE2B26CF8B6E6909ED77483AAD358F7C637F1545B74AE2968C81
4115	3800856	B9B0412473EB315E56C069C2D5F390572DF7EBD529702FC52810A6CD0C4771F1
4116	3800904	B7E5A8457A4ABF9D3A9477F2196603ADD68625F41738904E79440F76EE5C2CCC
4117	3800953	97D5440AFB23E738EC545F23874C16CCA89E9598DF797EB9DD04DB9A6FDA480A
4118	3804950	9BC0C28CD53210D64E704CF11640EBAD6EDB0E61D5D40445102FEB7D7006248D
4119	3809370	C85419694BDC592CBC8F3DE68AD7D5091EA728BFCFB514C59725F12018DDA469
4120	3810045	DA8FD6EA177BAB3A1B948437505E1F904555FE7219AA1FFA1F582E91F076AD89
4121	3810729	7C3C29D8076C1161676AD0C653A6BC5670277A54A093F14A43830AA1B6D62EC5
4122	3810770	D43257218ABDEC9196172470658700E5B1A11993E1476CCA243C83FD5FC086CB
4123	3811273	A0245A1ED31A2DD234C4EDE33581DE5ADAE445290419E2F26ABF3AC7D439FF03
4124	3811702	3B4757E707B06D655B40D88ADBA098660525167BA4BD705DDC739BCB7D85D0FF
4125	3811712	C668E9ECA0BEA74DE1AA82B5B0E739D46EDC3CED14DC718E30B481F32170E8A5
4126	3812477	955E2C80C638BA34F0A2150C43248FF413923223ACB3DDB429C3A25E1AAF988C
4127	3812518	FE97F30F31AE8797E1362AC60A913A7EA2C9B174A861AF7FE8935B6F00F44768
4128	3812611	5DA0918732494AB16831ABF8DDFFB93A2144BB0C8A9CBAF8C23F4B23A264931E
4129	3812710	09291BA9821191C7F12040B1D3E5D6892A48F9DF2676DDD2E12D0155B4EC392C
4130	3812720	C530130B79ACB6CD8BB3048CACDAA3B2C9738EE631EAD525D0E80CFD667CBC71
4131	3815715	142B62FFC2DD967A0371C73EB14CA9D250C0848B203500108EEF73800D04663D
4132	3816453	768134D98F1FD3DD06A0503F78E60CB5FC6656AA1E96DC4BC731595D3B8F79B3
4133	3818805	F60920E574B0A20DC84110E2BFA36032BC2FBBEFB804EE8922769EA58F030A85
4134	3820153	BEB3364D393D6E170639BF89A6584B64A9C5381861A3EDD1F6186237349D608E
4135	3824709	495FD7B43AE92C7F49731E5E81678918D200B3EF5EA8A70EAD5BB1E7517F027F
4136	3824719	5FF2724D69A861198E4DAA4044CD1B57EA131CBEB2F196B9747B6832CC2C9F9B
4137	3824732	8A24EDDEA758B34F43978B04C45EA138752258F7571A493B88E175710B0D3061
4138	3824747	CD0475AC4ADDE2114803B3471F588EBE7F86BEF455AE9A62448062A2948A8915
4139	3824764	C9846B3BE6236F24667B1B71D7082AEB1233F155843E41D375B613B8032B3180
4140	3824783	FE0BD9CEFF15F32FD92C5F9B71DCA1155001897D535F47EC269EFAFA4AC98715
4141	3824934	C4DC4A5D0EB224293677892E90FA8CFAFE83FD2382A1D9F7ADC901463B1CD0A1
4142	3825608	A9CDA32783C516B62F0468B990A4E72BBE71C0F6005F150839A9825B6D3B330D
4143	3825641	B53DA62E739487607A96570F45CD824F8F57A31D5CC6F59E25D60F707D2A34C1
4144	3827793	430C9C6A67369FE3C50697C157BA65CC417F99CAD5F0257BCEE56116CF21E015
4145	3828091	D18E75537B6C1ACD0E1E288D6B4B74ABD84D0F1A31219986B955C8B165676EB0
4146	3830409	FA8C1BE1D73B5A3AAA57460DB27BCDD91FCEA6D2A6FC393BC508525FB3E64BD0
4147	3833407	B508E1141900B49644B371C4D91A78D4E444812E2FB47EAEC3D108131669705D
4148	3835742	651C5A713DC7F65F62C8A06CDD854735C61240E260297C075AE4A080CEBE7A77
4149	3840189	F324CBC22E55E2F399CC64CE01FE48948BC4BC0C1B17E08D4E12A0603B4562EC
4150	3840212	55487676BBAD5E8D7B764BE60DA4C850DC67EBC134C01A99E429B4102E953D30
4151	3840218	5713A060291350DEA89534CBA7D40BE992C19F084A1298B4372E3D51AD8C2BB1
4152	3840254	90D4C4435629030504410D6A43C1B1AC4A17FAF50D0E3759C7E30764767DC28E
4153	3840263	0F0D3ADB6ACD7F270C1D6F87F774DAAD40260C00C2788B3AE57FFED584E444EC
4154	3840330	56DAFF4E99E5241F839E8C4F7796CDCDE6411D96AC895F0281D7C9C2F57E8E00
4155	3840387	9DA995826B1AE4DC047F832EA2724996924DFCE1B8B60DBBFDC705DF2B7350BA
4156	3840404	A2E7EFE12ECCDA3DDE3280997E518D95BDEA94139C83DEE96615E62BA1B610DC
4157	3840414	028D6F4E835441AC20E2F6E7B9EFDCDD5F0648C4A515F5BAF057B5E0D93C65DA
4158	3840423	09057F3936ACB0D39EA29FE805948DF91A67390CEB5C675B40BB1A586584406C
4159	3841088	E231CE5F8B89C0FB7F813F5C036D755B4CE3A99B8313BA4FCFC737436D5E8C0C
4160	3841115	268814B3460F61D77098347C47CB51DECCE8D55088AFB514FC0AF74A22F62A2C
4161	3841121	D6B7C0E47C2AC50ECEB2CAD10F28B87774FE0C94F4C50F328FAAC7F692E7A477
4162	3843571	5656F67464BC8D704127A30E1B30BDF4BD909A53E2D71DEAFEFFBEFAE1B3435A
4163	3846681	6684797867131C00CA372746F390A5454668D199EE650D15D407FBBAF37EB388
4164	3852222	B9CDA7CE0DB08E9115E92FDA989F135CE81DC122E9AF10DD8A6E8F924DD0292A
4165	3855669	33F2D4DF90E1D967AC646E55266A4A16B1A1DF1D4628207D1351219332DFE5BD
4166	3855679	C7415AED3BCA0053496F25B84301A92B946A4062AA3253A57DAA4BED882D2D73
4167	3855692	47D87DEE3625349CAE555F1222FCB8A80B37E07D881698503468F7DEC2FAD12D
4168	3855698	5AE5918A029EAA7BD72BA1562D95744C7D5AFBE02F08B119EC9A2E330014FCA6
4169	3855724	C0392DC4B2C48A0C53BB78363D66E31A9DCD15F8274A8656C3970E011374F5AA
4170	3855734	C307CBC58D47E2778DD0AB5DE28B1D0DAA06F976232EC02319768800140EE14D
4171	3855743	C6D164C3304AEA08E5F02328A90457305046A78714892D281DB4B82D12245E15
4172	3855867	A550AF1042E8B77DBA914DA5128DC83D3EB3B5C619CA24543C8AD6501C677291
4173	3855884	4F78F2F7D4089C66E7301C3D2437FC3FC91F7D00893F3B136142272712F13767
4174	3855894	07B015294A8408308AA46FFD31A651039709F6C857197A68EDBF45E0AC0EDC93
4175	3855903	C11FC839A90041A39ADDF9ED5BDA7C8E9630307D28B257A5675C952B68309CA7
4176	3856568	5629205ACBB950414078ACDAACDEEC55317745EF8450C8DA4111AF3899B4B126
4177	3856578	48316897BAE4D20BB485A823A2DEB91761664375FA0CF509B15C8AE30A15037E
4178	3856595	A49812E3D099F866EA07DBFAACB32E95EA2BE56C5175476E35F8CDB9D50B9669
4179	3856601	531B71CA56535FBAB35050B3930DBF63FE3E6ED9CAA021BDBF1FA877043F4BC3
4180	3858602	765689A1ABC59126BBCAD98F65633CCDC0024926433AF51805A75E51E1D15CC5
4181	3862359	E72AB872E351785415993059A46E0FC32C921D3AB5A0BAF033311D4C6F834401
4182	3863937	F103D11E4A8F317D61585C813CE39101106296D62C34CEFC62F2C503AE3D6152
4183	3864793	D62CF8C594B831D53CFFA6F696AE20A12DBDA68B367737FFE41E43E5C881BD65
4184	3868977	A17BF3D40AA703D6C3E6858B5C653F0C9D3C09B9FB40C19A7F3282A5E97AD713
4185	3869014	7754CF1B16C00D3B605E183EA5F830674765BD3F8B246E66B13D8B3822C3AC19
4186	3869022	CCCC54152585D06F04BEFE192564C433F294B1E0B717D75F7150915860F5B65E
4187	3869723	CF0810200D7B9E5B86D3ED39F591D3D008E7578A1CF580C50BB3FAD48AFA72E4
4188	3869731	B92283E18553B2929DD87670CDF8F55C30EC6C6B1DF66E6D5511ABE202535BD3
4189	3870234	7E5EE95CDED6C7B3871DD4A2EA62DF7D6E3D4EB9E8E04D0A2A0633EA41161430
4190	3870292	1F95B7F87B2BCE9D818D822B005406A5A4AF7E4EFE6D1E8F33ADB9E664D00239
4191	3870294	C637D751B74A1BBFF3766122AAA82607B5C03EB2944AC77E7E02C3CC7C677530
4192	3870316	443B62508E516A41757FF4F091E590871CBA74DC51FE6AA89556DD3D34B5BAA3
4193	3870469	FC4794CF2FC193410940E671CF93B534221BB8A0B71AB808A8794FF020B7BEDF
4194	3870664	D11FCE99FEFB5DE7C9736C89D99A9A3C706149B46A5CD43B51E73A9E75C45781
4195	3871290	AFA6423E66208382D436C054BC9ABEF3FBEEAE588AFF00484DBCBC6BE929298B
4196	3871292	08E80FBD6E94F69DF647443AB93FDA60620079AF41124BEEB2C7902675694173
4197	3871312	AB2C0F4EA833CFA1A5DC87F68A05A7979BE3CE5B71F1DB1750CF525B72716CED
4198	3872292	37B46B704FBB1313D44D12482BA83245BFAE3ACA86F1A22CAF8F0FD77EB31631
4199	3872308	EF37D5F682F7CD95718E81981472665E28CF0D2620E90C15328CE2243994F9DF
4200	3873320	A3634D9693B119D4585A35D2D1B26AE8500737D02F1416A05D300D004BC57ABD
4201	3874093	D87998883AC9D10E4E6BCCBEC188BF20533DD723C848FEE0F69D443CC990B6A4
4202	3878086	4D843D84084C2B1124E41B143C82D280B34A3EF75B1A839B1EE37F86301130ED
4203	3878217	E98969B822D74749260B32D13CA6EA9737A372F58993ABFE80D8D5BCDA199E78
4204	3879422	D22DEEE027D1BD6507DE639D7B9ED3C4BBD97ED03E8C5EECFF303F0CB7D92EF2
4205	3884483	7E9D56D97E20C85B8FEB55CC741E8A5635FCD93606E07AB8D6B1540F2666E732
4206	3887570	5FBBDCB830A006F04212A88AC93609022045F9E04722708C2C49689AB8CD1183
4207	3887796	81D15B31B3F6B3C43F53A24155D686D2CE00DD855F0877086EEB1BE33C467D75
4208	3890185	A18BF130A24B8B1BB80CF409B086780F4E2C63A7175F5EB8B3104E69CB27B5FD
4209	3891038	F2C99A3DA0B96C04396A5B9CE238D7473DF6513C350956E3C802BD664E9E25FA
4210	3892083	65A7457FF497BB8762EB201DE8C43FC90170DC8CF5431C44995B2BC204FC84D2
4211	3893582	A0F884959C231BBBC7FC04F1D2986469923827BF77C818DF397D5CDF2C8A05DD
4212	3893592	FAD8FD3014EA59CE7ECBA369338D96F573778B16667F0BFD7C1D520D70801244
4213	3894324	D1A8BB8090D356A6DD6880747E44C862B901552E1DE63F50CB48A05F97E980E6
4214	3894948	0A67F7D3A46966D18F065E22781B7B97ACD3295A0DE2B0CAC5983AA800A26856
4215	3895012	AE289F3714F6D56024DC2E067C25E68635DFEA8EFC61ADDAC479808FF994DF3B
4216	3895201	A88D1AEA6696BC8B8331E7E4B66C3443895C83F2A1536AE7130AEF87DADDC867
4217	3899784	D28B6B1FE38F0BEC145EEB37E4B52566A384EA891F8A35A02010A647371685ED
4218	3899835	2C5099ADEEFB068AE91B10E1099A4AC78CC80D3BAB2322D79CB8656C195DE67C
4219	3900161	92D33231224B6E5FDF27965ED5ADD6373D155D323A469E7E833BFAB87A34671C
4220	3901304	AFA39AFCEEFF94B5091CF2C6FD1271DEED3F8D83D63DB1DAE46E5065C638856B
4221	3901355	762C16AF4D393307652C85D8EA3779ADEAE2FB49478CB5F54611CA95EC50EF3C
4222	3901641	F037FE467DC7C52331107C5B079B8C8357C900875BC646AEA0B1EA3421B92CE7
4223	3901716	D98D47A762287ED9E5652D4EF84CAD70823B33E54C5E1964B5976EA0DD4CEEB0
4224	3902313	1CCFDD6E63860A082D313A24AA8F47F1E38CCB77717F31A1FB29199790503F7B
4225	3903846	47B7499813FFD39A8E519E8243B612DAFFB71606481E515A72551CE6B0257ED0
4226	3903854	A4D10717CB0FCE324B042BCCC29B7B478A886D04907A541E9FFF3E10AB829A04
4227	3904110	92CD2F0AB3561A33AF34EDE334CEF2FF366B1208C0D53D183BBA32337D5C70DF
4228	3904111	296CE1557C156B60027D320BEA8AAF00D00854FF297B742EC724C32AA5FD565E
4229	3904338	0AD64728B8E9E1F67B25B2B086B7E05FE12A7268413A8B90EEA75E96EBBB7C1B
4230	3904380	5D892E0E9979D899D764EEA72E9A222F80AF59589B9A6DD2D76ED7CF4CF7F222
4231	3904381	A810E455ACC6621230156D6A3263A30B23A4B040E29A5BCF6AE819C4FF556B7C
4232	3904542	FB579530C2ED389EE980AEDADE11AE66C5FAD21EE8D96C8DFB8CA7D1F5C5F7DC
4233	3904543	060B75F3F9A63B11BC44E4F2A29D97EA80E1A0F26A97660E0A4F037E4E1C4040
4234	3908649	391723CDE9449EF11BF6CBEA80E73E5A10AC558446181BAFFDCBCDC67BDC43F7
4235	3909956	4442E76DDC967ACA3B08011C5FEDED3C8FC9AC4090F2D9A57521325D2ECD27BD
4236	3915641	D8F591E786F610F70A0691C09A12D1DF5CD074A236609FA4AF96D2E2FA74A47F
4237	3915643	F8DF0821E687BAE6D421CC43B24751D2E140A3048BD662F77030FC3D26DEA110
4238	3916828	03E18BFD7B280E25CFFB04D6F2E88B5997804969B5ECAF6B230D1D481912A6BE
4239	3917071	73781A3F518BAD82A1313BE5ADC6C09E545F3E477B627D83C2B994E1F45C37AF
4240	3917598	3CC219F7FB88F1705363022768A768B4F2C117A7102BEE3927D2C3DD75CB863F
4241	3917792	DE790D4AA94941F42F7E5F2401A5D21E40EC2B593732B3EA3EEEEC97D40BDB11
4242	3917793	1059A65A4E5A50DC99167CCB8DDF74C290A3DD73C9D6CB058221F3B46F43CCAE
4243	3917803	AF70533AE3343A0F8093E817745D8413E979D393CAD1090EA7D08CCDF4E1CE3E
4244	3919591	B3C8440309D187DA3328F887C30DDA6CB38F9A7D6C9A802ADB17BBCA5ED7161D
4245	3919631	9676EB5D2B94C3F186ACFEFD6C263472FB262A81EE0B835F5C7DA907A437B47E
4246	3930576	FDB9DD527389B35D4A0EFB68422C5AE84BF712097959ACEA009DFA8F16559CA5
4247	3930760	9D6E1798E8F419933698CE30854D3C59E7BF22C2B73D8147D7293D6988554901
4248	3931032	250D01B27B5A81F87626463C9FC8A61910877B3008E46C67572FCB6273EDC269
4249	3932256	15BF0E6073C91373DD9043C8104B4C7202A7B160F63F4C2110142EBE50756E37
4250	3932308	88D8592214DF847E4C097D61A3B72BD36F76840A8D8837FEAC6FF1CC8EAF307C
4251	3932315	1679A31E60282241CC63B92834B01DC8424C62976F961839B9F149F697FA1CFB
4252	3933096	99E10BAB0499313BA21340A719E916164E0ACE713B41000F9CE7AF1B8C23854C
4253	3933272	A790A694EC7AA24629318B839DCD5BE56D7EF37E0EF825E3986B2A00F4A9C903
4254	3933282	BDEA59F67C099128BF5CF7F47B3FBE2B578317F3845465EDFC1D6A7F81ED1D67
4255	3933283	9E335304F8644169C07A16E1730261FA26C0918F77A805D2540B2AEBEEF5F122
4256	3934138	293AC150AD08661681B87EB2B6196E2C2BF1E9E623E58EE4FE1FF3062B8F5504
4257	3935077	7B19CAA272CC66588BEC3353CD77356C80B0E3FEE4750C6D361B74210710F399
4258	3935298	9BBB98CFA61F9A56102EF4D340BA82B00920476C4AC185231A4BF64FDEB1F1E1
4259	3939550	2E370FF301E8CB682A817879BFD92B2C349DE35736E03C412B960E186B84085B
4260	3941039	E541B85311374E337B079BBFCDA79CC22F4665DA23A4D53A14E4C73F2A540ECD
4261	3941049	949827D4600E9CA87C4A8173EFB27898E99B6318756282C613F2888DA6A6DE3A
4262	3941205	87B6DFCAA4FC20E0B0BAFCEFD4FB5BD382B19DF5CB14E423A38CECE9954B91D9
4263	3946240	427254E295D7067672E9CFE33498C7064E1436C6A1BE792EE2A18E62BF1A7BAC
4264	3946601	898585340120B4F7CBA00495B89D78B950BBECE7D8430E9FB3451076B47A2FE3
4265	3948752	EB520C1FF7B8EC562A83422F31129884FCC1586425F9CC4E3775AC1E66562689
4266	3948753	A6A78033942703F76ACAA6899008D29BF9D44CA317F7DD52CB7D89A040AA1339
4267	3948762	F3B3DB964BB5EDA35B6894DBCBCAC7D547C731E065112D6E9067EC4AB63747C3
4268	3948763	E7CF69CC5A69D8731DA3BD55212CBE95B4868735AE8F3B2A3781DC46C898949F
4269	3949611	5FF7B4381123CB1AACD8FD791D7D53EBC740F4A5F17B828A4B7FD455FDBC4323
4270	3950294	42B76F69A5961E34C451C7EFFBF5665CA60A67A5947D0E1018C1C3F551C59BF7
4271	3951930	C8F47E2D8FF2D0B719B0C260C00B3DE087043C31411725AD98D84CEEC77B4932
4272	3954541	B6922F8F01660B218DEDE2C292DED67F6D1FB8B8DC3BB03D7210B27D3843109B
4273	3954652	46BD75201D263D0E79731EB4AA5C2CA96021D7D1105D4222341A361F3AA3169C
4274	3954869	06889324EF8EE99F08340E8D2E153C226F750F3EAE23BDFD05741BC41AC1D50F
4275	3956077	A4599217BAC1AEB15115D34FF215E58A7406F99B2FC5F6AB59CD6F6D85ED45DA
4276	3957523	E4134ABBEE8DB8144EC18A609D4A4D6E9B1DF71E54C9A10E39B2A0D038151EBB
4277	3957580	231CCCDB054F91ADB8FD12310228FC5A5C7703315B49CB1B9A8C18E1C071E383
4278	3957931	F18C588342B7D9D34E0655F028E3BA8B6C9F5166F05482ABDB568E32CAA7B845
4279	3964069	FC5179BC1B682BE6F146923951F7CDC1DE35F08D6136E18995AC258E942EAA16
4280	3966511	9BCCB60537689C65A5221A84B8A90940F1DB4AA49AE95A8B0DAF0DC47D7F2365
4281	3967181	AC8F1D41E9019EC969C58DBBD01587F9AD333CB720B6A2CA9FDC04E572B10501
4282	3974248	21BB2348FFDED184FE76D4DBEDF05A4B5D7F95CB65929FEA51B9435AC9A8AEDD
4283	3974249	0F513CD027054624A2F7985B146888C010A24D4D75EFB425EFE6FA7840145DFC
4284	3974434	0F4139E1682CB74DF6F133435FDC618D0730F789AE524935C99D58E6DD7B88B8
4285	3975236	2BC76C7C3B78D4679C5D8A3C7894DB2B096BFBF65B9BEFDAEF960E366345B175
4286	3975312	2492FFEA306342533F156033F5781C581323E0BB46696E9C504D485668DF629E
4287	3975774	6EDE25290DD25104440C5F533375CC8268F3417FFF9E818CD7E0B370D0AE5C83
4288	3976172	DCD7124F1B06859FD8CB58D9B0D03106B6C356C0CD1E20E3C344DAE445DBDE15
4289	3976174	6585E4B079BCA7D7BBDBE33762199A8D5E664F496178C059478AB6E0276A8F68
4290	3976202	D19FE32551C6244BA966FD621C66E839CCCD0F7AB0F3325C46D207400627908C
4291	3976262	0EB21CB24A49989E957F03DF8200C315288CACF00F08AAF09B7542B058E1B454
4292	3976292	21FC2A1CF35D27F24FA5FE4D6EE03236EB7237080F2E8BF64826BB7F1F5D40D2
4293	3976361	3146ED537603B1D5249D513B191AB3B5A72162F1D4E6EB5473517B4E9B3BA62B
4294	3976370	21926090C892F9906C8D69EBC3B95F2F02DB4B19137859BCCB040ABD4C48E51D
4295	3976689	82992090E4DDF72C7AA77C26EEBAD94AEAB171B366328A1ED9C46FB5972FA306
4296	3976708	0403DC676C2C7BEF063F6BC6949B39837DB257FD7F2D120EF1083CA6D747457D
4297	3988141	3408FF3DF20EA2EECEE9B11B9A962C98035D74F870C5F9DA2DE6F22941C5FFF0
4298	3992916	52FA5A080E17D2E323FCA8A306B3D63D9011D952C64515C24CE073CA484AC9E2
4299	3993579	881C565C2D6A5524234E575DBCF74323C847A8E305BAC8AFAA8EBC64FF50CB42
4300	3994196	C5419E1AB29A71DD144F15CAB134919ED03256EEE095FADE728D0494038A921A
4301	3995178	7D3448263C100E0C100F8B8E39DD820CE7252E173A38A0B6494DAC54FB3C5911
4302	3995180	F419C70BF5D11C6838C7A8FC0DDEA2D1435752B8256E624A25647C74EDF9348B
4303	3995200	B84B29C150FDB482B1864B9A5687F6017F9CFCAEB84DCB39BE0F71ACC0EDC920
4304	3995202	FB2C7F04C5214FBA05C3E27C9D15CA95715BD2EF7B95A86F2845DAF387AC7FFA
4305	3995618	72282F2A138B6B4E833C71BAAE92A1BDA7C839B48C7B58D0B00A742C752AB42C
4306	3996126	E96BB3EC26F570F959C2BA5DFF48D1B2794B1EAFF8C6617C98CE014C99421BAE
4307	3996599	15773C89A6649080DA33DC2EDE0BEA6BB4635890BB1974405529765A5FD49B54
4308	3996755	F15382F59278A40CCB95BB9E3CE26ECBD00F68932117E63502FD5EE591B5875D
4309	3997536	FE617B27A02C0A9F378ABA2435B7C7EEB41E999C59CA4AD765D99D74598244F8
4310	3997692	C5522E5C185562696AC1E1149FB9432A5409F54A8488BE7A5D830350559232F3
4311	3998451	8846DA100D8DCDA63042CEAB56A83C51DDDD472819B48555EBE01A9FD3F1B8B0
4312	4000597	9E94BD8A80D4D6E656CB091258A10FC0AF98125131D6BFBDB815834F32896EF0
4313	4001927	625CE487B9FD853ED382779AF345D8E828AC5E23D32506B482E0242DB8FEC9A6
4314	4002558	B3414CFB6D763A5D1B8B2789B3E152D9DF382C6F886AA721DA63451DB742EC53
4315	4002705	6D366DAF063099DAB97E0A559842F021009402CFEA703441A0E1A395A7C5BCF2
4316	4003272	3DBA643E80E5E1538CCB0934D2C089164F75EBCFB38FAC4E18B6C24C8A4F37FA
4317	4003571	AF31F56888328C1FDC9292D1A9936621D76EC65CD6A47DC5DF29DAA38A3AEAC6
4318	4004670	9EA5743636AF4CA12F5D426551F1D45ACDAB0540713A32A3279371448CF5DB76
4319	4004708	AE942598DE517A7955FED1BCA3C2E9AEB08C55F03D1BF4792B5DDE7D9B99633B
4320	4004775	DB842798521D8304CC01A89FB236164AD91E51E3EEAE11851D108500182E4B10
4321	4005062	9F4E630E682339AB8929AB487A64CF0AAFEC799D0A16E14150A68A0F500D2C34
4322	4005230	CD09D0A190B882916062BB4655F89DB2AE74C8524DF107FFA57BA369EEA9B41B
4323	4005378	67F3BF0A08FE7B9CA2BE4BFBAEC1F9478DE12CC1D851243843BFC42A431B64EC
4324	4005768	FA799E20E1176A94FF895537C0F7C77C4027B8079EB1310C70C3B66E784E2502
4325	4005828	05D3BE82513EF5639D63CE4AB61F813FC89BF0C82194CC9FB80F472322E283EE
4326	4006144	ADEA0B78EA73B2625F7C1B31E70027B288DA9D6EDCA32A0CC461F1F90B3549A4
4327	4006292	18C11E51AE2523766753B01F7A7D2742A7E5A1BDC1722AFD7A0FDB2DEDDED6BC
4328	4007080	C4DC8C8BF922C815A07C65B32617A6528820DCFFD96B81545F85780A529A89FC
4329	4008335	C841F37D0E91106ABC60FDC5F02F33FB5420C0C009C37F4E8A8A6CF3E3C1465A
4330	4008784	CD57EB003B1960F446A2BDE481F650F4F0C345D7C35E6CF28178413E51EBE674
4331	4008876	327D2C0C5468926F7FBBD5C636E62157CF04F3901874B9060428EE10BB7543AF
4332	4010098	E8EDABE768D3DC8D0955268B25779E710576CF2794C6526EF65F613F124411C8
4333	4011483	3DBC551DA57C2CF9D946EA15D94D11F30748D5723E3B978B2108C7614CCD68CA
4334	4015530	BFCEAF1C4562ACD72DEE4169B44EFB88311B073BBA30729A2B1AE340E30B43CB
4335	4015641	B6ED343DC76FEA3C17333C390BA03A8AE58FC7DFC1EC01BE6B781620816DA831
4336	4016536	CD079F1C00A76153D0C49C5F1A9676BEC5CBD803D1D3AFE5C828A776055A879A
4337	4018840	B8AA99D09D7C85EADD098C5A4E2D05281E26CDC155D0ADE81870F22C6B908261
4338	4018884	166F8E4648FA80BAB50A65EA0B106CFB586DFB62B0006B2E90C7689CDC48BFDA
4339	4020858	451CE6D52705E64AA6F8B39367B719CFE84FB3DA61D17EEAD9ECFA9D60195EA0
4340	4023221	E8DA5481AB212413756EF667AD1A9F5DC000B1CC74BE963A37D3F9F53C63DCE5
4341	4024365	5E4922BD6519AB6DD5F77F72EC20BB52DDFB463C29917296A386672205B6C196
4342	4025511	47523E2306779877BDC7E593E02DCFF359AA874571CC35B40E483E0B1B1A6A02
4343	4032863	F87F1DFC5FAD07AE3FB94DC36C2B51D4D76A02E8264AA3E41B22033A8DA72EE6
4344	4033851	126FA47DCF8ADB81CBA682FDCCD89D096F6CC068AA29617D7832F009F9FBDA3F
4345	4035878	3D22FA7F3300D3BFD6DD897E6283226ED4C652927C01B67124CC1AEE2F314D25
4346	4036335	889C8F300D1E2DE33455501CBA22DCD5101A70967F09B3FC3F314757A3BCEA86
4347	4037635	FE57BEE531014050E0A03BF4766DF7BD2ED70026747CDDE9FE54754E6A2D1478
4348	4038701	A0FE6F6445569E9C594775229C78B4A558694B6A5C36E14B12EB0EA963BA6DFA
4349	4040308	DD88D378916D27096EFA370430984B2075E5FCE0D87999282E1F17E0F4F4F76C
4350	4041004	57C7CA215A77653215F6D4EE95F3485F8E5F8279432B01FBA5CF077D19178EB1
4351	4042922	80DC94A20A5A8CA1CA195149B778433E8597903CA90246C3463FE210C5585C19
4352	4047449	C4B6E58C2B75C023B22011E41DF59B59DE831E7807036F4C2D16AD4BDB8AED2E
4353	4048343	C94A99FB53DD8D2836694189C814DEA0AB24688B0A291D971246546F81DD3189
4354	4052727	7DEE6E307CF93D1C5B559102584BF2F6E954F227820304C4A054DCCC35ED7A15
4355	4053888	DA113C294400F9C01DD9431A23A821DA23BDED3877130821D063B46BA9E7B3E0
4356	4054181	1CA912FFA224A9BFB07A1B4E7B9D10178CBE8955E7F3A4CC8B04E8BFCA9CC034
4357	4054450	2258D0E05B45E72426668857BB77CEB557A173195E8D65F8A67C1866F08D5BAB
4358	4054743	1DC494CB09676A9406C5638A0DDE95BAC914D26B56D2EA66E700835B37C6802D
4359	4055224	D87303126E225F16DBD5B515CC93A1B755A557CF13B85BB1812CCD15CAB5C41C
4360	4056484	18269CE6F736197007750C75D1348EEACC1A8DF2507C87A0E3344B45199E0711
4361	4058889	784D014041CB4CBDA17D46478C6CC6EF64F130355A3EB9EA1A1B02DD334C8278
4362	4062976	168FEC1DED9CAF3576B75B5B2D91223E09799FCBEE1ED1C13781BCE3BED1E442
4363	4063104	C5E19E01361C42791BE7628090AC12C3E309E3C4BCAA99486E96CDFCB1C7A12A
4364	4063285	3EEEA5031D90AAADBB396F2065F2A6C4C3E9F14A51E07441A1B3D3C3262B42D5
4365	4063493	C2FB14C6C48B839CE718BE7988D459E5902DE1E30FF7CCA4EE736742399764BA
4366	4063718	D6C300FD62B4E446C4AB07C0701CEBBC773D8B3F24B6E602AC05A11AB4FE987C
4367	4064208	78DF3374158E4D020452235072B018725F641B0FFB481709A4F830A1EC561235
4368	4064811	971DB436FF42771589F1B54440F22326469D7C6BC61BFA2BF71990EBF3FC508A
4369	4064868	C6463BA07B84EF114FC70C0F7C68B5B093646FE4302DCFD33520A1DBC0180DBA
4370	4066884	BC1951FA8D7867C786BE8CBDEF228B431E5534FFFB6A64243401826E728686BF
4371	4066964	26F0D9AC1548BAE694C61BC6197E4EBC7C55E2F53A6EB9415E1752B8C9194A99
4372	4067116	44B1B1CB99676FDE701DC75727E2B1E990D132DEBDE8AF9F19315E741B95AD5B
4373	4067747	409B3F61F1A3430E3B1EA8405E6563162BD47F54F9FD8B55C4DD3C017818074B
4374	4067799	CFF3483EE1B34B9D80F77944DABE0A0051D867E6EF4B95604DA0D414C8CC457C
4375	4068090	E7B089E45D23D87D5C7FF181B53B553F41E48A54677AB8D5666F8449BC4B8F80
4376	4069182	E8262F6202A58D4A12668B972DA0889E89206103317A4F1F686B02A646231551
4377	4069327	0AF15328C2819029BDDFBA4BD88C87751714EF7AA9C3066E316BBB815E74E689
4378	4069559	314BF565E5D34522EB136BFBC463580ECD9E0F162B3F650427E20D7D97326D8D
4379	4069560	12DB3E5A3BF42EC2053DF9B08F68E8D4E83B2A3F93686551ACB52872467EDCAE
4380	4082806	E458B980D063D0E9A5B2E9F89FC9B19DE51E54E826E838F712CF2F834A2EA317
4381	4083215	189E92AB4AF74ACB4B3D949DF8DD20E9F6AE803F09BEEC628535E2A7DFB57503
4382	4083220	04CAF74A36C7873F33002573B54303294635326CD207E2A78DA159DB77B960AA
4383	4083293	CC90A2566AC6ED00B5B8EF8E8DF3E356866C1245EE507A18ECC9110913822E3F
4384	4084542	B6AA211EAC818BA86191562CFA33D89C3B63B3E2721698C8527F3A653142856E
4385	4084870	ECF5F009ABD6934563B07D6811DD6B16EDF1708AA585C6BE06EDF1DB6910141F
4386	4084904	3A93794DB3BA3EF79B1928B60CAD5621FD52AD6A6256DC9D3B3E06EC17BEC4F6
4387	4084919	8D3BC949093C72B1A327F6D9F925499BA0DC844EE04A34A5F9A570C9934A6D64
4388	4084945	25FD2AF279A3294B28230D7D5724C043B2556A54F541FA38A3ADFB1D7A15FA6C
4389	4102527	4E39D661E18170A98AE53547F4546C7990D9895CCA2010C8D4C897BB2631F4C6
4390	4103496	C8073F8344ADFA8E559A6C1E9508DAF680A3CCAF2D0800771BC3429A3657F005
4391	4104494	19A3E9F39B2F99979A479768AAC4273BB081605A7781AAC38F1FDC0FBF2B23EF
4392	4104506	27A7090853A7CB0D684A101D5573331D10C543A7AFBA9FAE287F0A9C087E1A24
4393	4106314	D837E51151061A151B54A664225BA1F0011DF4C6EBC1325B93E76B2431AB0F73
4394	4106489	40EFEA9071A901DFF6B4F94FFC30089AD9D0C99E811164A3F678011C5BB30BD9
4395	4107730	8382D24B5913E3176D9EFFFEEFAB115E6598B383F31DDB2663950998E3AA4A93
4396	4109765	8FB2EBACC65F0A7551020301A6096474038A4F6BF1BF1D79374CF07819D85F98
4397	4111045	25B7D9057CCFCBCD76A74B593F641965DE21D8552613985A606EC8EA8DFD467D
4398	4111461	CCFAB8D9451EA069ACF58C427FB0683A012BBF4A7AE41DAA154145F974CCB331
4399	4116699	5CBFBE785EB1116D335777C09D21EA34A5FF6E287FF45FC4CB1082EA5722E11D
4400	4119006	849934C5AC3EA31605E738341500A7834426A6E22DEB92A628C7E83B901BD0FD
4401	4119966	CDA7CCA9A94C4704ED5FC7755289900A2340F3F6C8BBC262BE4CBC3361F8A84C
4402	4119970	FAAB8611BDE34358F53DA8334449DE2AB5ACF8D6DDE8DE6A3C551A557503B6E7
4403	4124689	1554014132D7D14EE91AFC08C5321A83A4F9F91877DBC5E8C5601722033F59AB
4404	4127055	4B2C035CE2364AC5F69C557A791F5478B107CF8797A630C625532065AA2CF206
4405	4128474	374DB11C70D009F4ADC9FF63E92D83A93AF5C9F51710CBDAC8C309B8E2900B88
4406	4129098	B6F6E4F13807E7B52D9E9B9404CBC0BA1EC6C442AFE18C4739149C59308B79CE
4407	4129392	75706D98B99A5F73A08CB721F98C1DD762E8DB2CE6984E82284DE4D8F221E6D0
4408	4129698	52A684A4EB18B49EF1A485D14999A6995AD7DB1CAA4DA371DFD2401A1DF41E41
4409	4129730	DDA12F234974922EC68A723B58EBE0DE317390F8BFB6BC17F5ABA1EAA681FF53
4410	4129998	98CDDA8376812C9BD836CA0795CAA21276476CBD1BD711A0901F8EBF0EF40DCC
4411	4130030	32666BE3855F69081DA4E04C5DFE054A1FB495A8E2BE681211774707C5549129
4412	4130298	730449BD69886C3A0C9E3F6A41F0FBBD90E18010BEA3ABD6D7A6B71AF40EE119
4413	4130330	DD12D9E0A35836B530F99655C14CDD61880EB8AD13BB43904D80CEF881BFB31E
4414	4130598	F42BFE690092F118625C103B459A316ACCC34C4821D3ED8FD06B44E8ABFFD4B6
4415	4130630	F8F80B3D6A3273594445C303FAF81D7AE78FF3806F0C5F68591C56B71D99A099
4416	4131070	D353E49439B67BC0DADBC871DED65BFAD0CFB2FB4AD29D1BBA411E4CDAE76DA3
4417	4131372	AFE9BD1E9EA058013603E2174A1D540AB7A88C43FE39FAC7B06B2968A4C04EFA
4418	4131670	FE6EDCB59EFEF76ABEB4B1F7049041E0B383CE01E2F04711D605DA80060E22DD
4419	4131672	C74071652B5CF606E94134C4FF14D1563C6FEE5B96B612EFF34A54B9DD1ED712
4420	4131970	22BEA3F2A714CFCFFAE29C044C7B08AC1C367FFC1A603609E4009E1E35591037
4421	4131972	E3D14E93893DCFC27D8C017A84D97DDC1551F34481F7F81477F453B0A19E52A1
4422	4132062	24D8F80EE17A9B4F10A3D5E84E987C4CA9AFA66C145850014DC42973BE1DB090
4423	4132066	27CF9DF8CFFE902B8FF4EBCBAA6A55247D7616FAABBE840A40B6B985F840EAB1
4424	4132122	AA4BEF564ECC825D5A9CCD70406F3132E5C119D1533B95BC6CDAEE7CD9649730
4425	4132146	729E2F8559624442FF65C1440DB200191D93F02C59594609C6CDD31DA707C0B2
4426	4132147	7C6DA348E1B93805FFCAD69D7CFD9498F6C6D77F98DCA5121AF1414191CB1DBB
4427	4132190	026C41C8870E3A39B2DE144114140BEF62CE3FE10443C65CEA3C2C4E535E5651
4428	4132191	240924582D4E63F7A21D2EF6B7C35BEEA6ECE419F788A815E27E3A45DB7A3677
4429	4132376	2985E46A929EEAEA2AB6A64CC72C444B6464287BA437F84C62CCF78B4D2A5DE8
4430	4132426	648F32202CD53E41BF81002AD0C12B0651E8157A01CE32D456F2785F5FE24134
4431	4132482	842FC6617EFBDEBA9B0734A34AD0C90C00829935C922284709F174C9B946D262
4432	4132506	C05BAE33346F592D8BA5873D245A82DEBE584DAB394715576F2E8B54D8C27058
4433	4132507	8E21BA62ED19507F1074F7C34091E5D2DFCDD3F00615BC81732366429F02D3A0
4434	4132528	DBB9FD1F1F527D2423F38B49FAE7CECB8FCAEF1CD1417241F33F497583FFE295
4435	4132732	A16A1193EDFCC6D72D51FDEA764E01F7696EB9A17F028DDAA941FD17C88B72B7
4436	4132736	88E368C30A6AC88DB3B0D955352361AEDA6D9508D379D24A357AD7E6DE672842
4437	4132782	9735934980944DC939407AC4F31C823C48FC664F23406C17C8F36C0B853CC402
4438	4132786	4795899DD5F7113DD308EFACF5A018071D7ACD7BE8D1F76CD5D5439523253C73
4439	4132866	1AFC44FFA424439542F240FBE4E717C23B475D520E0C8D2BC4E78BB8913A2E53
4440	4132867	0CEF69A2211D12ED9F8681C776BBF2BDE4EEC64E29E8F1027D6A44110C03AE66
4441	4133096	7E0B5031F562B3A2EDD8A56160DB3AE4C3CE6C601C7E3EC76C226F003CC83CBE
4442	4133142	F915511E11323448B061A318F5284F77CE84958972B176DCCC26A57BC2DB376E
4443	4133146	309C07261680E82B1074B7DFF201F0681FBAA4E5E9C0178FB10EB938FBE45C64
4444	4133202	7297848D3EECBAC59DC321715757587976AEBF483A14FF29198D3BC25BA71C56
4445	4133226	13F198CE11BD8B497205A0F7ED23304F744EE1C49A0BFC5AA987BE6535A3104E
4446	4133227	B25C4221904705F2CB17746FC025C7CBF6AED0C44C86B8D19DFF26E137CEC24C
4447	4133248	41E9222564D06812E59BD79D33C224B1BAE47E88B0738B330B00DE893FB26C6D
4448	4133270	47A2052386F20363406F9C43AB93C3DF8AC1159E42442F79A2245DF85DE34799
4449	4133271	1FBA40091F51A82ECE1BECABE252801E2912512EA09F01CD736EF5A9AAA709C3
4450	4133324	CF9FD31F4E5E091EAEE160F2D869EF5DEFCD65CC637658002BF5A07381B13FE0
4451	4133452	287732791C20A8E9A50676D5880EFE0B0AB853FB8D804C4E45687251E47222F9
4452	4133502	1626DBAE30AB4ED88AEEC372E5AC6CEBFECF8A2277852B3FBFB64E9D21531BC9
4453	4133506	7FAD41F0D36FF05B51C3E37123D02B49BCB45B613D91B94043392DD54C3B43C0
4454	4133587	61CE76D32E7CC6FC055F4D54F079E80601F61AFA29995BA717BAFAFB33F35676
4455	4133866	62BF8B7F3275AC6455582C7F3F7200EC165AE56AB787BE2E5737CBD72B14B7AA
4456	4133946	38B654FE2CB84E5B502A67031F5F1C79B9B037E27DA85B9E916808BEDB217ACC
4457	4133947	5D1770E0273D5F83D14CB1EA8110C5D7F57C500BAA550D0A721102567DAE680B
4458	4133968	0FE1950882F30438EF8AE16086C23B8944F0B131A33CAF797CBB0524FAA2F9C3
4459	4133991	2B7BA9893CBDD80BD1F67594E0E3617642DF1B96CB3139B17030D66750FFA541
4460	4134065	CF5842DAB1081CB2DF37326AEEBC423B41E19476FF9EFC8C4C50EA194451AF93
4461	4134172	0E4FFDF8B7816AB33FF76C06FD2326A8C1AE0219BFB2D68822FA9BE7C88199A2
4462	4134176	F1A5CCCEF40B8BF18508F63791022DBE420EC8C727A854D42B6508E75006231A
4463	4134438	BF5FD8260EFA0C7B6C6F2515396DA193DC717EB25071139FB3AF244ED770A855
4464	4134440	117897487C1DBC9207A63014FECD79D446FF47911F344D90C64BFB869110B9A4
4465	4134738	3ADD54D51416AB6740208D764EC2D0CE62A483B62BC9080D480EBED4A08DFD89
4466	4134740	53A3D200CC3E706F08811F614633CD144678632EDA3D52640A05377CBC81428B
4467	4135038	C51E2B500B152497751616D16EFB23888221924FEC6F98EA68B898FB0458665F
4468	4135040	3BC641506C54FF7D08AE8C1CA08A545CA2219C6F52CBE0D49C2E18BE2BF893E0
4469	4135338	662C40BC171C62931BE8FFFD812B9A6735BBE2A3DE6CD5A277BF45E4C1444776
4470	4135340	0BA6649D21E22FE191235106AA93536610F2524BCB47DEE0957C601BE3DA50BB
4471	4135452	550028D6EDC3C57C13286FBC1D9B5A78B5EB6B3D41CF354B5838A4A78DB91B1A
4472	4135514	D979B8DB3DA3B7241B713D00E3F60977D912EB7067E718024E5A9CE3741A2F5F
4473	4135752	02363C4D9253EFBAA108CD0EFA2F463E1D4CCF346C89458FDC8D2998292687FD
4474	4135814	1263684C5CB8380B94F80338379CB6EC6B3A72A30026F38D52B205E96C9D3190
4475	4136052	09AC34D142657B46BA4EC34251E434257135471BA18676467528B5E306790AED
4476	4136114	81D40582722729D0F1900E32588E97314A78AA5164F5B8BD53EBAA85E171B646
4477	4136352	61C45896910E85DBA4B8EECDEFDFB3CC127E96B4AD4C72307C9B05D5975DA4FD
4478	4136622	F11676B1CAB0983FD3694353BA7790CF72F386AFD2620E3C170E64A9E42806AA
4479	4136626	AC3BC32721D17306B709B8DEEAE4333C8EF27B331D6B44061B6034E6718A0AF9
4480	4136682	697F2CE1471E6DEE59CFA40022A73F5611D9800B66EE62F61FD96DE87C2AB127
4481	4136706	7865828E132D703C3D1D1A816189FA8B9A55754B6B4BCB6268F5E64CCBAB48E1
4482	4136707	74026867D87D71619DE2345FCF566ABDB76A373217A9D73D0CD454F930187F3F
4483	4136728	485C085CEA1A54643D6A4A24ED9ABEF75215CD8D301CDCD46954F708BB0BA014
4484	4136750	D880E83A1DF21D9CB4608819E018539B8031611B969F6FBB6C03F26970E4D5A4
4485	4136932	F4D231078057D390ED98A5C0408A7B3B15EF0FC885868423DD4C1D4FE0187193
4486	4136936	2904157729670F4D5F0C957E61758B42DD7EBF6A913FF159FFE0873BCE2A19BF
4487	4136986	6CC2A120945006DC9C6074E5046D3733AA93FE319BD69D6310862271D8BC4BE2
4488	4137042	EA55EDCB812D7C507D02D491CD752847F1F32B209F619FED27D93FF233684EE0
4489	4137066	55A316267E4BAAE39A58567A674529B31767F472DF30C6E7255855D848B8EEC7
4490	4137088	9A55C26F6C021FBE636E3D614700A116154C2FD591C5F96F3DC7E5946F9D75B8
4491	4137110	FA66E290504E4EF6D9C7E9148BFE11929B84F50EEB48804F4FDEDE813FEE1E1C
4492	4137296	D802D9109274B669B472E3393062074726C9C76EFF1D6F1AC4C5807C315B9DE2
4493	4137342	094AD4AF9BA6755ACF06FD661C5A58A3AAAF49E562A72DDE1BE9FB52A3A4D455
4494	4137346	86926368A19EB976527D0A9EF3EFE68C4AB90CB43187DBD9E1F05404DA0ECD43
4495	4137402	8A347931BEB23FA0454F7FC36409068FCD69A0B11A14EBABA531AEBD3ED22F8C
4496	4137427	2B11BBA8C95BB67ED6452864656B41975640B80D793A8CF7683B96E5D8A13FCF
4497	4137470	584EEF4064A257ECEAE0D71908DD83944E0435C62271EC3A849582C3B9DA5296
4498	4137656	18A67F5A05DBBA8E70E77C059382B859642CAFB5B604D46C0B359D1326E96221
4499	4137678	B6800A6D78F88E9999D5B894976C87A7D02885E63023BBDD97DD2FDDEBE2B07C
4500	4137786	76B7784101DBF631993C79C516A98C306E5292DAAE2B128DE3978B02A12ED29B
4501	4137787	A56674AF05415F577DA18CAE015BACB63CD0373CE5138A940A890C5BD3321FCD
4502	4137796	0399641172A01B925D5063475C2DB0FA9EA95505F264493E09B79BCAD312FE3C
4503	4137808	B5A7DB55969E2E6B043E29F8088B750C8CD37381AFD241FF0FDC990C0F75CD00
4504	4137830	08418DB0D7369580ECC494B11019FC2B12287E551860E12250337E097BE6C8F8
4505	4138016	77B1846C26D1B3883E75A13253BE4B63FFD4F405E380A957ED92966F26649361
4506	4138062	B5FA0F4467607088F7F8768003B24B81E62A9B5F69BCF45977562936A493A074
4507	4138066	A9399CA41E14EFB5F5DA7735F818C4CDEC488E53DC0703BF56914D8877794952
4508	4138122	1E9CD48C024713C9842B7F0A3ECFD4DD0DF7FAD2954AEF175B60EA64E8E33E3B
4509	4138146	5AC169445821E8EA0600A0B43A89739F287EFDEACE71C0E57A9747726C1BAFB6
4510	4138147	FB8E80EE09E2E95D2C18501F937A32F1625FEC29B3EB54D67285AD4CE59424B9
4511	4138168	1971370AF8589CE2B47D34B6ABDFB2A1D035A137AD396725E7A46C057DD2D040
4512	4138190	0B25F4EBA4B2FABCA70FCE6A88FFA8D09C5485E549D3A237BFE6A2FB30948102
4513	4138232	47B762C53AF0C8554E823866C6D674D7F8D0F96F094AE58BB328EB3F70DD2DC2
4514	4138422	6E2ED7A48066CD5392C2BBEF1FD485965C522DE0254E44CB15A58B948823F958
4515	4138426	4EB12C9DD792B8D840BEA03FD4D84B23572501ADC5EAFFE40EE095D743177A83
4516	4138482	8D8F156B1716E472C6B245C9FEA140F774884F49FDC33B140A593A9CB21D8E41
4517	4138506	0ECA3F5AFF8E6F8ADE0F5C4C5651E639EDB415A7E517F9247685FEEC3E2FB3D3
4518	4138550	366C2D2617EEB5831165B20C4BB44A53973E9D92001B421BEAD42FC37595C8AD
4519	4138551	3F3462CA13C34BCF89BDAC8264EECE3F826FFE0B7BB768A59996CCE82EA85448
4520	4138562	7BE22A5B05D6C60433CCAA42765250EAC8FA08262F183994EF002B7BCFEF1DF7
4521	4138604	3A9A2BA8CF9DD3950A9FD274A84F7B36B5C44F1939911E44719B51762062005D
4522	4138802	93F68EA21635E5B20EE4E1FDF09312362AA06A37E2672AB821C9FA40B60A3441
4523	4138827	8FBBE80F6F65551AE90E9F4182F725379D5EE35EAA71A7860A7171674F789F23
4524	4139102	9BD8A92FF48F7F98C34DE4AF046D1D8B6E6F8DB34B63DCC6DE9DD226A14BD398
4525	4139127	E0823DDD877F292AE28150889F378670F35A3AE47C5227A9CC4BB1E1055D936E
4526	4139402	3FBC1638E51E48FB3DDFC7981CBAA2985A5559DFB1C9540ED9DB7693C9D9A791
4527	4139427	3267287401D4A40FA6411024799EE4294AB944C2B707E5D05478B688D29F54F3
4528	4139702	062A2AA9AEFBF939C1273F0D4F2F27AB347654F3457019C3E23841C2018314AD
4529	4139727	6A101A330EF3123145E91DA1D03CA118E14DF01C47AF8D56BCB9915B67CBD67C
4530	4140024	2176B29F31F74BA13DF773EA02CD9428563556840BC9D390FF15683B800CECC1
4531	4140064	71984173D6F2DA76A047F21794F67C3045FCB752EDCE56D68FE52AAF0ACF38E4
4532	4140105	E0DDC2A2AADB0FFE02B57B36C8B1AF0E21000AC758EDDCC2EAF5F9510EAC783A
4533	4140135	7FE58998AF0D3C4FC244DBA5EF99AD34301F172327B397E91703A293622FFC92
4534	4140200	8A918B1193D1616A49CDD7FE1B94F7E2ECFD58AE43E2AE6F194CC065C6584116
4535	4140206	194053C78CC9CA04C77C2016B976EA5502F5D92BB16D051702093AA72CE3297B
4536	4140225	DD00679C0F35775D8EB1E814EB289B7D90D42AB6E30169D484FD273E3D8D0DF3
4537	4140270	EDD2946A2E2EF259CAD812A8A39F3CC561C6D47E3F548DA7FE6B38B8855DF4FE
4538	4140384	6193040D09751BE81425BBED206EE9D86AEECD8DD5B85E6D25753F5597766FF2
4539	4140424	67AABB97CAEB11EA5E6AD654A3AD1C3F3B27472781DC076CE223E9228DC5EC22
4540	4140465	F001F776DCF4CD74390A60B35DB74A3CCC6054ABE17A624E2D576FB105DD458B
4541	4140495	C7A0C9C28DA5A225656882D7635DCC888AF0568966B4C3355DB77F175124DE0B
4542	4140560	0C8437D8FADCC601057378DEECB2B42E0F4E40584E6D5783373C14862DA48C7C
4543	4140566	46DA9BE08ADB47863E0DCD8AED439EF85233991FFCE329FB039109F2C9753F3E
4544	4140585	F91E0533F72B9C2863D6AED2D149EAB4D3F3262F77650B73AC2F279E90D5627B
4545	4140591	72CE67C310DAD341CEECD351CAFA427E9852538216A300E0EF793462AF6EF243
4546	4140744	3263A77F5C19E5AA5DEA3788AB88C8173EFDCCD74216A5B1BC57B40E179119F6
4547	4140784	63D6275152D075C32C1537585E802DEC4CF0E6655603DD48F3AF447917A4CE8A
4548	4140825	2374029D33630B2D7D936921944D30D9F9EB3FA1AF46BEAFA03C0752150DF5A3
4549	4140855	B018160B37A500A01D50ED1B65EAB7E716A8AC5A297C531859E8A05E070752FF
4550	4140988	E2F235EEA63573FEA0C49B6D7ADE56C27F6A5DEF853BA6E70353FF4C3011E910
4551	4141104	7CD492E5F0C0146E30DA7A19AAFC5042405F6ED59E780C65549B890006E18FEB
4552	4141144	BC3DD2374CCFD55E4E6A9DBE7EE4584AD15AFF27169C759C734E515A4E04E127
4553	4141185	15AFDAFB2045352CB9986FE59D39E84AC696EF67B6401FDFEFF5A7A19A08CC38
4554	4141215	449D3C298F69BEFE62F653EFF2A5B457396B01D9B19B3DC6AAF4290E3FFEDB4A
4555	4141280	134F35604C54C3191728E7D06F29F250561BE96FFC1FA72AD8790FDC0123008C
4556	4141286	68F6BDC105786434F1103D217DF3797EEB4EAF6E2E0ED70656C037D4B1EC78CB
4557	4141305	FD538E5EBD6F42A734DD806CA6CD24095EAD7DABBBEB6FBFE59A984EE5EDD92E
4558	4141311	DCDD4E4860D0157849ACA68B09DA0D1BECBFA62CF78B5C645F70FC156FFC8B5C
4559	4141366	61847C608EEEEA0C2AB789D98326B5A0F2778FAE300B7EF212AFAECBFCEAF7B6
4560	4141464	F5990BC46EE191A2DAFE4B4E9B2433C3ED34648A4398E27A032908102EA6D06C
4561	4141472	9596388129882DCF82D0B28C3C993E2D4E1147E8C7646C9083A6B2AED9092715
4562	4141504	610E711D0805DD8D0B1F91F5A034E1E93225AE6D7E920FA940B9D56801F87B4E
4563	4141545	89BC60C32441940426CA873CD9DCCEC057B0B4498DA3FD6786CBE123EE73782F
4564	4141575	EFD57559F0B6660D150132A33D0D207E0881560AE0499809201307E343EA58FF
4565	4141824	E5273C7B561F7D6ACE4E04683DE63F49550B6C86281ED3EB87AC32746D494772
4566	4141864	C73A0A86289C89364E06DB75596BF1069A7023AFA62CBC16E550CEECD0B44533
4567	4141905	F296D84FC8048B83A1B4FC68E19B8053CEF9B307EA7C61CA7606CE3B6ECE7C06
4568	4141935	8A7E0F12D3EFE170AD9F6B790B299F604634CE0500C10CA9C25D025C60FE169E
4569	4141980	D03405BE0BAD9485E9A7E2AA8D5FA9BAFF9F1B122A36D04D89DC4DAD7EDA1AC4
4570	4142000	A446993A7E96E511ACA8707829C977228DB74B3103DB31D76E6CE8190F5E467A
4571	4142185	9B2545A9DCFF7CA07B65036EB696D139F7A2ADA29785531654FED943A125A632
4572	4142221	911C2CFC2938466A15821D782183C63E45D22207C6D740E0E4D073B777986C68
4573	4142268	F6FB3388FD25BBCF19C8E4E948A0FA7BAAA4B689EABDDA086172116DC84F92E5
4574	4142297	E57B9552B1F154A6B004751072BEAEF230684E8221A848B44E1A42BF50ABDBFF
4575	4142361	E54A0E769546653F604B330AA0610F22021B9C2294F9F613DF1DF5F448D08B69
4576	4142372	9929939606754DB0F4905620931DCE81337FB25FDEB620304E19D63E219E43AE
4577	4142384	E4658E7B32682C2E7F430C4E9EB63F94A0A159E62B5B0D4349373D8AD8740D54
4578	4142397	4B491C91F9C98BF59181CC999BDD7CE176F6508D6D0C460957CE2487E0832F09
4579	4142545	60E9FE5EC22DAA73903715D938D2E25D25704E7FE4BE58F3B0D146BA4BC52B50
4580	4142581	32A1919D3672AACF673C886029948BC33DDF8E7CFA57DBF1B9EEF2132B4FB0D8
4581	4142628	32FF18D3CB4DD561578ECDA326AF6E477CD3B9F06A73C1584BCEE08C391F66EC
4582	4142657	4751A3D1F6B99F1B3C7EFD3EF78A21869933335AD5FF639365227588AAC40154
4583	4142721	74BE9219973542CFDEF8F843D8EF0D2FF78EFCF2B26A7850D38BF16C9BB180AD
4584	4142732	C1905E6CBCAA585F84F10E4CB01235CCFF6FA5AE830D0A7A2755640F67D47E18
4585	4142744	0AC531E0967DF8ACCB84F6E4C7546F8F43166068124B95687AD87CDD3724DDE2
4586	4142757	E6BEECB2A92B5E4467AA18C228C9BB4CE26E61EA9F627B8B24B053AAB1A38FA6
4587	4142772	9FFB4D1AD0E58D8DF7FD06B6D3E7BF572FAD3DEAF4D0508B7FE92071FFFDFAB6
4588	4142905	8ECE61507D4967FCFBED66EA39E080C9607D30E8C0B242B28CA56218E84FE896
4589	4142941	B3A588E9DD7A2C4A75A20EF99567910BB2D3715B4EAB1F716D93FA9EF198C9BF
4590	4142988	DFC81986624A4273F0AFBBA513177B42AA2B25EC4A6BE5A91F80B73434EF1C5A
4591	4143017	6F5B0365B3AB5E1EA9C36962A482A98BDBD46E1FCEC0220B1B591D2F61D25CDA
4592	4143104	C6905D337B3355C977C6DB51847A90BA8FDC493F1A62086436BAEA577CD3BB9A
4593	4143117	F9B2CC7D6D934F43BD5220EE1985567919637C0691D4D2BE9A2B97F11D63B650
4594	4143265	AB9897662DE872C8A25647E4EBEA92473EBB4A88609B212F22D3749C5DC3DCC1
4595	4143301	61C4CA81D51D44BF6E31E4B768DE205940D4D64AA18A0FEEB18898B948ADFF75
4596	4143348	C3B7AFBC3EA8D42F7F50CCEF14BDC04CD4942EF0BDD6204FD6E06E7CD6C3BC65
4597	4143377	E47534B6194803C9351E314899FF9E8919B3AF5AE2DEF08A2EBA0116E70B747A
4598	4143441	67B91CEDD528875788EA514D968C12210010E642BA05C53966DDCA0488F1CE03
4599	4143452	2229C51E03C819089D980CBE49A8A6D5F9170B8FBD2B11EC9CAF5A0ED27A8A8A
4600	4143464	DB96BBA6BA7AE195ED2DF661E352EB011F7EAC3ABC072AD773929AF6C0DC3971
4601	4143477	01F8DBE4E4549B0F46915798D60C2AAA683BD22777A5A81513756FF97BDB3249
4602	4143625	E98667A2C8605867AD3E415E6DBBD47AF4303651FBA332509F7AE902C2806766
4603	4143661	0CD430BD4ACEB370F62969A462E5633F9ACE1CAF4472B96222997C832447F6FB
4604	4143708	E21A17D706DF88183E5616D09EB721618D379D583F1455EFA373088D0FF63E2B
4605	4143737	621F0095F9BF0BCE84EF7AAB1B1A118F565BBF96C605C30AA877E7F390EDDDAE
4606	4143777	3C3846EB1CC629E75F32794B1206DDFE5D71502FD39504E0BBAD6C9A67933DC6
4607	4143985	C93FF7F07D8D562ADC5C391984927BF709B317E399123077EC89DCD4C674ACDB
4608	4144021	76F0422E8587E5D031A3A8AE4CE01B36C9102B895B51A775EA0BFD825F471CF8
4609	4144068	5955D4EBA4BEAF936BAA87A6980142CDB81C04BAAE06E2CEE35DE9C81EC4DC47
4610	4144097	6395F2A98B6AEB6D07D933CBD6378BDBF606E466C7599190FBEA58C9C8488CF7
4611	4144137	F371178AAFCEECA4D2D38D6639C67A6595F34DC472E30343D96BE9E35413D39B
4612	4144327	F5159E81A275224199796885BBECE4AB49A896C25FC700DF8A7A92A409DAA75F
4613	4144333	DA408576DCBA41253AF3D8DE28A6F34D389E8F430200775CEC6B9C2AC5F6024E
4614	4144364	98FAC75D36D98B2FBA8572F6904AB614AD18450A0D4E18504169AEB4821050EF
4615	4144365	3319948589E7AC39D36EFCF135DF46D662E0F92A7EEFD2C411604313448321ED
4616	4144370	969916DD8FE23361C815C0AFDA8790164373A4B27ACC703933673F2E10B38998
4617	4144371	8B835F022C8EE69DFC876D0AD558CD6503F5022BFD3EF4A33B8A7F5F919617B1
4618	4144380	3573A18FBE675F9B5285FEE74823DC1F6A8284458A0331F67ED4E391F84EC0C8
4619	4144386	DAB23330AF84836139206E686A9FFF12F04DB1583B69D0894209190382A592E1
4620	4144387	FA1A3F338553FE16478C278DF5A51FC584D5EE78BC81327D4ED9F1182FFF3322
4621	4144402	709E209078ED957B8A1884BB79316608975D848E106DD2FB15F666215350C478
4622	4144403	3604E69C57789D5131111BA77AC4474E4339A6D2A4BD00EC97F2E5FDB056DC0C
4623	4144442	99821DD188C6BFE1AE2AB69598C08A6C612A82ACA77D649F355CA083970EAAE1
4624	4144455	AC4DBD665E0C27181E871CD5638B5C671B5C6C77CBDAC7A76E05D953F0319068
4625	4144503	C83D3047A18E50846ABB57933FC1791D4B9EEDCF32A15513105228B86CE75C61
4626	4144527	EE535FBCF09DCBF43DFFA28FA65DFB0874F8B2F4E1AE0BA327A69951C3C86220
4627	4144582	0B1DD91B2318B61DA665B36D02C386756A48983B5DD5121DC1671FA5BC2632D8
4628	4144641	983E230A90684207F0DBD6A698346DD3F26040B59E209DA4EB63907928A5E1DA
4629	4144647	2C97054275745E007111951881F975D39398E06C0C90E70B47609C617BD87420
4630	4144668	A44EEFC84F167D5F3DD2712216843EE7B9459D0D797613BACCD39829F36E552B
4631	4144708	BD620223CF8067EA697A14326354AEB144C434D9D151B6DB9220F8B4F2F6EF65
4632	4144711	46C8521FC116A8D2AF9D500BFF141D612F155655A6EA57A5B0F56D9D6C961BF0
4633	4144712	C0041C8EFFC85BCD978E01A4E74B5C4FAECADF5599AA989AEDA160ACC4B00098
4634	4144713	8B9AFA344AAB65718110F91A7BE9A3058BD0FC2E7F4A100F834C94D6246665BD
4635	4144714	2F2E2E9D1C9C8233576C6846ABB2ABFCDDD8201718D38B46E962479D33F1A52F
4636	4144715	B2A7B3DDABB5CA901E4E2EB82C61C8BBD2AB809C871D29330FE5554B222F4787
4637	4144744	099DAA42BDC509C755ECFF2E6FD552FDD380D68BB7EDA903848692BCAF975972
4638	4144746	69598CB07514952D422C114B98C43A11F7B23504CB876961861957F7892114B9
4639	4144747	F760036E23F79CAF9D1812BA680140CDF0032B99CF9FC48BBFA9D65ADBF0D3AD
4640	4144749	C8788225DAF278C9342E0AC7EB5E73C8969D44596DD4183BEC654A0227AC2A36
4641	4144750	0BE3D4EF7B000ED91EC79FA058DAFF7D459F5497A15A9787DD1DABB9CB6ED996
4642	4144794	DA4EB597A2C0529A263BC5D3B1342B8A58001A442C53F49D44271464191A490E
4643	4144795	D359204293AC9D6FE1A5428E0FE0F925A373E2D13C816125D9BA6DC2DF0C2908
4644	4144798	48EFB11EC905447DB85F1E4EF47596A7CF7080DC6D73D76E101DA26214920569
4645	4144799	26C33D5781F62FF932341287CCB46765C47377F60EA2760264D2645A35A5DA4C
4646	4144836	F6DEC433D5D1EED0D557BB093BEBFF5D859BA0AABD7587E71A55DF5B9BB28B6C
4647	4144863	71BC5C378B7723DC5963EECBB9795ECDC144E22E936302FC0E3ABA563AB3CCC3
4648	4144867	FD1825038F24E021351A23E0FB2468439FF5AC008BC826D2C9F82C7F6F57FB56
4649	4144875	B8EB5A57B16EE089AE23C13C7AAB3A61CD9579EC30824C7108A2300F9158E72A
4650	4144910	D4112E9736143F27DADCF4EC900A8E6768ED44F1078B2BAD6D4A8CF1174E8D01
4651	4144911	DC64857CAD6740CD50ACD9DAC42AD6B8802B77F2ADDD9928B46D978D9E8886BC
4652	4144921	B975A9870F5B4B682D915AB5E244D0371289BECF13B3C6A89D355B24ED22BFFD
4653	4144937	C94EF38EC2010D71F6F025388070287BF2A35BCD60EEB7974C215712B01E4FBE
4654	4144943	7EB41F0FE689113B8D9131052A97F706E3E8FBFC66EDF2A84213ADE2FA37AE46
4655	4145289	D4E8E5F3213CBB337DFEC7A613637A497035BFB0E825C69449A76663DBB96555
4656	4145338	F2237AA49949117B5F962E27F12DFB7EB93299F0C34BFD75B5F6889EFDE5696D
4657	4145401	7E6547E83ECE9FF0572099316DAC2CAA050351F195E1FB7D165F4D150C304C1B
4658	4145444	C1D22CE295DC8AAD584353B53D99689160313DDB1D346B7E284D11EF07820AE3
4659	4145445	BC4A9ABAB434DC2CBDD74CBF3ADE6745C7814F47A39E10D2FD82A3AA947E62A3
4660	4145450	F8291979B19191BCC0A10A0AB930B8E5A75650788307F8215655F915E82B128F
4661	4145461	EF148E0840494B40D50F395EA9EEE39B6C3D6971B311167522DB6AFCC021BBE9
4662	4145466	2CEA1561999E1DD52FC0ADC242D90ED441A93658196933A2FB4BFC218BFD0487
4663	4145467	F50A5A10301E6987DDCDD43743A23C2202A1F3D9CDCF819F0C21A5C74589BD4A
4664	4145477	BA76062E987B836A9288EFCFDE027AB6A405E8D560C8C8D06BA768D9E5EE5938
4665	4145482	9B521B6E7B9EBCF9F31BBCAB12B11B7E799E13CEA00BE87D2BF96902E8F6536A
4666	4145483	136BD5892BA438596DFDF043CD3CFCEB376D278FE6ACAB5B6633A79C40F94E14
4667	4145583	0428B6D34774DEED1C283EDA27FA3FA23C2EBB5C93EDD345266A977B931FEBAE
4668	4145721	EB2A87F3020BE02A84EE5FF5AA76959DE37782854E4A37233FA5A295E4BA7017
4669	4145727	EC71CA1399AE3BF040B8468215432CBE596886A4670FE0EE939F08BFD511475E
4670	4145827	32FBF6F1BAFFDF8591A19AA259B6F04671332786F08A2A9F36C4C60DA34ACEB1
4671	4145875	8B12C41566FBA472E6D3AB7678E14F2218518C0F853EC67B232941707307D210
4672	4145879	4217EFEB4806912E6E6923B07A7D9CBF3AEF607F36E02C0CFE07F3132B35DADB
4673	4145916	89DC6A4203A094156B42BB789C58BD89039CF2D391FA13F54EB4DA227C38FACE
4674	4145941	87CB9CAF0B607F8D059577210D23954D6F5FFF998C0813B4B0C28DE8C8FEEC3E
4675	4145943	A03C9644E8F6D5AC60F7A884777DA468FD74FE0BDAB2E7F7FDB9892F21094F14
4676	4145953	56C00BE920FAA0C0E91A2E7D689B3786C66D2DF586F6542AFE10098595CFCCC9
4677	4145955	BC67E5F5425E06054E912027899434797CDE11F4DDCC289A915C906C30AB9DA5
4678	4145984	D918446899D2FEF8EF7EFE3798EE23023B6E4F88D10E5C546B9057821E6D8B03
4679	4146000	18C6FD4E665F7E71F8A183D0076FD7CA023E6F32ED61061D8365038149CB57FA
4680	4146007	3617A858A1EEAEA609C1ABA1DAA7CB4CB8233C2CB63FDF33F69DED8EE704AC76
4681	4146016	12DC56BA2B79E6C7B2A0688B44648C7181A01B04C6835F4924ADD7072786E0C4
4682	4146023	339E36689A794A026AAF73E41D377858DC473AD4C3E7936A48053E4C98F186E7
4683	4146122	5451B50239543DAFA64001AA2644CCA3CDCAF10F4AD246FFBC83A5776ACE1D08
4684	4146146	1594F1D546561A95F40DACA4CA20C794C438042DF76C8E063844ECD093AF2E13
4685	4146289	D1955E1F9689F711B34FDDABBBE5834E6C1246A423FCF82FC2B7A96077E45A9A
4686	4146328	AA5C8402A859C5AA61A32E25F7D68CE97F4FFBB0D3072AB4205071A90D8E767F
4687	4146334	5A30538CCCDFBF9935040D9F491951F975F395322A0E234F695EEDF8EC0C15E4
4688	4146364	AE014F80E060213D9A1C8F460074BBF4BA699356314B5F0213FB361423622E1D
4689	4146456	4D3F5702E47EF0F0C79AD553339EF7F0429289F826C00184D4A8639F96836E24
4690	4146486	C23CED5B3501DA908522CF39794F7329D60B98A917F6E364A909B47143AF3FBC
4691	4146510	6731C21556CBF8C5DD13003B174F9AEA755E501C9B527ADEFAE63BDF5A7A525D
4692	4146561	41FB17800FB2A4C7EE5931D7844DE1F7AA8CEAA79A1C6A478D81CA4526DC0D91
4693	4146786	C9D0E9FF446A646E340F66070C69F3F6DF4620B1543A8035ADF2683BB7019329
4694	4146837	8C589DA5C63B8DE2CA82E57E76D76AD1B9D51D6B05616C3DF50284FEF72622B4
4695	4146861	FF8F4CA6F4B5359D2EC45D93182283D029D8BCCFD26AFE059615BB4A16D586F0
4696	4147086	9FC1D893EE6D6A20369E25E8C35489361E4D4EF988BE7FAF9FD5C75FA8E70B1C
4697	4147161	55098A8830D8E0660DA5F04BF1664BED5AA5AE707E19DC0205AB4E30E158E9CE
4698	4147386	1E0076BFF679080BFE87A69708182578670BD0F12F01C92C9ED04DF65B88BB39
4699	4147461	FC16EFD996C0D7FD4352059B830D20A2152AFD6A5C102DA96548E1E045D59D91
4700	4147745	99DF56BD0DFA40A251BCF05E714694C6793D44B4F92F0F28E0D8CA0CAD804143
4701	4151207	3BCEB0AF87AD9D27C0C1D71E23E54182EC3C450124117E8695886B57DABAE75D
4702	4151209	44BA0F275BB5059A4EF54FD8FA80F72B28E940192467054BCA08804EAF73C990
4703	4151507	67C53EE3A8727970CD26AAF43C64638BA8115CD896EB32F14BCB96301716F342
4704	4151509	82BB5D1EECEFB3D9F17CDE986BD15D90752C5BE8B3180BDD84C9F3D2A7B6B1C1
4705	4151809	6090790A3C83ECCFDDCF61DB1687C7D69F1C1E046A22E0BD8C491160C4094EA0
4706	4152109	C7F71C8A306B679B6883BEC3840D809ED1251512A535588446DC94939474B2BA
4707	4152261	BCD4CD174F7F1E233C8F33A8A8A510D3162FF38BC087C422272AB2621E5514C5
4708	4152305	CED25C158893525C60B3AA12D4E85ABFCBC60AE0F92BD0FB1352BE2DD32311D1
4709	4152347	965D0899B1765E4FF982DA5A58100A705E636E506ED11925B9529B470D55E3CF
4710	4152378	B141FD37DC308650585C2BDA410A03BB059E1F997721A2CDA1FC466B7B60FF91
4711	4152423	2BB5D242EF1F1E7D19F92CF754EC7C1D4F254E09A491A841BBDCFFFE50528F18
4712	4152432	63BB07BD7FBCDAB48B8F45D647698E2C8DDC7B8DBDE47B5D2579BF6B1ACAE68B
4713	4152447	5017F0D707E440F4CD0C2280EB26632BE73CF7F0218B900667D7DF58F45CE03B
4714	4152458	80683B354BE95E3A00E7ED1365A2F4A27AE6474F8590D1EC84BDCE13D7558391
4715	4152470	FF02F62B426DEF5D92285A1ECAE8D3F4740E78FF52FC34306A0A03CAEE648C52
4716	4152483	DEFC69A157879995823ACD1408A94205AA3A6400755D0AE657A75F436A7E72D2
4717	4152621	FEAE1F803E9C431D669B3F29BCD4733C53D41DD1368E13DBB5D4EE973C035D45
4718	4152665	79060B50F832998FE3753F7AF1B68279CA99668AEAFB1D60384600AB4141ACF8
4719	4152707	9F474C8714B4A404C1C4F33FB4701ECD00558A6BFA4F3E5E5C12B1C24837B655
4720	4152738	36DAC5F722CC26AEB454C5BBB5A6326E0346782622FB04BB31CC56B0B35FE2DF
4721	4152807	B57380247CCA30A81B95623951EF1110FF55FDE690CEAF441ED6C7C2638D11F5
4722	4152818	086CB2CB894FD47FFFAF04D45AE38F862B1B7D17116F40F89883169E3EEF691C
4723	4152830	CB1D4345C669B3870CFE9D977B3D000ED80CD6A0570C83CAEF8FF9C590BAAAA0
4724	4152843	CD4D8ACA37A8079854E096A8DF2D921F24CDCD92469A665E7E182301CF40699B
4725	4152981	01B464F8297CC4A008F087D0C483ECC890A4601F5F6E2648AA73B8EB4D73FB31
4726	4153025	6181542719CEF372CAA4D68F35F8FFA1AFD4FCDBA54BF8F81AE623C3F7C8E005
4727	4153067	DAD734B82C0AF8E56CB4BA76EE7A9FF3268EE8615C15E766DEE5126675023C27
4728	4153098	C3481481FAB1D9736402CB8C5CC8D211B92CB69FCD1CB96F930E39D80B92D083
4729	4153341	BE5E0CF557F73E869BC59C0F0D78726FDC2BF8ECCDCF64B90562030AF9E3C81B
4730	4153385	3926E27440656B241AC10BA41F74C37973F79FF583E25445BB9154E9EE645413
4731	4153427	F75BD7C826850D455C0EEAADE59A0DEDBD4EA1552A7F8EBF2DD795F51EDE5F65
4732	4153458	523C371BC4BE5B35D846ECF8EA73362F6240D1383810783D2ACF65AE4C8D7570
4733	4153527	CCBA353DE16C83B7CEE329AAE184F27B3690F83E8C8338C82F40A22B50B780F8
4734	4153538	64859837935F22B11F37DA44279971FD9A39DA2E8ED7B1B7FD14A6F2E5090262
4735	4153550	84F8E08C5E72CB62B2E3E347EF46F94AE2F113C819030422F0E5E5DB4A4492C9
4736	4153563	999F67EDAE5F1CB8BF7D51DBC42E5D6A750070F3D37BAE4265115197E1DFB446
4737	4153575	F511C3C6B928922EB8414C8CF8A76E42D6DBA37CAA8EF9F55D6106F88AFCC0F2
4738	4153609	C4C0C7CCB3F1061C636AB6F1B0D8547EBC0A689A0D94CB809A5CFE335EB77B6A
4739	4153611	562893141C220D9577E626733B88AA4B89971E042FA66BA592B10393DF7BC8B2
4740	4153701	4658D6B84CA9FFAEB95B5BD506330352ED3C79B3F6055D5CBBEDA639281EE39A
4741	4153745	AEB6A29C92F47FF9E8FC6A5B138DC50AE0A0607034CF2DAEB6BD7FE25AD56155
4742	4153787	4AC09D3E81C2C73762CEE64EA4313DA050295755D140CFCD1E9EB04E94A07143
4743	4153818	79A2CBAC18CFFA34DCBD2D065202D1FEC95CB094AD1A8A99F1117858744CDE6C
4744	4153887	CE53DE60CE0A8D9EBFBB873EE555BAFDC5948629A818506EA1EE7734BE3D035E
4745	4153923	85095018A075500C40C27A6C749C98F7CBF91EBD4884228960B6E47A905509F7
4746	4153935	BF81061EEB43D9DEA3939635ABCC778B37BC2EF91A9B7CD613EAF5E4B218F399
4747	4154061	B6C3318B9D03DF0E30F0540ABCA0EABE96966EE321FB8BEDB84AE9303D1A896C
4748	4154105	E5FBEE154543B107A3A289B72BA25A1FD7D85380AF8FA6CF0B6F7B8826626254
4749	4154147	4435BFB7CBCA8FB40CA81DAD325AB6A4A8FE063524AAAD47C21DB0BFB468EA1D
4750	4154178	073369F4F5948336BC17DFB199F972EF1D6E7C18A59A4289C73AEF8ED77DA38B
4751	4154270	1B1ED0A6C3F0FE6967B47AB8AB6CE86BCA13EDACAC82DCD9E8D61F0F4D9D544F
4752	4154283	1D85B37C77D106D91FA8E7742E4660C76F95643ABAF0A85D6ADAEA9ADB0A880D
4753	4155196	46CC2AA4E242F0F165417C37E939FB570F0AF26E803E06FEBEA1D93B039CEB39
4754	4155211	9FBF9DFA0F941335F49A98DA61A3EFDCA23A1B6D27FCFB35F62D87551B327B3F
4755	4155489	C8F1983415EBECC447EE6C48DBD77DA5B327F3C9E6AFB6D06F15328547227B96
4756	4155499	A009562D1E28ACA4AA67EADDFDBD65FD223681D5D38D4F156959084FD1719367
4757	4155992	BC4D83D832ACD4B5160401E44026DA907B0B2C5040C972896465438F50560860
4758	4156333	2DA650C2EB4B683A9DD39479B8EA5F77F722D35EAEBF1200BCFA41A7E98ED70A
4759	4156664	5D0D21D8CAA13A383C0E4C9D739C1C3EE47E9EC6B7AF33F11D8C47032FE48196
4760	4156677	4391DCD96C4D815C653B1791A86F5C497EC939E7D3E65B97BCDBE88A2617EEA6
4761	4156729	79413A0DF0E245B7AE893BAA7C401FC004A0A79B36E5B00FFA0C11F625797E69
4762	4156732	D3EC427CAE4FD92843EA62FE231B93D1EED4DABAC0894D4FEC24DAABA6C0B170
4763	4156739	015E7135D54A27C3A25C44AD227D6D22BDB0DDE432480092C5BF6BBCC579651A
4764	4156770	1F3675DD81BD12BFA5E9FF0758282EE51523C20E3B53F417D72C2785FD25FBCF
4765	4156771	FAC880E935E3D07B43F66D69390E64900375BB961BE370B855CFD692CDAFB3AC
4766	4156804	7CC3ED5F2184B35DFB476021ACAAAF18F63AD2344C6C1FD7BFDE34FC296CAF23
4767	4156830	37B8FDF35DF721ACB0B24939219F0CEE75AB6D70BA1A1A2427EFB6A0BEF4D3D7
4768	4156876	1579395C80B98C06861B4188398F129A85E3591845A72E0288D9244AE0A2A316
4769	4156877	AE557C9E792AD11A180DE5865CD532A9F7821F436FFE572FFD9FEB81C1454561
4770	4156915	EFAF043AA2E391FE0340AA6A34FAF361BF7F1B7BC01B8EDF2A148735376C0F7C
4771	4156937	5862E94D21D2C9F04B2FBE728401377713AFA9A933E8515D54A9648D3C883E13
4772	4156939	49A0F0586505373E36DDEBD95B6635B22A407D94F24828641A49FE0F22F9E9A7
4773	4156973	C12F0CB87FEDC4A4223E06C99548189B80E5A94A1C8CA382FBD89DDC00160CA9
4774	4156975	BFEFC4D39EE1AA01D4E60974154E918DE2B63A9831344B372C0DCA1A542D7144
4775	4157010	38E0A2B7A233C73F13690D2F97F38595B6382E6FCAE4EDB1B72AB989A0362528
4776	4157011	807595C793BB861DCF11608C581E2952C78C70D13FD8CE6B690A98382745528C
4777	4157206	2906D696A8623D6235FE96C010AE786271C5237224548B1FC111162D8C34DAFB
4778	4157216	9C2956D236D548CF5F70D770C50E70F6AF7B5C8F854BBE6D14E50675D6B35A5C
4779	4157267	6FDC69DA9D66DAB25C2F772080AADF3B84CDCF050EF0286C972A30F23F9685B7
4780	4157269	53D06F1961EB1FE7598FF69946FB844D55ED91415606B068746D1715ADD989C0
4781	4157278	9F6AEBC1811E2DCBAA90E06C6736A7B32CD91F118A2B720EC5C5DA045C8C0C13
4782	4157281	20FD8B9EE0323DF3F29EA1296A1060AFBFE43570F0CB7B2580E9DA2E798948CA
4783	4157365	4E49AF596E8DDF7D8C938ED65DFF799CD7E022FACACC0706D8D5AF2434E030C1
4784	4157390	FBF740CFBD3534A82B7F2AA635EA4A0FAD070A64A74CBE3121CA00B8AB8DEAE4
4785	4157550	20C003B413A1CFE14254D765616EBDC6D29359AA0C1A18F4E135B9D620CB0FCC
4786	4157807	C562781C284DFC4E7A1A9D6D6CD65C17782F41CC3D2A8747401B9B96167DEBE6
4787	4157808	2BAB44BC89D4E0C07AE368EACCA533774FCFE0478D3791C58CFE8818A7A66C8D
4788	4157896	3853A402E734BF4D25BA16FC6C31598D80667B82527EB3294006EC3A79CA7FCD
4789	4157898	E2429A8B4C8A3AD51DC358AAFA13782D97F7BA930A6A043D7BE209C290DBE366
4790	4157905	AEC5861DECD51003E22F4447E7AF6F94492FF2F1B1A1290D47625781008FDF2E
4791	4157908	CEAE1BB427DECE315361F4F614E502CF1A28DCDC2D009C49D001500419D27382
4792	4157957	0D12FF6A59763FF96B8DF91B81DADFD735B3E390C4646541EB6553F99748D5DC
4793	4157959	764A560CEB372DF159FAE8EB0D0A134264E0E8881F1972567FE1CE1BD844AFC7
4794	4158285	BA78E154DD0CF3BF6E3057FF8A3D85858C8769D3A9F1BE39C2FE63B383986863
4795	4158300	815D6116ADA4E20C916FE0C261382573D31228A24D4D069FED25101593D43882
4796	4158346	3715711D3240BCDF5E601A00FDC93F769DA18D4656A96EF053687392FFEFBEC7
4797	4158347	9F38B7EEDA66AA20C4B0884D1610CBE824EF83574C6F76DB2A8C2F18F3702643
4798	4158445	9DCEC3A33390CD0D2A7EAB1E47D4DEACC23053E99BC0BEBAE536990D1DDBAE34
4799	4158462	A49B0B7A5A8A9BF67F72E8443FE66F591B5F4AEB904ED96CD5E0706B318E80F1
4800	4158497	05A88F8E4A2CA228469F8B483400BE4054E148E4C7D8F6B38E949D04DC55FFDF
4801	4158499	0DC6E6695EE2598A3A5F11D685F462E9503239660BB474B0F687BC2BF51165D5
4802	4158534	FABF55CAE6A3CD7F8F9050669D854E88C3EE1A51741AE8F8BA2BB4BAF2F3BF8F
4803	4159901	CDC5F345811550D1EF825ED32370FE3BA8063DAEC6394849CC9A291236D92985
4804	4159913	2562862A86B0929026890F23BE2A8DA61ADA7A03F3A47B33E537BDBA9D39BA05
4805	4159939	99E67DDCF2F04CEC8FF1B6C9F4A38BA4AB1D19EA5A2983D5173F441680B80079
4806	4160053	729E334FDD1CC00A1907345D8AABF582C201C1E6A47E8CB8E8E1BFB288F43594
4807	4160062	069BEDC8C9447521A95303C0558653747DF3E9FAC69DA828D1B419BEC2E85BAC
4808	4160261	A87211CC4F5F28A4E23B7C8594E27C4A7EC2F6745B801919DE41DD3E532FAA40
4809	4160273	ABF753D0392BD186639CAD18D062AD78C14A726C528617276F76F5E0EFC31701
4810	4160299	7B73071025994613E25963C39DDCDBE6A3FE83FFF2408AE1569AF3321B5C9F06
4811	4160413	FE0161BBA97C67978803F8498288A3C4D95A1F105A0D706CE5708D81F5F9D567
4812	4160421	76C5DBCB0D983862799136584A477542056FEE936071BE3B33871BEE30E3E53F
4813	4160422	68D0E2067469D8E4E512C08A04729D000E9FB892C70179DD4C8993F2C3F812B4
4814	4160533	FDB27756A57D1DE3BAE83F45082A433D840D2EA5F4CDD89DE7338B33A71A6295
4815	4160621	05DC55F97C22D624BC3EE262EBA7C560CAD819DC34927B2B94EEAC56D6B51750
4816	4160633	4E468AFF37490D7E3E71C16DDA4870878F5A98DBE676C79153C917DCFE692A2A
4817	4160659	5E3EC1DE07191FF97F921701DC15C3BC192A5F46E9DB9264B6DA0BB8DAFE91F8
4818	4160680	5BEC53BF84E03FF0B4F2D3005ECB66D4DAA435C6699C5E3350D3717C75366111
4819	4160773	2E53B25B10E3B9D31C8F40BDB3027ABF5EEC9ABBC5003DCC2897969A340A94FD
4820	4160832	1238F300964D73056BA1A2068ADFFABECC9B7D51B9FCE259919EDED721BDC68E
4821	4160945	A67E74075FF97727062DC0FF81374F7D6DBC470EB01DE4C2009A574C8FD31DD0
4822	4160981	E572F3C7601C0D633DF4D765FB68282A9D7FCBAB6420BF7EE65D2E1ED407EADD
4823	4160993	B284D7963DE36C7BD47DECF43AD14F4D82940C4A0D9A4512C425DF5557635774
4824	4161009	F6E6EF43764682F9DA496631B596AD0FAC9EECDBD498CAD02E4B86A8929A6868
4825	4161019	E4CD1B0CF7B648061D79EAFE3AFCA56F6A03D0DD0D53310590B37A8216AEBD26
4826	4161027	057E1160D76B9534FB361BF113EDF3BA5A932C7022FBA8EED50E44B46D178F77
4827	4161141	2237830C180C792D36F70AF231DFE2C2C6CBC3381A7A9BF14605BDC964E096B3
4828	4161142	A2028AD338F113B6727AD08C0F7B0D8C4EF96A077405D99ABF1F2A6F8B79C9ED
4829	4161341	27BCEFB610C464C56976151441BE6CE65C80D2460334BE1DC55B79998D93E332
4830	4161353	CD3B97FA435D1C1697C325301357B81F03BFAE1483072305063C11B2220B4248
4831	4161379	0BACDCF02A80D7B786183DC819C4B9512C451D1F1F822F4D969C07FF7F2E4567
4832	4161400	6FFE30E266DBE26C4E7BFC9E9BF48FE92A6EF87348136329BE3DA33FCD20EF5F
4833	4161493	3B70A4B26CD1175F704EAB80A0A0B0CD6E116E275D4ADEDBC76F75C15EB32298
4834	4161502	3B1A8C9EE5B12E75001823F58E68129C571516FF881FFCFC96FD83B6073084CB
4835	4161701	25D718960CBB779FDCDF65362AD67D2DA3DB191AF61680FB6DEE6C6558AAE6BD
4836	4161713	7959893E4E2BB6C9B4CF7F9411D530C583042CB68AC9629C84952B98DDF7F03B
4837	4161739	5400D9C4C0699389C9EE519A97E4AC982B8F56BB29F7A7F9C272E22DF528D6DE
4838	4161747	85DA7577AD97A0884263AEABDB6FBEBCFD3C383155AB1DC4F2FA59DD95C3C790
4839	4161760	1C936B52F281F25F406D486DB8DAEC878CCD19F048A12C57F2A9A12314AE2FD7
4840	4161853	15A3E8283385FF1A7E95520E99F1A149D2535AB81314A9A3CBD18C32C895D48A
4841	4161862	3FB1507DAE28AD1D0B048C33FD8C339D4774420CB7A1BD810E21B5BDCC0289ED
4842	4162032	D59D4882925B9F3533F1F2A83A28E9B1FBCAA3CF51B35190300618B39702EA76
4843	4164348	583741D1D9699104B7C800586F8E1E3B09F748663BACD8A88C8E248EBABA93B4
4844	4164358	1B51088B60BFECCBB6E0A625C422CFE1F71B3664A25376A442299325FF59CFDF
4845	4164359	BC49CE43B527AB1D964891A7ACF3858BD1211C40CA23D7CA35326EDD861D2A77
4846	4164368	829A386412E8A9EBB86EE4CF667D1D2122FCCF232EA0076C7C9D22CB08D92C0A
4847	4164400	23733C89BE76113352522A46F68C696691C31F9689EB68458C2BD42B0E305B7F
4848	4164407	FAF4D8CD20EBA39B7DFC60FCFFC2672D4F258764555677F0646153C98BAF3BAF
4849	4164412	7A1DCD78DB2299EE187288B3D58D67AEE0EACB89ACE75907750AC0F5AAE327A6
4850	4164430	DA488506B0369924E11219FCA7AA44FD8F872EC0D5C4B54158697B466E68F025
4851	4164436	9602E9058369DF0CFF00DC785645EFBF80A869DAD52677C7649AA4FD0F6FC9C5
4852	4164486	47736C39CA3626AB96BC3D03249FAB0853F0F61339D74F5C8A1B400FD6E98EF4
4853	4164522	7B3CFC13068311B80A33E2416909BC1F1C01906F6CC277965E52B40077EA3A2D
4854	4164549	A8215BE121C9838A69DFBE65E7F0E0F62FD1B2C8A43B153F26ACD19C9464421B
4855	4164602	922A794D1A223DE958487C18CE6F5084EA8F3E6DBADE198F0A780A4735CB312E
4856	4164616	3157DF990F4D7EA20D833707056021D6216F9379AEAE641EE12107B640627038
4857	4164617	050A18F2A578BCCE401F351988C16FFB83A52334041DADF0BB210CB4908F6870
4858	4164619	CD9F641D52100B5005593F1655E3765A8EF8DC5CC10CFE59E6933FC3EB179D61
4859	4164652	F6675274256348936750ADDCA11D20DA2F9A18B0D1581C2496ED9ECF873C5650
4860	4164653	88F54CF1F421665590D24B88804406DAEB88C21993B081B0DCAE795F246BF189
4861	4164654	EDD9BD718273D6AA44B10FE6C9DE34150C3E0C2CBCAC1FB2299A8D477B02F2AB
4862	4164655	58910CC982DAB4461DD5B0B3769CCCB1C918322B1549C4462EAA5900B849C566
4863	4164688	1121CD646C74FFE1B1BE9AD19F786B36B1D10C3B5DA2E6CE1CB55AC86682A14B
4864	4164689	6FBD2A7F52A559438F47D127C7DEC3D2DD173CC77A239C6DB6E0019732684DE0
4865	4164691	25B69FAE3CF9BF7E0426B32754EB1893D6D7E28241AEC0ED13CA241D0AAD6B7B
4866	4164884	AD718F48575C4B9FF5FB7A96326C27DEA30E34EA80DDD994CE94FD72F7262045
4867	4164896	F041233169D1284C74E699FF8A814055545886818F864EB2B3D082392C70F715
4868	4164899	32B62A7D58B175202425AB0164921DFD290E915515AF7CB928579808442C3576
4869	4164952	1A4E7683E2950A4FAC12043918F90087A1E149602F68E0E0AF62D80BCB25E658
4870	4164970	B1F1372CD69B7F048DC8344EA0D53547D57A12AA4ED703C5C80ACF6D2314DD7C
4871	4165045	9286D25C2EB2F514EE084B2611F4AB4F974B2E92D5368AD3235F82D663AC0108
4872	4165046	D6016F08B299D581F2BC690EABF49ADD9C7282A155A1B50E4BBE9BF6FB5BFDC2
4873	4165062	924A826856EDEE3192480C6C84C615E4762B017095B57F7E217AA5702A4E5146
4874	4165069	05A892D8BBF9BE0E301A9FB425F928E24D663CB95D36246A73E96A88B283BC13
4875	4165096	19778B807CA9E9015EB47B5807591FB52AEBFAA3CC2092768CA31B3A510A3F2A
4876	4165428	63E508FC776A95B73C47874C5216DD7CBEC77867A0A2165F6BECFDB6D7E21A99
4877	4165440	AEF18CB4FD2C8AF5187E96433E7D38498B7BE7E63481EA5BF9845DF8B38AF484
4878	4165516	662AAF05CA637D2C9AA6063137A8B3D0AF050974811E82EF37144C612C717445
4879	4165566	6E1592CBD21D38A991DC1465862ED3AEF086B07A72442ED9FFDF97E362BCA512
4880	4165576	147A11DE9D270A695028E346B541F2C78FA5E7F0C54B5043D05758B6591BCBFB
4881	4165578	FCB99A25BB3D91D098D5651C5528D8B597FB88A54481EF6FCC048DE3D467294F
4882	4165585	9232292FE2AF7FBA15DF3B264FF8AECEF74091E78AEB9C5AB3AABB85E625CD15
4883	4165586	A614FB8D2B51028554BB399788522FAD158382943B11BA87B65DF3BA17041070
4884	4165588	8C5BE374AFB7D2623CECC51CCF196A0E35FDBFBBFBF0376E4BD3AB696CCD426D
4885	4165609	5DD2FE67131A46F12A8996C6F888C428CE9089C04A05077F9CCA781DDA8B6F63
4886	4165627	1FBAF47D7934BB5A18C7C74DA4214F3A5783835F54D8A8D7C8742C4F441312CD
4887	4165637	EDFB519E8E1E08366530B33E26465686ACF690F0358BFA0A0BAE29754DF480DB
4888	4165638	5843F59C10C4F778B883D29F82A9C268B99E2A4D77477790ADD6C5A72482E897
4889	4165682	CF1E06980877FE8238DC77B77F46D747CACB14E358FF364CB1E7AE65FD589E84
4890	4165697	24A9FD4AA9BB6F00EDD19041E07754769B48B4E5FDED4D140A1A5B9621191483
4891	4165768	C4E0D10326E21D29580F23544DD16CE9AB0C648B8E8D555E1B4B64585DE6CC3B
4892	4165770	36F0094CE5CDEF594883995FC9435D0961C71C7C84ABF11249C8DE465B9AA78A
4893	4166029	2FB8F05BCA7303717BAC84B3160C3C6A61DA9551AF85281A3D300549E2856512
4894	4166032	BEF57CBFD74A6AE12B55AFF0FC5726BE497C43431323B23D5E47FCD272B63521
4895	4166050	E65E6F5E4F1050F3898CB545CB5A4E48257279ED02D4BA81BA00161B3518C1BF
4896	4166104	BEDA2AC97ABD55042422FAD6A5DBFD2801A8970A558E63F4F75A701DB293EA95
4897	4166118	CC6B214391CE4838453E2FA6F773A4C22FD8521F56D122161DE49E5DFFF20701
4898	4166125	2C161FD5A562669D9C7E3F7672F6ED2570DE3810F65B6E768FD77D6640C3C7DF
4899	4166126	69E110A1033805588869D3E0FF69A6F534A2137454AD8DD145776208C609CEF6
4900	4166128	B1ED5444E82FC4A627B590C0CAF226B571A9AAF1D44A5EFA361784AD4A8C5CE0
4901	4166142	79140A75784862BC1E5B83EE01CE3849EF4FCFF3314CB443A504C5B965C2C72E
4902	4166149	3FDA51A5206D81E5E852AB888AB8AF1AFDD6F3C007275DF837314ACF1B83870B
4903	4166150	23E4451BB4BE4375E9B2BDD67453A515E03DAEBF46996F5823255AAF97549A95
4904	4166179	9B5B598DA99EA74C348B086EF784EB44E62992AD2A5C3A5D935FD02916558111
4905	4166215	EB6439BFA332C026B6CB470365DCDF874F36FE9631EF9EC9A547A62B3139A9C3
4906	4166222	F06D006089A9D3987B8EED198133B5486DC9E3F3168E5516AE4606C0DFD6F002
4907	4166223	4C7ECFA1E589B7542C76824EE5692A2FF8463905961E582A92832F96D5036531
4908	4166237	203D7038A9233AAFC93C3195150E7340573AA92B536AFD9350EA7C8872E70E9E
4909	4166309	0024AC295DA4A2DB40E675860C1A8AB9241B8CB87FB136CAD462A6BFA03BAFF4
4910	4166390	9CF3584DA748A6724DE4F283D180FFABC169C46627EE42D84104A59A49CE1885
4911	4166443	6FAB40BBE6D8D0523A7A46C5FCBCF0746D55116BC064FF307B7D4FA96711674C
4912	4166477	D83B95B3EC7A8D9A9689A4DF34E9A1F1E3D1E46228A2A8FECF585DC983B2DE11
4913	4166530	3F31E26AA2E9CE80C25C3813F53BDFCA880A2B899BD159CA3D6A0A00995A96BC
4914	4166552	B6512A8D2B8D6DF0CFEC46069A7B29BDF877F9E91BB19F8F2212D3FCADE608FB
4915	4166553	2EC7FB5938A5944B48D6B45DC3B1C4054A11010B7A05D2150F14C911B3CA5C8B
4916	4166700	F7EC3F0CBE37FDBDF9BD57855A07BEAE6B75B00636B6E9D14005D9A319B3FD62
4917	4166750	99F29FB335993A74709E4C1BB537C70120F848C10B49DF7F086D14FFC09C73CC
4918	4166837	A0D3BFDADE5344DC2F2FBED6DE2113EF607DFAD414EB786EC3189F867FE726D5
4919	4166890	51DCC65AD169105B077A1B1F42ECD69292B51971DB499C4EBFA51560A6889616
4920	4166913	A1279091E5F2C1EEAC75EB69A4BBC44313C32BF4844687E39031C90EB30408E6
4921	4167090	DA2A6566A12B98B1538CAF8C0B5E3760F85CB549DE75B93846FCD9749208CF0B
4922	4167103	DF63C22E9089AD409B5B4D76377EDDBB7435D4CAB5F2BD9B9C16404B55C0D02E
4923	4167163	B3646F37EDEE03801AD7C358E57180E1FEC37BD28AFB474E606A052957CCAB3C
4924	4167196	74CEE7D16157CCD7D3296B38573C45C0C8E5F624AC3B249C8741DE92541BFAEE
4925	4167250	9AE646E10BCAC3F37B2B95C5E3CA4FFE530FDE0F32AC64F19D7971513A48C28B
4926	4167272	6A39059D51B7BE3A359C1F0C563BC44C7746D357407B1CE4810F9CB1BB9902B5
4927	4167273	16846D08B95A31064FFFA6A08E9E561AE6AAA1AB8A94636B704AD74DCE676585
4928	4167392	3E99A7792817A52BE50BEE7EFB4453703D61A27F98F765AED5A977D05DC2505A
4929	4167463	A1E940AA34D7FF279B76DBFA9C443842AE990532978D4C7CA96DF242687DFE83
4930	4167470	9F9E5C70BF0B33C292B4E13811F56D6CCAF1EBDB01AFD147BAC3B51FE880AA1E
4931	4167523	70C443FAA8A8D6467049998CCAA3777091A33C58237001147DEE27C56E69F458
4932	4167556	4E634DC33DA58EE09C6C35FAA906A83717181C8C3985092A5DC78223DBE9D5A1
4933	4167557	53879DF75B5B020EAFFC67744E87BBC2DAD30BC54BFCB6B44286AA9F0012706E
4934	4167610	579697B511D2D6660730487CEAC27AD2AC2A275FA4200579162FBA62958997FA
4935	4167632	C42DC4CEF360C78675E750F7DE404DB8EBFBA4569D3CE31B8862E4462F9F24D6
4936	4167633	99FC5CC459DB7D17273360FDA40BE67D6ADFD9DC702130E54A57B6D54462B4E4
4937	4167661	81C1A4F0447C4E3BE3CA9045FD603A72575A5D43487F7CA2D6A780E681A7E687
4938	4167823	0B72B1536694E6E2D04D624515097D8E1F8E6DD02D884D3215F0EC487699682A
4939	4167830	539D223533806D4B4E78C6FBF273FD539335CB7CE2712613F3A9AC9CD7CA6DF4
4940	4167883	483EA1C114DD020DA6B0E0CB6B1FB1C8FEA1240B7171AEA18D4018A80CF972C5
4941	4167916	B1EB59D591A0D9CC9279EC003CE32DB7530CBF4DBD328D124355D3AC5504AF18
4942	4167917	1456CB09F3CB16CC7912CAB32C87D36EE6E0D2D2065A5032283C268B67CAAC80
4943	4167992	CAB396AF886FAFC3F985107EBC79F51828FAFE4D3B4B8E35487BFEACEE127F60
4944	4168133	A8553ED59F3DB6770FF0BD11BD1472501D3F02EEF56EED9E8376C0DEABB9720E
4945	4168140	3EF85F888B84B05DE9698E8F6F821BD24F904D6B7FB103E8328FC80D97A023D1
4946	4168183	802A41214DF793BB269E7D73097B782D4708457B8022C983E55F8FA7FF7C49EB
4947	4168190	A82C74D332EAC1AB5C6A15FB4616DFF4398EE9698832282FCE1D5D6575902E4C
4948	4168243	713D53522440182AD20D37B1218A4CDDE4894C713CA9CA9B85E85FBDA5AE1458
4949	4168276	94C7869F594512161707C738F18909460B463137D856E563A2ED6584465187BD
4950	4168277	4BFF7098ABD510CCAFE0AC3B153D57BD0DD96F19EA3BA44BF06ABEE4ED4B966F
4951	4168330	7FE43B6DC13E16C1921CE53517D878CCF441BAB690B7256352D8F123CE4AE08A
4952	4168353	FE1FABED825C127AFA672E28BE87C64926E0588C83BAEE5976427485B5D177C2
4953	4168606	8C391868007E63620504843EAB6817CE9014473B153FE54B936DEB3EED7E029A
4954	4168613	DF219F6FA5DF55F98ED076FC2B83F304E2E0C27C66ECC599B2C91DFF6CDCBDD9
4955	4168623	E63EEBC0A4F9D976E038516B237031CFFCE996B2EF3DA88B19186F81D84512F4
4956	4168639	C2C62401D5D566D1118A39370D412F02EC2A41676050880CC40B481BC767BB8F
4957	4168645	130A2AF646A0FD097FB4C224D6AE2A272B639270728A157BAB2E9045E9886B0C
4958	4168671	AB4E83E3EB85C1C9A88EEDB623C127FA339D026EB2DE7C3681D00F15F7ACD370
4959	4168730	7937C41836B2E8EA9DC13EFDE389DDFA0833394125DB0F70EB301C1DC0E72E22
4960	4168731	77B21F16A6E6A1641B86E6E949680BF8CCABA385E64E02AE3D536AC614AF1CD6
4961	4168765	65AD766F2069AA32303F2D1E96F91838D1D817EA14ACB720159FC5D1174F78E8
4962	4168844	6BF4CF45123F99957EA8E8452320BE7C38E99BCD752AFEFB9BCEEAD886352E9A
4963	4168846	67A0313CBE3A868EB47982A842555D58C8A28227FDC0AFE680FC640D892D93A1
4964	4168870	445440480E5E0A3721E8E29C7E4C5468CB5FB4005E9DD0D67DACDCE596D9F9B1
4965	4168871	59C7B20304C39FF4DDE98EC752261DB90883E93BF8BA18941FE19BC0947BF555
4966	4168956	918CD3D3E4159E0CF7F0F4BCCC319AE2192E1D2591BE338999D0B543BBDF0131
4967	4168959	3ABF9AEEAF022358CC1B932BF594C58B3917B519C0E9BEB4080DFDBFD480FD76
4968	4168961	A4FD966CEB1B25CA331742724C69E7918C0D5C853AC3BA78C7DF311613063752
4969	4168962	8FA1C3B5765B3614317BB781D2F93CD17CF3603DBA99DFF6AA25455ECC04ACE9
4970	4168992	97EDC894DA26D23F04D56FE072FC19748C909CC847DEEDEB6FB8EF77730179A9
4971	4168994	A8A0D2AF9A85A1173F1BDC0F3421653AEF6FE6CE09BFE0DC87C2E912BBF4C09E
4972	4168995	2DACA837B95D5636F899FCDCB3658DDF3A0D0118DBF850A2C5C57962F7C99BFD
4973	4168997	879EC910C93E8F4196FCD252663E4BA866156C0B2544AC27177AB6444DCC25B2
4974	4168998	E9A81BD4DFDFD8FC5B37F4E21FE34B45FE0B526F342C378119BA2888A0584DEA
4975	4169022	5795F48323BAD5264CCD3968B8389C82D2D25513FBE4303744A459DE24A4C83E
4976	4169042	56C1090B5697D8B65EA6ACA1A236F2650C2052B8633D7D882149A965912AFD95
4977	4169043	812ABB872DA2D6D0E9455BCB352590DF3F043219CD579C619D3CADB62017A867
4978	4169044	E6B2ED9DE4438A0932305438DD79B8F0E935374313184EDD25A5A5CCD37E413D
4979	4169046	1BE804039496809AC31C6C3605DCEC317131EE8A20976F161AA8931ADD58FC16
4980	4169047	2B713B70350E44D218BEC5C7C9A3DE3DF7811068B2339366C45099A445FC7C52
4981	4169061	CE194E5CAF31CC48A0FCCA68F2F2FE9BFA339D8EEB8B0035DD504FCFB965D02C
4982	4169106	1D5B62536D4635857C125AEC3BF7CAA303801DFFA76331181DAA1FB32DDD92F8
4983	4169146	8F8850683EEF6396EB0C0566205D651E8A6F3F2856C6B49DDC2F50D4EA6627AC
4984	4169152	9592A03265D45E248DAD45A166C9C96D567483FE34819E0B83CCD53997A54779
4985	4169153	3322BCC0AD5F9D55DE1436983EB7E6E2F08653BB16BC52AD561157BDAD59B037
4986	4169162	3658C27C20203BC979884B37BFC31D1894F75210A83FBB2C369FA5E210B8E4E9
4987	4169179	AB6B3D714BFEE5904EC29D77B3A2D384B3178FB16A6FBE132FDD68CB9D0D34DA
4988	4169270	366C10801CA0146E686696E663D57443A789F190B9132C000A74220E582538B7
4989	4169378	DF37F76F3CC273BF294E4EB2CC72F22A481F679D95CD1EB34412A6CF1D6B8948
4990	4169499	28AD2B408A1D6D74A744EBED31C18F3E6BF9B62FF9D3371159D9C928403AA330
4991	4169582	612AC16A78959BF7ABEBD8E5E606BEF425B8A3347319DD11BB2FB5E20C5AC413
4992	4169635	F84FDF8F3CCC83AF67EDDFB1FC9BB3AAEBAA28D9672BD944E0A76783870144F2
4993	4169648	3C5EAC987E94266C473ED7BC5C72C00435D009B1BF6B73709D0FE63914D76906
4994	4169654	AEC821BE3D19B747F140D05FC940EA78666866BEFBBB0978D2092E8E8FD3874F
4995	4169686	26ECF34A9690B11670D172A6A928007644AFDCA731CD3B1CA7693FBE373C7EFF
4996	4169693	F21F6E6B728B2FA1AC1C164488B00E12A3D80ED262E8C79D3204363B35246079
4997	4169703	BC4579C56B39C878C04E827F9FBA822A0D9AD1BE9DE3E50B652CDB5EF7514AD8
4998	4169708	AAF944995A25F9D4F4D564839D92702D9880E9C9170AAC568FCE90E05140E8BD
4999	4169709	0003C0A06978058BD8978CFE1AAD5457527BF5FA161B18B15FB29A632F3EEDED
5000	4169718	0F74321084A7682FCED139BC2082B2D3717186D045909498D666CEFCE9A2DD53
5001	4169719	7ABF2FA57C0AC3492ECEF3847CD94F9E81706374FC3F1A1D65D106B99F71F9E8
5002	4170042	71E36F226CD1FEC22F21B622C78799AE66E8045BAC5FACE1341196E4B2E11D36
5003	4170072	FE4380796291856D58E8A3453C189CAFB41E8501BFD8354D2BB77226A6BEBE56
5004	4170078	EB62D40EC04177E9AF5FB6B70BB668A73D421BB2B98B4148492795D3924F84EF
5005	4170102	A9D813F8F3A678848E6F99EC91C7E0A7A4E97311242D4C5D868DE11A1C895A31
5006	4170121	870F2E0B8F6669A4C8642D37FC9EE6C13E9AF462505C67488405067872234C45
5007	4170188	1A7F058AAC54386E820A3FDC3BC56BAB80566748E8734B738B8AF86A4ACBE731
5008	4170191	A45824D304F992478460355E639EFEF3F1B1ECC803E06F4DB592815AC943B190
5009	4170194	8AEF00136A8D41B52C878EF91DE65B1E2A8A4193F311D097B6AF44F803333E2F
5010	4170226	569B8A9A198D9C0B5E8DB65FDFDD036300DB704ADF8FA0BE1F93656B2434E84F
5011	4170249	AEDDECABBDD41BDBE251448DC8F428354CEC9260C44FACE5B4CD088A950983DF
5012	4170258	F06A6595F72E62DAEA61FAEFE2036ADE8B9524B0178918934AD13EC23D69C98A
5013	4170264	D1CD49ED383F62702FB2F160D36AA5A38998AD34DF0B0BBC50B326FF7CB4A7E7
5014	4170411	779D179E5D919EAAC12DEDD63D3FA010A8B825BB1124D98FE1F858EDC34BA6D0
5015	4170491	7FFA2845886BA5349475393FD10A1B239CB03A9BB04E881973CDED4370CF7453
5016	4170505	EEFE90B40311607CB3D69237F3E8A67DEE9FE18B4C2048E6F54C66CFDEF03C0D
5017	4170579	4D70FD0311D897A48F7F329B4DB27322502990F505493233EFD4984B4C2C751F
5018	4170615	2783722AE71DD7C9A87CFB6EEB962E1FE0232F3F00C5059272034F71816A159F
5019	4170837	EC08C016E00A046BCBA292D82BF42D4FAEF5547606BEE34075794A7C87DBA5E1
5020	4170886	E20EDABEBF0EB728E5EB4C40ADA86FE33A57B9DF4A96CF63979AAE033CF5DDF3
5021	4170887	3820AA098B2111F9B48BB38CE788DCAC6C2E6131BB72748E101B3D43BC35CB11
5022	4170898	D17944353F857798F493912AC6F6F324D783B07270E8EEA34BBA3FEEE9E72F05
5023	4170934	405DD1F1987DF7CC2B6F2B7B08EF62419F36996BD01762CB608446B4104A3B7D
5024	4171026	F050003CCF8EAF06A726CE1C881D286465F88A6ACF5D666C77DB161633392ADC
5025	4171027	DCBF125F8D5AA8402E83D606BF05B3B982F6A3A56AF58475856639268BF453C7
5026	4171055	29084BCCBAE465CDFAB308F7F6D2B92F680F7447027D729A7DF267BBF3C208B6
5027	4171096	C145528C33A95BAF0ED64FB677223D3F0932A4333B5A4AA3F96D202EAA4E664C
5028	4171098	7BE69831BA460B27243A9051AAC8C242AFEEDAD1D9DA02B62CB0961979F847E1
5029	4171132	569E4B35EA3BB55533960D8BA109A7E7F718A18B75C5E9ED2F92ED5FEE198856
5030	4171134	E63453F04AC4A3B5CB56802D1B99B84E6DF3AF532663FD8C1929D280405B1C05
5031	4171168	CAFEBA733F48078C18D8E30FCC1ED18E158CCCB6B10627446972457F621D06FC
5032	4171169	E4F215CDE9226EEDAC56127F53F99E4C4F2063F0F02DD60CCF9297CE5F115252
5033	4171526	BC9B145A7BBDEF69E80482DFF5A71D72BE1E76B6242C3B115E9A18E4A2113169
5034	4171904	B93CEB4FDAEBBA888142320D68B58162CCF8738F30E7B1A48650B118AAB3C298
5035	4171966	6E96D4AB94C35C2E91672E0F833BC7488F806E737BD13347DFFE9FCCB8584C13
5036	4171967	1585BCACD941B4FA1CA72029BA15F35AA2E4FD78C7284DA4CE0D9793A4D48562
5037	4171968	99FF3BE358EB2E37D589CE4EAEA2253138EB436D4B291153410243E64AC2262C
5038	4171979	3EFC0A2FE9988EBFA17A54A81F0D350DFF5B6E28DC30337DA1B206B387E18293
5039	4172066	8202D8F923AA2A6FCBA0030F75D8D2DCF7F5D47928C49A8A87F5142E5151024A
5040	4172082	379E0C797F5EAB9FD186A6E0D7D7CB46B615512A6D89C2CF4F5492BC7CB644E3
5041	4172249	FDB25B27B971CFF8EE13140709AA381F974378988833888B305BD45D64BC4ACF
5042	4172448	34978EFAEEAD9F101C0A3A5498BF4F9FD4534D38076283E0C81E9013891D7C5C
5043	4172584	CB62C1F7EAD47EE46FBC199E095F112F458BD3EADB907EEC576FD1D1A1835AFF
5044	4172606	A3BB7CC889599D277749E2FC09225FE68453B270857E75F35B5BE0DCE7E94024
5045	4172658	45853E0F894C8B6DEE8BE47B354E3A6A57DCC487409EE66EA09CC428A28E761F
5046	4172675	94E854EF37F37DF58543748BB390834FE5E8FB20C2FAF4403E449EFEBFA3ED0A
5047	4172788	2D577ED7D5C46971C84F9095462DA0E4DF6A5412EF8B58185F618C806AAE0BD4
5048	4172789	5B6EBCCFE9B9ECF4122A46A1B8A50B62B7C67BF45D6465F36998DA1CA3F372C5
5049	4172878	D81613E0D4CE77D0ED1B1DFA8E664E4ADF596FC1464A732FF07FD364EDA20A39
5050	4172948	FB2D4454946F15DF0104BD72EF678198A5A0C3A250077E212F7DF8194BAA1649
5051	4172950	F68C74BAA8989432698A40426AD4CB44C9029D3C4909620941E7652D90AB5933
5052	4172960	FA0BE5E6A848266521B9BDA3B2BED66EA4673E655F799F0605FC6065303E5971
5053	4172996	914D8538AD9DF7DE4230BEE3DBF12012E46678AEFAC8975EEEA87522A5C84927
5054	4172997	B93645105BE9BE1756AFF49824147C6DA75529E1B63E77134D6F8122B54D3B62
5055	4173006	951C2F862B1949A02F7B35A0FC5429155912D07A74F270F9C2ADE2704D981706
5056	4173135	11B836CE86F66848CF486A29230C7102FC737773D37D3816BE70B159E8300F24
5057	4173149	1358E8135F8362827B19674EEB9167AA6DD774CC982505CB56013563E2152417
5058	4173151	097294DE8FB4592B765A8DBB749399F0EB674600257C5FA957E7827CE6F0930E
5059	4173180	E30AFD7990C7AD0F9E0F1C879D4D48FEB1627E7C28A97AF8EF71287A4FBFF514
5060	4173181	244BCDE7CDD798AC29C7631BE95EC3C9E56B8317D6E2920F4E85ECF852E90E1B
5061	4173182	48F835B27F101BEE8E12F8B887C76B6603110AB9CE314F5C006CC25B4B166827
5062	4173184	6F8697D87FB310A7E95C0832D9FBDDF1B605D1C5152A24D0116B875A371343C5
5063	4173194	80112FE6274862379AFB009DB3073BF6680B60F5512CAD0DF8C9A2DEFB5027E8
5064	4173195	754D2E1D43AD4068A1C8A2A9249F011F0E520F39A5FC2558409A2B33936D32D4
5065	4174202	BCC1A2B5044759B85E1C839C2980077FD5CD39548C282DC6DA9B594349D4151F
5066	4174221	B812EC6FDE86CEF5C0D0776FD3A36DCF5237D6AB480CCB9388DA26878258E1B0
5067	4174470	0BCD9FF8020FEF85ED631E97905E1C83E5DE680556399E2CBC6B3DBE739DF6F7
5068	4174529	FFD64B6430300053746531373149C52A0336573207F02BEBF48D5B2184A413A8
5069	4174770	549CA206D54E58649CDC2F2446C5424921257B20EB75A6B725CDD149495336EC
5070	4174829	7A9DBC9937657B2C8D32BC3029B6CB389F3131A49BA8D34D023883EBCB8E79D4
5071	4175070	9095D9B09ABC2CE09B62526856604E8EBA8CB571ECC416525B9A494363AA5FF6
5072	4175129	436040097A36EE5E4FED0DF41CA2DAAAE7793A42A2924E5B552D09AE73FB5E62
5073	4175370	4DCCC51891059FEEF5292D35F5EF70EFFC0D6D45FB51DE9801C2C02344276161
5074	4178130	268FBB7F97E966D4BDA2A28AC6B4525B0B1A3075FDEDD1D5461135BA23B369AA
5075	4181141	195C6754B2006B92742605F2CB84CE68DA893F5A8D9C781D80895B4666E87EDA
5076	4181153	B7A5A5509E522B653D99663EF9CAB2E148CF85FC60FDAF09FFC2B048766646B2
5077	4181179	FBB540690798B81869901B1EECC982FA449385046CB52172E22BDAD7447B6CE7
5078	4181187	10FC22B3CDCA38086A20979BF6FEEADDA1D0A1232711B28C50B93F8253798F3A
5079	4181200	57149AD13C765C839338BFADD3C217D3A38F8FFFD97CFF2893516505DAB2173F
5080	4181293	26B5DDDF6460D2C2F2815E8184940C99339D65C51F86356947BFD7D511FF5705
5081	4181301	3F46323D07FA72E5A4764A382E1D815DC9CCD63C8D8FB8BCC0A8C0C9C475AC08
5082	4181302	4D679D37DB9C3B2E9F7591423015B55D11EEBD531B6C84F8823EC0D2CF4261F1
5083	4181323	27C0D000C64C817B1E054193551E7E990965FF17FD9CE120C076B1A0D3328CA2
5084	4181455	FF501EFE60E85884D57AE97AF071D62B0BC848BF2CF9FCB4E2FC72ACB6F583CC
5085	4181501	C773E38DC410BFAA1D3D00C0D8753DF7A1ED2E952E98438C9AF989881433289F
5086	4181513	C25D09C8D27D244599386D43015B02FDED417611B897047BD94C7EDAB13C7353
5087	4181539	7311496CEE6860115561AB1090DE8D97F67D47D45E4DAD3F3BF37CE5440F159B
5088	4181560	34CC52A0472AB354D9FA0E854ACD8B7DF65B162A3B86F38039F8E822A0EC2F91
5089	4181653	B5440C2AB5547BDD16DE91A484169EA3285E1E769D10A8141CB40FF2E6038B18
5090	4181661	CD051D8DBCA7ED7747EB67C284D644F6FE47B5E3A856FB00544CF9DB6CD756A0
5091	4181662	068114FFFA715E400A932EECC0A95BC61F3017489C2F982D1B32D5C2CEC216CD
5092	4181861	F3774391C4745A6FC946D5C1B6004D6F0CACB528A2C5AAC025940ABBC529E9AF
5093	4181899	A07825CA09EC3B8362D250F4DAA5B629D69BE51A2E9C750004C99322C82C0031
5094	4181920	E85A0683851682BB2C5284A452DE7052D1DFB87885CC25D198CC77E095F254DA
5095	4182001	D1D3FC0CF0AF8A304B53C4A50C05164334D0B46989A98159487DBA0D984C6AB5
5096	4182013	68383F4CCF6C280BEE4C6F678FB84297DC33BEACCB09FE9403958E77562658CC
5097	4182021	D45E6E87A39E4F30B17AA75907C747006A9740CE54FC5CF08C0E1691B31D9606
5098	4182221	FBA268F8E092EC63AF972E974857BD08FEA12501AD22F7D43397A603088E62D0
5099	4182233	C0575AC4CEF5499D71E3E84E75FE5C76FDD30207237F120F89AE2BEFEA2F9400
5100	4182259	20AAFFA9F91A96D350B9B798FEEBC6E5DF75C9FE29AF5BE9A39C9F13EA3D8243
5101	4182267	6B2E1EED7F776E48FB570F63A246D1E62439DB7279A9C26C28BDF782FE09A5DB
5102	4182280	281D0EFD5EAB9AC605BFD510DC52C5EE3E812BB3EEF67341D3326B3F3C0BFF90
5103	4182361	9500EB93B0E491B3F036A9B15A13F5DF76C09F47DA9C7B236674B542CE9F9E9B
5104	4182373	8E71D557BAFFD9D3BC5C0D0259B82C7AD1A8D6EFCF09C86338C522CA83209C9B
5105	4182381	F644385D5F1394B4BCF89077C42D3658B22715AC8155B17BD96D3981B548AE96
5106	4182382	78AB15BE4AF97547A3E8940C0569078A509B80AA1E26D65482DFFF72997ABD75
5107	4182416	740D9553C3F1CC158A7DCBD60FDDB544D27E82F8183B58939ABC4BED636C6AD2
5108	4182535	6E44507AD3EFD3AEC9EA22107371CE27E1FBD9261C6C540E243C1D8341D31F8A
5109	4182545	E53139786466AF3CFE403871EA40C7EC47AE5C919E7F9998A705E31A3718FE3F
5110	4182552	3E07189357395F44485D9EE5CD9B366986EEA66C2C7CFD33FE40EB87489AB981
5111	4182573	FFFAF65C5DED058C6C78F918757A5C5AD2091256587C05428CEE1C45616B7EDB
5112	4182581	313068AA0A771A8F85DF515DE334C3E32A48B5019B5DF120E46FF7DDB2E2C461
5113	4182619	D24CBB8B6F5418E2230A710518DFBF88F364DBC13AEF1DEC390E37665DB0CF26
5114	4182627	119F8B1C2F54E01065197AD901353BDDB5269FBC146F26249BE5C206363D7E17
5115	4182640	0CEC7AD12E3DAE95FBD1EBD62E46D0FA5D3346FD3EEAF9A5C71C9022A07A5E93
5116	4182691	803047DC343F9863C879BBB5B76BBD89C735E74DF2A3AD8BF4541F6AA371AB30
5117	4182733	AF233BF00F269A3ECAC920AF49EFB63AB4799318C7C6AFE6AEA8E82DA36C3917
5118	4182741	CCCD61F9D2E385411A5FCE724A1F5F1F2F190387D8683504017D502BF815CC8A
5119	4182742	77E0FDEA83382DB57B06FA5B44037BACE6D5527777EEE167EC2E128735A85D5C
5120	4182895	37D2F9B89AD6FA70467F134F83472EB961FC8A709A3BE4C71469DEE1509742BC
5121	4182941	F41F20409205DE5FEA829527606903B1775F1B2B374D93F191984B7E118BA8A0
5122	4182979	8FDA082A59525BA5D045DC580DA9420C948649A0C47BC0C44CFA9F8F5F958D26
5123	4182987	69A6D7C19CC1277C14AB63C5C593FC227E8F65D7C9E7459517485355CA7F3A16
5124	4183000	88C022BDD1BA4B621047F24D4AFEE51EEEDDF201C85AEC12BCA60676BF605C7B
5125	4183051	E15B92A77A0F6E248DCC572BEDCCBE0F52415804443CC34969AACDB69538163F
5126	4183093	D6480B511FFF7A7156A6981CB00EEC08A521CBDE492C1AD58685FDF3C2CB9DB6
5127	4183102	ADD749159C006BD28A25CF7332FE17B2D63F19203A350E7C4EBFE7BEC53FBF92
5128	4183265	0F0BA9A6D21BE7FBE2BC09F96D84DDAB0B7E8871F8439475A8424C03F12CDC64
5129	4183425	C99D7EDF6E6EAE77510CA9B76D476DF46707F11CE07AF6FD4514AD6E20346A24
5130	4183427	0FE3D59C42E06FD6AE8E2E027975C57520EE079262800B63C4F086B7CE41A995
5131	4183428	2CBD71822AFEAB0B6323C490AAE25E1E9E340EBCFDA945370A75A12E70FFD096
5132	4183437	5ECCA7F107A9F6DB7D384642EE1F584479F9E0E4442F7B3A853713062C9F560E
5133	4183438	032A2DAFC80BC7745537131BC08884E6F94735435439BA5D4369C452EB3A7153
5134	4183452	58BD7E3B43F9D6E4C2EAE25DDAD6DB800EA4267FF706132D11126709E7019644
5135	4183480	B6C4D669CF9A4DD7F763E595FDCE53B891747FF63EF6CE988509E1F5869302DD
5136	4183487	3407348494466ED67055F2E4EC32B80D33FCDCFE4430D0FA9C548201EEE5CE62
5137	4183492	3E9A3ACEDB59B76B6B09BFF9D13F87DA0B1DE89E3F3D0FD38ADCA2E7503FF352
5138	4183564	7BF6828E656BD982FF0F0046FB74F076C32CCB1B7D75645129624F41BD0965B1
5139	4183576	D8166BDF866C97529FA113CDE8C76F19ABE778F37E119D854B0EFC382A4E0F30
5140	4183590	F6C5764FEBD86A21D4C3F49D02B1C2A1086DF8702E0197E3C8F10ED71D5F953D
5141	4183600	F9FC37D7A146E336220075B50BA77167BDB173FBD70FD2427DAEDC08C7DA89D8
5142	4183629	302378A5E395A1D052116659C9C3BA0E2ACC193B158671D18A32FEDBEE48FBC3
5143	4183674	5F24E54110E313CAD1C2615E8B03A6E82A477761E7BA106187BB4008A1C5239A
5144	4183675	A9B66EF0F702F4CE35F4506FC86C3954BF14CC598B298100E595E244070625A8
5145	4183683	CEF9EDC97D5FCD0F96567BA2FDB37D98BE8AEA3B143051A3971018803F8E5EC5
5146	4183696	63ECD00867AC84EA08C5CF9F5647FAD181B3703965FFEAB26A238F07228F2F71
5147	4183697	26CCD908DE6CF4C37554DA4CB4924DC156F774EDB7AF2B2AB497612DFAFE0684
5148	4183698	2149D0711E7BB5D77DF9FA34F3AF9FD2071EEC412D041ED36645C696538D0978
5149	4183699	9BFC41DC61D4286B7C08C7159549C64CCE236A9303D26B67B40FEC9599F7B825
5150	4183733	1E603B27AC992B6E52A98948D6BE812CA54057857F91289DD071FFFFF29850D7
5151	4183734	D78331833DD5678F25708A33665A6FB0617C11AEAD59BE94D1FF87517358FCB6
5152	4183735	E67FD6DEB0B92E9E3F364013933F1F52E03F55884AAB395B57A506A827A8E336
5153	4183768	2F311887743646A1C9CD8571A907B5E078D01E34BE0458485DEA6BF83EB95FD7
5154	4183769	3385F0E0D1B7615B4D48B0EED5BEAAF0A553B9E2F96F7C9931DEF92AE7D845A8
5155	4183770	E57C7E28DA8929383B8A51E497C797266B49DAA9D376E9CBAC3FBB8C1E34717B
5156	4183771	D1BB8E45E64C06BEECE71660A4AAF17E08560C6690B3C70CD0B6F55ABF8DAC7C
5157	4183968	78B033166F2CA79F7BE8C2C11A8E3D3B5F14616C23A7713654AA9FE5CC2281AF
5158	4183978	37B6909C43E22C89B0D455260728397DCFFA9F4726FD8F43A12BBAE013BD49A1
5159	4184116	4448CFE6F3FC03588694B1AF4B5E41C7C7901091EECA62346E8C7C8D365AE360
5160	4184125	1026F6C3F08A68E8DD5C1A14CA20AD84C8DC97AC0F7F5E254359BBEB1EF2C9C6
5161	4184126	7E3DD20E6ABCE2EF6F69EAFC06AECDE810D85F086E9015F13BEE99300EB1B460
5162	4184130	7F7DE7B1CD2C94175AB0E8C40B8852CC7F5CD7DBCB477DCC513ABE652F5E0335
5163	4184150	261E68DABDAAB29B4B3FE831B8F94AA1BE3D53FFA974CA51367EE6EAEFCFC29B
5164	4184308	8CF613D5824D01190C0A01956FABF0FC19C9D536DBC9402853B53240AC6EE6A1
5165	4184309	79122607E27DA277139C9B794DA14ED97957FFAB21D5F7F8C611566C888F3771
5166	4184504	9C0CCD437212F8B284CD71AB2DF5DD143AB290800F607878C720E37D614A2C96
5167	4184507	1B5B927508F3BFF775E5B2AC3FBAFBD2DAEECF74B45650ACFAAC077C00C6AF2E
5168	4184518	415FE0D8F4F3102C8FAD4B51F3493B300077D76AB857AB52E6693E8267A2DDF9
5169	4184572	0FF4567AE4E025851B9BB61A87629A7BC58B84E75D5493D03D2635EDFFD264A1
5170	4184644	A8F8E6D4D773765A0A1FAD3D1ED79822055229455472D2BD1BDC5BF169340A5B
5171	4184656	E413A7514EEFE375A626844FB4A756C7C9861884181288E2DD31E82A6F46732C
5172	4184658	E6C0BA957951CCE9874F683540A82BC81F3420F48E3C75E30273D23409F31408
5173	4184689	5F02B41772085514B654A3D035AFC7CB9067B37E4B56141AEE28BF946A236607
5174	4184848	177540120490F717464F1A1F25B9C8CD6D6285072312265D9E79F2EA320B1D70
5175	4184849	548F7941EF2D67DBCCF8776BAF6052C5E79CE449B1FFE575C3BA7179CEC3D790
5176	4185045	A5A9F2006B4F296DBA1868FDB09C272A37AC22AAC943470AFEE68790EADBF7BD
5177	4185047	2B5981A66D0508A7698646B906E5D5F20C59C977CA90C8450A26C64162B409B6
5178	4185048	951116FA518AD6E2284F32BC5ACAD8534FA6694A4315BCB83B95C1DA30873457
5179	4185059	0086C54DAEE042B27B585B1F47828B466924303555FF341CBA08A1B6617D9C14
5180	4185060	26A22BF52E8D0FD75F24CA5A6404C8884ED1AE0FCC12069041A0A14390E2784D
5181	4185108	032CFEB4010C162BA9045A81F0A3DB3CD7AE64A7802C59A9BCA827D2A35DCEEE
5182	4185112	F16808EA51F5890EBBBAC12B945A5C96437DC24A9C14419646AF10F3ADAADFBD
5183	4185121	37D4FFC6B022F7281891762BE20E6F6E731EC180428971B8FAA81E2F27DD6534
5184	4185205	375317641D97F59A2653C4FC804EE25AC936C82A9C3BA17166253D57738CB9BE
5185	4185206	2EEE2ECE731B3A88681E1E1E5CC050A6C1505A53EF63966A18E60C6526511FD8
5186	4185222	BE96ACDC8FD2ABA10DDF5962F2C0F8440149DF2AD636307DC8096BE9B4D801A1
5187	4185229	357E63DBD9FDE5B889D4085CC016EF9CD6157D321199273D1B14D799B92C2874
5188	4185294	C6B6EF8695B1D61E136EC831635A4CF73378B0DD3CE2BF5C36A875D4E8CAD3E9
5189	4185295	AB776E5C0C40BC07E2A58614C98C755B1532D321467A393FA7E892FB5F5177DB
5190	4185303	555B27484580A4C0D553CF2958A1B6B7B294A880C957152FFCC85DA7FDF8C1E7
5191	4185388	BB5A0B3E28F71D2939D59F902DCDC0292136F7FA0E763C2EBBE1BD51F6AB85FD
5192	4185389	DF710657F3DAF6048F7CD90EE51BE89CFDCF03899EBEF69F7A0E73625473CB83
5193	4185391	9C9FC11A7925156A9CE25AA6E47F0A26E51F1E15A483C74B90146BED89C4D4D4
5194	4185671	5ED08D9C200BFFF790A924E8078FCA87DFEF3382EA66171F6D8E750E1A8805B6
5195	4185673	17DCE1CC418C76B2D045E073F3D7B3D847A791EA80D7B1A825C4B9F0086BE2A0
5196	4185971	3B25A71D4847B4090DA8B697C957C7E77EB191C25F330C5A1D60B72773D45649
5197	4185973	613725DB6D63EE8539B942E0F1C6155009E69C8A133FB14F92AB47E001F474A5
5198	4186271	724BDFBCE4300F7373358871D6395493D7B286C2B8510B2A08C0C208DAB3FD1B
5199	4186273	A7382A721D323A923B94378DBA560F8B2ED2042DB7F64322BDE3DADF78FEA0CD
5200	4186571	941E66CD604C856E317CB38575C9CEA7319292B806D28153F213249EA15C0E49
5201	4186573	5E4E74B49E5C7BA3CD1DAEF345EE437BF54F98A86A4EDAA666E555545CFBA1C9
5202	4186771	52BBDC3064FE95AFB2E5BBF7666FB33D0A22CFD7368CD1805968B0DA1FF53BA2
5203	4186790	D6D2203B67A9C1EC40CB4E26220A6D9ED8755DE3A86175288542E9A53A33DEF7
5204	4186832	05A872936268E7C27883E7D45681D31FD6DF612D61D37200D951892DB5C555A4
5205	4187116	E456D8B5DA697D67F0BB4268B39B993F1CCBDEB485AE47842F5BDB7A8501BC57
5206	4187552	44281FAA2DCBC900A3E4A49D043C206DAE82CBADD069C6F2DEE639E23646218F
5207	4188272	454B974AED539EAF4D3A1500BC0A584996CB9718294EB52CAE524895C2E76EA7
5208	4188861	95B13FF4371803EF4A8CB1966D1F63160F55DA902DFFDAFD0FA34F4B400307E6
5209	4188905	A31E9AEA841F316B1CA6F533819FF90292A62F88CDE54DA8C287DE129C2EE9E0
5210	4188947	9249B666EC37152855A8E12F55A15ABB0559ADC68E638A9DAE8E6820D1FCB264
5211	4188978	4503D309F36D2DEF75379978A11556CA79956B04BBB55AB8221A1E96836A88E6
5212	4189047	26101663C76F32EBFEB5FFC954C9C57E1EA14EAD71707EEC6EF7E7E3E004EDD9
5213	4189058	17F68E784A1B5B36CD0180F54C96CEA251AD5192C90BE41414D436E2F104F509
5214	4189083	01C2D25050A8D294405FB0510A7AB9B26E08EF28A36C0AC816568E9F630865D2
5215	4189131	DDD1F4B114CE207733BB9C126BB147AE675BF47A5D8F07ABA763078A24C25D5A
5216	4189221	62E5867D9D760DF639EB0F27FD7340F69AADED63BECCCDFA56635F5D4EDEA2DA
5217	4189265	952B6A151BFD6522087DAE5E27201EF4E2D09822E1584DE0A03F49D350FD1D20
5218	4189307	C5156595EF936A47FB94C7B3E197564CCC0D24FC169B5561EA05827E5296522A
5219	4189338	F9DE8FC0D42AE6F0D9BB5AF45DD0F6E96575B22F9E841E695B8D89EC9B367B1A
5220	4189407	697F2A451DE4EB09447944CCD869017945546B44A392141D58519D97C5FC40C4
5221	4189418	6460FBB0F8C64E0A3D2A3DE1FA2F01A70749966FAFB02751C5744BA06144DF74
5222	4189430	B94C44BE8371E5BF8D2EFB7889F06DA40FD935B64BE731912D640AA3D65E0B95
5223	4189443	BC5EA3C6D5C26432CEAEF795D6F78762C2AB43DA9EB8D8DFA1F911ACD98772CF
5224	4189581	279FEA1FB2A4F0E07CA816EB54CF29033B4A865F5AA519B11D3FA15E0AE266E0
5225	4189625	EF77E67DE2A43BDB071AA064E9D3015D5BDCAEBD2D5BDBD040F7A5101A296045
5226	4189667	D2EEF7430E2194CA533FC6BDDA8843352D529DBB8ECC154DF21025E2B3A0CB11
5227	4189698	1972F3E6946FB9D1D86AD558B53C441404D4EF250BABE61E80CDBFB361A44687
5228	4189815	363B1F9E07EA1E300735525A1B129CE2F9FB6C26A56C17B11C132A4C8372DD8F
5229	4189941	7FA86089E114CEDA979B0021EFCA240BD224B3606DD530B48FCECA9AF515AFD6
5230	4189985	10F08344E38A0FAA8AE8EB1E6A1FF34A34D2793FC21D5A9C38646A7E5EF9F70D
5231	4190027	C0579FE749798F8826CB5A9351D529F9D65211DA5A614EBB6E8D9D7946A4C3DA
5232	4190058	4CE22B4BD85A2AA62C0F5A0655603C40B014BEFDC0BD1DB6ED4F778C5BD3A1A3
5233	4190112	54ABCC5079098F19209225FA88753EC89C32B2AD7C944D5B6E362F74722C94AF
5234	4190127	735BC957CE63C417E79E79F57424E717F03E51511C4C557FCE42DFDE53D2F819
5235	4190138	C3AC6FBA5B60C6D16DD0F8DE5A0AE613DA2DF2AAA129AB52CE88CDE0FEBC6155
5236	4190150	0FBA5D22F824D216DC9E5D8A5CA7293BE6AF4901D5964AFFA0C5115790FC2165
5237	4190163	9CDEE1D279B85550738B2B0FCFBC4F004F1176DD782D3482605CA7473921FA06
5238	4190301	F1ED79A2CF270AEEEA86FB1800201D695669A420BCF34FD78BCFDC1EEC4A0207
5239	4190345	64E9326BF60E48DB7145FFC1621DE48332E2B4ED1BC90A33CF8AB535BA00967B
5240	4190387	4B936B0BC279046D324F02CD761F1E8C625E0D36CBB021B87E9A6AF25BBD061A
5241	4190418	6FFEF2CF447988D0DD3CF81949F1489378575CAA1533A7B3A5A5EDD97FF92525
5242	4190487	5D08BEAD0C611F22351D9AA666DC72DADC91EE40BF656DA1B4273FB978786DF2
5243	4190510	CF294E6736507806D5BD6A117D8B33B18A37C870D0845C4C140D0DF204D40F5C
5244	4190569	F4694C4384E271254C3E99CB93A0044DA7269D6DCA520B3AA1F10315B62616C6
5245	4190661	908A0DD52173C5EFB47D28351288342BF1E8F81549252F43C7AC5062D55CA8A7
5246	4190705	208BBB613C1C8A4357682447793FBEAE7018541DC209DEE6968083F4ECB49D5B
5247	4190747	7BBFE6AD22DCFEA0D02AD989F903A2909BD36CFE11F90F1686ACA9D9EE29A972
5248	4190778	23ACFD2094D192C7BB2143B0D3E6147469A0EF36CB7CC669348A4AB4958D9DD0
5249	4190832	08FAEE36F77CA9B8EFF953C4C21FFFC379A1CFAB2925485D9304BED750854D65
5250	4190929	338296DD16204E79331B278838EEBE14FF675CCA90CAB57DC7B8D4236DCE3DE4
5251	4191106	464DD410230792579C99B28DBB18DF42EC811259D43CCBF2871674E1BC07E6D2
5252	4191119	967FA88F4EBA8A5294AF5C198E2C47D6EF44E93FF3D595C4F841FB18D099DCA8
5253	4191128	A7F02E5AB5182EE77AE0016EAE418D88F786670D4DB6BA01871720A940ED953D
5254	4191166	AE29C62448F6042693A71E991A633D9B0CFA6B03F81F1F665D1EE9D0495739C7
5255	4191167	39D6C50A90F57A2493E62795DA77DB2CBD64A09E125D002ED6F8847C19D82FD5
5256	4191178	ECEFEA1A892C81B967FEE146554818421A659ABB205F02BF06139D6957E9CF8C
5257	4191256	FE6AE244468490D073A63EC4FEFDFEDFB24B33C6397387670F6026A1FCC4F35B
5258	4191306	BC473B317B36664412155A0DD7036C6AEF6162DB17ED5301EE4E703E35A99EFA
5259	4191377	6B6C92F009575A5B0E63CFA1E7CE9A2244B50AACAEDA736F3C5ADCFD90F9CAA0
5260	4191379	50FEEAD8590B2916C07CB1910116C9220914638941022366A6A74DE6A7A30AAA
5261	4191413	2EB549CAADDB51F9B4A0A3BD447435093F193C44A84DE135EEE6AD11AC47AF8A
5262	4191415	BF7B7AA917CE729CB7A6013164A81C02B959E6D1B8033B203E59A996D3C4E433
5263	4191450	2A7CB219E2AFFCDFA6C9561DC9303B72BA6D81C0D989DD40CF03F00DBE12ABD9
5264	4191451	B33EA1B1ECC4E6C1D6ACD5E95F41CF644D77D286BE9DCED7D8EF08E62F1075AA
5265	4191707	E2F364A5CD5F325638CB481CCD64191F4148815646A72C7137752D91A8F34E04
5266	4191721	B6533BE29F0209DD2EF0594237ABA835819ACF1496124195BCCE31942AC8ABE1
5267	4191822	F90D947839D6C91F57EAF8986439376D56222AAE657E1A6D047922665FDE1A2A
5268	4191830	54640002327E4EA90416FEF2B044BC15FBB27BD7C4BEE4C79B23187AB4B08718
5269	4191847	24128EB813E6C34989C61D9BA77921FC98F9DD75AFBE75A9613CD8735D60B32B
5270	4192199	3B0C632B0123E2BBC4E9EDD275D18C14BF62645E624334EEF1514F43690AF3E6
5271	4192247	EAF769673C50CD6A516D6B9D652C41BF98B5621A510AD11639E722010494D2D8
5272	4192336	77D0CD9C840FFC4F3B7A49E9203974671420D3C7B732445E4A4D17780F9EB2EA
5273	4192350	7E8337B3FB3E4036E80DD746950B0F2E16A57FAFDBC90957418E3BD55BEDADD1
5274	4192370	D301C3231D0A2C61FE9366CB3D14F51CF0BDFDD8F9A310148DF6C8DB7F4801AB
5275	4192800	88C0157DCF4601BCD1A2BC5CE8251FDB85B8FD4C202D0B0800689943F2BC82CA
5276	4192830	7CCE87437585D11F90CFB33175696E3645B69B32DBECF4EE2AD4F3F7E0B68D0F
5277	4192876	88DEF7CB2FF6AAC3A6577707927E76CC6F0A69BEEFCF1592EC8AF20204355E7C
5278	4192885	D7133C848C8A23B6CB562EC9763F44B2979D052DB32B70910F9DD7D01CC416B2
5279	4192937	B05A899A276D128100647D0B9C6A77BDCCDB9F3C458E391991D2F80289C56FB6
5280	4192951	A359C2DA679608587707CBB9F18EF03DD402BDE4B722B14EF77D60518CB182E4
5281	4192983	EE805F6360E2E98C99D615695F357D50AA851FC5878D82BE600339CB7A4E145B
5282	4193141	EBF4F3CC24C71C397321636D961FB6DB40536A9C14596DD4B0FC38EA00EBC547
5283	4193153	36F30A20D4C2956FA733B1522B298F802754B1FE40ADB4EF90B5EF65E0886264
5284	4193179	930424243D6F188B9B1A4BB46D278E79EE4D93E2574CDEEA7BEF2EAF4C60D06F
5285	4193187	24DA8FEF226F9BCE847B14A6242B231D2A263E5FF7F55662732BBF6D604F9318
5286	4193200	69B4835FCF779F0E21F0D13E53843E1CAF095546B46D930982E73276BBDE8C4B
5287	4193251	3EA9AE6F8B7FB3DB43DFDCB351CFBBDA074F98594B6B2F2AC20872D078C54528
5288	4193293	1203062FEB95F271EE4DECB1046C4DF9F1F07AD2085F5721DF43E3127993E76B
5289	4193301	ABCC270675C8423B70A91DC9F0D0840642D740250EE6EC9FD5963B89983C20D0
5290	4193302	08BC30B2A048B77B01DF481AB4BC1A4530B3097E4CDFF5CD36BA7805A23427D3
5291	4193465	4BFF43BC74D35D6FDDADE586203C3C23AD9191D952674F05FFC4C4B799DCA729
5292	4193472	F3DBD48CD0B734D74259636ACD5C8841AE7FCAC22BCD778C0D9F3D4F161B9A2C
5293	4193513	232A023EAAECF2CDA1A7EB6F28DB913C53A0456FCC8AFE07D8F70261A05C916F
5294	4193539	452F0818497A74353FECDA0B8F35EB8AA4836032CFDECE2A95CE24FE08A7B440
5295	4193560	92A20EDE3480F4316B61999632811D4272E7B23738C4FE6BED72C6AC9B0B5375
5296	4193641	36BAABEA96B1736CC8AA857DA3E2D3C27D7BC6FC88C1FB26D2DE449342191D70
5297	4193661	6092F24502FDFC3986F5DE3860D3118ED77C6377EA6B03788BFBF0AC1177671E
5298	4193662	432B7B46B6644EF5654F8D3940C27E0B53C4AE125306CFFCB8D3EC96DE81CF5A
5299	4193825	80D100D1EC9EFC7C1C9135B48F52151D5D51B26365708FFF51C68155BFD08395
5300	4193861	53277D84BF1E764BDD05825C550854C645BE24B9AFB785BD5211232C78104349
5301	4193899	41BE5A532D50B697D20F172209CE9173A861DFE27DA4C65C9CC2C171C77ECCCE
5302	4193920	D170AB433FF9F61C60D2F9FEEC521B1A79FA2DB15568E2D4B76826AFB5C8DF7C
5303	4194021	B2D6B43DC01D262D61CAE5F50A32687E60346218D46AD00EEE401FA7C64B2F79
5304	4194022	310476096030049B6A70028EB87A84F4FBEC72F6908C754164C5E1F0671D505D
5305	4194185	75E1A35C7E50E672724E8B0170E69EDEA8C08C3772A86E9A5C554D4904033B39
5306	4194221	9AEC33E44D3D6F3497C9BA6D866561BC4D16A29EDD8BAEEE36BD67E0966B51EB
5307	4194233	C8090B3946B7860C7CCC4C7B2E8BEEB45D28B3FDC75190CBFA0E6584FD9DE904
5308	4194259	4C4402535C324E429D8EFFA8FD4CD2237CECD4B0EA18810B01978EDEB25F11D7
5309	4194267	309C9D0E774469B122750FA46DCF599C1C1279BCB9E6C7FF116A1722CC9EAF0F
5310	4194280	353B7747A96EEDBFCECA24C296CAE3FCAC0ACD4B48F3990EA4CF44A771954C7F
5311	4194373	9EC547EA99ACCDC7FEE22564A47F47DCA38835C20802665A5798E4D19510527F
5312	4194381	32B6A02DEEBDF7483662E5DFAF94C2216E5D3836A830F4A4BE5B0E4B1DF383E3
5313	4194535	547727F8B9C7C92582558C01096E6DC536CFE143F6692F4DAE02AEC5B2A215FE
5314	4194545	ACF0152B0AE809FBF341A26014F40146D36EAA48B0D65440EBAE2D68DF976957
5315	4194581	67D7B53359662162A6FF1E97DD22D67C47242995A2D535A69D64DFFC7DE100A7
5316	4194627	490FA3697C3EFE2EB1BE5B8E03F5639DB3A5FA08E37136FB0A532C1D5E80F05D
5317	4194640	A815261A40F241C03377E30CEFDB8880D97862F1572002D316ECB40078CA59CE
5318	4194741	653673295559B3D7EFE15B2CDE433C951E0C37975171B69B970CEA8D10975DF7
5319	4194742	5BDF4FD05E5DDE7FFF425F359A8F2232ED306D7DA514AC196DB62820E1CC093C
5320	4194776	41353CC15D68D05474089FFF18B86923EF2978492B1AC276B33259CC6CF39D69
5321	4194941	3FF07ADF3D0FBA7B5D525A2180AD589D077F210F71A7C86A6CF2A89294075D0F
5322	4194979	3097606DCBFA7AD771F8DE180387D0884F22F2FA61B42C7D0C290CFE0D310249
5323	4194987	013B3BB7DB91C6BB783EFB48D172AF955C8C3C899A286384EEB0586F25CF0B3F
5324	4195000	5317C3A4B4C923D606A732B6CEF2E00BEB73822A80C7B2F7854571B45A7546A9
5325	4195101	E412936D740D6DF98F02440A4ABBB4A0FA3DFD47E790220D422119A742CCF503
5326	4195424	646ACDA04665821270E2F8C2620C40EF40EAAD2CB1C0F719BA7111A23CB33746
5327	4195428	8484AFCF7DFDB081B697E5002E7E9FA77D8AA3D571094D815C50BA7794D6223B
5328	4195436	75DAD499298B1B573E3010B78B4D3742656F29BEBFE6C2B8FD338ED8AE6936BE
5329	4195486	5189ABD4E8FF22B179625076492768B940422CFB8F16A9C4C48305EB27C09AF7
5330	4195510	9C7924163A72ED0BB94CF201313A353AFF93B0CD196BA70E02DEEC141A7E6BCD
5331	4195535	D9961150F5B1CA3D26C03A4C362F4800B09CCAA81D4294DB206C4381D03E80B2
5332	4195566	BCBFC2D224EEA0334FA441AE614CFB7C469C135C2E3E1F4A916B5858AF64076B
5333	4195586	813FB73911827A163E1FAC8E091D135A8EDACA200222E575B26051A375E0AF80
5334	4195626	BD66CA2F451A6C5133D52D0E13D62284B81421FFAFE0485F83C2933796CC745E
5335	4195627	C9705C202272EF1B4A77027DB8B925E3FAA7EE0F02C8CD3BE0554512697024CA
5336	4195637	A7052042B319B29F9EB87896883737442C70083D925B871857E9E6C56664561E
5337	4195696	E34D777DBD67072D325BA000B7328AF685F98E42C35B9F22871F0B45617B954D
5338	4195698	9D15B97BB04442B4F17474BD742FAB6E2D0AD994315921A744836B8FE39F8DF7
5339	4195732	71EEE5709E005FC76E7D4CE2769B93C1B840A85B489C7909ABD3100C2886CC4D
5340	4195734	A607A9BF5930822FFC9B4CD958657FCD54C470B715B88DEE8668A5749E52E211
5341	4195768	011CBB5CD60C32AD2A0F7C3D2F82EEDB02CAE4EF5F6FF45774619BA03E324009
5342	4195769	72572F32B41755753E91F3CF224CE6190BB8B5517B709D00813FE5B70281F811
5343	4195770	A8DC499D388CDA4538CACDBF854E304762DAA1E807B91AE2E4FF183F682CD4BD
5344	4196039	1BC349930E62DA32D8B59FC8603EA36087E9D9CE405817AF6020743946A2AEAE
5345	4196040	8E06F1DDCCB3A0ADF70DEEB19EF2AF3A82EE2B3A2CC57B73ABBAF9721971F64D
5346	4196126	38303E4D4BAD9F9D2430BA018A6C24E93B7B658CEB4590B4CF21B2CC20E95D66
5347	4196504	61E715FA137C6D04C2DEE0BDCC7800D6C990B2F48B9ABA0E6C541CEA15C0AB1C
5348	4196517	9D38C1FDFDE8758E65CA3015035B10D87B1BD5B3543562930FB526D1AD705CA9
5349	4196580	D10595A49255587CD8D89A82A0F8ACCEFF68718E85836B2D403C6FB257A8E926
5350	4196718	AF542767243EFCA6712AEB03B1328E163A3BF4976C1E3C4E9E4A23A33D854AD1
5351	4196812	83E4C6BE945AC6ACE446210B38FD86A9E4829FC0C4F7612395B9653DB63C7982
5352	4196849	F56C03603C42A5F7F6A37E64E488EF2E3CDB0594332E701D633488348399916E
5353	4197047	BF802423068678931C77A62B21A9CCF4FE23EFE636203252B3CCF88EF1A50CCA
5354	4197119	32F187A601C649A067C3983B2777F24035117BB34B209CAEFD491FD98525C6EA
5355	4197198	2F2AFE81E82DC36AD743F6DEA882456BB095CEE322C2FF575272AB1435D74E47
5356	4197220	00E4383C4866A720331BE7CABCF4672B9075D8D70F695DCF20076996169F7424
5357	4197229	2F40893CAF692589ABDA7D6082C28BB3C2DCAB853842FB6235DA77BA3D9219CC
5358	4197256	D182777D698B860DF3DE7CCE78A0A653AC2D31FB4E71495ACCDCE6BE6101E3FB
5359	4197316	1FAD8F0A0463DCB397D27566D5E01A9B272570510D60152C1395A1EA5B91E343
5360	4197353	61DFD9C64845C4C300E7BC26E979961944B59EE048AC9021B35F2CE7B7111327
5361	4197477	8FB6CE769D5469337576AB02239EA8F4520D4A0C37340A0162F525534A8D82D5
5362	4197488	889280F997021CDD1AAB6D4E91008D0F7BEB5E45DDC167DEFCE0C35A5D20F3B3
5363	4197527	6293FBFA0BCBCA9DA0BDF0CD1D80D06C4A7BB8842D2735243AE3CBEA85831C47
5364	4197532	9B401861E51759FA39B08A9FAD452F7A0593140367273FF41A6A25FB8C880C35
5365	4197542	1A28801468888609FE4088EAB639EA77B1D384E3F73AC80B5BCAE775114D38E9
5366	4197548	0390C94CFCB8A6990EAA6DE5AD2469253A726E65990A075F658AEEB8F90DFB2D
5367	4197549	9E1D02EFC90C3BDC44DC215B5283E3E6E1859BC482A93EAC0733A12BD4E81BA5
5368	4197559	DF7C60325DDAD4A0D946787D81BAC55792217C94168F23F8B098ABFD95B846F1
5369	4197590	0EA9FA9D85897B96E7C722A1B6804214CBEFA3B4752942BB61DC266A00F422CB
5370	4197591	53A426AE52ADD582EBFEF34181CAE23EBF075C0B77F3D8175DAEA598A2ED2F8A
5371	4197611	A761BADDACC89184BC76D63564403D6664110A5175AD6E6AEA4988562E3009BD
5372	4197650	59FFF170AEBC5843CBE3D5B672CEA1A61542D870E0E8BA7F5C32AB96671FB353
5373	4197651	21E42A71C45FD1B68FA208E0B6276212ED81C933F07A888CA8A67C3A85C57EF6
5374	4197790	D9DFD69A0D42778C36A9CBE537500B1FA9E609016541618BD05D2095862FFCB1
5375	4197804	83A65D8DBBD049BAFFB4A0FCF719DBDDF868BFD27B53A775CDB3C965D92EBBB0
5376	4197805	1D9115013A42534EF27CB9B2934B99D4BB0392071F01DC4C9729E582B049E5C4
5377	4197876	076A0422C9F0FA333EDD54721C8BCA11D34AEAA9185FF9BF8B9C58931D1C7102
5378	4197879	B9D61165961C7A0849DA75B093C51ADDFCEB7C139B8DC478A8F050E73A951C6F
5379	4197881	74F0545F9B9F29BBFFE4E4AA02944FE58FA149575B1309CA30DEEF0BD1720C68
5380	4197882	9EDED4B33CBE425235B40F9E6F31CEEEE46DF2E202CAAF95579EBC60838F753F
5381	4197912	45F809E89BD47A2B36C9D37AAB0E97AB229B70F215BCE12357C837630F26F576
5382	4197915	2DB9686BE56C621B2161083EF35AB0F229B02CA58BD6EC33595EFA8E5FE4DD71
5383	4197916	14294F1419F27B23272A503E34C3638E5D8A9A186E5F6E9EC957D42BC338D101
5384	4197917	26481F86E19F5D2E0297EFBF4F36206832FD660FFD221863D843F88FB5A8D6FE
5385	4197918	FA87943FF22DE39451DDA076D72236BADA330E56761BA5BF71A6B8EC6C39F4D4
5386	4197962	A1E4F1926FA10BA2B6F61C55BEAEE0B0F596DAFFE8BFA98A977EF01B70A16D01
5387	4197963	F3D860417E5F3ECE06764FF2D1959BC11690C99783766EBE096481187AF1F619
5388	4197965	191ACAB2F085C28F9FEBB9118667A2B8C96BA6237B1E205BE4D2EBF4BCC4955E
5389	4197966	97F69E5E129862A3E35B47A9D8706EE299F2A33EB523A487429C9A16636EB5A1
5390	4197967	4625E328337E89792D5D0FFB0C2FF6D84A4C365E4C5719CCAE2A115E35830F32
5391	4198015	A92CF6C274942A744ED8EC8E975AAA843FB35A765AC76800792633152BAB7148
5392	4198026	2D99BDABB54C0ABB1B49C5FA710292C0B714B9DA3E33C1D55340455BAA3E29B3
5393	4198031	F38D6D7BBB9FA6BEBD1889E16D64424578A894D459ECC9080B8DDA21B7DF15E5
5394	4198067	7589101934EF4CBA830F8794D372BC37DC0665E86CDDF7D42271DD29BB2741BA
5395	4198072	21F23B50EBA005B3AF6610E2878330C5F7D67A8B6D7494F24C2A63D0507C217C
5396	4198073	99E98B60AD6AEACB4E2A78D79156C215073FD38FAE760E4358564E93F596F03D
5397	4198082	DEAC4BC6FEC4D194B27124CD72E5126EA950F00F189B03B2DB0793FBE0063D58
5398	4198088	91D6A928133797FF4E572513AEFE08C788898545FB83F8397F2806053CAEAE0A
5399	4198089	F5A505084CD8D01DB3F7D61565462E9B9D8CBDC10BCDEF6DAB071E7CB8405F3B
5400	4198099	BD41280C2F418A16BC060D778D7848F55CAADB755AEBBF2A405F33B6BEC12951
5401	4198104	4A9662336FF98C5BB9928FB6DDA45878EC882ED9817DC9EA9FD8734466526246
5402	4198105	F8F6E490F6543CE2842474F401281DBD712324C105A17FA24A093FA85DFD0FBE
5403	4198131	40B6CE28B9EBC69F71086443A2286F2B166FA6FDF8E2E0EDF3939A13B5229E9D
5404	4198190	B0C00801003A985AC497C1A15CBFDA9384A49CC1EBBCD37FEAE61655175952F1
5405	4198191	C09F7425D0116ABCA27C8DDF09555CFB7CE0E889405416521A9CDA576977A15B
5406	4198225	9051A353CAB05F3BE9CA4084DE54934B55A2E19FA14C962496B0879B058C09BC
5407	4198251	09C355C5BEE730BF70686BD7D8C3C197F3194FB6F6F9B2E8180AF9EA84F0135C
5408	4198256	9B6A6774884C5962FB7ED92F38B6E5E4A26F84F817F51457FC02D8C17B86825E
5409	4198331	D951883139392BC6DFE0E96974E6B017D4450CE755ED9C0A003D8DF42CDCD2EF
5410	4198457	B9B8E10EADF814B570F09930B1263AB5A5707A7EE1FB9320E27AF20DD0E58BE6
5411	4198459	E046AA6053FA68013A7B9F30F8CFDC8367037F8430012EBFF111839E57E47C81
5412	4198507	F9B1D142F31DE2860165E276A6B44AA016FF151E75176531DF2584F4E59A28AB
5413	4198557	F115AD66347EF450D607E20576683AE6141AE6E06D7A1D0A2DD7348D288A25B0
5414	4198566	9B777BA458E99268926FB2571A8C3BF2AC684A5FF56DCDF73035F6CABFF9A34F
5415	4198571	923E37EA1BC55A204FFAD550A907FE389279441D12DA72B061C885E437938CB4
5416	4198606	DCBA7B6EEAE06F19E5BE97892B3C6384D79F24C8B0007A94E9C1BC6BF16B37F6
5417	4198612	89CA198CC4751C4D4E39E944544F7230432538C0F6D33091DAAE7340514F9155
5418	4198613	86A59674394989B5F1F2DA848A3ACB1FD41AFB17E543818060ABF21B84D39679
5419	4198622	885FDB5F90718A31A3F5F8F3230BE3C5F7BA61E375EFC63902936640961754C2
5420	4198623	61CBA475440A871EBA7C6350B4143D3C913CE1991FC8C19589CB60697EAF30A2
5421	4198629	35DE2B45C5EA177072A4E54B89D1C4D1EF53C684BB92479586D4AC4E6E2D11BB
5422	4198644	6C576E3844FE4C3281F5150D65BCEF93CAFCC652FD4507FCCA23E139C1E4DEEA
5423	4198645	4DDB9D10403F5FF8B9A746FCDE65BA50A496A62088E0B3B78B53182C9003AFA6
5424	4198730	5473EE6020BE119978F8A3DE221FF17D5D5C620212D889D333D3373905C156D6
5425	4198731	448B44339B5413C758494DAB4EE4BFEE3D58E0CC22EF24A7CE36ECC32279A49F
5426	4198871	866E824A9308B08AA66488B846164A42FDB692DF1B981027C084466A60B528A4
5427	4198900	460867FD7A3F223656EE7ABCFC5049A69840CAFF6E5CDC6A6B920C6CE604062E
5428	4198956	748B23977FB9832C6422F51CB90C9A18A5A46D4FDED244A3F8C7149EB4CF8561
5429	4198995	D8D66343321E75F849AF51EE5211EF50922C2BAC878054907A8DFE719EBC8529
5430	4198998	83C6D50236068CA94CA9C463181EAF4786EECF59140D67F59CD5B2F30D77060D
5431	4199045	C99A41E2CF71FF58778CFB9970FE435EE952879408A9942E0E6FAEEC93D69C26
5432	4199047	C963015EB45D15D316909EE6C8D369DF0D0ABC64B5F93D4A29DAAE536B99B1C7
5433	4199097	B9FDD6AF589FB86A298AF9E8ECF35701E6C1E1E7D355EC76536A770711A387A7
5434	4199106	577EAF1E96E667CDFFDB177A46847EEF60A374C76D3FEF76FC02886A0DE9A86A
5435	4199108	4776031468014A26B7D2B61E57CF5C3669839320E45211F6E9B3DF7E26356AA3
5436	4199114	13A376F6AB7642A0E59BCB090A81987DC753186596E7085C5B22823CBF95D263
5437	4199162	B8444107F2BD5FA9DFF3D8D84E2D100A617E4DE26787C9FF367AD6B30C9C247A
5438	4199168	A8CE42C0E45B7CEC9E30EB2799BA4E562EE739A327D5CB3B578B4E9FF3428A3A
5439	4199179	0CC743DF53997BA25C051BA2742D0632852AE0ED8BDFEE2B382A10ACA8124187
5440	4199185	775FED8CC30CB97E6D428386B7843D3B9CA928AEAA92C566994BDA04818B7899
5441	4199210	1B43F4E2BEFAD812BEC3D34F2211515C3AEC40880B20D8D6ECAA38231C1552FB
5442	4199305	DF0F2946CB116E374FC3F6D4413843A70F57373F095B3028008BF54FDA49405D
5443	4199440	41D0F2D4E9C2B70CFFF778EAA84F7A6D02016EAD9363B2D0A4D9F97ED0D23A82
5444	4199496	C3AB4F2D7110E8827F7759E55B4B7E734E57281D13DF74502C8E4EFB54D2CC90
5445	4199499	34A01D28EBB5662D2F38904072937F04E4590315A2B9AF63ECC4669BC8CD4040
5446	4199537	CE59ECD9BE5316239FBB34AFA2274D3165047F6A38C17C5DD5149F04A3E34D83
5447	4199538	282659480780E6BA9C239B1AE305F4569AF89000EF6B265C82193B73F3C81C3F
5448	4199560	E9CD8A952609FB3CE61BF98E462A6585DA4207EBD6467D2674D07AE79818827E
5449	4199586	2B6E9C6614CB9BC5E433894A65F892E0FA9435DB7B7A08990652148AEE85A115
5450	4199636	223C99E1B8D3A2C0BD2E812BBE33ADE6CDD393014C32983832DA663034020215
5451	4199649	E2EB7BD69B475CAF8AE99ACDC3E49366202CF6FFE25060E221339C645D688A5F
5452	4199651	312FCA3B8D929A9711B875FCCA42699555AFFDBB21F698F6CEB4C9A69B1C348D
5453	4199661	8C0B877BF214781DE57BE0C07899FC73B4AEC4663E4EC92AD0F4EE0DC83C7D9E
5454	4199710	107A70CB1420A004AEC665C2E323167F1B77B5D4B06E832FE313A12E6D1A268B
5455	4199720	9810402040993D1019B5FF6AC03ABACC16252E3B70B7700552C68D75B281D160
5456	4199756	F2CDD55D01C417C7988E4C1DA3DD5BD66ECE2102B430D8E19DC50B65BB94B685
5457	4199757	8FC818F4EF9690230DDFE4F17BC8F5CB3B6CFCB9070CF2973B8A3145015539CC
5458	4199766	8496CCE2AA054164554FDED6A2476BAF801EEF48BB73F9EDD798A7F9DB2FB77B
5459	4199854	3F4F25AC1CE854D886DE7248686193C7DC52ED3F3B7AC690FA2C94DA1D35C268
5460	4199866	CA106B8481AD2847393A7987EF5F6BB218120093C040F04B1C23B545E67522F4
5461	4199874	8C135E77B99C7E2BACDA5889D5F703DC99C8C7F3CF8DEEC7122E73B037C701DE
5462	4199886	DE0C94170E70E0F7075D958F5950A89A83DB88F654D8F68F5D3ED629F7039E51
5463	4199901	2548408E9AECC278681D7C18D1564DA1E8C9AF1EB1BD4CB2631C57EB1D7AD87D
5464	4199908	5397809B006F85CE7C2B269621D56535349F57A2DDD465289B341ED3B93BA962
5465	4199911	079BEBEFD697C52809361B9B472BB44473418D1681011E2C9D72DC7CEA684580
5466	4199932	E53D97471DD6D05264DA3D6946923EBEEF588303C664FBEF6A29C0B4A7A87A96
5467	4199940	D6D2428DD401566A142A9D71E9DC28A9812223FE5AFBC9CC86AB3448117DB75A
5468	4199954	D278F32C2AEFD9A12951B5E7060992AAC7923911D096B8D8CB0FD3A825118D5B
5469	4200570	B72BB56879E3C233E38227CD5B35821DDB8D213C8044198BA2855C1ACDC73D23
5470	4200572	0FC1BD9CE8CE4C003A03D897A24C45EB85143086B10CA027E4BB606266CD3F96
5471	4200870	0EB1BEC0EAA90956ACC76A91389252F36242FACED139543A6764EF8F1D28ECD7
5472	4200872	B2A75DD8B2C733DC5AA332CBD4C767648DE16D1209C09DBA644F1DAD53A241E7
5473	4201170	D7C23A312FC6C00BF68420BF2607F1E4B79CAE1635618C2392BB82BE845B191B
5474	4201172	1AC5B8A664ADA9FB0CA18669B96815D9851AF06CD4B5503E70BFCC07218550CB
5475	4201198	4D627CEA44026B2B4D66C0393F80B32E8582AA7E2D5D248F9D652305C00D8740
5476	4201238	10CA9ED7023033BBBB9E7DA1D4ED44B5E6FC4FC32CDC632D843728F2E7DDC6E2
5477	4201244	EE0041934B85B340DFA611ED37F5E6D20C4BDC7AF411B14730766B85AA1B0254
5478	4201246	E7B049CED118F1B99126FDC9AE726BC495C885FBB682723164949AD31722A690
5479	4201256	80221DC30F700BAA0B83FD3C0865753B031D5AFD2AEFB09F4B2E80C67FBFE0A5
5480	4201558	113DC4AF294E16756A194EFAF6A2FF4CC5AC30E8AD696C3A95361D69F0E3296A
5481	4201560	C4D147ECFE1AE0B2CF230CF7691E603715DF391174B4F29212F6981951D15867
5482	4201598	2F00019E3868EABF0BD8BCDF696B3E504F8AC1484A6B0026ECBDDEA70CB71F4F
5483	4201606	881D9CA4579D4FE80623F541F290E7431D348B1876CD2C91B720E968DE5816A2
5484	4201908	A169019E8DB145883B52A79650AFEAF60E5EC9CE24B3E297DEECDF92EF842F6B
5485	4201916	E515BFD56F25E5CB7B86825888E8515613CCA3305B6926173AF5E78B2B2CE43C
5486	4201918	EEE85FCC2EB3BEC1CDFC019E4795E491052E643D7AB3B6B94C30AC8208F8C919
5487	4201958	2B9749463F3DB31F3C5EAFFE709A98ED1AE96987EF140A8DE319096D47372D6B
5488	4201964	8B4D91E6395296AC5EDD86A4E66442BAB87002122129C4F359A5C03BE36AFE05
5489	4201966	DD14DAEACE8417110C4A06B64436BECD1DF6676E46ECACE3E08325232C4E82CC
5490	4202252	ED5C50D12BD4ED0FB617790DA569B669185D62BD19BF7D75A32F9E6F34BCC03F
5491	4202268	87F136944BF5501F84CD84CDBA17A00BB66A09C3EF23C118CA2ACC5E34DDD0C0
5492	4202276	BB56AB57C29D9D74D54EE575565E6BEA5DA98CAB2EFCC1738BA3D5659264E11E
5493	4202278	ACF3F2D853B3E899FBD56CF5691C9286F740985A9F5D9A10DCFA7D3902BE2D63
5494	4202280	0E3BA75D6E480FE99B0A6F349C8C525D58E07AA291407DF23F6DCEB06E0B5CC7
5495	4202288	4F58CCEA333429FB1AAE26A9FF57C4960B34C659029F8A4CCFAE48E451458ED0
5496	4202318	5DF523876502DA49A5BF17F0C5C3BE44A3D4FF50C387965388B08054C720A447
5497	4202324	65BDA21E842BA7C355BCC72B0683DF11A142BC98ABE011B57B9C6A69CB1C3C46
5498	4202326	AB0C3CF8B9B5E5B6489AFD0064F32BDEACACDC4381B3466ED8C60A93A84D2696
5499	4202336	60B6325AAE9C5C32CA028819E134A78A7F1261C7FC347C59F73789C9DF1E01D5
5500	4202638	F66B0AD9AA4D7D6933D67ECC017770FC001604DEF63144F6EBD5CC215D9567E0
5501	4202678	792CDE5F2F686BB9B35D9419C51E9E4EAB8C1D97F85D22AED77E36CDA971200D
5502	4202684	79F1A260ACED97B88DEDD4EA7ABCA99386E3C152D08D4A6AE32FF3ED8A1FE4DC
5503	4202972	7B3866910E721FBC8EF45A47931C0CC5DCF600A5DB5D4DDD5BEA594ABDA41ABF
5504	4202988	1299ADCDACFCE5C96BD751FF13D52D10EF7354F987332536885BA59F9AD1DCA1
5505	4202996	1B228E64696506CD98368C7AE4252D5166102C3F5B28F2D851C6BC051DDF80A8
5506	4202998	CD50C376E3BF016BEADB9AD320BE5BAA426E8E62145B8F336F2340118315DC6E
5507	4203038	76994AEF4EE2800D4708A5D31C0FC65955BF17BABACC4C59F87F58531514798C
5508	4203044	607C31105B09CD4175B0061AFDD0E33F7EEF6534B713001A3BE0D6628B96EA74
5509	4203056	15F1256B76483A8D29BFF53ED95884DB87F83A8D6F72D95CB4B044B0147D0BF8
5510	4203332	1FFEE0D9699F65CA09C74AD5CD500FD67883EF3B7CF45A3955FE072CBDD94BC8
5511	4203349	47A08BA7E96C539912C9002C88A060F06F8F17F2CEA5EB66580CBCC611D151B5
5512	4203357	6BD72D2F0218CD0F2D6A3F39DC1857FAF9D78404A096A492442B7D7F502E1872
5513	4203368	5E694A878E30D14FA8D8154EED44AC1D9734F9D328D8DA7E7B577CEB72E8BFBF
5514	4203450	EDC4A9CDA5511DFF4A459F421B246E17047141442CD090032E32ACE27CA50DF2
5515	4203663	C5DB9D20EF31F71D21B3AC7233AB824A812F649CA3B0AACE08169856C41B1DF7
5516	4203689	AFC11C6BE8BAF1D6DAB805231BEF14C5FE69E52B50D7AE29ABBD1D399207259C
5517	4203696	2FB58551B53A9802ADD806E27A65DB4F6762C486049705D36078689A683D740E
5518	4203709	47CE0498312A23B96786028DCD1B1F309E683E1C6BD38B25DC63EB7FE4D8A9A4
5519	4203728	F67D93186786206EF90393213EC512642DF407FBD3AB78839DA34D1D93A6A2C6
5520	4203804	585E9ACD6E4774340E3298A2FACABCC1B310627843646890F1F1A719FD0DE553
5521	4203810	CBA4BB4553CF2992637FAB888A2BB6BE4FA61A905D2EA6FFAAE4B91C6EFCE6ED
5522	4203812	B9D4E07CB1DB08CB6E0946666E77E7AC50777850B8754F75C049BA92C1FEDD9E
5523	4203832	6D4AB4DB5AFC5A2AE13CFA2E3920DD7D3E09EB46936818F28801AACF5F9A1FFF
5524	4204045	CA6FD895301B4023EA578ABE3544177EAF85043B20431EFB8D2114CAC954381A
5525	4204069	6F6D8F6FF0BDC8B13F68FD8700899438FA31A7EA9F66C02D9241313F22B72B6E
5526	4204088	5E3BBD2B4E0D1A862FCE8F4C0E33C7335016F50CCB38FB717F13DA92A637420E
5527	4204164	AABF8537319C41C7F29002310EE6359104A047BCF61FA097AA8532B17D91FF1D
5528	4204170	BC287CB0D4D8754D2F786EAF7AAFA8516E63B645E996FBB56B8E8E7CD9A1EB9F
5529	4204172	0DA0155F3BDE81B89C74009695701006C1754506397CED218C37259A30777D40
5530	4204192	39793948FA95B85344100A3CC473A5F89EE841E0E66D50AD12E3ACC18CE62A4D
5531	4204416	25E886B27D2F095B41AC77B2CE94F2940FA48C5131B1D1C9B30969A19F77259B
5532	4204429	C2BD99D284B9954DA4A6A6F50ABD8646602FF9A1EB4EEB430B8AE620A06FE111
5533	4204437	B3936F71F1510BCF02B408FCB344EE0B3C6647176D3E9435DF6FC09F2D6108FF
5534	4204448	A58750D97751EB36117F4FDBD8036BBE4EE10A220DA7100CCB046D6FA97F486A
5535	4204450	F9BE5A63DC98DD9A027C760F089C688BC694358FF8905BF3B77654142AB88ED0
5536	4204530	D871D6D87F2F2F2E84DB08BEE1C9B86707C1CEF7599F3FB9AF8A61BA5AC9BEB0
5537	4204532	5F73B98FE58C36C331ECD9FE489676641840689DAE5501F59FF52498FE460715
5538	4204552	C89C022C05A3ABCA762B35F19FB127F75559CB205C4F5A59ED2EFFFB24B21B23
5539	4204722	F011E7C73170B6ED971125A82A8704C9653A2689FD9A3CAC3349C65F19963836
5540	4204789	5370826BA450BC23AB0FA20574014DF04BE02939FFA10E17CC1299C7946A5EE8
5541	4204797	8DB012AEE6794CB2C8C260D664BBE5CBA66711F4BA1CE465E7904CC454EB6CDE
5542	4204808	D06A47BF4DA9B9C8BA4834EEB7189FC0EEC6FA08CB781F465BB7CA6D359F373E
5543	4204884	F1D517715209568348BBC9CB5FBEE7334959F7EDA7B86F4DD6B0C59181C1E88A
5544	4204890	991EB8E4E2ADEFE430F7D232486C48D3403DD6AC46D60FB4E72C83EE2C699AB9
5545	4204892	315DE3B2C03ADCD0ECFF56EA8F2AB651C7BFD72E306A49F5E6F54E4C8FFF55CA
5546	4204912	15903094E045EBBA5B0F35F8A823CB4C145AD4395F527AB1B2008653251439CD
5547	4205149	51DE84F96DFFC51726F85110033497282405FDF6EEB06D3B420B9771D8AFFA96
5548	4205157	1539F5752CCA770F2C32355EB80D4D8635A61E659A6CF57981802C7D1C3F4CF4
5549	4205168	F627ACDA11B59AA1A53999A87729B44847D5961C483CECA0F9B5C295EB943259
5550	4205244	2565874C5D458560E11462DEFA1476EEF9BFAAA3600FDD81F5B607CFC0BCA482
5551	4205250	075EA2CB5E958DDFCC5E031091301E93DFB434AACC46F98F99788C77912A39F7
5552	4205617	DDD1495AB3EC3956E4277AA801254F7FB13BFEF2CD79133C7B892ABDA9B24856
5553	4205620	1C76092776210FB93DED7DEC24D0AAEFA5A3967293D18C219D862BEA9AA989CC
5554	4205622	23EEA021F4C8CFA7BDF8542FE626A21266144FCD3404330508DE564A80B714AC
5555	4205669	2440F303AA8A7AB125DB3FED03DCDCD1C7D89F0D230D24B13FB18FBD16C797D8
5556	4205671	121E53FDCCDC33A48DD3BB5450DAD4D986CD6DB23ADC65F05AAFC63FDD216EDA
5557	4205681	986973A67B4F242C0BBCFEBD271F612149D14432A4439B1BB05BE2D39048AD06
5558	4205711	22CE3161DE085266F08851843A41EA2E7A0B000DC6F278815EDD0CCE622395DC
5559	4205745	ED732C2BAF022F75575A46DD0733873600C5689C6C36C8458475AD0F3E505852
5560	4205747	4C3F70DDDAF84E19C3EDDCF44823F125F9D7E78B5B4E149C019EA611E90F10F6
5561	4205753	7F4AF93CB5EB368046F3DA92E0E36D3D5059476CA8920B4710318425DF4E3B3C
5562	4205765	8372B57B98A670553F18E7462527A8F9127D1A6BEC04F028DFC4DDAE0530AA37
5563	4205773	3A90E8ACADFA61192E79704A3D96290C49EC522660CDB05AA0214F32812627C1
5564	4205781	778B9FBDC04771E59696C407DBC7A6C28D7798B452C78213246A60D7F0A5F384
5565	4205813	4A8DC9185A634042950D33F5C57648768CA036EDF78B444517DAEFFA8DA896E1
5566	4205822	BA20A366C234554C78645BB9CD80B85EFE29DB53FE001135403E39B352006A8D
5567	4205824	B0D35B390D307D5E878C71FC728D3E8B49C12C441A7D1E189CCFD2D7A102383C
5568	4205858	A9D604783E4CE58D6CD5E419C8F3687D696F456DCD81265925B9D62577F6FBD2
5569	4205871	1F8804F8EAF40BDEC90F50C2818CB308DD35F9A74FF6DBB9FCF7746D90697BF5
5570	4205904	CE27BFC3CE66069B04AE6BDAB7201C6D83C487107A8495F8EA68DF3249FE5B76
5571	4205905	E226FEAC2F2E5E8A1DF25BC300E8A00A0035AA9B5382611D64EB6A144AF5E2AA
5572	4205906	BE30E63EDA67D229CD84A154EE1793111FC93AF91BB42C4152392E46234DB549
5573	4205907	347C2BAEA4737868413B099F73E5C897A6735CF698AF281E68BA7C39B57A3CE3
5574	4205940	4B09CCDC113B9CC6E0DA3A57E45C4981BCA63C7379772F7ED7AF64B93B4E90DE
5575	4205942	1E4129DA507C20E9192A1EF98D18336C23D2D356C06EEBE9B15C322B807C0EFE
5576	4205943	8D3B0F08C0C11E990D8C60CA2568268D2E4E19C9F86D7C0AB2CB02A273410516
5577	4205984	CB902E49CAD43A873D6E39A8CC5BCC25FF9CADE02B794D5AA8AE818577B9193B
5578	4205985	C6205FE6EA0B21C23AC0D3511DE91170D51C982BC39BBAEE3C6EFEFF9BC29BEE
5579	4205986	1C78D1AC28FF3D45A87FC431A1432D6B44501097C937802EB9D4307A53FEBB9B
5580	4206151	3C8572253B2FEFA93509E21E5314B772EF4F21CC224DF61A78FF5DE2329A7693
5581	4206209	87FCD8D26941F6CEA7F5D972987A14C7B288C2CDF35C8E558F5B93B7BCBAE9E6
5582	4206211	DD8A4AC6673CE4314CBDDBFD4ADBDB7544698D950D10BD991AFA29CB27916571
5583	4206221	F6778305A25A07EB90E9A3C8EADFEC6EEAEE6DBE6D3EB2625079668A80915AC7
5584	4206287	8D79DAA2A2540196BE8C77A0A32F9AC6885E30AB41A31C97C7D818BFFEE9502A
5585	4206315	AA4A42B921BC2095EB3D83BFA554D8F5EA2AAD7BEE047650672CAD4EAC5CB343
5586	4206321	C7EA745A9D47F777A072EEB3127B29573C6757B33186926D904B7AA387D2F56D
5587	4206524	3603E78B6C052F7289599576D31EAD0B5AE3B839D0BFF65D5D06F656A49A2004
5588	4206526	C586F63145605D9E36C329300CED6A18C7C80A1C7F7D650867C7E9FFCC6C2F9D
5589	4206690	EA483EC93C6F71A66ABC5CAF592C7C830C84EB36A63CAA7041C9BFECB447E0EB
5590	4206691	5B2D0CFC1C2C320DA9BCB904DA8C82ABB2B9C31CD161DE30D7D1C36F199EF066
5591	4206833	45CDA9F6A51E65006DD52068A3664BC93BC5ED44FB3A4220E844EB034BF01B92
5592	4206855	A574428C8E96A4207CF0C607709692AE4CAB0E4A8DF7A5D6AC9344CF586592B7
5593	4206863	C4FDA77D87B891FE8B4C6267F922DBBF46DDBD7A8E00063E873EB031F8DF2E6C
5594	4206939	B9E578DDAB0D29C2E33C612F683E948C2BE97C175F06DD31F113F200DFAD8059
5595	4207064	59074D4A1618FE561E388D376913B902E3161267D2D83C973359874D7E873D83
5596	4207249	9F081E556CE7C5A1079DB72237FEEFE2A5D9A0C9E30DDD1F973E7A8EFFF2466F
5597	4207290	4D1F506D36F478D5B89D5B7FEFD6880CF8AA90B8CE78C120E6E64C2BEDD6C6C4
5598	4207395	43AE391A358A64F2D3B3BBC4F5B5EFF5BC61595C57687C8D78B146FF2B944BFE
5599	4207403	788A249CD7941D7733C105783822986DCE7B820AE133EA7B3E110970E7C149B7
5600	4207434	50B5E9623F3D6E1CFD6AB40976378D61C8ECF8848A1EBC2D5A304E0AED5C16D1
5601	4207479	ACEEF85F754E1806C5055E96B595BA0E3990A03A249689BF8691BA28221BB9D2
5602	4208477	815F6852A5FEA0E94143757792F02740599AF4BC308E74630750BA391B0C1A5E
5603	4209928	9E616A85C4BE91EE2AF94972B98F054CF2A05F753425E42C38673787505B1D31
5604	4209929	7C16EDABF6A09363FA801F253B7E6C1C048CC970B517C2EC74550AC83C1D42BE
5605	4209940	D461210F4A34AEDD4A091EC0586E1B652FA3AE1D58763780FCE02E55C12BE339
5606	4210003	DE3904BA6AE367216F7E4949D55C9E93C2DD3B005D66A747CDC948EC2B5CE16B
5607	4210132	E9558ADC345675A074E772010DEB5C4291CEE4336A289BE022A725A5D548441F
5608	4210142	522189E6C41469BB92AD41EF48F7CFF77F9CC1B4EF8C01AFA0E9FF256225372B
5609	4210143	F4D1B0C0763155FB57684A7B8181B2148BE38F9138D293AC7B2EA462080246E4
5610	4210144	B16A204650D3D0C3CFF794599345DD441D157200FC40B7AA88712689AA22256B
5611	4210145	305557B97474396BB50D85C1EE3B00F90CB2C6F568D526F8E223DD39EF7D9B3D
5612	4210178	F04924DB4F568330CEDF9626097DC706B0420D3D6C7A052670000D2E853C6679
5613	4210179	FE53DADECE7B8C0F048F107FA8EAC067B93DC773025DD63EE9737099C50E8E62
5614	4210225	BFA733536AA72591798B6FF203749CAC2325CAFE0370ED648EF293BF4EC297F5
5615	4210226	1A0DD061C2CF144B86C2A077881E71512C269599F0F523925A80F3D3E0E1F0D0
5616	4210260	BFDE4FFA10F86693571151F0167588F2119BA635BCD549E8A1642AE14AD178BD
5617	4210263	EB69D84345B0919D90F91B98D70EA09475DA01D3582AE78E863A1FA5DF4F489C
5618	4210307	AA409956FC4117220474D5FDA20F47A67C7F779499C8810700AD16ADFD98EC2A
5619	4210571	7B3F4EAEE67ADBA035AA4B8BA8F0014E8BD8F34014C30186F0A7A082DFA1763C
5620	4210643	03C9B7B9ECB8D45C30A77077FBE9E5231103C53840992FC4D3BFB44A383E4A66
5621	4210683	0F355F0BCBA7312CB284B21E02453E6AC25A77E7BF3E671135F540B024663D57
5622	4210847	86C5F2F6C6193D1E24F88CF57710AABD84AC805C9FE791577C1BD1439BD5641D
5623	4211081	CC2985FA62D38E7730271F5D55BD5517E5C185D1F27C1404EC45F0F3410FEA99
5624	4211165	014938BE6E704EC30A3DC597DED66CCF7F1AB239F5CEE7CD95DECB22AEB533B6
5625	4211175	0F0CB94829F8997648988F47D12BE9450F60FA141EDE867E814104E7139F8F1C
5626	4211548	345FED9B2E064E00BEA986AA54A60F23E2B0272D199224AB1BDC0F0D615C31D7
5627	4211549	3BCF2FA538B9D8A3DA49930090956DBEBC2B1097DCC3DA720DBC1BCA6A362F95
5628	4211610	889BEC9564C1D6E6918FFE92C03E9F911500E35E06810C97B2BC54F0319B0BE3
5629	4211611	5FF249768E7BA49F8D7A5E8383AD7A79E40754F445816FA381D93312C2CE2961
5630	4211625	227B2030DB65596DDB74146350E773F1D0EF2DA06CA9AD590184815B72ED83BC
5631	4211673	362B3616F6733BE831A21DC765AC9DC276B3ADB691C93552F37C84F38253B269
5632	4211810	AB856B634D258FA092A3F7E899F1F806DEC9E712D11EC23ED7F50258397F4813
5633	4211811	BC8D059F8A35AE911E817A956B118A68101FDA0904D87ADBA6F25E7BB51E3019
5634	4211844	F508DDE5A3B724127DAF5C2443CE534146071D72A9BF04B88082DC6D6D2854D5
5635	4211980	34192FC810748D17F42907AC6F8BA324943B63424CFDCF04DDD17AC99C9FBB83
5636	4211981	EB1DFD03F986F9F2BD128EFC993D00DE35AB6A5957B08C8AD89D0D2146C623AB
5637	4211982	0BDD352F45AA9A9A4337EB986B5D2BCFBC53A202AFB2BB04D7BB3383F050561D
5638	4211984	FE2B4C0826EBB5993AD1875A2F0E892BA587ED52E4919354969DD600ED6CF50E
5639	4211986	B340950A2A30EE11BC2AB7690C418FA56309DAFE6F266F71FB76525D769E52DF
5640	4211987	27F0EB1228D46085E7A66C1CE6DB573A5BA476A069C8EB4630E0BAE0F9E52FF9
5641	4211988	D9C516EC932E4EAE13AD0342B4AC713B00160E19B3D5F92B6A3698B05B228B5B
5642	4211990	F51F6B41DC0ACD97EC3E9326F72952895B50F264A303D13318A5A1D2AE8D397A
5643	4211992	6F2E1CA04441072E863A2EF0F6EC2F242A31935FA037B9CB3F6704681ADD3378
5644	4211998	B3D3E619E7A9BA0F91BEF2D60CE4A921BEBB281BE7F577A929A67F9A8F5FA6E6
5645	4211999	D656CB7FB7433B8B0EF3CFFE45FA9BA3522D4F8488AC9561C23BC0F407EAFFA3
5646	4212018	DAE9B85D3609F6317CD8B45E18EA8B007FFE4CCF3150084A11F62E478274F567
5647	4212021	26A1E93CA3C74B0AA2F691862E3B7CF6EE8E4CB4F47A76EA36151FF74B7D7F95
5648	4212022	A9A8DC020D767D04B5A007E8DAA74D8E45F620D1F3BF603C01332CEDEFF13CF7
5649	4212023	0718148404AE74343E1E8E40577D3CE004C25CA46BCE93ADDC3C0AB638B2C8BA
5650	4212025	6218EB00160E0CA1244B687890056E28A63DCD88355D4EF6AFDC3D6F3411198A
5651	4212026	BDEF4A5734B7CA6A1A7517E77148D9E9D83F8AD31930C152967FF47274C870A0
5652	4212027	0AAD54D2D21BCF543F5CA87ED7971C9F3BC962287E8BAECF5CCCB83A28F0CE8E
5653	4212028	E478C02DCB8EE14E8D0EC2604CCC0C60ACB129C0EC73820A88193DF7F2FD970A
5654	4212030	9D2D2E9976A3470BAF985F7A10326AC4838B7BCF53B62D64C71E073C426FBD81
5655	4212031	3DF4CCCEAEB2B9BE5CAD55FDA05CCAC0EF3F7A86ACEFC7CAB9BAA2589850FB12
5656	4212032	03073C07F534CEE6978B3CB0031E446B9489CBA66D3EB11BD13AEEBC1C3A3B74
5657	4212033	0AEF228F6F74F876366DEBF44C167ABB26333162FDFE26E17F186811B89123EA
5658	4212034	14217129D4606119EE6A0CBE99FD1922BD1239F3EEFBA175606753E21574C4E8
5659	4212036	3F8BD4A691F9B10B5C1E312EDB74829E21839EFB2604D739D81E68F4074A9F16
5660	4212039	234BDB5DBA4CFFD621CF976FD2B1725E5FB58699664D04DCD3C6F91688571640
5661	4212040	738817B9CD770210A64BD6EA5F227C2FE330F5157919B8BD74B27FCA72721D68
5662	4212041	71F89AFD40F24E146D31E0E293FF2F45B65E10A2D9D48E80E4471C6CD3647A5C
5663	4212042	907AC3F64ABB23BFEBDEBFA5945FF934D39388CD802DCEF503F6DC303444858B
5664	4212043	4ED964CB97ED66EFDB43E7DEB60656053098D507B90747B52C22BF05BECBFD8E
5665	4212056	11DF3A60EFF7332FBF3901BF05575FA8628E8BA5B53A9DA08259430BA32C4C70
5666	4212058	2B561F813C2D256476F1160F2FAF8CEECC99A921315ACED6A81081C94DE72DF6
5667	4212059	3B5B9B8E5C2AC944626F79165448A0164445EC612B7EA1C833A0B959433326B4
5668	4212072	5E8F01F363465603E0B1E0F4FD467BB3417E4C5F129281116CC6FB463EDBC918
5669	4212074	C8018E96AAA084F1DC6B4470B89B928FFC385460C388816CE8F1B842375811D2
5670	4212075	04A06FF32BB70CB762CDBA66768C61FF7703555DB674EB11EA4990FC18027F97
5671	4212263	B174F03A6925F29966951E1DA448824F67C88423E7CC751B3E974D475217584C
5672	4212526	854A13CC1B1DB6A2C0956304BBFD7BC35432DBCE98041D613BBB097360443529
5673	4212556	6572B7AC81550DE1EB42638CF8D5D676FEE0B15DE194F2A188479C01CCD7569C
5674	4212561	01796DB543D05DAABE992F8A43EE23D8F6A446C39C3B5E2A3041792920698013
5675	4212562	D5B68FC2E6436ACD7FD0A76D6A747EBB217487A0872522012B0EB25B44ADA403
5676	4212563	76048B99F83FAD986B7E00C2D54BFA5D2B50DB553CF17AFDC2E59226FEDC9796
5677	4212572	FC2C5F1ADD790067B04774B42F2BD58C781E57EF02AC823CCD318247C25BB9F6
5678	4212576	312541627D694B7881C39E7C7AC428C0A1B6FDE7F5D2D5D28324532810A4C698
5679	4212577	939A90BCC98EDDC53B2B63355C61F7C1D2BDF754A7FFDC92BA058F12261CE316
5680	4213069	254BFA293B473BC3C970685B6FDF54637B247F8374F4756F2E05558C7D468B20
5681	4213079	B35776FB4343DAF35829C85ACDA9432651EB960896D6D136C87F0697F1E417A2
5682	4213108	4BA32C6AB437131F2ADAA36ACC8F98D885F07A50B0843E446B5612E195727F0E
5683	4213112	94A1E9EE98C9C31F0EBE91BF841344C20D3A9588B6B884764A439AFE32DFDE4C
5684	4213113	980379DC2E3E867F9B254B89A9ACBF8CB8C7A332F92CDD3BF587B54CEDC063B0
5685	4213116	0C89A1C77CB5C43CEFE6CAB3846F79BB4C826B3AB034D79B166DEC71F80550CA
5686	4213117	1FCE9498CFB73B24BFF52AFE26EEA5F12D55C25B1E669FCC9A050483628C9DBF
5687	4213121	9C2346DDE579DDCFEC02D806D2DF7FA72FDA007995D53E8F36CE4EB8F4C4388F
5688	4213136	5E3F3919FF25A4A08BDEA2327EC86907A1E38C2F5D456EE3B2550C699DE351F0
5689	4213412	E4A8DF4A5CFBB7EF535803D9530C36CFDEDBAE640BF702E45EF455ADAFDAD249
5690	4213413	FA5E9056B89151553967B7F034BFEC1FB743F28CF7B63886AC39DFB65AF1A217
5691	4213604	B1FEFDCA6374C2E53C9064445F759B36EDB9826DB83AA4282ACBB4C0588BB136
5692	4213607	30FC90C72A97F3F3FBE73BE58D20E8B3A6F601317E71C1CB7ECB6181BEA51E4C
5693	4213610	55F17AECB31C8902B031E16C489F6D8FB456501EA4D9A6EF948CD4964F791D82
5694	4213613	AEC5BC42EBB6010C37AA6A1825ACF4673F62FF34FD144C5E432CB3440F452C62
5695	4213619	B50E4D4B38D725B536161E14BA80DC40085EBD0B06663A997DEDAA9BDC14DAA1
5696	4213636	04F15F1663096F2C21186DC1A9643DAA05512C5AFA90B5C0E1B0502065E3CCCD
5697	4213641	D45BC2F3757F8DD3CC4FE2DF7F44CF368814D4F6A14ECA671F6F377F3984D419
5698	4213642	A2FC84D039CA8CCD9B22149CB837CE577014C9415F7012B730985B07A092BD9A
5699	4213643	64A53B37953E5608A1B7BDEE749E8AD16B2D09AD7D0AC7E0FE41406D99D9CECA
5700	4213646	C312C95E404FF6D1351ECAAA7F1AC4F9A000DDC00522F0931B06FE5B9144FAB3
5701	4213652	DB1515787024C982616BB61F80F7CCCE2308517865012170EA3A5690C2A96FEA
5702	4213653	92D7DF0A5BFE042CDBC75641D83A83356EAA6EFD0A33D0BCB8170D3193814EC9
5703	4213654	681D241DE25FF051A4EE31010327D309351E67675DA234FCBB217119062A4A22
5704	4213656	9A8FC9180EDAE5800262310DBEDB983E2E5F4AE81BE19C77918846ACA802B59C
5705	4213663	79E3355C377FFD226BCAAC93E043AE5DDF0F620CF3A8707A2B0BD6E6E37F2B7B
5706	4213679	690345C696CA330DF10BF17D0592C5C46CA508B027A1F229F3EB7C27A2402AA4
5707	4213692	69D728683E45AC052DF27902D16E165AAA99E3763CD385E02C8429D4D74DA9D4
5708	4213695	242F624D59D2744CBAF648A14E8885FBAD443EDA8D9B30B47D9D79E11F748FBB
5709	4213849	3A5799468608B8A166E0B82E5FE2F38186518E17D258C460C080265F6D27FEF4
5710	4214182	97FF923C82BE09CF9CBFA281DD9AEFAB1491F132AA07B960A1F60C6032A17A36
5711	4214224	DB0BF92AAC42E79EE5104F9F0F6FEE7974AF0996FE551362E506E20695F9752D
5712	4214225	B34817B19EA8B2F94B28F8C0F2F4E41C15D211A3A27147D785BC6652FE96CAA5
5713	4214226	DC1FFEEEB186C3931D39CA600579CAED858F0B4E06CF758E43B466CA5D6562A7
5714	4214227	3FF0AD53EFF1FFD2E0DC97B771C31E54C093EC8FAD387A7DFBB9BE9F1B86B9F9
5715	4214231	A095F8D597D2D85AC4DC71468F0CAB6519B61DD89B267EBB0D76559BB697253D
5716	4214232	F9042E40BD9A578370BAF7024ABE7A664108C66A001CBAA26FDB7ED970313D8F
5717	4214241	0E9222850F7FE24BFB09AA9FFC87832CCAC5613EFB387357F5718FE1E9273EC0
5718	4214243	7FAA76751B5527795A3CD128FE426CAA64B02E5A29D3BA18EF7E5E350A55FCF6
5719	4214244	E671C5785F87D9D51D3FD68195762592150099ECD753443A67C108CAA339A003
5720	4214274	EC8B6C55AA1C5E0022C187A0ADB8F4F42CB8CD8C8E53E99D2DF15D3B14B3303C
5721	4214275	B6B5D698398CC70352E038431ED7ACBFFC25085349F182BD3697CB93D4860B7A
5722	4214278	5A35C6B866100F3762B19E7437AE606CB949F0A3879623D7B9B7549DAAD0D395
5723	4214280	0D1583863A6D1FBDD88E7E073F6B47A70D1FC036C08F48ED0CCFCBE18741923A
5724	4214288	F8F7855A6E5836EA1A0608558A0FDFF4BA91CF468EEC9D63DB9E4C36183E2F53
5725	4214289	3F5214EC61BBC8A05D2E3FD6BF03A204F8751B19FFD99B11F26DE6A66B6BF9ED
5726	4214290	53FD835080A5DA374BD9E7A63DD8F3AB22CBDF5C9DC82B85FF9770739E6BEE30
5727	4214314	8C5D87D9ED0713BCAC2668F845209C8A8DEDF0443E7073180ABBF85E9200603E
5728	4214323	EA20A86A4AA96EB9D2F400F2E9B28B93BB074F1A213C8373FB2385D36BB5D22B
5729	4214325	DDC3F4DB74C5CCEE12A66E3F2FBAF0961103D00266904C884FDC2BEF8DD1D6C4
5730	4214329	5B0CDEE9559306D33373BF364BD042BE1C0BEB1E70203E549765D5A1E20A6244
5731	4214331	897B427DFF6C12A7FCEE0CBA9855B9E45F4BEE61EF2A6E2B3F8E3D510A140BA5
5732	4214352	31E72C1836C1CD6DE65FD700379C0517FE6D27EF4DE7C4A0E026D4CA7933E228
5733	4215001	D1466D922E00B2058741DC87BB19F83127D2FAB412DA461E1D24740700BCE3CC
5734	4215286	E1CDD851D269B7A3F4D612AE6E018986040188206C749C5416DF35BEABDF8AF8
5735	4216378	DC1BBD4B6F15C4D5B7423923AACF17B6ED367BF52C5537138D9544DB4EFC6E71
5736	4216660	0FABABDD7F238973ADD1F8AF7BF860C4351E7033543B0FB115D6C80AA61BF2E0
5737	4216661	03FF8F3FA75D4E5E6891AAC26A0BF043F90E749FDA2157EA740F2305BEE4FF45
5738	4216662	97F99F608005F2D863F0844CFCA86D4EBD527190EA41C6E8CC099E19045B919F
5739	4216666	9263009CEA2BB10588E78ABCE2B23BD968AC55356EC1A143419D74F129106013
5740	4216667	DEA48736D8A6ABA4464A491FD080A0E0D105ABE3047690CFCD63308BB39AB1F8
5741	4216668	A1F6B3E4EEF85872126161C436D0D5C4C86BEAE496D8B979817C0847FB4FE8BA
5742	4216670	613CBB5466A186FE684307B0DB0D8AFD49FB635E39090B0CD881DD86819CE222
5743	4216672	7A9971903C1513CB8FD361A9DDA39B73803F39B81C8DBBB0439F9610E37F6CAF
5744	4216673	AEA6EC6B7BCA4ADECC642C3D0F76D7C2617A348CE4525D2A7A6227890AFFD861
5745	4216678	12D3BD86E413D8E673E613D457A001537DAA95718C866C325C02F34DD47CC8D2
5746	4216679	CC887500546C9A191C0893A22DA622BED6EF606F2C86BB140D899551ACCE6056
5747	4216697	2CCFF20F0AFD4543FFB2EF277314AB8319FABBEF11D52D49F9E282936DC4F311
5748	4216698	D53BF4757668B09F8F01307AECD61EF927B44E8F8214492EECA7F04BE3A07E93
5749	4216701	BF567051BBD6D5B195970258FC85503C7EBC858FD3BB30D9F0AC27B97716B545
5750	4216705	B41086364A07CA8443D251A5E956E7E1CA9DCD07A1E3F4EAFFCD42B13D4CDA7D
5751	4216706	454899317375B4FF1BA9F5597500D876B1A7A4FC0B00D09B3647861CBA999891
5752	4216707	6992CE8330ACEE05A83C589FEDA9092F551FB5CD4A21EE76E01DD0B4E17D3DB2
5753	4216708	9CF5913EB6C6D9B337D1EEFCACD19F9B031E4287BDDAF933DEA196C2CA03ED46
5754	4216710	DCF47A4AD54EE0A8AE58B55F558D58CC73174AB12E15E83FEE0E3A8DB895689E
5755	4216712	97D10C67940A2F04C5B484BD77A46E591AC3ED856C92877A4489EE85FBB5F25B
5756	4216713	6014FFE6631BCD633E810CC7741E40E45E34DF2B4996251C303C9922E0366C20
5757	4216715	680205FE727E43A8C575C3C75413B0981E7EFE6D240B79C7E82819205B31B2EA
5758	4216716	90CBBDD0CED8479C76FD7F72A29B9C90149E6B87399BD5B8AC226BE4A7739A4F
5759	4216717	1A8114BD88DE9B05882317A44996C6DFD47950DBBAEB4CC02C288677FA4FB549
5760	4216718	31F5B7739F225283FDEDEE47E1C9CFC5417DF518906788C6F762B29D47BD35CF
5761	4216720	EAE688180C19A1F8F2FB62BA4B4E8EFC74E2D41A1A14C133545BC839983CB84C
5762	4216721	2422E84F276A8F0ED08ACE4C56F1EC0AF71C729620E3C658FAF4A12276257CB5
5763	4216722	6B637C9335F8D8A105265F4AB6A416A4E0D7BEC707AB41054DFDF93DCEB99AAE
5764	4216723	7FD0A66118C82FBC26C694C2F13CC37F41E0020D709F3C4608731E9DFD4646AB
5765	4216736	5AAD94C0F9B871A85D91EF6D8798F288DC8B3764DB05ECFC498C84FFAF63730C
5766	4216738	02372ACA40DB3405528D8DC5873082F7895756CF8B4404DFB690931BAD62F31B
5767	4216752	C40D42202725502260E3F9CA7ADAD1B3D9FA7E257FBEFD0CD2A9B51CC1893CBD
5768	4216753	B2213A684E4DA9CFF952C4FACAFB96F1620B8DF929B6957B1CD89AAF909E89ED
5769	4216755	CDF10020F65ECAF1AF4405B5AD01ABB18502D8A57CF1899CCA93D564963C57D5
5770	4217047	84A25FC38FAF4542639BAF8162EBA06C6B169592739232009B062A4A5FCFE034
5771	4217202	BD0701CCB3608240C7856D3BCE79BECB5AB801EE7E766A2A67AB10F0DC769C38
5772	4217212	0A1CB0148FA237BE3A383E875E81975460EA0A44302498829F910076330B93C0
5773	4217218	1E6CF55E54BC081E3AFD0FE8A327196D1A62D613B6D7ACA26E34072752FDB150
5774	4217247	17182A46E9ADC028C2ED6A347A95CBEA0AE6940312E4FF1CBCD25B23D4D60A4F
5775	4217276	52E135DC00A3F82282A1A7E6EDAA41E7A07E2C08B2E6103BA78D7813A9FAE0D9
5776	4217745	5759E64772D636425F891B672DFBF6897EB514A33B76CBDDB499443805DABDC3
5777	4217746	71FCD94D9C0C4028ED8F79A7A3A7F21FA5CDFD14F7B6658F25C3971A1E0D6869
5778	4217752	0E569B7AEC55C2408108EB561260C2618DE6029DD65C0835E0CB3E8DEA3C2ABF
5779	4217753	98432B166BC03787A47C66FDA0581A06BE42E188C0DE2FD59E3B76E03722B5EA
5780	4217758	4DCB0BF82F9AEE150A8D8F3545ADF2F1B2E42E4882D74145CF9B13198C7A66F7
5781	4217787	2F2FF6F9498BF3C4AD155B38922BA1049F0841A705C2E4E5CA0DE93C502BDC73
5782	4217792	DC9DAC8B0ADA89A7B819A3A94D6FDC050907B4F94514C57CFD5783998F298FB8
5783	4217797	D44C07E34E3A67426F50AAD9FD01E870DC5C481B97E1FCA25B7DA567706C558B
5784	4217800	46B1027B9C387C702E0BB88942A27F6BA7F206071A604577701B6A6179834098
5785	4218128	A3AC0C45340810EB6832FB30FC47ADB1C2C64DB95C21849D82D331A26BB10CBB
5786	4218282	CCA323DA4819EFADE20C2FC2D3E9980F93888205112FBF84DC82288E2FA02D74
5787	4218285	58F6CF3BE1C4B35EC5113377FE88EDAD285104973147163C9556C0213FCEB5EA
5788	4218287	EDAABF01E019779520D3E18A4D8A76D26DF784C242190CFFF1B16A93C7D39BEB
5789	4218288	A813A922813EDAFFFE1D325ADC861F2F540892BC408EC80846973E7A9C830F68
5790	4218292	F008781B9E4510B127877FA24A1F4D5F217E76543DE405284E4793363DCD09C6
5791	4218293	611EDA4F300446A2347453AC29D467258D16EF1FBA26B0246A96894246BCEA37
5792	4218318	AC283EBE8DF333916584071E9B01E7A7B736F330695B81A811B07D2EC6D9706F
5793	4218322	B9F30F02E929E7AEC4C89BF254980A838B68C3C2B98FBF9796C5CA9295160448
5794	4218326	CC17F110E7D2CA7421D823B037F9ED4CBFA032C8A7B16F65299A9E01632171BE
5795	4218336	C01A3BDBAA2AE1FCBCAA54BA7E5233409D0B140C8FA2EA6109516831EC8F8545
5796	4218337	6DD96D663DBD37C759A45C9200FB9FC0FAA381DCBD8DC9FA2DA6DE2383A13DC4
5797	4218342	6865F8313773927A6BA9E09982455B5A0327E9DDD364E796CC0C82999A40F940
5798	4218533	853294945DA778160CA408B686BED462A6ADF0FCCE15EFC583DCE1845EA4535D
5799	4218585	91CD43A83B0C012D76C63D9F6C4AD0A883FEEFB04E7ED39F7E93EDCD822E1C8D
5800	4218629	C1E65669E55670A6953C511972814B3F2D2C5BBF5E4EC1ADE0DBECD442107018
5801	4218928	DACC43726482730018D52959A8FF3D8403129B16D97822BD9CB7E89E6DA120A8
5802	4218929	66EDBCA4DEDE620D706EAC31304F62B6CFD2B55EBB39B8A7771A45B6400E7082
5803	4218930	D2810B3F28E7950C35373ED011E214B02BABBD5C3E4C87CE483AE0EE3A11439B
5804	4218940	25745DC9C5CFB6DBB492B7547F6A33979380DC778A122801B6E5CBD87A26B3C8
5805	4218991	F07D8C0A241FAE1A76E2C17DAA34418EC5B3B8EDD0204072C31D20F5EA5DFAF6
5806	4218992	EE90A360E92A378B87CAA2D2A63AAB9EFC09B6332F45E28CED07D3DF9CA9A329
5807	4219002	4F7FF4DADBC9CDE1DE32526668BFC72BD3D730BD6A40C907F90E0305AB7707BF
5808	4219025	04E1D52DDBDDC0C0BC6FE5B2F0AF07841C56120CA48917708C2EE75D42433F84
5809	4219073	BC321B7496D29F8B4FDB0F0DE277DE9DE2D8A4BD4B7E77D6AC5C8865EEF18CC7
5810	4219101	A7D23EC895CAFC42F8A7F07F4DCDEECE96AA3E84BDA515EE91955360A3F329A5
5811	4219133	032697453556D96ACBE2A2A715A9FA5BD6738C8A6485ABC6D2E6A9498967F6CC
5812	4219134	BDE6585747534F86819B18D42AEEE210439CC5D266300F2AED8DFB04C47476D2
5813	4219142	67F85481A700A63858DFF5BADD38BFB13BD9F251DDBF5B869C4093DD9F8E0495
5814	4219143	89170EDBEF0BB8F7A87180104F5F2A322EEBCA9D740B27606919EC4CE92DDFA5
5815	4219172	EA07B65A89B06C9F9009AF7198163750DC6547FF575F883C2E6C61FAF8956670
5816	4219225	14E1B6ED3FCF65B484C76898E7AFB8A2DD9F6FFB2024D672251A7353969889C8
5817	4219227	44485B55028C7CF574DC43344EF7303760554A7F7704D3226BD3B499FCE89590
5818	4219261	B11059A7F14042905F0E2C1BB41BD2913A17F75DCC55E6755FED19A41EAE7C37
5819	4219263	1001DF8A5EFB218554CA932B3ABEEC45F5DD920077695C0325FE10955A7BAAF3
5820	4219306	1C78C15C86183FBBD4BAD8B343D340AD49A10C3593DEDD9A9AFEA64980F1C22F
5821	4219307	5FF07E28B107ECB6F67B6EFEE1D2145D6BA68AA5841DBD6E2DA62CC015714FB1
5822	4219483	2D65CE938E4C6712B37EB15E168E91340D74153127FC0EBAA0166FA8EBB1A172
5823	4219532	6F60F16A47356C726130BF503D9BE8549EE8DDA9205E5ACB43F049328AA032E8
5824	4219571	D4C45D00E8064B17D350B07844582E3DEC66FF05D23A786E6B3AB3953D9C1B88
5825	4219605	BDDAD612710FAC82E82919A4C976772427B6F11259F1C9D61F336D32DBC7CF8B
5826	4219625	D460DEF58AA319CE039FD5F190A3F2071FCFB100551EE116C7A52FC9EDF1F768
5827	4219673	57E44AEE331C26C26FE1B05BB53D8926AA2C7CB7B57A4D25205A0DDF5E11588F
5828	4219683	6F0287289339A6D4D7774D2142A4CB982C0BB6D7BB612757E5E9E0DCD0698E6E
5829	4219712	203FC02B6ED377C96C215889D0A4CE6A1AC5AFB59A34333872EDF886220690DA
5830	4219803	929120CB8F51E4754C7D9A8804D9D2D2A649D7C615A174199C166F7920591CC9
5831	4220010	EF757CDEA8DE3DE368BB8083087E0F58D6300090629027BA0E381CB16645F168
5832	4220023	8B858DA994B2CECAEC7D20C6AC93871C5B1503552E391D3F361F13A44B57D313
5833	4220071	EAE9C134A98CA6FC184FEB404DB7ED66D2D76AC7A791FCBE970D9C3D9BB0664D
5834	4220082	75CF2FE280E40405F5A17EFF2B8F73B1DA641EE46FE6AB1FB6F5D767ED96C011
5835	4220111	CF5CEDF3AB1311403C96DA475CBF60B9C2E26C82224811DE3C163E97A72BFCC6
5836	4220153	E3F686277A8B186CB6DCF07FA283B046011692AE318A71B0CA308866280A3939
5837	4220165	6F4791D8A19DD080AD509879214D5C7126556C0B689F571BAD2059FC0C7E5361
5838	4220167	6B59749E93AFAB4DAA9596DC9FD918F26D193C0840924FCD583BF673DC840E76
5839	4220175	32C3C84B34706244287BE45647FA3EFE6AAA9D4C79A80AAA94414687E474B466
5840	4220183	7FAF144F934FF5267499F6DFD1C0785D27C5F6450CBF68E8ED04991F9AFF32ED
5841	4220264	3CD0B4D954981A37C47588D1B28FD32DE62C3D5C556C819E9F87A9A4D5486A42
5842	4220549	E2D6E92059300817395FF897F9F2A78C07B86E3E2B3082F247EBB90B8FBB056B
5843	4220611	5AACCFF4C78DA72FEF1620A9A9A1637466A2458F4C0D5842DDF6069D0C9D4885
5844	4220612	F0262BEBD8B6869DD4D449148380D9A4AE86B81A27E53B0FF21755251E97AFE1
5845	4220693	13849F4450A199B95639B381E191839C86E628C725AE975F2F731F910D1F5941
5846	4220723	A768E6D9E8C95ABD439C9FD1717EBDFB43035ED49D1A46EF2E2D3983020530A4
5847	4220753	7871D0C4F761AA732DCAD450847433A14BABAE93E708CD84E3E413B47809EAFD
5848	4220765	F5B7B8E2774F97AF797398B1CFBBBA933FA77E75DD2F3DCB924CD6C88D84BF1B
5849	4221007	5240DDCDFE349B70B972025624E1C01C656AE6CDD5FA692D8EFABC1F68B88E5A
5850	4221012	B0286F2CC4A637E53656F52FB52B047490B3AD93A7E527FB875FBF4AFA4CF08E
5851	4221013	15601768A4886E7DEEF34EDC4E8F48845F18B414ECAF3056FE81A4B9C444B2C1
5852	4221022	366A2627C4C04FEF035738C3ABE1C45D27D13CCCD01754B0A6E1210FEA1C5A9D
5853	4221023	414AA765A40903F527A33D7D7A8BA2866CEF7CA79B7EA9134032B81A251DE69A
5854	4221051	E78BB7363894303DE271D0E8E4396EF70C53D309C53F7DCAD275C1A36AB7BF86
5855	4221067	ED3E6C78B865A338E1C6F9419BBCE5142C330197E959E42A60124E8955A6F5E2
5856	4221081	A9F7B38A396E30ACBB0EA4120A89732F667BE4ADCA2F016CB3789FAB7DB7B2D5
5857	4221112	D1D098A07A964B65664487D5C161D9263AA5B01439912CF842A98FE4F7A78E32
5858	4221113	4F5E22A6E2A50843F4DDCB51CD669AF9E472AC9B6CCBFC6CAF45D73F02985155
5859	4221115	AA482C64F3DD4CADCACCB1489A52AA56C9A10DA81F69E391F93F04CA4A61F5C9
5860	4221118	0D09A578B157F1BC830C85CB9D8E2A4A226D58622193B1DED34A36FB3CDD3CD3
5861	4221163	26B8261A3B19BD7F57CCE885A56BBFFC342258DE7EEE3332B8D513270225370B
5862	4221165	B4AB2669E320B7C5338A1E25AD3D8F617C8365E6CC5D678A4E339FE426D7FB3B
5863	4221190	CED07747B621684AF444F390DF3BA3343134A7E57D662BBD241FD36AC4B92124
5864	4221192	B839886D4920D3557059ABA7D0BC64AA477B90C361CE8492577D0C50CCE31B8C
5865	4221341	59552F82C908C8491230CC17649DA23D81034116B09F0DC5B2559FD5EB636BB4
5866	4221344	76A24E76FFA4BD25ADFF787C91239A83B3E6116F9D4EC52C0C14B22D81FF4ED6
5867	4221347	5FCED89B71DFEF5FBEB5E77D53E33CD60D989F3AEC92AF899E5FCAE1776BE0A1
5868	4221348	7818DB929BF4BDDB6C8DC93CD2A7C23A7F3C343291FF5B00A818A55BE43C510D
5869	4221349	448F5F709014C31E7D8FE715CE528895B770CF5086EF4E519B1C48B30388A9E9
5870	4221350	9801E4EB12DBB70F027C587A350F26A3BB857402BCB8590F06AEAD9EFC0CD001
5871	4221353	A9F2561FACE7345528EBDB058C8D5E0082D10DE822A90230B9B74B049B9053B3
5872	4221358	8D7848E000BFE2058874E64FA77FC93F98740364666BE3B42FFC79A8461E074C
5873	4221364	1CE1FDAF2367570C1FF84E4F74BDCA5A00A3BD9A31E87C6961F27C7465599F62
5874	4221365	29E0F4F50F362142AB14886847FAF3549E5132B5974B670B3BADE3D7E1DF0055
5875	4221376	17C7DB7A118F468922F028707DEA20A72AFE11E46636F740403E780AF15EC696
5876	4221378	970AAFB3ADA0C3E4C2BE9761158C55E37488DA94675B430D894AA39CBB478609
5877	4221379	6319A4F2AE87FBA0D23C0DE936A3942785AFACC44E756BA8D0105DC4F1A6485E
5878	4221380	EEE1F77CF1CA99E4F0605C43E0132DCFA374113FC08F71346F83A0BB62DC0D19
5879	4221381	7549712864BD779A1372821E217FE6C126579E4A09961448D3A038744CBBF2B8
5880	4221383	E16B95AF2FDC4D40098AB58DA5ECD38EF593572ECC22F1C75F6E4FB00EE17C70
5881	4221384	A9AF43AA25034F3E92324656FCA2D52E9AA6EB1B399376EC2A4C7ED02A3BA804
5882	4221386	35C889E8BF2CBB6CA0C1B84EC72E88DECAC2D5E8CCCBFD291C3AF4130A446EF1
5883	4221387	BA1878CEF7AC4040AE642C89CDA29A9C0925A9382DB3FB76370349D129AE619C
5884	4221388	16B2DD3A7961630D46DB1830A65A5580D73A8CE05BFC0D609C2A86E2051EFEFA
5885	4221390	0E99F197DDFACADFB404F2CF26BBC2B9EA896A6D89B8DEEBD141CF5C48DA742A
5886	4221391	0CB2B5629421C769D43BC09269087C0216707FFA269AB3B7C21E603169B07629
5887	4221393	00EECF8B0C1CCADB4EEF1461AC82C6AEDD74FD130ED1D9FA52C18978D8F27780
5888	4221394	685A95012DE370A0C61593259B91EF75D84B77B4ECB2574D03FB01BA12016652
5889	4221395	064F1D22AD6A0016EFC8F60AB60043F74CB0CD2553715D337A5EF60612A4E94A
5890	4221396	38871C417F39E94E7F3C2A88097807EABE14205EC4396640EBB4B57803B399A7
5891	4221397	F5669679291AF7BC48BD9D2206B3C341D57A093203DCC50763BA350085725070
5892	4221398	A1A786509DB376AD108816C4685024B20899F49A6A60D94ABACC16D9F80A3E70
5893	4221399	37DD0F1EBBD2345B5E5A3C5E096C79F858989FF049E0272BD9426F67CDEB05DE
5894	4221401	22A29F8478C3EA51631D18CE145C37C4ADC3C73DC1E45F547BF979321706CAC3
5895	4221402	E914EE4440146CB88F4648B7B2AF6401FFE9BC4630617D1DB1B767AAFE8A1243
5896	4221403	5F926E1F2934AC66BBB4F08427F839DB45A9477144109C0FFB2E77818E11B5BB
5897	4221417	EB5F98EFE4211922CCDA655344B707BFE1FF58BA81A2E5B74E88E0F023619034
5898	4221418	055A826DC519682CCC311BC367B72EEFB9664EB0924C2C666E544833568CD785
5899	4221432	3E8F928AD4BD99329ABD0D41892A00604F6831F2DF99851F90C29BFD713C7B9C
5900	4221433	0DC04E10849823F3C721B395FD84D609CA2AD7936E71D4646B96873C0EBD6D32
5901	4221434	5BCD8CE6C094ACCB580D3919F799900AF5FE690C7B1193A66C05F6AF6CB375CB
5902	4221435	56DCF390AC251820D35172CE30D72E0F3A19EDADD508C89E8C2AEF353334BE40
5903	4221718	47E41A14E26DD38D9DBB5FFB65450B41BB814C9E98D8EC58A8E1EE247DABB1C5
5904	4221883	2C586801FE03D5A7E4B1371E7F683827FF904B3B785CF8849D40AF5E3F1B8FCD
5905	4221905	EE79CAB780C6D37C24501AEFF2684811A933E86CCAF5402AF2A7FB7292740143
5906	4221916	F0129C046A564CE1D5A1493D30A906E560C843FE718C056521E15F21987BD2C4
5907	4221930	7F07A0F7E29BFFB831938A17F96B0AE0E3874FF26E14CE421C79DF872E4D1E7E
5908	4221931	4E60BDDF03F2BAD8EE2B34117F8CDD782736F9C6E442A3BDA3339B076670D464
5909	4221934	B80E269DF275EE7854618EFE1BFAAEA1C25ADEBBE67D9C78AAACAC7B9E354FAE
5910	4221941	5F0F228C8128018891CA3C9FE6089B7E5C19839C293B440DF51B7F2F9518DC8E
5911	4221942	749F47F068096D80EE15B2076B2DAC22277B7DD5A1CAC9E58D9C0CC20D20BF62
5912	4222423	C914B36069077D880AFE46F5BA6BF146C00CDF5F64418495D76623F42DCF500A
5913	4222428	BCE714CCF43C50A3672AFACA709BEB67C1A9DD628A990D9F710AD234CCE45921
5914	4222429	04C8D4499FF85A5209B42F6E605DFBB3C242A9A5DB827BCB0746EBC58961038A
5915	4222438	CF0FF8A832B77E59D395AF0B8971520F9CF89711BF6834C2B4D774AD743D2518
5916	4222439	D66484EA92F6FDD55E3F84C55201E0F8740D830560E2AD467C6C6BC8299869B7
5917	4222445	CB27D73F39901CA3D726885FAD5B1ECFE51A3EF0F244E4EC992A3605103E7995
5918	4222460	0ECB0928251E34C4E7B3D4B91E2783E2E136215D950FC59AFEB4C8506CD782AC
5919	4222461	6F804D187736B92A9A866384C98D85602DC230D84AA9F39B6120860D599D71CC
5920	4222474	505E4A6CDCBA2930563D29F2D8C0377F227FCE04818FE55B5F4365B267F218E6
5921	4222482	D77891BB267D378E69A8B9266358B8E996CA9D1BF57FF6F28B6138C0C7055211
5922	4222497	7D511A6C3DACADE130DD407F8E2390E07A4039669DABCAE64E4F7D21987CDC20
5923	4222961	3C97DE52EEFD64F6EA78C32BED6B6793C14AE7A872C22D6CA0FB74345AD0F726
5924	4222963	B84EB8836D40F87ED31B62E5418273AFA4BFB2D7A19D3B1039FF7F36906C2DE0
5925	4222969	0BFA0C358531F73223AC7924A0CA36EDC1A88DC091870D2080DBA3BFE8C2863E
5926	4222985	CDEDD0D0250338BACC9CDF59C21479D9CD666BC6DCF84380C2D1ACDB2FE5A78B
5927	4222996	AA3A87CDE9352DF51DC4C8E24A7FD4F37C054C7194774BD60A15DD110C4A1979
5928	4223000	690C79EEDB513A5E64E6C5BE01C377836E252D046F25F63305E96DFD8ED2F399
5929	4223001	28149AB09BF31F27D2AAE5A2A99F0E1C5FEBB5CC47E8E37F4D4631C8F6F7F92E
5930	4223003	DBB7DEF5D11A9DCB9B11E4D798F8E096C8FB43069A3EC0BD3E5B91D33CDE7FFF
5931	4223010	494BE9553DB041AA5A18F3785C458F0E5863B7221C5D2868FEB3C02C22594A7D
5932	4223013	2762EFA84BFC1B63ADEE3C344230FFD79AE8197CF971D86F3EA91408DD6A6B8B
5933	4223014	ED05BB88C4C9C83A4BA82B8586463036DCF5081E7588CE9E3F162F1E1E349194
5934	4223015	192D8B56BB45162B3F9AEAD94FE6CA9565B3426F92CFB5985F24DDCC9F0315C7
5935	4223018	B443859F738C8E87D7DCD7F83BB2D9F63C48F2E8D3866B8E5AA75C33460E366C
5936	4223019	CAC9FCF9188CDE4B76D5318036429410B3C92B20FAD94496162390E4F75B8575
5937	4223215	B5937B09A7128FF7F18DC9103F0487CEFFD57885BAEB9D57B24AF7386061919A
5938	4223326	8E097AD293D2722F797CC589A870FD80DF4EF51FD9F07078128A918870D0CF6F
5939	4223352	0EA6E2327E8086C98E7C9B62CC30E43DC321089D027C90E63D1ACF4AF7CA4064
5940	4223526	D6FCE073A9DA69899C6C97AA66DDFD024B3B9D170D80F2CC8FA3F2B429C2275B
5941	4223573	2B427A8C2A926CC06FDEE5712847C6F332865823623684CE5937FD3900F35E39
5942	4223584	2FCC4E7D7A86E00426F83B31E8A5F3AF8B10F9F935ABFD91F3C223814C48EEFA
5943	4223635	7AB2EB945EE27D827CDAC13FEF8EB0DF9FCD9E8ECAFA953823DAF81C1D37333A
5944	4223645	7CEA7DF52720CC8AEE47ECFCB1817904CD010461D70C0AEC977877E75F42A6F3
5945	4223685	E9C2951856947F19F878EF2158B4E43E5D3EFF4D92B39501CBB6FBFF764AE689
5946	4223706	7F0A9BBFD470AB15731982E06D36A817D121BF5C15099D084FA73D2334347F5B
5947	4223707	1AA8177F1614E9C194DB9A636E549646B31C263A41D8C81326285DAA6D20A66B
5948	4223709	50619520D221FF96B98927D13717A904F66866EFA03CDAC3CD0ECA0214838FF8
5949	4223887	95405CA326006C1F1EA59EC616B1C1CFB02AA3FECE60289CE95E6A904F8D93A7
5950	4223897	859B440FBA66959D17CFD8872108278C57D8CC84996E3B578EF50C30F2445FDA
5951	4223926	765301670B8B0B70834EF4CCBF7E253DC933C8F984984582AD62334A2B7152B7
5952	4223946	FD3AAB7E44FEACAA0D71977D7D6A0C9CC9F9D03A48BB928FEBB7D28867BB7545
5953	4223980	211389BE3934944691AD5F53224F8D45C8F7FE4A9E20875A0C162485BADF6F86
5954	4223994	5C1CD886228D2E537A7C4AD2A60A6B24B8E057A1E5A0CBF9652949F82E81DB9C
5955	4224014	65662E076F4AF007FBB05F7E181DAAF406681CCA0219E090F549851911758F2E
5956	4224032	75D3CFEE05BDE2A14D403717531CFBDB13755B8B7A4FA6F577498390D47C5DEE
5957	4224043	A84678F2B1A65E0E2DB205C72D6D677EA2C8181740FE81231F523BD00391F90C
5958	4224066	5F33ABDD2648A9F6D5D22EA4B00102F43A7AE3CF93A2316703C1F8EF28B477F0
5959	4224069	9EE57AB39C22C04352E2170B16C9D11FB8D273F93AF136A5F7A5B289DEBD7D29
5960	4224495	F8B8F3D486EC12B7032F7503446A7EA7FF391844ED29711C65E8FA188C7DC0E0
5961	4224777	C560CFE42EAE15C36FB31A88335BDFA360A80CAE964673AFF3CC47D33B2C6F86
5962	4224795	54F7492274F9CE29C94893EF987317D94B0B954BF62B66CE2727869F1EC81EFA
5963	4225077	0FC560811233B05464F8B3BCC84418A79AA4E4C4D2EC9DFFC57D9F24F40F8CD3
5964	4225377	2016709B17622A94F3F939C7977F760E9809570E1250157AD3633DAA89731EF5
5965	4225395	30ED916ADAB207112A2F170F6D5D44A438F0B12B25781770CF3D83390131CD4E
5966	4225709	85169AE422CE15FC8896319F62ACD5275E25A85550F98543FC78C2A70208F742
5967	4225717	266E3A3659F8DF4A77F9280DD1F5531C1C73B59B15485BF7EDE815BEA62A4919
5968	4226009	CA0BEFE6F591E90FA7D3FD4E911E5F3B13885D621FD44D800A86F19ACBC355D7
5969	4226017	81B12D66152164D8E62C4832C50026F00ACCD4FC642A2D73F94E9A40D8715D44
5970	4226309	DF28EEC857A5319D5F9565FC9AC58F4726C96271909D4CD39B065119E9F9F05C
5971	4226609	C43E7F1CD63AA049684FEFAA54B61E0C1B5EEFB6C002CD238903702B8EC63C6F
5972	4227026	C709DE6271D99E4F6F12DEBA467F1A83DDCE6C1510C63F21ED15559C0A8A0116
5973	4227419	477E396FF256480092B7C4AA1E21840197274E9E673601611C730D069DE459F2
5974	4228855	7A475E611A5FFC134A9139BD7687A0B1647B71AAE978010D25D9735615973C9D
5975	4229155	D8747A2C07724A8D2247F3EEF7622C4090E5641D032B1B0FC7572FDAFCCA60AD
5976	4229755	8007445D71287E3F4F6BE201013C704AAA44AA30130C9F66DF0138755B3C27B1
5977	4230026	6F5AEA588DDD3FF5FD06DC88C2CE40B8BF39F95E3ABADAB16E8C220649688B7C
5978	4230035	3A247D6B517F6FC8DB623A1992E83C1CD1B9F7E14F32F561802934C7B14CC9CD
5979	4230075	497F60C6FCFA7EF5130BCB084456A5EF479364B0582862582BB935BBBE71B5A7
5980	4230087	23AC22515BA96413396DCB2D53F60D93E7A9CCE7C9FEC5F80BEAC9C23319C469
5981	4230151	B3A182FB04E43032FD3BDF433A5B97A601A259BCBA8EE3DEB5C5C737F8F7B70A
5982	4230155	F2F50DD892C3139F94C93338FFC9CC81F58665A15CB6DEA778DC50FE0D561F02
5983	4230415	D38BF26BEC726B01A7EA8C75004F95319D9D7A61181E3B446B8722659C950FAA
5984	4230435	DB116E1841F4B98047D3C050A91C4DD2397F5165FD90FD42E7501659F3710580
5985	4230447	16937234FAE4AD2E4E059722EEF0BFC681B036A892FC505CA629B4F9EF4FBB58
5986	4230504	E2FF459A48EA345E87D196DF52692BF3F9DB9351257312CD49E2BD07641AE77E
5987	4230511	F263D9E78487B6093CF32CDFDEB255BF206242F3815ECB20EE2271219A576088
5988	4230515	8E426B3851465FE026FE890B6D3EEEEEB5D0CC4F7F548F8582960658F01275D7
5989	4230671	948706AB0ADEC7F058B6CA7CBA4458EE3FAC02D7286C5F98722833A83CDE7C11
5990	4230746	454F31544EE15BDE76C37CFD73461ADE50BA8D0C0F52876981C4A84A9D9D4111
5991	4230755	3102E117CFC493819C8965D8BD59DD31E5187269BFCBDAFF9C73D4FC12E62C9B
5992	4230775	E142EC81C035AF5CD2009E2A20F4331412E73E5B900BA7944DD3C08883EDF2DE
5993	4230795	8CD04BC27331DC0BE808571B65AC4A63C3A7406ECF292ECA36FB30039D91B622
5994	4231115	A484E243F7F65B64592201D038B5C1AB27E06830E517C14540F1631D9BA7254D
5995	4231135	5B061C2BA20B93E546149FD39B3F182703DD4D46F031D668926D2F80170DCCD0
5996	4231148	EDA8B0615E4E21B905A49924BF2B16AAA758ACF8FEA8873CEB2773A80583E4A0
5997	4231155	389D76ECEF3B706ECE01F4B5D31A17AB6E5EC8585354928E7349CA1D88F9C654
5998	4231224	08E5B61E677A734DF13CAF08AD247EDF3B1CE13B6CC312FE763CE078998F9C4C
5999	4231231	4A8F381D3AAA9377CF4A277F8BC7DF913D462C8DB8FB1F45402B9245BAB560C3
6000	4231235	118DA8F941B6A63189D18A268CCD28A4D06B5EE834C731BDB2D6A8FFAD16467C
6001	4231391	624F9B0DCF04CE04F353F0AD5C3903BC817CB081AD8EB4600A4C7221931E9995
6002	4231406	E1DC1FFF481A62E0BA9496DB24600F5AF9877FB3C0E8FF03C8A87E908C5A1F79
6003	4231508	A0A423C028E638B5470B9A1103F5861385013FE1DEA7AE8D7D010538206D1630
6004	4231515	C4B4CE0FEECC0B5840BE599C486AF366665AE92C95BA14D4C6F4FC0F975A6B36
6005	4231527	E9D2DD3DD082D359FD3FD9507293100443C6F0E475008C5CF28177865AA97BD7
6006	4231591	0BB40D0FC72E45462FCA4CC731D1271903670A981C76D20342F0935DA2DFCE73
6007	4231595	689AE7521FF897048EF082F47B0F99B48101F0F9AEB86D7E5501FE11E56C3210
6008	4231635	210C95DE43CCFA38B5ADF55644AD5B8D841B34D48B629764C8CA5A7D8EF1906F
6009	4231835	81B7ECE0793E7EB7637EEA4344793EF45E072F075958F42DC500E0D54E02D5D1
6010	4231875	BA9040F3C79C99EE11E97DE84C622AC102CE722067848387509EEABC5D6F1EB2
6011	4231887	EB803CC05102B86D4387D809E9149D7833CD40A033B93FD72B7FB49530B6A6EB
6012	4231944	287F09DB7B0C1D606DCB065835CBC00C40BE0B3D94EF5B0A305BB3C5A7EA54EA
6013	4231951	24262E6BD195799806E6FE41CE28C86336D07E7CB5D50BFA380885282F70AD7B
6014	4231955	4F816BB4C395B3B32219F1FB23D6E811D345EDB9F2803FC935E6FA886FADC2F1
6015	4232122	BE90651A776462D0C79C940FACD23E6E7CCDB70DBB77A2DB7A233B124BF2E6FA
6016	4233403	A67E581ECCC44ADC0515FECA089318610506768000A25B16820EE0962BA7369C
6017	4233627	8A0487227719687AB0481BA15F0CB24974FE66D6CC22FBA975FA68277338F28E
6018	4233721	9170B64365DBA0CEB2A407A123858554CDDADC515E235B890B527D34DFDB4DD3
6019	4233960	C28E4073D73AEEA0D36CFFAE668E0351EDAC413737ED11113EA51301AE876BF5
6020	4233987	F95667D3D755902F08CF1A3FE06B3EFA0DD645D0D9032C7DB8506C6BA4BCAD3A
6021	4234301	8BC1773D0DE3A087FC90649A324EFAE9EC2CD8158F25B673AE417B5F9F30F57B
6022	4234303	A911345F94E537233799669D58D2678FD518EC9E9556D6A191CBBC2E6137CB26
6023	4234304	E59A9D548525DAFB660284BFB68A6F6B2FB851BD52967F6EFEDC9697D983327E
6024	4234305	215D7DCE4BBEFA4AEFC302268F7EA472814FA26EF0B1EAC95B68095F73377979
6025	4234307	3B03B3CD7C18510D2837DAE77C86398BA7F94D6038FDE9CAB1988567CAA6A87F
6026	4234309	1675A53A1145D789FAC8287B97B73E13C39F8776CB739FC7B36DCF02FF04C032
6027	4234310	2892081DC43AD0B7F8A0D94CB3C44EA7CB7DAEEA8E49CADA9C0DE2FA1579EB36
6028	4234311	7A5241A226D68C309166E771A19C109A64C338962AC85FD49FA15BEFAC9629FA
6029	4234318	4E5791A1064E48C4A40ABD9A2796B4776F14AEF791C888EC16ED96654E2C07BF
6030	4234319	ED35559B856E22AB3F8EE54D987B7646CDCB5229D32B84B8D6AD484775484711
6031	4234324	C962C49A43E70A1BDAE22454F3FD89EAFD54A7A5489B7C5CDA169D3F8D51415F
6032	4234325	019AB462ADD791AB9B954AD78C1B78132B541CA17035795F44628796E210EF7B
6033	4234336	4E599E8B0E2AB9246133710E3E5027A2BDAA743AB64DE8783CF8CFAF9C72E877
6034	4234337	E1EB5701F8EF0C77E826260FA2AAFCE4D59EFF77FC0FB51414AE6C79B3708A49
6035	4234338	B7615B1868BFB668FA1432872777D08C0D201D4F86A19082377920CC7A584451
6036	4234339	7E4E6311A5A7EB44AEE31D1F6BB4847B26F84D3D2BF99AB6FC2FFBD4E70E510B
6037	4234340	37E8AE270B53200A4C620223A67E9F98A9004AC2E53AF0974AF2857609C271CF
6038	4234343	B4B2D749A8D6E5D5612853D9271A3EF4D982E11F55CC0C07C2DD0B97C45B8192
6039	4234344	C776CFD430AC5CEB2DD387DFC056B56C4AF4740E864D0537C5A962DEC85BA29C
6040	4234345	BD822A51DD1ED8AD1D4CE41F1622D23EE49A3BAA73C150B02FB93C7DF0769859
6041	4234346	5800B4DDB29005D77BE04B9C3EA0B4CF1E13EDB91A567AB2CF154DA1E06EB17A
6042	4234349	938AE3FC0CA142ACEFBE888D083527241FFB79864AE45A2FC2F6711B7B99F599
6043	4234350	468CE565186787D143A764641EA50728894DF93FDBC3CF1E3FB964EEA4D24CD3
6044	4234351	B063F6C24CF08401DF25185857267DFBADEB3F22503DACBD2B1FA9302A4D15D7
6045	4234353	9E2E1C00CDF2354DA58A9F06D6E38EB91C6928E3401D3E5F8D1E9EF298292E31
6046	4234354	902A73EB50A9112BA130FA79A2CE52BA71C61F54E90E963555373B598EE570BD
6047	4234356	6E4F67ACB935F1D2682F7D1A88706B952C3186FF1E32FC6B6187291CFA97AA22
6048	4234357	11545AB9DD62AE9797F2952776C74AC34E88EF97765B4AB1D8662880763D0DB3
6049	4234358	B6C6A79C5DD3977C8F8A5E8D4C9C678DD85E47BFC858751F9361F5C909EA9D2D
6050	4234360	34986B34F8E265D5E26A67EE6E383DC98C1F026433C9CEE2EECD747856148E0D
6051	4234361	E4A91C20734CB216902FCD2AA620704EDB4EB407AB1143885F71F64D5703B2F7
6052	4234362	4FE385898CC6DDBAF203D9091B1C79493C8D81D8361800E7D4559288658F1582
6053	4234377	A40C75A1CAA7C38BEE87789493BDEDB49B4D9C52EF7DC41997D10E26491D2DD9
6054	4234378	CAF05CE35CBD3BC7A102117602B350086A5C0DD4B3BA9F8ACBAFE6BAFAC8C82C
6055	4234379	2D46E327D4682DDC8208FEA28D149F780CDF14F126E29CDDD3C2EE4335A2E539
6056	4234392	318520FC8C72E2B78DA9FC640F8661E0DEBFD1ADFB408311A506665BC5AD93D7
6057	4234393	DB3F076AAA09B8E13837132F00E51C5C89676B690F4C6F50280558B83225F71A
6058	4234394	77B98E672C31557E02160B0D51664281B4326077BD67493D86A06E66A5624D00
6059	4234395	C6F6BCD60CF9FBDD313F346736E8A9C6751B6D327151D58AE0F31092DB5FE6AA
6060	4234689	8E7FC136F9EFE0FC70BE52AD002737CA23AA0580ADA8342F8DFEB53D6C629C6E
6061	4234850	DEA890072C7400D80948C57673D3DAE005773A849AEFE398EA350EDB4CD4C475
6062	4234864	E8103822D0A6083F1B430FC7EA7E42727439CE0255C07E008ACCF237091913C7
6063	4234890	4E3592BA16FD0967E1F61B7F6EB28BA078BBDA5C9D844D6D2DD2A6CE24A5D2F4
6064	4234894	6141AE094F0602BB65EC7629B4C1754271B5D6F94112E4794B6DDEC5DC9F10A8
6065	4234895	55EA9A2A7048913E95DD0DEF67A63C47AAE8634AB9F92E1CE5030F21C5AA6A43
6066	4234917	8A19C3A40F82CED96B6F0C3EDE8A8A7BCEEA75586F51E1E3800AC7C2D8F888AF
6067	4235383	54E1AD0F880136CF4D5B652C50615A8A8A74F38DA572E37FD0705E08D182558C
6068	4235399	E75045F20E5BD5619FAEC1303F71AAA471AC8A7ADB756751B09A28441E499F05
6069	4235405	957045DCC9FDAEB77A4FD4F079F4F47B80E25E1DCBB207C75A9CAFC67EC54F50
6070	4235421	F962504D26A55C234D1D98B056C83B6CA449098F912FBD7920E0F7E79F59425A
6071	4235434	AED4ED0560AC3B52B6547D1D5E2DDBE94D42377F4CA316B27E6363D21A7FB9C4
6072	4235435	C8C26AB5B7C6EF920560E4B15710331B1046C766B68F9A7CD2B43B169C8B08C1
6073	4235441	E31C4815C54B981B386E15FB96A05863643993D79A64874C9641B37A101C2BAF
6074	4235734	0557B2F331A6121C20C05BFC5616B15C2A8397451A75AEFC0463A6541ADD7D4C
6075	4235743	4658CF9A9BD8BC1ACDDB9D768E14324B6CDC20404AB0F6CF66E15EF6C9062360
6076	4235923	AE7E4404CF9AD0255414FB4FEA6E4C295DE5659E5D76F94BC93D7D082C22F310
6077	4235927	71905D52C3F6A47EBD7AFA9E790D67F99275B878EC12797092B4BA66C7EA518B
6078	4235931	9C3556A0E04D9A6D9F905797BA992DA38DD4655F9CB45E91E8969256DF9165DB
6079	4235944	76D6450ECE8D80AC2347694EEA16686C2E6D816782CE78B77D9C559744FAF195
6080	4235945	BACF11658A279EBCD6FA0A32646E127698AC01C1054D26ABF8AD0EE79D5B40D1
6081	4235956	3C908A855F7C3382971B8C186DB9FABBD80F91E0818F1F8B3348E59405525964
6082	4235957	C67651A1911B5514AA9391CFC6B49F39AD3C2CBEC435EE805D9E2B165C0D9AB0
6083	4235959	210748035533D1916CA6A0E5DFDD8DFD947973125745C9ED8C2CBD1D86380D9E
6084	4235960	0FECC5E8EB4D300651196FE9038B134E1FBC57366E9808053CC521AB2E86565B
6085	4235969	62BE5D33700D26E94970C866F5E80F48CFCDF6E42087BDFA27E9319D16930F96
6086	4235970	F58228D39A8F630C14D8225EC82B14E7666E4D3AEAD59D6054F8C03EF033BFD8
6087	4235974	099C6768BF5499EEEFD1573D6516221730858FCAF01EC340E4591E8D134E778A
6088	4235975	4309E0CF4EBE0A63BAC92FE06E04AA96D9FE9F7461B4A90D2A4B2FF66C9AD0E7
6089	4235998	87B583CE27B01419E768218B3208CA69AD31C1F6419618954021B65F29971526
6090	4236220	6A68C4BC03B141D16DD1A6BD55EAA62169BA2351A534BFD448AC82F94924A448
6091	4236291	3CD359227901D55FE6DF9B6F46471ACE6A0FA5BA5665BAAC8255388272D3B908
6092	4236302	C0763D00ADC26AC36E9D028949FA91A51D79F287200B0B2173FAC0880F483383
6093	4236307	15882BB55CE6CA995665809D7D9A057F2687048D53A593A85240F8AD0B9A40BD
6094	4236309	E6B27325E30F5C20C7A195453B656D4C73CEC0ECD37759E33F338CC77096D898
6095	4237800	B700E797A60CA37C6AD4BA61689C66FD270D39AE85EBC1F3FCC59911CB4B75C7
6096	4237824	A9FC0F7A399303AD0F5A918D07A6E71DFB31A4399F82D4B60DBAF199CDA90398
6097	4238859	5675C888307603BF421620BBA3A2DA36B90556239619C07EF3F7BFED76DC0856
6098	4239481	0D3A14575B0C0523ECE6DA638542C394DDC0EA59E398FA2533A29C8543D7C904
6099	4239600	F858CBAF09458604570CFD7E1FE5E13FEC5AE81FEE0232D7B37D123BDC61F3F1
6100	4239840	03538EF49C788719AC413DE2E3AD6D78745C92EDADE3FBBB71C00BD9F83346FB
6101	4239850	BB77F7CA4024BDD7927221B206572E02C168C0FA57A22EAAAE9543AE8647734B
6102	4239879	7F8AE0D7BACA344D6F62E878877437CC68542B59261B817BB903662421041C31
6103	4239897	650C1597AF72181174AA8DCB34F95EC59109CC07ED6DC2410358F8F603408A0E
6104	4239899	413C46755CF5009E515D4BB18EF7441A03AC5FE44711BC200D4072EB668E2111
6105	4239925	27C944B001B02961A1DE2B9AEB865A97A981844921ABA46BB672C531C5F345E5
6106	4239942	BB691CB3BB976B09DCAC59847ECAA786EC02ADA43121620BCDD606DC8403D4B2
6107	4239943	1C96C94DDDC1688D2E7973FE481C760E15B13F5C020EB2EE7AFFA20CF0F154D6
6108	4240257	C624376337401101C85DF3A42758ACDFB39FC72440E542B612B4728384559EF1
6109	4240283	5F263581E0BC8CAE3B8BBFFB9C727DBC59AEFFA7B2A449487A2B0D6C64C9B4C9
6110	4240285	1E09B06D4AB9988B0F9E97A6976874788837CB3EB47736898F825B693C9A4D64
6111	4240303	66EDFBAEC13A457D70192ACD228F07F650DBA55742380D2C18961FD65DA85CE9
6112	4240313	68DADA8E537C44C871E7FD93E64BDC3D7240814F7C0AB75F8E936AF099C24102
6113	4240515	9D5F827BD1B0F95DBE7CBF42606C8FD5938BE7D73C0B45CAFE2574AB02CD2910
6114	4240599	858D971CDE96297549DA0147B91C18EF76E794BF24D59FAC168224D557176FBB
6115	4240645	911382B539C15C35A2C57F0984CC3D27D950EFD0C8C6862F42C3A6A5306CBB1F
6116	4240673	0A4AE2289B15143E326D33828774FD2D2665FAAD5656899EADEBEE0E0F47C0B6
6117	4240930	9E8BF7B61ACB4AA969D0248B44615562BF01223FB8C72D85E50D38F0252EA581
6118	4240959	D51D494C175053AAF3D1152E81DAFF5EFBCE1FD42B726D39A5E1C48F7D84F461
6119	4240977	ABE9CFE1E60E8117E57FEA47924645FD57343AED004AD9AFA5DD0923E311A5EE
6120	4240978	A39E0FF0A5E3C4C9B93141BA2797BF528B0F546731DC850C7F097946A7CA875D
6121	4240979	EA11E6049B21C17175DA55998F41EC5F4D06861EFD982B1154C0ED3E85674045
6122	4241022	A9FE7A7D90F9C7D9E726E2E782513FA4D9FEE3C86C6A1F2B441FEA679CD8EAE7
6123	4241023	623987DFE5BEE839EFA9895F98E4548A4F26F36872154A203A9BCF1CA43029CC
6124	4241033	1673B4BD476EACFEB2629166FADEC76ED3075382FE803EDC7DB23B39209F8CBE
6125	4241254	70BB2BCBCEE68A2E25248730A073B587CDA1D4503E31D9A58415E1CF455F2F5F
6126	4241290	49FF4CAF535313C41384596E2E20AECB3044A0072EB53F110861AD802EFD6203
6127	4241319	1374A86A1DB4B4D6FE586FA45FC8E4E05670419E70C21654853CB7A8A704B6B0
6128	4241337	85EA2A61C2F1BD507EDE37C7DD5677460FDB1D47EE3B1DC5A41CCAC694232820
6129	4241339	C1760549DC3544039F3F664B4046176B87F0A8A72BFF9288291DCB9B7A7A27F0
6130	4241365	645BF3B73B26973B048A6012DA302C4606128C0DDFE82DACE27C9406433F5AB5
6131	4241382	8F9AB7BDE7AEB223C8C75C65FF8C520695BC9C758305D791EBF8F86E73DF2532
6132	4241383	D68CE7B3E3458EC68C611EB06CFE2FEDA11559CF1434EA5EB68C217F5A97717F
6133	4241393	6C31513FCFD8A38641A85D75A4E6DB0717348E53D975EA6251DCE165AC748F03
6134	4241679	5F4486F1641B487CB1AE3513D0A79EF860A211F24E829003749C0CCBA298279C
6135	4241697	B3EC39AFBB9498EC1618CBFB7382C5754C3978BAF3CBDA69C57CCCBC8D98CBFA
6136	4241698	88DBE5954AE2C2A8BE8C7C745D817461328F29854393C6A7973D12AC039AC723
6137	4241725	8281866E8834C2DDB1773A29DB5B8FA089EB4A95F4B11E6802BE9451EB7AB8FE
6138	4241743	EBE44B95CCE5651311956E4B10BED74A7C2A2C4E603A3ED9CCB20F7DD274D80B
6139	4241753	013EAC9F1E5CA3929AB7CD7835F4837D5D2B36B5D019D860B2E6DB72B81A21EC
6140	4241980	1D10D13FAE96C1C6D4E2858B802DB797D5AF1C5D951119460C6AD49C9A85C2A8
6141	4241985	A833C51C38FD29025F25327AE266B21703BD069F29E1E1381831AEC1B0DD2F2B
6142	4241988	9CA910B34DB31D397A32FFF6615E0FC936485E1CBBC9ABC5D4116DE9775C757F
6143	4241989	4EE0A7FA4509AA88EB58E3503922BD1DBDCDD69338D24CDE0FF908A67A83A174
6144	4241991	686CFE0897FD698B94141165A18C1432218434DAE8727DA04A6DFB6A36562D39
6145	4241993	9FFC35E3F3A49EBAC37F8D3A037CA488DFEB6C637D285566E60CB5666C42DD3D
6146	4241999	C2FD2626946C8E65B453C10439703A1E65359B26D103C9BA5BAA0EBDAD254EA1
6147	4242004	034363254267EA07FE1CDB1F35D9613596D2A2D8AE1D315FEC70070783E1425F
6148	4242017	BC70A4C8F66EC87215E53A9FE318C89D6E1A18F2A702B0F2D03C33D0440DC202
6149	4242019	05CA35940490462B46FE4600288E7588662A9CE68DCC05B1BEB0E1159B6D6E57
6150	4242020	85FC788C2AA40E32AA89DF2C029E3A263DE8531CE74BFC1EA2750CCBCFAFFA09
6151	4242021	21B4A946D398D3D40C1165695B9DFE7B5283295267D6C80FC6B727B67EC7ED30
6152	4242022	9600D121327F10BF2E7D034386189786727470259DF5AB53A27B94092181605B
6153	4242026	569A09F99DA52D67BB6F8AAF2BC1B2642C07A0CC679F941BA79A55CEE0FF22C0
6154	4242032	B7634C7070597748FDC1C3EEC777DA453852E16A5CAAE460F2AD610AC4E91281
6155	4242033	FA71E08B6283BDEF6BAFB6553077095F90474A4B89DBFA562DE6F22D530F2FC1
6156	4242034	B3BDBACFD888167B50CDFBCE8E9D86171CA3839189E5D806417316408FEC4A0F
6157	4242037	116213B01869F39E430D3074D6FC6CDEEF0C437C0F2A9DF14F0A4731261AD5DB
6158	4242039	6D6DDC6EC2936A333E746247DD98FE8617DD5FB1AF3185E1C39F0538CB73A2AF
6159	4242040	C4DA3B13E74B9511058676295F3BDD848308C39CCD11C23B7601BB6A8426666F
6160	4242041	5F2CE63ACB11B678AB4BD0299DF2D3700CB773D4E887DE70C0F0DAC389015B34
6161	4242042	FDDB4FA0255F9D5D61F3B4ED2ACA8C1A5B6A812AF20085C459A7FAB4E466BFCB
6162	4242043	DB940052858EC95CD4AD33A686672D8971F60BD85B43561298ECAC9C3CC216DA
6163	4242056	E5CD9162C5DDFC92B6BB84ADDC5413B35AE928CD454F6581B835177C8D6202E9
6164	4242057	960E1DD78337DCB06883A9D266BEBCDB1F41EE18A5D6392A0C61A59C5AAEDD59
6165	4242058	E8D078F929BE5059852CE86949C1F4C3CE4773FDD792C32DFC8A1169B95F83E3
6166	4242059	9184C394E4D94FA1AC97EA0C07B705CAC239141187EF7B7396FEEBC231FB6A18
6167	4242074	CFC96A361047E3827E35A180028D8EAE47100403B00748546E080006566B0593
6168	4242075	32FF02CD639B2E7F253D47E51F25232173AB0ABFA5354333CFC7455827843BE4
6169	4242334	AAF9419001C2A3F32A085B644E4F3763A831D5614569C8C991247353C096660D
6170	4242533	869A6DF03F686B889920525D7696901B4DF4B06AA18B456F94A4E0A7E93AFA27
6171	4242545	EE98255736666821A846E003974F4D121555D73B33877CD83ED455FD2FAE2E8D
6172	4242567	D4164765A8E32FA2E6554B858BF4E08AB74F96B22B34068E1DF2CB0190D2AE4A
6173	4242568	40DFD9678E2523D29EF742B0E5BFB701CF13981ADFA7B7B2FDEDF34C4FFB90E6
6174	4242578	5944CA31914C30A4123131F4E91074E5360CE48514662B09175270A4A2F6FE1E
6175	4242597	1947540B3ED66D5C1C4114621B3911D50A36532EA75BD1AC08E143D5CE973EBB
6176	4243073	84C54FFDF105B579365CE150BD5ADE308B37F5B1C2F720CDAD5254AA6E19D143
6177	4243118	9234E0481A097CA95444565217B60A67B28D24A3C52EADBEF9641F6D5A5BD68B
6178	4243119	2670C37AF7EE6520C987B541A61C507D3E32656EA499D3E274E17280A08C06B5
6179	4243139	DC1A125B028DF6FA6D55715D1D95D6014CDDB7D7217053767E6689FF129AFD76
6180	4243422	609612DD1F239E210269F939FAAD2CA3D45AB01CB9302BFBE573054F5C9ED379
6181	4243604	8F0F96977FBA69E6056610FB3C5F53227B1353F2880C349566A5566A9B507C8D
6182	4243636	C3A57DB4897AABBC09DE2D81AA59B7E4356C42EF53089FC7B704668C111BD802
6183	4243637	6E7C28DCEBE2C501574A8DFC6ABCABFEA11D8A79A0E8EED9B10FAD1BB5BAB8A5
6184	4243638	856A35E76C8DC7196015EDA2E1E06B297426075D0D63AA22AF681276AF079FCE
6185	4243642	69DCA45DBFFBC82AFF64EDD6B69BB6CB64FB88563CCCAF7F776DEEBFB50D07D2
6186	4243644	9F4BCFABC374B68C276645F0D24F24892A658B1B3B3C7FFA0680D4368F7C4AD5
6187	4243648	25C10AB8E4676C914EB044C7861383DCA548D7EC30FA50148F9117259078C071
6188	4243649	0D6E8BBD90DFA6CE7B57283395672896EACB7390242839516935113518802566
6189	4243650	D65995244164480D80DA0F00AC0051D5B679A1CD14AC5D4CE728CF50D3D8C6E3
6190	4243652	1BD1F15324115C995E33162741122BB6D98A441F1F7C9399D9D3F13FA290A53F
6191	4243658	20FF2DF5A9EF97E29950C033D5F1E26C8321F0B3C12C226519AA58F36C57CE9D
6192	4243663	7FC4B9B5C3DEF023A0981D06CD3BE94AE7D26A79118E19114133F1DE0A4B4308
6193	4243692	AFF54ED9330A3A14FACE847F7E0BBD81ECCF7208D5632557D922F3CCE5AFD88C
6194	4243886	C51483885199EDA242C07F8AED3EA035C6BD5E7DD5B6C63907C6437143C5DD9A
6195	4243992	AFC6594AD4A57410C189201A6A71FB2444D1C8311CD17A1A43FF2521281BF6C1
6196	4246413	BE95B083AAF34F068B9A652E4A895E907618A101CDA063C6A0F77E86D598301D
6197	4246432	2C85F8E6CE12274EA5DC6863F50073A40B2779C16565FBB50C06C6BD70DC4609
6198	4246475	B2E1F5AA79EA2354781A8F977660980116EF776B2B7079D906AB461B82BEFA90
6199	4246477	FE3BF9FE8C2ED29FC0D3935B9EC745A4BD447EA71826FF7AB3E84AFD419CA4A4
6200	4246496	B90CA0FBA64B75D7787489BBA75F2B50FABB983EB08989BAA425CD1D2C6647B3
6201	4246563	57313A50085BA48628C99D33E506D1CE40519118C8CAC82AF3C858F4ACF1A09C
6202	4246616	184720421253F525279D995BF896E5E977D222B1EBB6640574416288EDD66260
6203	4246700	1199317F758E27225361621E267F63FBD93066A35FAA609E7CFEFC77D58BC854
6204	4246702	84B8286DBD8E7161237FB63D55A99E408691B1B7DE5F2B48CC0849EF2AF2E841
6205	4246736	76F51778BF2EE7290F9F9A7B7EE5A2755939C6084A7D267150FB186DF293CA79
6206	4246738	09ACC7D9B64DBE281A13AEEAFD4C21F37ACF6C43288A0F3581E2D745978AA0D3
6207	4246777	292C2A5E22EBAFF73FD9C149D33A4CCC16973CD9B190B1D3F623145D3610679B
6208	4246953	09622010D145FA41BBD6648077E1A30074DB321C4A675133B77E7FD630EF57DD
6209	4247014	F2D0E7DC3F12D9F38C2823BECD60CCB275D9F5A8AA04CA11E952200186ED1787
6210	4247035	32F31D6045FCC5463AFA8784EF6400C7BC3FF70201FE07A6F9E303A417379003
6211	4247156	8C3E9EEFDFE1CC30A5A6BB87E953D8A74D528B38F784103123FC3F49EBA20BED
6212	4247495	93E2F9B004EF010A58EA28FFA0FBAD7CE721758F79FE737CC365248825E5AD1C
6213	4247554	A493815FFBD999B1BEF903FA94DDF8BDFC7211088AA06CBF769117B283EBE12A
6214	4247576	6892C242327A526E554B48BE1E23BB818D256A0879F619E2234A77244CC9FA04
6215	4247618	DF236366BB57A166F7F61AA20DC9FEDC85EE1F962333E595FD0CA9FF195A9DCE
6216	4247685	E4267B8A85909A93925E3AD792686B4BBEDE9E471CAA65124337347E95475D8D
6217	4247743	E8CF48E1A0ECD95F4579B18B773A27DD101D71EE3B51E9CE58C53EA346409BB9
6218	4247816	5A9F1525347F6EB476C8352CED7E416333578F89F6F8B26B26CBDEE4D2E39A79
6219	4248033	A8BFA35DC9E8A9F35F2180C96EB228219816FA494B01B0DA9BD013B26751C698
6220	4248053	6DF9C5FCEEF3F1D1C64A0059CDF5078B6F7DBDA4F808F265A375D474A8DC3723
6221	4248054	324E1739F19D47ED76A4A980EFE04B2F185B1A06EAA38A92ADCDE4CC7EAA251E
6222	4248094	DE6D3192B6C973C680C0FE6CED97FCD47320F53D9EB2AE5F8ACB9E45EF5BE882
6223	4248114	F4B8C9E4926BA3C959E6F4AC213D9878121A857F4DDB8C78A7BCEEB5A88EB071
6224	4248225	D5042CC90C3BC06A0A2D471ACE0178A7ED6E038040DFDAF5CD0BEF6E400E84BD
6225	4248283	D34A445A3B41995B8E348E30EDD4A9E23C649E7785713F06B2EE2D6096C7713E
6226	4248298	B1AA52FA5C6DF06404CD9709B2E0241A16C828288FDC6B3FD11EF767B8D9AC5B
6227	4248357	90E6836F3D05FA8129C9677DD3EB9A9CFC3745F74EDE6C55EECC213E3F6F9096
6228	4248568	4DEFDD9AC6796E7AF12A12987CE847FDD380A054A3599A4F7D1BE11559ED9FF2
6229	4248569	653B4D35DCB92D2522B3A9009FE5B23E9FB93CDA79A7BFF09055F932F5B2E7DD
6230	4248580	40D59CC6B690F78000376A8E365AFAF02850DC068B9F19966C1792180055FCCE
6231	4248631	79BB0715D871A8A29473B7A69EEA482FE170BCFD20EE21D668F967523987DF23
6232	4248642	391586CDFB71F8BABF9C66A9BA2A3993F38F33C68D3013C244C9FED3B21A0326
6233	4248643	B0DC1E815D236B217C5B82C2FCF27AB1F994C5FF1F863FAA620D64AA573683D6
6234	4248772	BFDD45B20CFEABBC8D7117CAF8A396FF42FFC0363B4B2A1E11D4C000C6A69286
6235	4248825	3EFC88949CB2DD583332A9BD4F145E26DFDE0A9AC66F9FA6D676DC55ED46B3EF
6236	4248831	DF42F703B391000FFCC220160D71B1D5A5FE6A2DC59D24295A820D65A3E1ED34
6237	4248852	A58B8C3FE3117CA13CC01520D1A598E57D055F66B6F603C8D7EB3DB8E5006148
6238	4248864	A7BBBA7A98C1C042FD6280B6CDB6A22F92DFF637F3AD2C6E0FD6F7679ED91CFE
6239	4248866	BE19C6B0C01DB64734243B2D95D90AB72E1C04DF679A526B99A8BAF04FC7F14C
6240	4248900	61FFBC66D6D1D4E9C2639A63A1154AB09ECE3D64E399C1C2C85E3E8B586BD607
6241	4248944	138023705B4DDC2F38202B890D848230556A1A211A6C4CCEA0D4BCBDA22A751B
6242	4249108	745457A4B55097F1A906A60A02672441C8979543865164FE74CB93623350698A
6243	4249111	C827AECB18F86E88C72234A8974057966EC2FC3D2E4E17FF460684A9D93E6875
6244	4249117	0660105AC1E7055CA0CFE3014A54AC71DC33D0D13C1EA17DA408D6E30E5751B3
6245	4249170	B23F3F510B606E6D844859FE283D900DDADAA15F7D02766FDE16443033686E93
6246	4249171	5CC43B3F0990BB97BCB824AF75DA1F824F8170E93A9EFA6801CD865522E1BCE3
6247	4249172	A0F11A48C0C160ADAFC03ADD35863BF9427D800B921F5C2B72ADDD21B1E3B9F6
6248	4249255	75733504DDB1A2ECDC5765A4575082F1891D4BE14804E77841D188A10B567727
6249	4249273	59FE17F0ECE38952A55476CAD3991EF92630A905A72EFA4E2F036364DC53100A
6250	4249324	F6770FA3F0334BA3BE49D47C7E413202897CF7BF7DAC95469A46B94D901E7AB1
6251	4249657	0DEEFE3A0BD745D4F14CF89976EF3D884DB8F7EB5E8BC92B4AF4497B6E8F8A36
6252	4249709	CD393A53D52C6B9424B00E764BAF4D6E8DE1D26E5CF37357E983E835E5F89984
6253	4249713	3678F97DB56416F873409EC71D4E0EBFCFB5A26336A1F79F71EED59594C30C02
6254	4249723	CADDBC58E22D63ECC9802B11595A319BE89EED9B7C2AB9E79AE5677222E97659
6255	4249815	4DAB445CBE13758CD733D7941B095EA8CCC1B85C288F4ED98EE22B1EBC3B908F
6256	4249852	676D007CDDAB7C7F832BF22FC1D9F8C30916BC2143F3760C8DDABCEA87FC5D00
6257	4250200	E5C10CB637E73C7D6417F144A38C6AE038ED2625357690FFB7C85F089DB7008F
6258	4250201	CBA4B836932989D68CA775201D23E635262E3F8BBE359B6101027AC25738CC01
6259	4250250	94451A9CAAF21A80C7469C9B1B3C93E60E46B853C51B42FC139384C834FD917B
6260	4250263	05F05BA070D8B4162DAC2596F2617E493ACCF2AD15E9D92C709804C30D6BB6AE
6261	4250319	7F42E4686A7A76F15DDF3B4E0738F5204C18A9ACC74F7566B7957BFE2A57D302
6262	4250355	5B3398B3D5DDE5C682949BA7F5BDC668B20654E2776478FD77559E15073A706D
6263	4250361	58AD41A2AEC8ADBE58A9D59BCED4E65C15884FF7CBAF824DC86ADC5031782868
6264	4250394	34BC9B23457925E79D5B3C356D5CA9BDDE550BEA2A004739C8935A9A8BEF0AE4
6265	4250404	254DE8372D6FD3377FDCCC2FD854AAA49036F7BCC7FF00E5E9C9262D32718A4D
6266	4250438	8299CE60825059055144392EE1DB9A97E73800C6A22110D4386F20E149B456F3
6267	4250439	AA2277037C6C4F82BF93EE389E711BC599BB6FB0FA86CF5919C5C1BDE82C2A10
6268	4250444	C74FFACCC83A09A9B63FBD840173FE55E58645AA9520EABB9F22551B9C2B2C17
6269	4250487	B8745ACAC4CB879265A0096C0ED94E608F85C53C165267D4035B846947FFD388
6270	4250645	2F88703DF09A59DF14F645EDB9D41B1CA53BB5ACD4410FC2A4D7CE8059EFAFA1
6271	4250707	FC8C7B53D64A3CED31CB473BBA0D8D8DCAA1460664A555EAEF248F650E071673
6272	4250740	54CCFEF6F3CEAECACF5CF766A23C706A6B665257D2FD27614EE447F46E1A5295
6273	4250803	DAF7817D89771D0546015B70D896BCF43A14FBF55457780D4B3A83395C59B98F
6274	4250805	4F2C151B74952BA966EBD59E2BF3F11159B96F2EAA8420A43B434798ECBFBF7F
6275	4250835	EFB0DB79FC966036E058C453D0CE99EE28212F1E6451AD2C78321223E75BD182
6276	4250993	6078F1D9D7D7ABE24FDCB77E37B786D6CCC9E6D19C6BFD5B0DB4E9CA494C527E
6277	4251033	A7C99995472D64AED202B2007D30B7C3BD767BCB4954A3A3A65C15B472252928
6278	4251097	34815DC39513880ECC6434F764F8BF37B241E4852BD562EDF2FB392A7494CE84
6279	4251293	9ADBD8ED8C9AE9BE15A714FA6DE9EB996813A7DB0A758B08530A5761ECE17475
6280	4251397	01438AEE3047204C12D921577287047829FA3E2EE13F4BA4297DC59613F988BF
6281	4251593	E2BFFF7FD2769C752CD785721CB769488D493CA5941D8930ACAF7F6C75005884
6282	4251697	EB1507F44BDA3A0CC8EBE56B795190C00FECF26DBE20994103783EE1BC3B65D0
6283	4251893	DE1389C5F85C6F59B68A24B3CE094130B75EAB72D12784D823E6B37F0A15CB60
6284	4251997	438308BC3187E281FAEE3A38F1416E6DBF3AF6D0C04BDA89DE3ED8FFF46DF70E
6285	4252205	65EBE936AAAEAD7BD722B98354AF8FFA3F21A6AF02FB39D24F6A78639BEFD510
6286	4252253	AE75915FCA22CF1EC52D44ACC93BC82B431962460BE67D55153BF443534B3621
6287	4252317	00590BA250E8E2DB20C495729BE39363D358790707300C3B12742438FE1AF0B0
6288	4252361	CB10260480C91298505E1B2484B1C6CB3366202C9FE5FCA5131069BCE3EAB106
6289	4252393	56BFF6DB30C256EF663B487EF57EA099C21EC54920CC15B39908B82139175242
6290	4252403	A88DD06CE2AF7D5A97AD17ECD274543FFCE860B6B7FB6C6855DECD36EB8ED9DB
6291	4252415	EF8C8DF6DB5F64E54DCAD449E7A34CA9FD080D3BA9AFD50E80820ECB2F77E06D
6292	4252426	73A599FCC0E1F5368364F7A561AC544BCC2B85D81E5267D592472BF88D76C6BB
6293	4252565	003A5BA0F61D863C0CE72576EA915B76478B7079A3C26E6B2709066A70967EBC
6294	4252613	C926C724279FEC5FA0B7F0F8D19CD12050958A87E322CA0CB4C60BFA20FC4643
6295	4252677	6B573AA2B3A85BDF41173E951AD744025FF65662547365711244849B29384E6D
6296	4252721	77A2955ADC012FDAA321BD6B41C6F308C734CB2929CD5F5737768FDDCBF91D86
6297	4252763	4C45330DACEF5B4E43AF7F0DEBB6739FFB660762DD19F14F3E41FF6CFC615E82
6298	4252775	472BF8753C9368FB3C7C0F045AE3CD8B4856D3CAB434EC150EEFDAC42A1BFA8D
6299	4252786	D22D872A639749ABDD2C9584168DECD431D7AE430D654F6A65202B6BAFA0E065
6300	4252817	7FE1869AD576F330D3CE47CE86951CD103F97F745DD43CE5ADAD9462AE866229
6301	4252925	4A04EE4E6637CC29AFB8AD8E31792D1096AB4B9428E8A1A90690B7628086F9E5
6302	4252973	827F584BBE3B47F8B7375FE0B16FFEA9BFA0C927B47D5830F0DBFA4435CEEE7B
6303	4253037	0F199A9B8E1953294F8981D28AC665C3AA9B319B15C936FA58F1FE6F444D8C54
6304	4253081	17F52EE544866723A6B0CF4A0403247B0D0700FABC687C62AD03E0CEC6DD2249
6305	4253285	4AE94258386BE3797B4CECEA726EA4899B3B63551A6393E4DCB5E87A28A071B1
6306	4253333	52477EBF115DD073D9AF07145DC74DC7EAB0625DA4D3C18C58A9726AAE518A23
6307	4253397	65F57A1F9327D54E9FCF2486558928FDC4286BF5699F933012F6FD6BD29863B6
6308	4253441	780952B1C3CE1C4DAE22ECCEF706672E7DE813CC27F4537905F9800CE5B7E36F
6309	4253483	ABC6191889B30B180E00064AA6F8F90286DB4572280ED4DDBCE8D76A19CFD1A0
6310	4253495	EA9A57665B6FA5A89DD89DA3188F6FD3F25CB7CBCED32FEE5B201947F887E302
6311	4253506	A8E7AFBE53358540DE4274A98560A57597994BB7D26FC474C0140F2730022022
6312	4253518	2FF573246B65199D92A16A3F4455430520ACD0C2BA60C23C1760D2D689226DF5
6313	4253539	59E610A731DB7C5DF861549C4D8D10C39BBF9ECCADD68D5AB4FC63D1C0FB4BF9
6314	4253645	8E6765FBF11543152C2B02B5F1B757271753E065FFD69733BFC57EFB23CCEC8E
6315	4253693	07FE929E25C38328218D0A3530236FF8F0E5CB7C6130541DB0D0E2839E7BFDEC
6316	4253757	4F5787166A231A26B833C3B1F177F24448F4CC04199E449CE57F08D02F0486F3
6317	4253801	3472D613EA5BE96204629540DF3942A8962792A68F642AD16D722F14E874129C
6318	4253843	050FF8A8084FBC9AE6F9B22696C26E37869290BBB885B5A7C049E2C93D1EF35E
6319	4253866	3247502C315A33D57A39021FCB347F97D600FE84EACC4819603DE1CE20054930
6320	4254005	875FD797553ECEB70D58392E157077A2A971E9D82329CF952CFF35B531664733
6321	4254053	1E428D8C62F97C310FE5727A1101A2AE1979AF1D083B8DFD98BFA49DF3DEA9F2
6322	4254117	4CDA2307B3F29469BC41B3E53099B2719736CA1710AFE60C28FE6B5E38AA3A03
6323	4254161	F10BF59C7B3F487E27A2E5B1A5569430E79C23BD2A9DA7C7F7D92B6F96148E5B
6324	4254259	FD4C6A15FE84F45AA736073ADB9245A9A8420F4D652A997FCE382873D5989601
6325	4254349	A5AC60860819C3AC0AF8BEF64903975B0F1A17860170EF87D2F18EA7EAA5DF27
6326	4254357	BD1E798CA1C5CDAC980B4570AB73E95223F0AAAB7AACC39C0E8A2FF2056098C3
6327	4254370	51CA47C911E98609D51F268532D44C93114BFBB7693F3E4E33F4A013214A3188
6328	4254444	B9C832418A46787AF5D1B301FBD68B698CB86129D2EA6450FEB5CD4D23D7C65F
6329	4254452	C05EF321B764B1F91FC181BFB703DBF4FF10145B68E959B497AF8A2BF4DE76EF
6330	4254472	FCB7769D5428886A2EE5928C34B46AD801EC8C32B06995B60BDAEE150C71FF87
6331	4254663	291E689266BF755F422D3CC6EE2723216593546EB1349B2B05BE2C63910D53D7
6332	4254709	DA3B1EA716F7045921C8F7AE25DB7018E79FFB6CF9F753E6220EE3420472458C
6333	4254717	B93C54AB588BA6747AFE554BD110D3CFB9636E3796E74CD7A2932F54CD2E36B9
6334	4254728	CA3118E74EF742DE812983241A59FD979F7352A84575241D16819FEA68C6B5C4
6335	4254730	38D4D19A5FD94692AADB7E7F40DC7936748533FBCE6BFB9476B00C490AC82C10
6336	4254804	96BB620AD3052D6DBCA50AD9D7442596BCD625B2F82FA0F94D6BC8ADE38F50A5
6337	4254810	28EAA07F73DF9E1B9BE2C3AED6928189C5DA84921EA2476C506FC32276F649D8
6338	4254812	F6112566EB98FA2527B4C6609DDD21903254D44D31811310786A01879CE04A5F
6339	4255049	F646DD5C2B94ABA4D637573262ACAC7387A0B74CD66E45B3A1A7E60F7FB2330A
6340	4255069	909F00E32179A857D956890AE354B2A6A334BFB81111D1E69EDBAEC55363938F
6341	4255164	8E7C716290FC08174FCC4FBFD1E31912B0ED22C498AF1E0E17B98EDA8A0E8AA3
6342	4255172	0B3810602009B2EE2B428407B5F2F02F67D7689410ABEDB810C96854A7AF35F1
6343	4255192	1E1341DAE30EFA47082C99F76C5E0BA80D53FB396F38A11849BFFC00CD5B0DD9
6344	4255416	67A9A62933E70AB61269ABC81E004BC1235B538FD0EE17C3739727C34FA0D3F2
6345	4255438	CA181A012E646509B74444C6315A3A57168EA49C051CFD694A9499C1B52E49B7
6346	4255448	E2761AEF60D8B4A7E6D2E14F1CFE666846AB383A399EC57202834DAA245EAA58
6347	4255450	80AEEB546D151CD5EF9177C603B82A39D8FD506DCF9D119EE9808FEEED7863C0
6348	4255530	3D9A551D6F5A51BD644411A27998F743FCAAAC606CA9F6D9CF6D84F534AAB17D
6349	4255532	9E48A529A5F4CCF85256F55FD4F8E3E2CA5FF8071BB5A291F1C60044369F1162
6350	4255789	2C43C8406947967C6D73186B15BEB3A0DBDCDB4DE3FA873F47F91A830FB35462
6351	4255797	02DE3C51CB702B2D233C0AAE6755ED8C0E28E57A3C8830DB07D24459DBDE8B11
6352	4255808	E17F2D485926623EFDBB025764E6E2C505F142F5C620BC61D612B8116BB0695B
6353	4255890	1A260A0A52CD2DD29829F0307B780528CF0188D8B4FAEF44BA21823BFB89587A
6354	4255912	0A6073C584AE70CA4BF6BC7DDA1F62B6982889D1B5A1B3B25F302E015EBEDB29
6355	4256129	084194E6E9428F76027D3BEEA17E6C7C25A4532C65C561F72BC4568A4D03251A
6356	4256149	7E8F4648C0343DCFB241EE1265E3B19B4FBEAFB7497A06F170E015868ABBC85D
6357	4256157	9B0D2C93AE4B8E3FFA55DC0DBC3E49C62B815EA2E3CDB9360CFA4DB072BA6556
6358	4256168	65AD3E72025D29A11BA76C1DC273FDA162DFF5159DE9E79B471F28164CD20C72
6359	4256170	639B535B92A3DE60E5CBA3CA718256B82124F8C628752290410CD36C0F2D46A2
6360	4256244	A9DE660A4916D34A89997F3D9CC3FACB7A56322697035A9BCA3AECF7903E1AC0
6361	4256250	C27112C48F9CA80F3300A4F61B0346CC1668BBA11501F7EB4024D69815104681
6362	4256252	D3B987BE4C2888E5722ADEAD3790E71D0BD970B330E8BB1359747D33B15E4F06
6363	4256620	BE15936281785424800B6D3CD4A6CBB077382240E8C6381CEAFCCB2825EABF83
6364	4256682	43B05B9BB5421AF12BAEAA6C879D01E0ADCEFE5046AAC1EEB108DCBC5F733EE6
6365	4256684	0B52EFF84DB80625807A0E96D90BD46E441DD6285708F42D0DF054762347D648
6366	4256705	66395154B6DFAFB5F66EB8288DBED36875A35DA7130E55A09A1547F4A1CF5D66
6367	4256813	9E93243B5898C57778E25F35D60688B5BED409D947C6980D751768CD814DAFB6
6368	4256822	6C9BD0A83C301B83BF1113407B8363E88E6FB81EA278E594E4E0989D8B94613B
6369	4256893	B503DFD1A36C4287B7083E6EBAE6B8B4937C2CD84D7E849930E0945F5A7ABB54
6370	4256904	784AEDB92CFFBB933ECAFA22D7069AC8594FDA062CF3837677689DB56CF77599
6371	4256906	732D9BFCF447E08870985E6B68287CCF178AC7ACF9A28F3A82442E8C83CBD875
6372	4256940	42F091ABED3D1D213265B3221BB0233F441D28B503555AC0F68005F8BBB237D6
6373	4256942	C03AD7A71A79D2292C22CFA43CB52D523F864FBBD4A0A94FCE257DF55070B82F
6374	4256943	41E0D2F1D9F248A68EDBD164B8786622C3D27EEB545200E7BF04369E69DB4F86
6375	4256984	99C57527E482F454564393D8E2EF5F6E3A28A519C5A47A347D7935E469ACD5AD
6376	4256985	4AA60BE2878E4A7254B8CF26F23D4C5E7084D2F81C4F6199D1DD2DF9FAEFA78F
6377	4257213	4E08FED35F3A80E451E2E83B3FFE0B541F287DEFD1200F778592A4D05A352211
6378	4257225	DD29367559BED9C097CF969B7CA8F6DEE19960FC7DC909A96D47ADA722200ED3
6379	4257321	3CDD80E4440E8DF19F5173511AF8507792FD053EECFA17780C23F5F04CFEE9B5
6380	4257691	B454C836097CA1EB6C21DD4F81292106D7973ECFEFB0584F7D71169FD9491CD8
6381	4257703	6FEE5052A30BAD212BA56FA8B875FA365C83A1F77EBF35775902C8CA67E9D52F
6382	4257749	BEB8B059A965D3CBA02F3DB7545E4A4A4F02335DF38195F0A9FBD99324214D49
6383	4257753	716E7DD00B4E8C081ADC0388FEB4D9CDD7F7D0091FA354DCCCF28BEBE47862BF
6384	4257827	7CF20A6136603D1CDB780B818F865C1890255CD5D33C5ED8D8046813D4650BF2
6385	4257904	1334E01D7F8E284B80EAF997F2040E9947A50550C533DC46A0DDB791BD581EB8
6386	4258231	76199B35C1BA640BA74B943FD72D1A58B942AD058DA6AEEB73CAFF6BF20132BC
6387	4258241	81765E19BE59479920555FB3129D988375B6C43F6FD7DB741531951C470F423B
6388	4258265	3EA66996020B9AE53C009828DA6525C43663370075C1A8ECAC8E38A063A41882
6389	4258393	5A79D51AADF3B2662B1DE670D1397C56B0A9344FAE409F8D65B3721A454B4C02
6390	4258395	5B576D101A9B27ADF1CA58EFB5F7FE67B545EBD4A4D1EFBBD5EBADBD7D667115
6391	4258432	0C0C5875B78A4A3C9993E38E9866650FC42834CFAE66DD5772A6094D7C0539A1
6392	4258442	B04CD19B642D62B79E327A63601A20FE79124CFD62707CF6692DB67A1E3242C7
6393	4258444	74DCE6B50B4EE73669F8C80D7F8E968B09120D08B92C52FED7AD109537AAE2E1
6394	4258671	4522830EFF7910F1E89F7AF465DCCF7D1025370017E1B39871A0C5BBF155F6E2
6395	4258747	332EBE79CA9F5C9B88E437DD97DE45EDBC4365EC540B006070F9FFDE13F33529
6396	4258803	8F169E873195AEBDC585D71829527316877E1D4CDC8008B93F5BEF91135CA914
6397	4258811	17696EF504EF5F4D39145046D21CA9EF97C0E0BFF7075C68A5BF519538AE22A6
6398	4258844	DD2B9B0FD0739C3F07F45C03050BE9F820DE6B2D15C3AAFEA1FB75070C283B7D
6399	4258845	7B3371D41AC4B2E7B27F539559F1B553620349D1347CE87B847D3EB92AD68982
6400	4259027	A2F0AC17508312A6B59EE3AF4E92EF811935F54BE2BBDF2CCB739D5DDA18B010
6401	4259031	7A0E2E7FC572196BB2642CFB8BA99E14899ED6C27562F30DCBBC099AA6705500
6402	4259129	D44944D3DF3FEA47F30C715FBBB90E76AEA747AEBC6200FD35F59B5447C0DBC6
6403	4259162	790DE85FB4005BC5FA36949F30A4697DCB04C0B82F88D3355BCB0A2AC14D1E34
6404	4259163	30C74375CA28E830E8EA51AE599DFFF33732A3E85208B93B5CBAB07CC0D18144
6405	4259171	95A048406FD00A9FE9DC1A7D7CACE217575F05B9CCC8A2743EFD433E26A73B29
6406	4259204	AEDA637F8899272C4E21B8DCC284CA59ED74F91C27A3917D59980932EAFB79A0
6407	4259205	6FE0B216489641DFCFC464D954E01249752A03304D1F2469B8AABFC7EB7C9E05
6408	4259371	82BCFE9418CAC80D10CA2D46139BF97105E1C1725EF6E0B7ACAAD75F7BAF7939
6409	4259391	DBB3640A77E5F587D589C013BEC36FBC67315263AD845C2C973CC22F2083FBA0
6410	4259467	B15ED1764379F5A99319DB2F704E54A74FCD86CE58C88B777CC99BD3863A704F
6411	4259522	2749F69F69A72966784A0B46855D12883CAF65EB1078669EC6DD569E4490D8D6
6412	4259523	3B98B4224AA5DBD31EC6791AB9C4517E7730FBE6CFDC5E707C2C8CC8561E8992
6413	4259531	789015065A65A3C3AD15F805414B0572165BFAD9B01DBFC4F7479E28F21A4BA3
6414	4259565	E48E6B761DA107CA12E1A2C0B0FD04F7462BD11CA403639E1E58820B9806F27D
6415	4259656	F6F959973AB948437B15307E62501B5C132BCA1C32CEF9F0FBC6621C8912C8EA
6416	4259747	8547D89942366385FA49539D7C3708BB9E854B17EADA3B7F042A53DD78D40650
6417	4259751	307261D4C1F63EA418984A09FBECA8B1EBF06EF01B3B4526A7951ED8AC1979EB
6418	4259849	2374D367DE5D2F6DD4F7A85E57AACADDA9A644E3CA9832B8A047DBA85BB3AEA9
6419	4259882	C0F7097AC9701048865F8BC7FB7B6291F654F41FAFDF1C4DCEFF1B193D52C24B
6420	4259883	3640F9C1EDC16D72086AD196289B9D9E2A0A85AE809AF95DBD464F855924B427
6421	4259891	DCCA2DE300250C7C14860E09EA8A7BD16871847706F6F742D736CA5C89925B5D
6422	4259924	71A0DA21FE70D6C353B99EA01B55EE51583078389C8E0BE3F901CA43E265020A
6423	4259925	D6E218A3FEA7791B66940DA124717D1573C615F5CC7442AFEB94B325D44AAA18
6424	4260016	A9199C766273682DA18BBE3DF14E92861F0FEA5C2DB62FEC8241D38BB3F89174
6425	4260107	BB2C36FF1A64C0F276FA91A5271AE6C6C5CDE7B08EBFE3D9CC0AD54E1165AC2D
6426	4260111	BE7CD2A02D537D0B3ABF6F4FB77A740E5B62286496751C585192330CAD3E9C90
6427	4260209	4914F6197F798563CA3BCED953F7009491AD0CC39E0EF5F3B8321AB938380C3E
6428	4260242	CF5F070CA34B96EFAA8F391A4865020625F7ABD52F3371B854095609D08F40CD
6429	4260243	25E1A0354F276D82254A6F6EAA08D2BE19DF0660B491AF701F54AE353535133F
6430	4260251	809EB60830ACCD1898F173F7538BF3ED696638151BBFE84B64CF2A5D26C25F84
6431	4260285	A16CF7FB4F19FD6F38CFD3B7893B3DC3B7F92F3DC0B1D1312B32E0303165AF08
6432	4260418	83C5950EF2521C8F3A10FD1D74FFDCEBF2C2B92C7A9F36FB4A584DAD46FF93E9
6433	4260467	4B6AB3B684909E3B91D8B9E74F0A2AC231B6A3E0857251752E61DC0321712BE1
6434	4260471	31AA7313EBF068A4C8A48D9C8D7646A9626E24FA1DA2375A06D7BB762029CBDF
6435	4260569	86B5BDBBDC6E8F9DD36800B5CDAE9FC68CF3B976CAF15FC80A2660C271CE5636
6436	4260602	ADE1595A5D034AA46C9F4B6E6EA68641560BEA815922277F0687B2407D98CB4F
6437	4260603	F36708C1B7A04E81E49753AA69BFB9F1931826FE767C6A477CF3286E2DB0BAD4
6438	4260611	2526A93285B377A65FEEBA3C11161B316BBD43DB51DAA65522D039718682F396
6439	4260644	43FB8833CA1E2FDA7F63A037E5A4D6946ABF2C96D92C159B9026C4D8C4686021
6440	4260645	B047764A86938BBE32A3938EE356EA38E29FF6FA632A336AC08A2B5ADB536B24
6441	4260736	BE6D1F5685DECE7ADFAE3782F4EECBFBF89DA5807264461E94068E02D93AEB92
6442	4260888	A6D7320E580FDC8E9F086733B36A3593E4DF561B1519400FF24031B7428222AB
6443	4260894	46796C121D4F0ED4A501457BD12660D86B42693C01E1FD3139D6DF9CFE64AE56
6444	4260895	25006A28B14BBCD6695ECA0145401E109224B8E8CE41AE431A138C27F82AA474
6445	4260904	730CB94EA5EC49CB68228D2EF71E1F383A4DDC0B0937E6C4F05F7F34B267BA59
6446	4260905	3B0FAB4F5942C978A91C798A3CB6FCD78BCF50CDE31A8AF270E6CC2C171F7B5A
6447	4260920	6E4C07CD06C90164765CD2E3C9572152E00B87AE5A95EB9D42DF65D882A8F3FC
6448	4260921	381899BA9B10CF0246DD0591B47872116522F2581685396D0A4B26415FDC79F0
6449	4260927	944B2B288A2C2B7915639A8B2CC8A216535BDA55264F266C5EED0969F94F2662
6450	4260939	03D15E1A47A7B7BB9DC09C4739584FB9881621BB8010EC9888FEB74EDB6F2D64
6451	4260966	4E8DF1FB1B75F684861DE2ED4FA3EE4BEF178B79DB9329E100A0A81566432AB9
6452	4260967	B1A2A8516F8194B8B3B28745CB2741A6EC441A93EB51F915B8EE3882169F9F14
6453	4260998	2E9112AD815048E901A30AE419699E19637C80E5EC7457E2BD47570F00C778DB
6454	4261042	0B7910C553B017BE2E953B5D30479FCC0917AD115B276E605D35595B0ADC1607
6455	4261043	39919DB3A9FDC1DD28B6AA3790DC1EF21D91388AA833B53363B4D044CBFA35CC
6456	4261245	6552E7AE2979A15B17FA610CAC6F0241E15800380572EE84B99F4B6A0154FBF4
6457	4261246	A40BA01E56A5A2BCE775AA2FE7EEE4437EB911C4A895F3A627DE15DF0B40AA67
6458	4261247	ED1211698E8686790ACF79D868CC4F79AC9F62BE782A808F835D80AE4123044F
6459	4261248	981A57602B61C443DAE181214A3C148853D1D4E10EA2AD8F50D0DC35DA82487E
6460	4261249	9E834F010FBC1FE7F5BEC1494AD31E8E1866F208CD2CE33FE996349980C3D444
6461	4261250	316AA7CADE2C08DAA5E425CB38BAEEDFFB085F60B9FE10262B893E5F09D44E7F
6462	4261251	CEFC14B5915228BFD3325304FA0CEE8655C650CC5EB7B165A0AB78DA3956A81C
6463	4261281	0274F7AEC144C658559E6862DA23D1286EAA77B4D88C7942F410B301971AD124
6464	4261283	79E8B463720C4A3122BC27F201084E54B0082B838E7F29C9DDC8750948591C9E
6465	4261285	76C2A3D5828D29C7B2212A80094E0A6F6CD7CBA0E029F339D515C238DE8811D2
6466	4261286	2F92FAE348110D5C3776230807FED5D12138BF2E02E3EE7F517B31F938847FF4
6467	4261287	600AD15CCD6484595296E858382E14F2609ADBEB19A33612AD34C4B2D7CB63AF
6468	4261332	845966FFFECAEC5569B90FCEDC770ED1B1D96BFDF9B00892E8719A75EED74B39
6469	4261333	7F3740B369212E0823F8E7F20918FC9EF6BB394DF33B3733C957E81F28874759
6470	4261334	A45C9B0966332302E06288185235CC30CC8D708EB4B5FFCAEE641B996C828A2C
6471	4261335	5055A5B7E0ADA7909B4EB4A498B189400BB72EB451CECC837CCEAB2D1AAD69FA
6472	4261336	D6D6C54E1BF004B3E484F71FFE327A09C6EC88E3232FE64CC1429DF6901C2EF6
6473	4261339	1BDE68CD5EC3DA13A320C6CE6EEEDC6D23240C1A1A1CCA619D29C2CE183987EE
6474	4261374	7DF02C7E5461EEB56590C594579E6789A4CF4557EE6BA278D7BFCA4ECB4ABEEC
6475	4261376	15EA6DF672601A31BA69E77D7ABCDA029B27398F9BFEC507A5BD4AEE1F2A6331
6476	4261380	35CE1291EFDE8A6F1E46581AF38AE2D7DA447E45C9CB2B1C878CE777ADB3CE77
6477	4261428	BE1679131F72378AFEC7E5F2CB2E8AA0529268A4D940433D9FC2472C45193AFB
6478	4261429	0FBC1C9BC553CE97BF07B15E145F593835DBCFC0582D6CFA93321B8D0735ACB5
6479	4261434	732E29EAB0021E31CEA20C4CEDED1D74AAFF04FE4A674FAE787FEE5446C2EB71
6480	4261445	8C6FD596E224CBEE93A7D6645493EFD4BED928D1BF2EF4BBB971A3BE3F662C77
6481	4261460	5900874ECF3E2979B6A8C0CA0991950A4160AE0C31C0CFD00E172C4C536B66AB
6482	4261466	6A276C0BE46E57318C2216158229829C56F7FB0565095E79EE0B9299F299246E
6483	4261478	84924DBA3FF776AC81E7976A39470AA58F4D06BB08ADD94AFB908493777301B2
6484	4261479	FD6E5623B0DDC4E88244E3B3C6C0CF8B5FE4B4C95304E66D2E2576B7ADCF24CF
6485	4261663	CF677368C1E6C3FE0B57F96BAA17EF4D2FB7C302114BA82EA8388815EF24CD69
6486	4261787	1DEE55F28CF14E448BB8B45CD90BF22B9CAB68517A15C1E4669E606C956010C0
6487	4261822	8D30D62E2373B78894C3DC1B5DDDA55B3DC86B3CC85721582D66EE433DD973C1
6488	4261827	E687D2A3FDD9F0F171D718BA2D63C037AC3CCF48D8A0EDC4F567BEF26C939112
6489	4261932	3E7B6EE40DBE0FB59C16E087A144EEB318FAD9283D21F0C68C2C4B26F7145CAC
6490	4261974	61D8E748CFB78038EF06E2351CBF64E1E636FD5FC57E0F780FF7056C260A37A7
6491	4261975	25C1C3E56ED4A60BB4E2D3D95F3C43F44731EF0ACCE91701FB98D99B2A5C4B15
6492	4261984	91465842299673B05AC350933B95FDF2549923075F2ECAB149C6E85FB40F50FA
6493	4261985	F41399D399205D6284D02EDB44B14AB85483F541B702A5DD8C00981DF8F8C898
6494	4261991	F997A35A38FAB179286E82AFA1E7CC07C90EE8D92E9D2D47E810E86FFE59EE3F
6495	4262006	874097EE330438696E9445304161B01B56397EFC9DEB26186577AECCCA3DC1DB
6496	4262007	551FCB40673B2290CE4C3172A470965D76596969662260DBAA382ED9FF1FEA2F
6497	4262203	69C537D4389DC900FC6935083F7B12DED1B68E9F10DADB6DA6C1ABCBAE4218B2
6498	4262362	928DA6ABAEAEA53E41BE17492DD5D4905C6EAE8C44CB4190A67055D23311DBAC
6499	4262414	F6BC8BB7ADBEE8DFBA02B06B94CFA999B27F9AD501B8DFDDAB4D9E7C4E65823B
6500	4262415	CD40F83B6E55A75EBB4D3836E0609202CB71DF9171ACAB6D603B0BF364BBA182
6501	4262456	F340D4920E25C97B05C979F6DBC1EAE0946E7957C9A627960F0564A0C197B4A5
6502	4262462	AD55AA568AFC48B7C8FCF843280F1DC036084D0372422DEEA48BD19120BC74A8
6503	4262470	C0DB9E57DF276FDC61B4084006DFC76739C5A5B49391F12276F591D01070E9C2
6504	4262508	EAAB1944EEDE4C9FC264696AFC90F1B62B4986013B03121BEBBFC6B413F9DD7B
6505	4262509	23DAB0C8143F5E7B7768B761F1C4E37A7A27BA7950FE79E422421B2BAF6100BE
6506	4262514	3A56616B60724BB12CC3CD57E8EF7982B9E919CD5FD59CAA3D91495CFE3F6901
6507	4262515	1AAA9A6B578975E98854170A8F760BB881BD420FEC244F15DF8E70473046622B
6508	4262524	7E4A33D13A4706D715DE5F83A0EB1C753F6433E8E4A768AEBBE2084F4C3EEF5A
6509	4262540	8DE17369B6508091F447164A33A71A7FDAAE3E077BF482C8FF7D470EA8AE5CE3
6510	4262541	FA0D9FBC328D231611D4E92D4549A66637A8493D3F309FCA9BAB70205A9F5C12
6511	4262546	AE3A0240B5293A244C3655D56939F5872D3E3788EC2C574B768DB760F09EC353
6512	4262547	755620775D3B7305D9C7AFCF30122E0B09ECBBFB8FFE24171A8D9795C46CD364
6513	4262559	6F57F9D52273163C58A1EEE4891DAEB792FFA70985EA3F05351DB8D1DD56D706
6514	4262662	AD54DCBCA2DB4096A802F3E6E483A845BC1262BC44613524D9E7B0D65DF1C75A
6515	4262751	EAB00850BFD7AA53CF0E7F9190D02979728171DBC1CE649456CD98F8F4F6D6B4
6516	4262871	4F20AE850AF9B98551CC9062A674C7DABB5A4FE72743C33701A40F4669DF10FE
6517	4262905	BEFF4D8A66C446AFA5254369F2658213BAFC1DA75AA8CC85316DB5F321F2D6B9
6518	4262958	4FAC88603CDF253A7E22970697CADFFF14D7DD169FF5EEDA4FF0A0BC310FDAC5
6519	4262980	CF722007449EEBDE0C149FFBF72BD1C23958EA29C198C8BA66887739307BAE18
6520	4262981	5118863F1A770437D269DC154DC2670FDFF31844A13CA1F92EF173D597AE8ACE
6521	4262984	3EB07BD84F7622C0F9684E1468E34E096EAEA49A3A607AE2AE1A144D0C701787
6522	4262986	FEE98DA9862BDF5C7AD55ED8A8B2572495C199FE4DA6E63BBAFF8F2A7E6ABFE0
6523	4262988	5BE948D3AA0E7856FACE23FEE69C8B9DF1F489A877B9F30514DFAD6BD5FA2B0C
6524	4262989	32EF12D15963F4A6283BBABC45497995A4798DE58AE4514F240C2ABD03DA23BC
6525	4262991	AC8D410C1752136FEC18B30DAF77A48311654D2FD25B2CDA06D256D2D414E606
6526	4262992	CF92C24574C49795AF2E1B73C3E737F669A907241782F579559D8B6101C8C879
6527	4262993	173A344D5A0B5B8D9F94D79538CE2C0F023A580816D572809A6DFBEA0F575A12
6528	4263004	95C489CE64E6FA029690024551D5E3FD4D0477311648177940A2774839AD43DB
6529	4263005	EE8775B6AF6D32CDBF9C9D6A82D499F8C757B9227FFE94AA986115E4A09AE96D
6530	4263016	0C6B37A4FBECA54E60CE08322A6A57EC018325D6EB39752CCC2E33573331AC46
6531	4263017	95639B67DBEEE3967346899AA9EC7D7134B29CC57ED94AEA275386F8B24E6D5A
6532	4263018	11CD0351889F8DD484377C7EFC796AD8D2B53F35DD8DFB3B47596041E95680F7
6533	4263019	18741FE73C959B662C74F51323CEB6A6A5A42EDE2E65642884509210F98E78D2
6534	4263020	01FC9D89810981CCCC76FFFDB40DEAD0F06C23B1E064A8969216209133E4CBE1
6535	4263021	746309C893318E9DECFF294C82127E0164C2CA00F7CE3050CDEDC3F372605F23
6536	4263022	736FD1B25230097D2C73AB124CE7ED082B43091D458A9E76FFAF092F6F0296F7
6537	4263023	4E360F91FDF0FE36B0C675604160E63D3D275F14C46BAB347CD5DCB55540CBBE
6538	4263024	ED41D4BE00D4F033628F5D9E30CB85167F08A90CE0F549C9B0F2A8F34769EE8D
6539	4263025	00041C95EEF3EC4C3B85506556B444DB08D892D481AA52A4ACB8C5E4F5FFB643
6540	4263026	0533F3839DAA4095B922B58CAC1691122A65DAF0E84CD7C44159BAB1092CC3E1
6541	4263027	DE8F29CC58B6A2E9D4035BA1B338DF67CF5ACF44722F8E57D74E008EB25CA6E8
6542	4263029	433BAC3FC6A5BF99D5CB950DF9B7E1E44A5B2DA56AB9D83FE182A4F2A987AD30
6543	4263030	7576CFE77823B22FF2AA8CE48D44996AA4750D5B964FD51104D08941F1597E70
6544	4263031	AED9D2ADEF5E64E4A199F9BEEAE50E2DFAB77822278B72AC7D70919D7364A0CB
6545	4263032	F3A8A54305A7042049742DD364CEE0A5DF6170073F85ED773D72EECDEC3758B2
6546	4263034	B57A03D1A3E69D6B6842EB5D80AA40E36D4E83F4D7C38EBF0D95118177A434E9
6547	4263035	41FEB1F4D745A835802AB3625D1DADE25415F305D6AD715F7E5F4595A6B1A940
6548	4263037	561F726736DAB48187FE612B253AD91B40E03C4746C83C8C02424162A83032DB
6549	4263038	20288116031F5072E5EAF65B2F18A6EC174B0E4D93A569BCE42E0285F3220EA8
6550	4263039	5B9E2C6F663FF82738CC9F7A1DF9265CC9BDAD988240C37C993FECB7449F6F7F
6551	4263042	597EB11D203CBE6BC7DDEC078FAFF1BC92DF1AE4B70493A7DC5B5D16DA969ED8
6552	4263043	89D9D577F73D5E308BB8F754DC22E749EB7CF8AE24CAB879FAA91A28DA1B5377
6553	4263056	B991F2FDA7CCA6A836670E5409B38CC6A0C6BCD675D99D2CA1D58ADF844004C8
6554	4263057	73C7965AB3F42B3D7E4380CAC7AD378472B6EA82C50FE13FCAB20043C4CC9451
6555	4263058	46FE02D0F171189B709CA6F5D056C36C6D7F88BD46D8FC17B1642207A1A2FCD0
6556	4263059	30589625CF04DCA534235E7B987505CC8E8BCCCEDB9DA55754BA8BFD993257F3
6557	4263073	19D6B284278EC7E60BF3FBFBB3111181FC739B33D4B50E32C18555EAE5C27AE9
6558	4263074	992A35D01CC6FC967A0B1D037476694933861BED2E110CE2E02438150781449A
6559	4263531	EAFB0EE1C8EBBD3F477546E6396F93718D817D28E3BE4E9AA0A5AD7767D60B72
6560	4263533	CF6CE562A41AC167211BAD5F623970470712C0ECE5138F71C552DF092E3025DF
6561	4263544	E8FB96F1812D8D5AF812C68FC65D868B92CA17FF764BB3A40190384D38CBBE4A
6562	4263559	2CCA683CCFFBC83C709965D44405DF561B3595E7111BBC9649140C5BA5EF8E0F
6563	4263564	D46EFF35730B8739AD1E1DFC5F332D4B6114F914DF09C15EE4F815B8A937C4FA
6564	4263568	6D19FAF146291E117D595022B6FC5FA5B049226FCCF0AC70996DC7AF7B3F952F
6565	4263578	CE51BE8B8148D86E7E5ABA099A330C5F18F929729D9617A7C2C5C2F1183C577A
6566	4263598	E8F459F9D8DACA3623021D59045F1B471AB70C796581607A2B145C559CE490FE
6567	4264069	E5FA5B8574FB01B23E44B3A3407273DDA44E75D15709087DD50619E2CDB3BBB1
6568	4264072	632D71977446AF40F670511528E2FB51A1F7AB2CC8D3693F07BACA7475944C1C
6569	4264108	3EF9C0C8644903187A00A29A6E24872DBB933457CF55EB9FD3C28E105CE8BAD5
6570	4264109	D0A612227D2E7F5AAEB8720021B31A7218AB963FE0386F29C0B29A2445958FF9
6571	4264118	CD3210BE6BE54D4CE7B088FB31563EA68DD5C0B6C81D92FB5BE255ECB82B87A5
6572	4264121	D4C410FC6680C0C7F8C3C3CC20E3F3C3316E09153625BA4E380DCE8370E98AD6
6573	4264122	B51820F4EE6124D90380A558FB6DE10E90DB1F05303731240AE6B107573A8C4D
6574	4264123	0536E7400B74100CFE3310A01461673454D4F02B473CFE05FF33A80040C45BF5
6575	4264153	DE082E2CBA753CD86C83DD9FE8BBEF146A9A3E8FFAE34280E4ADA5250CF325AA
6576	4264154	BF7ACA6ED44EE179C40008BBE51E4742F60BD21FECC618FCCE5AA14F62DD582F
6577	4264604	017A91CA60BB4DADA3F49CDC88959ECBABFC9C164C0D04273F8084C368B86139
6578	4264607	401053B154881690DC71FF76EC5517782538EE1F0FCBA57DDCD14A32F78F9632
6579	4264608	E00CC7BF2777ADA46EDD90ACD38995A712D7C5F6D1560C37A000D3DDBF1557F7
6580	4264609	C1A3D0F19567E9FFBA2DE76B029EECDD37961D5BCB0AEDFD04326728D982BE1A
6581	4264613	E6325DAAC62BFC1AE635A0C243F61A07C0A0991E535AA9849CA97A15633280D5
6582	4264624	6CBA45711075ADB94138C6FE764C97EFC162E015F9C7C064C133CF90833640A5
6583	4264625	05D9275180B51F7999B6975E56082C3B70CB34D6BE4D363A9F246DC2E5022929
6584	4264638	A7267D4F3B3936B3A550CD5E40441827967CC79D65C7681292BB406227913D90
6585	4264640	AAAA79CD535AFBE9340FE79F8F877A06CB56843B33D5F167DC6E256290B8E5AE
6586	4264641	BD7E3CAB775ED3DD84D87D73A483AE494DF5D1E280066469146A6BDFE386BD82
6587	4264642	78D0FA045C9D94BB0840B6FF95B466E26A1044A750987AA0467C5B75237657AE
6588	4264644	767E491B8AF7B5F3F4E93B6F7BB862BAC822AEA8C201F740E16F68EE230D7A94
6589	4264648	C6AD177A00C779F3BCFDE668B368B920FB3DEA5F7E6401C77623EE340CF0A834
6590	4264652	80241CA7F4692F08E3365776FA8FA832F33FE0F351848E5499A18FC96C731058
6591	4264654	352976F888916B00438BC922CC5E33F294D20CFD48D7289702DB7014740880DA
6592	4264658	FB5A60881A1CDFBDF0A42D13DB389D4813C58F501CFDB49B6951E9F38AF87E60
6593	4264659	5481526D230EDEE458BA1A47EE59B0C2EE2B100C303850FADC7021FA19B7BFBC
6594	4264660	07C1B6838706AA6D000CEB66C7B6CB9BB12DEEF74ED002A843D80BF88CEF9C5B
6595	4264663	9AB102A4FF970A319AE9737EF8B3A014E723BDE8DD49348AE1E4292CF2EF344B
6596	4265141	9D8EFC5A13A49C2053C15719B96B16679A0F484EF2556BEF01F65EA064E20370
6597	4265142	7589675EF0C518D9FD8DF4FE76DF3056F450A0EA1AD448FA838DDAD57B32401D
6598	4265164	BD174F091EA1991A396CCBEA330D0C9FEE8EE05D02238FA1DEFAD12DF4178265
6599	4265167	4AFF2327A6BB26C9CAD3B52D748CD42245F5584BFD9092F540F527FF3BC94477
6600	4265200	15F92F8E3DB622FD06592276EB1CE7D36C93519B8310E30CA2C9821149DFF24B
6601	4265224	B24D24AD575D573AF8552DCBF33C3FA4922979BBA6C11806624D5331E3900121
6602	4265255	813A60CCC33C5BFF024CBAB0FAF4D67D66B805A5B049A4D84689CA119C3E37D6
6603	4265315	454F5DAC3E149CD82188B4A6E4496B295573F0C82C3089E491B6429E4556547E
6604	4265325	F356EC86B0EE3382225BD9A30545B6FE6C091A60F92AB045BC550CD1B4E71EF2
6605	4267772	3450C930CE87904ECF77C35A06AFE1B701AF64646CC7D065FD7BF51AB1001CBC
6606	4267976	90DBDAF00339A7967EDA483FD4A4B9969E4C8BD4C0D405BA9798571AC5E1D31E
6607	4267977	AD939065675D851A0C6DC51518C1174E47B837DBB23B595AC2A9F2061CE9E0F0
6608	4268045	0C5C9F8E0A551B0C3C86980C9372CF668F70936497EF69EC6168879F3D56CB5D
6609	4268097	78C181A052D16C5A059EC1C0399E3AD5F20F1BF0B84594B60994860F505CC156
6610	4268099	49CB6E8800376D7459F7AC7445D227E829B4FC4FA44B61E1090D8B055B7D83B1
6611	4268138	27A4B5ED89E53C8B465F77EA88FE0B11F172335440B8AF4CCA65C7EC99AA17BE
6612	4268375	AB01904735CA3FFB6928B3DF8165577AA73A14E08B2DEF168FD63D0982FE53B1
6613	4268395	5B0A45EE31152A1EC8059CD0DF2DC58DB733FCA6A24FFB3D05DE3EC05682F2E7
6614	4268428	E70CD951647D29592982DDD0520EF68B4D2030C8F0D4F1523B15795FA305D16D
6615	4268449	A68CD0621BA68F9D9DEBD7A05F8827BED746FEA61D8B776487BEE15F4A164CF8
6616	4268585	1CEB0CEC5A8D2D6B2E3EF783F74621F5A7AB8FB622EDD1440DABD92785EE2537
6617	4268997	B65A1213B7B88250DB63F119F481E3E637BA08DC03571D497DC8B227685A5106
6618	4269031	50E7BB75E4366724A9AD1AAF95CF00BCD47BD579E9AC7B63422C2FA0E17BDB5C
6619	4269047	2370238DFED0C114B84F0FA53D0A51FDE3E42BE21089EE09F79D7DF3C1BC0DFD
6620	4269219	477C382173286AEE865744AB9E7B3EF9B4C45F4C902A6C3C99AB230F3AE8606B
6621	4269392	570888845883458D09FBA3A6D27EBBDF75BEFC4E96A0A234238B6ED664B1EA01
6622	4269412	637C823040F0F76E856BF2591FE1EDDC3AA7194D68B427D4589841A9D1BB9B8F
6623	4269413	DCC0CEB95E6B9B2AE5D674761467F1AEFC272FBA703E62A3B061A7174B103314
6624	4269474	E18EBADAF9105ACC560F7F069829E7F674F1AE49B3E3C9DBC9B761EED2B8C815
6625	4269477	DF8E68128A45A21616A7217123FC6D2A3DDADEF114BC4AEDBD93C7FCEE651C07
6626	4269509	FA085BF788AB92E28469A2C59168B9CD563B99E1EA462323226A6E6AA377193F
6627	4269530	22D6EC42F6DABDD9A1955234D611345A5166EB07967ECC39D3FE8E43E7520274
6628	4269642	CD2C5F0B5A7940815CE318A05939C2CD4625F4E71AC0BDDFAAEC6389681F9063
6629	4269659	AB3D0EA8C4EED4B884727713008D30309672AA152DBA461964111D4883355D47
6630	4269664	8306D9B433C9A5BB49D9696E052A99756814FD25261248B7E75EC03236B4B135
6631	4269758	21D99E16D2C03A84E60FD84C23A2F773EC4610EE5931235C0DCCAB192A6B86D5
6632	4269929	99CF3D29FEEF0ABA39D0F1C178CCD744A7C73DDEEAFB8E758A504CF1EE4E160D
6633	4269991	62603C167C4F52156D5C2EA2AAE2385D0EA0B3D4472B4FA1078FF75C56F9FE85
6634	4270002	2E276F3893D27507656212504A454CE33023AD3190DC72BB6B339E673635D6C2
6635	4270025	570571C8F26528BEC7B73D90697C7A6BE587A2CF370ED95A6333B4340FA8CFBA
6636	4270065	02AF260563115163B5A1A0402CDF8BA320BFC51E82704DF673A4900CD5B7A009
6637	4270073	7EFA5C05FE991074AE6C280902ADA5DDAB1348B2D21E2A96705C3F9E2622A9B3
6638	4270085	D56533D0D3D6DCA06522ED6F613378D560DEFEE04975157D6E740EA4707B8C5E
6639	4270093	D8600C40C364192D48091B7495D6B3EDCA2E12C0AD832DD520E9E011BEE87C2B
6640	4270132	CED7FE6C81E6EF3487B846BCAD812AE9C6BF33E156D41578408830EFFCE202B6
6641	4270143	713177156D37749982DA658861F185051C37D781AF4E8812B214AB6D64CBB423
6642	4270224	A3DE95BA10BB54B7FB1A307CC0385752A4DB9B7F04F4544077078A7A88FACE74
6643	4270225	83E24081D5D7C2D12A098B0870CD1FB67C87D5FDABFCFD479E2EDC613C857E0D
6644	4270226	63E8D7D33F470C2B944052AEF634C2F7345E05CBAF12C8C1A76246859F72B1AE
6645	4270227	CA555A0115B3E8CF076A2F1F579CC90573E41F8090C384B92F4128E05AB3BC3C
6646	4270261	FB83E9208B6EAEB559B6AE3083A9A8D68488DCA106524E52153DB0806814D357
6647	4270262	2E6FD9B5907F89A2C375A7408D99BD1DAC9C87A3703CF198C752F9985BF2D875
6648	4270263	319007F8C30B3743A139B350FB1113ABFA198D26F6C419B92FB1EC5CB77B9E51
6649	4270304	DAD86FF4DC55A4A0761A00038BE0CF839621758565D6366878643A839872A173
6650	4270305	4368C7261A90471497DA3C2B78905BD286ED4A8176B390458376C8164181BA19
6651	4270306	44C46D8E1B9CAF9B5F62CEBBB794561FFD23146CA5FDD20E867655478571E390
6652	4270307	63178394DBBECBC368D367626177D746165675364A4FF7E351FF363B9FE4EA21
6653	4270565	D605E42B457CC5DED4C8B3E923EA70AD7C4943348A1E0AFCBDF689AD777FFDCA
6654	4270607	1B9FBFCE399FFBA459A14E84F555BB0364CF67FA854C49B0016B9A308F4F164B
6655	4270613	F49F7F14D33FB04FE0B28024B108BBCB1E22BDB37D524C2ADF5BFCA663365FB6
6656	4270635	C2B800B32222289DB71340A74159D96DC40500B924C49D6703D21EF0D733BA88
6657	4270749	869A7878B7D9D5089BEEEE3BCE70AC97ACD5E45842ABB0DD4338D3E04D4DD4EC
6658	4270801	BA65D1040FAE6BA7267C0F119B1638D865FE61582D631B4A6AA7A226ECCE1191
6659	4271029	379CB02EBA95542A827C1E1FCA6B931B14CA313EC910B97F100A022BC2F11029
6660	4271147	2780A529C6640C3385014D2980D6E73E7F0036C3C45CEE9B43CCAA58A9B75D33
6661	4271222	A82928C179ACA6BCE8BCF3C3209C2FFBCD472F6365D50EFFB896435D5ACAC75D
6662	4271385	179CD84D57551FC3004F4999F079F6B17318F7BDEA9CC92975B730BD1FFC57A9
6663	4271386	488D9E11DA941FAB7ABBC0DE44118BE730026044F616E8D6ABFA9BB726405925
6664	4271609	9536AC460DF61FC26D209F2340CBDEA86CC6F00B2020C5C3DF2F1C6F674573AC
6665	4271651	EEDAEC54C44302AAEC8FE179E58B2DDEA43BC3678C3C6B097FBCF84E866DDEE5
6666	4271693	19103343F190B142982B9B65EE2BD9F48DDE15D8D514DBB61904839631A3904E
6667	4271695	B561D40CDD3941BB4429637A15589403588A671CC7FD963AB7E1B18D0983498C
6668	4271721	717DF1326A711124AC993F5391C4F9D990611AF0170DEDA2EEB65BA5E95A3009
6669	4271723	909BA9F34134BAE239AD658971D6F5DA377BC028C2705A1E97D0E6941CB392B2
6670	4271799	D3FFEB6A44FB3D0C13C534E2ED5869ED7D1979176C6E444E45D05896FDEC8BE0
6671	4271925	A01225BC9943EEAADDC624D77F1E9BDD0C0867FBAEF5B33278C199E2E2D75A50
6672	4271927	0678122924D7B6A6D6DAABF3E3B328379FEF3E644D87F162B0C76BE867CC52A7
6673	4272004	3FD4F9C31B60D1D8056D5DE4AB8C55BE291D73994563FE2158F1D2CF41C66FFD
6674	4272006	86E35FD180D1ABDE343363D1CD920F57693746BC42DE6606FBE36E1A11CF3EA9
6675	4272007	D5B6628876590D15A4B2BC5A94AC961DEED2BE0C0BE96087C30673F7EDFD17A7
6676	4272012	58CDE4D09538A07C8EB3970450CFE336340351C7019E7E614D69EAA1FAF29EFC
6677	4272022	D6161F0D95C02ADC90B0C46D3BC668B111BBEAA2D1B3B76C9C8E1E77FEE5F05B
6678	4272024	163046A8110C4614D062D6DB09119F2057E069BAC4289FD8048FA7373A7D8EDA
6679	4272051	A8798412C208E089709CB210A73A2780222321DF69B2DAE1F71A0C3CEA37A150
6680	4272064	DBA0F6F16CB96D21F3130F89CCBFB44ACFE2F3FFC2C731A07FC7D5EECBF422DB
6681	4272066	D79C29E1CF9CBB7CEBB6E6E6F5DE8DCF6FC24F80D83B00B125289127710EB910
6682	4272071	FD9892AB277EFD31F10D53CDB8BF6449FE52F3C04D763E2AF005FDDF7D05D63B
6683	4272076	06B5783871FA306FDBB4FE07A29D008ED2690ABB6B93A40BE8125A14684EA093
6684	4272081	20F1E1B2F4A2DDECCEF96806FE9B20D2D0B323C8AEE0F60BB303586E77781D88
6685	4272084	DE8925603D16CA243C228124E0B66FBAF9E0AA910B6422F3FEB8E2C1341E4FAC
6686	4272085	E75E562B63627A95E82B05979F3DFA8BCA2CE790C6E66CEE266DA2F57E5AACA1
6687	4272093	C4E1F27A10F6FB7B372208D71EB055F91D2DF3275EFBCF498F7EBFD54C2ECC95
6688	4272112	850DD07D5E2D7A41785E5F7D3F54AFAA65114A5D2B26336BF41151536D174F6B
6689	4272113	68E333615D78BCF65F5964A2CCDA61D1E5D1237F1480681C889214DBB66B77D3
6690	4272115	CC34DC798BF9955186E5572D2806FA92129509C6AF39D49A59EE71AC9691DE6B
6691	4272119	8AB41A242E9246AEB11477848870F8D66029595B72383C1A1C500A1C1874795D
6692	4272121	8B692CCD17E9876B885E3429CF4EC609113BF06BAC0610D8152004BC3CBD8F8C
6693	4272130	60F3946AC9FAFAB55EBF172AE06E42815E215108F6E66733651DB209C919B18A
6694	4272139	1793BBA9DB725149CA055FA6DEB0C42EADE0CFD07F584708947F0E4F873FF9BE
6695	4272163	BC798F13F84A2844E3471C0CFD1D2A1B5BEAE31D8BEBBA3AA63C2D9EFE058AFB
6696	4272165	A38A9F4E55950BBF67A59C63AAC6FEA9DB1140840DF0EA26831845F96B431E78
6697	4272171	17FE9EC2A7D929A6A7B16671F1D749287B9A48BE21EC693E08C7E63A13106A5D
6698	4272488	95B48163C35E8AA03B998443F915E61751473518B55769F0CF29B20850B0AF7A
6699	4272527	E1ED50EAFB9CC3A1886674F3965D5D220A12878DA3A9485EC05031868A9E5C9D
6700	4272538	486B6B863C0E195A5DD07246358018DCAA5995083D78D5B8ECD2E7AF9C0E0F96
6701	4272539	899F701E9657D57A80B6BFBCC83A6372EA4AECA9A9DD7B4DD7532855D1182DBC
6702	4272550	11B1C3CEA703044C191EBED6B0545AA4FE4CDB491C744A25BE59DABC0A127741
6703	4272556	17358E55C30A445CC252781CFFDA539E436D3BC8C2768ADB7407427FB049C0A2
6704	4272574	EB1B9894194D9555BC7F8D99DB837E47DB0EB50D5F7BA41FACF73BDC6599523F
6705	4272604	939577CCD362EB9EFDED3248CBF3B0EF2A81AB55856D808AADBAB6FBAA6795A5
6706	4272625	5F199058FE9CBBBD92914D103FCFA74C38CAD85017A5AD154FD9A686C24F6DBF
6707	4272666	A27FECA34D61C17E1F4CE64F6F9174A5EBE703020750A61E0387B093468DFEAD
6708	4272667	85DBF86FCB042F6C8FDA40CE788CAC10C14DE39C1879C2B42F37F38AC622ECB3
6709	4272676	398220E413A1B6372585D3C799F7CE288A739E4354D90A74585807DD293F27CB
6710	4272690	A85525DCBA96CC97E16950432831F74B5ABE202AFEFFD0329373B0D5EFE23D32
6711	4272714	BA30AA35968A8AFA7E108ECD40EE618F7EF9567298D3019B0DCDC2A5014C52F1
6712	4272723	1EA37675D8A74FD355326CAF31A363BCE01FAD71EF79AF2A11BB8A38129CB185
6713	4272736	364CDAD349ACBB856D9F4DB3944020D12D672726066E5DCDB5CE8E5F54816218
6714	4272737	2AC409E27921B6D502CF4AF9687F56ED875EA054B61E5757E2A98E18FEBE3544
6715	4272738	C2B80E9494335BD83F5FA8E86A87148E347ABBB484963179B009F655C92070C2
6716	4272739	6BA5159A0A8CBB2AF9AE962D6A55A2B57E9830D071471D43AD1FF20D1F5580AE
6717	4272772	D24D05A4D9D8768EDC024A8D5424F0221521F2B6AE44EBEEABB977C3B483FF4E
6718	4272773	F82B3FC31505DC4B55768E7711D8A255CC5DA18A8A097319515A1CB8D6A86ED3
6719	4272774	18976552C3884CE852D5415106F2C3B6B99A84764A8C11D0FE24F2631DE5EEDA
6720	4272775	070C95B523F0631AE47AF599B96AD9D133AAA58E4E9B46163ACE21CFE58A9CF1
6721	4272809	FDBA43AC0BAFBB939C60F6FD60BC7822E7CE02747EC7C89A4287DA2DC0D6DC04
6722	4272810	671458889C6A816D12DBD020862C91A2CBEFE44CC804F7B06FAC9351EC6E7B26
6723	4272811	A014DB0DCBD305C9A0221D1CE09E3A17919F33ABB453B44423E8B27278A18B81
6724	4273017	86F84546999A76F094E453C1ACBE09EE7CB9750EA64DAB293C80CC9A7F79D506
6725	4273019	50280346F12DCEAA793FA78E0B4B9CD521A2B9A3B6C61DB9CF3EFF1E0CED7415
6726	4273090	E484E2A868DC296EFE3E344B67156872FA9DC09C2B61BDA139354A80BBAABD61
6727	4273096	D8AA575E61FED0A0665C853859A8C0538A035C0F8EC6CCA943A5ECAB66BFC473
6728	4273114	FE31DCA5377E0294EBBE7448DCCDCF7050073EC4B33454C6DB92005CFBEC7446
6729	4273158	6C8B6B33D4FDC46DA371DFE4BC9A98BDC4926659AF0E1FFAB699C9B88D68D302
6730	4273182	6CF9D78D53E48A2FB81F288D422CAD440A162834D92D2A7ED7FFDBD3AF7B6899
6731	4273189	AC37837B4BA4307E71584DD46545C8AD3FF527E3394F94D5438794C4B300837B
6732	4273216	501294F54C48A7173D07135FDA776C7643B9C62518DEDFD6202A58B561776FAC
6733	4273572	84BF2DA46F8135F7092C15CFD09E7E2B8AD5B00680EDA51C13DDA2D5DFB80BE2
6734	4273630	B6149B7205774D0B920DEDEAB6548767C105CDFA4D428E8B04A374F70E6FB070
6735	4273636	64075EF99AAFF8AE11FFB460E9C748203044B515415AC16FADC973476BEA4818
6736	4273684	48A8B2349CD9F1A062B62E4314FFADC197132A57552E08CFDDB5C3302AE5EA16
6737	4273686	3AA13FD0A3DBD7CB72FBE4C3B767D35FC781D84D04AF961B4536225066DC2ABF
6738	4273705	BEA1876A115B72545261ED4D697E86ABF5776697796D4A7197BA86DD7F97D170
6739	4273706	41A0C800F291DAB7514A157071028D15297030156F700977C1A10E755FFBB355
6740	4273729	02E3FEA536041435F50651AC367278CABD4C64BAF158AEC7E4907807335A5E78
6741	4273730	9FDE2E83166C268F0393EB0C852F257B9F2AE922C4A0FE3356948C77C8F25861
6742	4274084	A7E941D7B8175C16D950AD72B0D23D9933DAC1BB3AA9CEFE6145B3D6E5ED266D
6743	4274088	9815FB38A227E63D744C5BD5655ACC23AAF78F9F89B7FA06F8DC8C4B0D3A5404
6744	4274096	88B920F69C95653F91C165CDD141072D4898164D5C0EB148891B86AB6C190448
6745	4274146	9F54F53B2B81A982288E88D0BA4BB7B89BB80029B19BCEEF0CF2F7AFC506DE91
6746	4274152	DB2F6B3869FC0CFD2CA50A8E64B04BD5C63DA02B61DFB531B6CE0A1B914CDB6E
6747	4274224	9D242C37F17BDDEE42A1E7DD19193FFC23E0EFC944D48C2ED9EFF47E6C8A0008
6748	4274226	41DC2838252EEB88AA09945D6F4CD37ECA77A378A8CBCD638C2C075EABCED9B4
6749	4274246	68578EE33BB446EC04006A77B4869B8134F323B4484F2E4403F74BA6FCCC9ABF
6750	4274289	89D092C6F49F922E17C9866DEE1A1C665DBF00EFB0F36701FD38EE579D73D8E8
6751	4274334	12583854400652F23196136BFACB83125BD8C8E10B1AEFF90D14E20B55735832
6752	4274335	BDC591706FA93C7573E1EAC487EAF9A26D9FA092BE613AE4F92A389CC286201E
6753	4274342	ECCCD94966185F8CB64EE89E20772887996E7F5033D97FE4FB4C0EF3662FD474
6754	4274343	3A4A68B05D78F8273794DF10CA3698D659632484694FC6B8A61BF90398FB3198
6755	4274430	17D0A40A255FF218BC14450AE8EB029E692C402BFA27CFCA7EF75C5D7FA0F5F9
6756	4274518	8E712D2EE9064B777230326376CD320A9890A93FC8C397E6BD7CF4873D544EF2
6757	4274531	825ACD1E0692B491FEA110ADD08A5FC91A025C540CECDF63D4677622D59C7ECA
6758	4274541	993C89A44DFEA685364651050A59FA0A9A70BC9EF5D57415A9AE6EE3110D1B14
6759	4274555	E8E64D1BEDFCA5D2CBBBE172B6DB3BE70D9D359EE4395CB4E20CDB63947CD0F2
6760	4274590	6A5CA61C7706942B4700562440E25F89AB2AB9DBA88C4E91E452F8FDCDC48729
6761	4274600	E7371BD25C1C7F8E58DCA2252650180759A983523408CC6F5683CD0AAA9E0A57
6762	4274636	E70CCB07443C58C9541471C512BB3F1E094CC4C1E2ECA5A78B58EEFD5609FAFD
6763	4274637	B411E29DBB02BAD8576B706AA91D46D9B94E5E7E60041096359B93BAC0EBF02D
6764	4274646	5A64258847B9CE2CB1349685C2A829ECB4071DA6B55AEEAAF9E947D4CFA0446B
6765	4274647	8E7EFA5FCE7C4656A1FC70F7804D3CF54A721E6BC3E939CA07CCA9B53656A044
6766	4274749	16F8624422742217DEBC744DDE2D9B190E5896C5B1A928E44C79ECB29C24726C
6767	4274781	90269DAF7C7D5D40F8E51475B8B303472EEF27CED0E7F448CC86C51642D02445
6768	4274784	39B38C9E7625D4D499B67FE97909EF519566EEE0193DEEEB28A30DE59F215535
6769	4274821	6E5C41C7DA1331F330C7F8F14C599666427918200D1182255226DEB9F487E938
6770	4274832	A7A2EDFCE23617A230CA7B77888AD78C0AD9F5CF23F87B4BEA340150BE1CAC86
6771	4274884	FF1477540263C3FB63621B99155746EA8EF2F8CFA076EFD43F7E93EF391D435C
6772	4274885	968A6ECDA232A7FC98E4B07C1CE26273E3D32944B7E969427EA76ABE82BFE515
6773	4274886	74B681B47C427AF278CE6AC3C350A92BC2031E54EB5294FFD3B78F374A6FBAAE
6774	4274894	5195AA018A50AA9AE1C0B1EA0178312E9FC05861A07560807B929172F976FE91
6775	4274944	735A89EE7532855412CAE77D9CF0D169FB244C7AFEF289ED007E5F395A4359DB
6776	4274945	9D498B0D06E997D1F6DBA16C6BAA2BC6084CC6A991A20190D36AE9B3D93EE15E
6777	4274946	DB1233722FEA3E2C39727353D44235D280450E57F83F1DC8925D4CB22DB70BCC
6778	4274951	9766BCCF488494C9A46D8E98C21E1EC38545782B547EE79C8933E189E6972EEF
6779	4274952	75E1D98DCFE1E38D7F3ED9A3274CC6AF6B11832C7FF2E44DAC07954F5D4985C7
6780	4274953	B8F24AED9DE190B6F1EFF5FBBD088D51A430A2D1CA5FD423F604428D6AF28635
6781	4274954	CCE3C4D495102DED237A3F82BF6E58AAB96E985554E9820CDD453F245B1D8D41
6782	4274962	2B25D08F88200CF9706676BED8BC2A353C4DDDF96B3BA0D8EA4E7D500890B9A1
6783	4274963	B88570AF92AFF8999DB06943C05C9A41D049B078D7275D98E2424C23C9A2D061
6784	4274964	C439388959ADCBC0953EFE709DEA4FFDF20FCC17A36E97B4C461267BC8E23A7D
6785	4274978	28B5883A180070C86F4A3CB96BF6FE6141C52BD494F6838FAF7529BD3E42C932
6786	4274994	B7BA157A63036F5D69170F3AB9B759A1D435E01FB761DDF5BBE50EE3707B2A24
6787	4274995	06A2C611A81C95111CD7420EF249AA1B92D1F9787D208EA153C69B556FB1A9C4
6788	4275008	11F230856199AF566EAE2C00EE67C22FB8A7B44505CDEF2CFED37AE76D6E6A67
6789	4275010	383386773AB5BEF869A99945865A676D6EF479865488047528CD92C78D2FA69D
6790	4275039	631A8F09799363297DC38AAA02E3FAD21F61C94020EBE12D1A6A0F15B8C523B2
6791	4275043	C20D53A3D7E78647085B9FBDB3FC92E98D6B53FC0DB0428B660649FA207C6A13
6792	4275045	2D53B88797B574E06E783A120D2EAB40F0531F646D4BAAA7EADFD6D0375A76B1
6793	4275051	87531E6055A3681F8F267F6AD5C1D1F192808B51EDE2C0C463888775A240F20E
6794	4275260	BD5920F92D98A7B84D372B3A68EB4F58FD78831FD07CB9FD009C142C7BD3E439
6795	4275330	7AC2DB54D46F78C2D5CC8C098C4ADE40E9F44F750EC69BC502E3C8B56B8FDB51
6796	4275560	B7A1611C8F0063AADCF6067566BD07714BCE4997EF2043159EF7F968FAC69DE9
6797	4275630	78DB296ED8EFA1480B6AA15D4020146CBB50E7009825A52E09224472F26A0986
6798	4275860	5FF79303E9E1515986FA70652CE2CC503F5041670075F172F4E1D349E5AAB781
6799	4275930	97E762EB197FF828D35D234568B7504291C4F7D92B4A4DF21554E73C82363E4B
6800	4276160	0AA3797D1B9E27228C615B92B2B28466846B06281FA260CEBC1EB3BA560BE8C7
6801	4276230	9CA9049F29999F9DD635074A120877A664DD9BFFE3AD430FE41FAD569FF60D0F
6802	4276428	57F9149CC23C0CD1D0006EF54BEF4094CE716C269542A9D5A7C5B153AE9DAC56
6803	4276438	9251B453FBC50F904DA414185518B9805D3896572626CD80A070614DAAA527BD
6804	4276440	A2DCA39362C5D4B6D8D3739EBE586B86755C743B786532E8995C425ACD2CEC20
6805	4276478	0FA9E1C05A131253869F3C1E13772F1D1CE42391CD3E57FAEDEAE8620A92EC3A
6806	4276484	8EF5CA1C9B1A132DDA70817B1A24A345F4FC2F595726525633AA0C7D219FC662
6807	4276486	397DAF513862BC78E3B29598A6B30E204F897B04942DBDCB4CAFFCBA85B880C7
6808	4276496	89DD96737D59286664A5C16AD8C4C6B322DC5477B84DD2F4DC8F72219D294A36
6809	4276697	B5ED157645F996A6ADD972F383F76EBC3CFD955639CCA7B3EF4A43E30589A248
6810	4276772	CB0B0D530A9EF823453826F5C0D55A221E5F45F1C96FA94EFB7D2B5BEABF0A98
6811	4276796	6E160224E7115DC03A4EADF93BC267066A3D01887D17E4022DAEDF505A3D8E6B
6812	4276798	EAC358A527ACC29C7167BC6560E208BC28F4A925E81A5D28828E414EE334CD5F
6813	4276800	861353A52ECBED08D28DBD50D4949F653401F82B20581691CD16C281A4E5DBAD
6814	4276808	CD396FB73123FAA8C85087B910A258AA049C49D8B1ECA1B0A7AB488CEB325A0D
6815	4276838	F8354573A3C3921F7135DE3EE27F4D8499F2B2CA389B271A750CDCF990B357BF
6816	4276846	02B70F7C284D534ED93BFCB1185B3F9471ABFF7C369923032C84A2DCE2A1D207
6817	4277148	F1BED98CD80CD629A2C38B25FDD41F5242FD3EDB52FCFB20FE634490246F6485
6818	4277156	B773DF08F9544172C450ED6EAAE2023779487E84F8F8825DDEB5888255DC2717
6819	4277158	AB03BC341E5F9EBB8A7067EBA00E7B7C5C2E8883B8A35CE817E616BB1D965B34
6820	4277198	A6C35B1A9DF4CC9169F88A2B145493DF7BD67F3956D4D367558A4EFB123FD200
6821	4277250	1ABD5FEB069C3D0BC0DB0D8CFFE13B095332B9621276F73B0BA8C89CEEA2EA52
6822	4277417	E82FA8194E7C8CDD18D47D37B44E62CFC88AEF4AAFFF8ADD52BAE848D2C98B87
6823	4277508	D5B3EE3DEECA6F92A2AA5095FE40A785D7E6C9AED7B7B57885ECA1C724B68902
6824	4277516	A48983E4F5B8BD28022F4A2CF3AAB2EBB8C8C13532D94132A56F685D0D882E81
6825	4277518	C7C13459700187058824999D639B6D86F7CCB659296C522CAB0DB4A02DD10F2F
6826	4277520	36387C73EEA09BAF940E340378B0605DE438A52DD11D33001A2C2D14E4F0DB05
6827	4277528	5A6EE28179CB0DC819259688D4BE4192DBB651AD22BE88BB80D755C74DFBADD2
6828	4277558	19D5D1256DB5AA89E987CEF8177633CB8667A23B6A362665C01354D4065259BA
6829	4277566	B23C20D6736AE913434CC271ECB520C83230C9E89D0B06D411185DDF07CE8771
6830	4277868	6FB90726D667E2945A9C4D87607D2DBA03623B2AF47CE6CD627BEC1532A03D76
6831	4277876	7F647C533FF0E66129D81EDB93897B5928215103C1CA97AFA183BE56DD8D0FD6
6832	4277878	2CCACF0137BC5AF9F748F6CBA20724E38C4A33D0FA915E1749B45865A664AB2E
6833	4277880	8F708F4DCCB8D51B8F3D0CCC9B370FD6EB68A5B5522D36082780AF2F1E4B0DB9
6834	4277926	B89326B9D6A63C01B12AA8E1C60089DE574FCA166452DBB6AAB40759B5A915EF
6835	4277936	B9856BE664CFD894280AB2517327CDAE86BF76367F73A15E06CB849C0D18E65C
6836	4277970	5F2722AE43FA9FAEBA9D991A00E15C2A74F741D4AB003B8D25CAB3FE3ECB3951
6837	4278137	0F5D1D9B83BB8ED4DDE7D35631710CEF096A4B688FDCA29865B27D1BD3B68058
6838	4278228	D536F9AC0773BD35D7476C34659333D09D357B039524A5C2E96AD4D903DE6B9F
6839	4278236	1C80DBAB9C455F2170A741D36D404ACE75D73DBB2F301C418F61A7F5CF4B5209
6840	4278238	B684A4499EC81C999B303302635B9E9486AB784C4CC7A7FD1060C119CFB4A0EB
6841	4278240	79773047B3A613886569A0CEADC9914F9759B3D7AAC0C75C5D37A33675D84261
6842	4278278	5C94B3907782E5BA3FF52F2CB155AAC55EC4305890791AE87BE7E63C0C452A3B
6843	4278286	AF806840F37794C684CF5F3165BFEEBBE2A533EBA31C3B70FB2745F3FDA9BFA1
6844	4278296	711E0D6D4ADA5A3364F9E8B6B97E5E2703627AD17AAED68CEDD4EA00133D1EF8
6845	4278614	96E936FDF87F9C2FF074457FFBAE527973C2AE85819BEDF1C3AC373588EF8835
6846	4278672	7EBB0433720F3B98C2DE2CD289C7014947548937CE24F1BAB5849B0E63C279BD
6847	4278698	766340E7353F73DDE70E0DAB29EF10E240D1C85DCB4D2D74062618C78862ECE5
6848	4278750	F8D589E903258CF082FA41EB8FB9304414A36C13A2EB0EE3C85EDBED396BBBDE
6849	4278811	34B15BFD6B47745366FDF2E6C81EE44AD76F437B92FD1758C86B0F11219660E4
6850	4278817	B9CC3AC3B298F4E6335F75C62CD4C6F261075154CD6B911805AE10BDD5416521
6851	4278834	79FE8539F7F125EB40A27C34DD3AADD73E374F0BA9D9C6FF52A4DC1F117979ED
6852	4278840	086FC77325A5F3024D36B712E6F9C4A630F325046A0BE96A019AA8910F136BE9
6853	4278974	F7588FC6D56CF0013AB3A13C17923AA825DBA1BCDE28023E57704857E97B1D41
6854	4279032	FEE1D3E1402F47C5A5BCAA24436937190D3A078ED1FD7CA33702008D563D1A21
6855	4279058	7ABD12AE696756C64057330E485F19A81B96E66E7CF955E0D54203B03009AF45
6856	4279110	1AB2D2A2C72F3508E45F56CF5567D3A6C5F2D79DAA4A971D3115B8EB9C638D17
6857	4279171	B7FF3B006B24D5A5C7C91A4EE1FE63DF67DB7FA60C98504518E4BE41849CAC75
6858	4279177	35C3640B1510D4130B70CD23F5DE92C3475CA6BF9E2B82FB0730378C8645B9B9
6859	4279194	6FEF96D744241271BE0139146A7D05EEBCE3DFE5700656FC3EFE7B5ECBBA8A4A
6860	4279200	94B6E9FA695A0E535F425A9C75A9F62CEF76D2481B36B32FDAAECAE807DE3357
6861	4279334	989DB964621F0E14B529036CECDCC07FD5E4EC8E416C5BEF57FA2CC65948B9C4
6862	4279392	F42186B2EF8170134B5BA0B30FC8A7E9393DBED934E56A2445F9C0341619CE8D
6863	4279418	8BC7A50B8CCC63FF29264602D5338A10E98DB956BE428DB7B79836A390F5413D
6864	4279470	30CE87D6903373AE708BD7C77DACDD6536864C8E73488AFB7444381E4E46B7DC
6865	4279554	B58C504FFD5BEAED24E9E722001860CF0F3AB97E10D0E171115E1B56AF587D4B
6866	4279694	3E2710A6D9AE3150331A5D1AA0F041DC8FC6F51BAE6884FD82F8323D295E4456
6867	4279752	B26439C064FA1B602050EFC70A30AE0E12D6D0246BE3951EC6B4D24997726A14
6868	4279778	882CA9A5595E4662057DF159A0F8F7A023D397D8B17C48499EB5CC7089F8FE78
6869	4279830	A2E2EB28E1DAC8D4BC4BBF7BE735CC81F5DEACD95AB31A06CD4680B60CB4B504
6870	4279891	11E1C980F04497B98CE7A02041418AF0ABFD525716EE218C776C322BB49815C4
6871	4279897	69C66560D32CA0B1822D2EE5746057642EE386BE9DCF58671189A8E8C497D589
6872	4279914	D0C298F0B1BC09C5A9180572F571A784E1FD94151220543C734E40B48F1AA00C
6873	4279920	69DA6559A71617F3ED4FF840702561F485C3B92B71FD68C75E33D1CEC123747A
6874	4279953	FD24896B2653D5E15E397564C2C522076CF4E31016257896258FB01041C4C3D5
6875	4280054	DE9E10DDF2FB6C648BE093FC89E52E027F376BBAB251D4C2D4BFCE722412D479
6876	4280112	CEC34FB00C13F9BBF4BB16AEAD11DA86118A1FBAAC24423B945C1D421BE70D1B
6877	4280138	EC80F379595E0D7DAAC9A1354C2E1F2B81FFACF0A93D7170BFFDF4A57EAFD4FD
6878	4280190	10801F51D5053A060721013BED37C6A14B9A116C9098358CE609D0E4857965AD
6879	4280251	3AFB57F8E4B9E2BC3E346CFBD3BD5D143EB9A4C7A896327801564F1C50EED335
6880	4280414	AC689407E68CD1038F5A34081EF23BA441AAF3A5F6F904599807FE32E001C3F9
6881	4280472	CB824F7C4FB2A75DDF99AB38F4749C841EE87AB46439EDCB36EAA10D017CF5ED
6882	4280498	3E0E05E6F9B3B97178E730FFC2B2712527B92D93F2CBD80406CBB7E7558BE278
6883	4280550	3621BD9320800310168B5CA898323400CE48F22BA1D4B978701ECDD9141D8F2C
6884	4280679	543322D2B6EEF043EF1517B29ED47AE06AA8BE82CED61AC21B270B648C1CF772
6885	4280850	6FB6A75FD668464EA7A547FA14D5FC05A7ECF5FDF0E06D5AF00CC64282D5FCDE
6886	4280861	0E3518ECFFAB2A7879A832B19C0EB91BB1273E1769CA0EFF457C2182376F8E1A
6887	4280911	A50B00BB88C60C0133244B226A1B0C05253AA74BDB33FAF25C9CA2F257C4F769
6888	4280912	55C6522EC8610661288BEFE2EF1303570C35ACCF107BEB6E5FAE4CC2C1E53D83
6889	4280951	35C62E2F24E4CD6C3C07E1BEF8DA3EFE2DBB2D3AFBBDDECDF15A784445FA49CD
6890	4281052	BCBCF2BBBBEE01AE92392A20A1C1B95AC61C943AAA7C5F278E06301EA8E67B1A
6891	4281053	181560C76FC12ED7110A4FE64FF4A97612E5094B251BB85E4694F5EDCC4397CD
6892	4281062	612DA22AC30E85C8405FF6857591427C95D0033EE60E1446CF482064A70BD80D
6893	4281063	1E3C77EF5F5F3B0E367712D00E0812CBC7B1AEDB00AED16E8777E541628E70B0
6894	4281092	BEEEC7D26C0C43591F50E7E277DD1ED913BFF04035996B5EF064938932EFCA37
6895	4281098	B41CE23679DC8735BD8A95A78DAEE5A7EECD60A1D2B26107B303BAABE60E0812
6896	4281145	66A25C902218E8A3917E8B7D65892B3D3919014A4357D8E2B4CAB559C9433352
6897	4281181	E3B331632CABE2449F457C7B71EAE749A80946BB912231BC124AA9F4D4CCAE04
6898	4281183	8D97BA5FF47175ED2BBF9517A180D5B426E53FF35D73508CF54F1FADF34589AF
6899	4281226	1FEE381AFDE6DB177C9376CE3406B7FD4BF2F8FEB2B22F3B7DE61E53871261AB
6900	4281227	64E55D15FBD91CE07A358BF62148FCB8C2EA714F5BE67FCD1F7A8E1D7B2634E2
6901	4281451	7B026080BA5FA85BBA1E0DF4E405BF982C6594930F6354B6C1C1048596BD70C5
6902	4281464	D859F683300DC2AB86120F036585D42A161AFE638395B8414FD11DF7760C1238
6903	4281512	7AC62E226E4A4E330F713C66CAEC267A937F802755A9B84BE31B6BAA56D9A022
6904	4281561	19B590FCDCA5787081BAACDAB2B7EADA31E55FD0E8DEBDF333059D0E780AE706
6905	4281563	4CF23B404A1B5FF6B0C750DF609D458E3DAA80F389D6C9E80EA2EC163A41AF2B
6906	4281943	A88B97D4BC245F463658BBFDCA89ED867C4A498D120BF963009DBAACD68EC207
6907	4281992	0958E0FF73FF707D005FE462DD7BC76E0EFDD2CDD5D48D9991BC01552F2F977B
6908	4282095	E52D9CBD6BBB805F51E2D68CDA0C461AA118C51D124C98D9A39095953146B507
6909	4282101	CC7F3CBFDF229559A222462EC896BCD7CDF74639ED12F9EBF35766346B57B22C
6910	4282209	EB9B07CA8FC7230432A5DD4A7B68280A08248397E9C0C0A017126D5AF43C45B2
6911	4282306	7DED66DB8DAFF87A97067B9F14D612A3D2D1743717ACB10E67032D5B69744E24
6912	4282480	D280FAAE40D4B8C7A820EDAEAB067444935B12ED25F719A83784DA8F70DA674E
6913	4282483	F54B207F595930A83D6C6DDB3F2BA13E1BDC5A43C23C0FCCE97F4BC066A91581
6914	4282541	D29F2FA2682448EF76D2127777A7AE4BF4DC2297F9D49230369BCEE92EF4903B
6915	4282545	D9096DED3A3852A99F65AE7C15A03490B3E29E5FF5FEB3303B34A60E86330BB5
6916	4282593	C58F8559AD8DAE9DDC5E811A529A2CC6CAE1996134D0A2038E001851F072E196
6917	4282605	D5C78A2278123399282851A8312309D7B711D76480043FD38903FD0F3EA209BC
6918	4282641	AB9B39D6EB0EA7CDA07DD936568FEB203218F5ACEB0556CE50DDC5AF5A223E19
6919	4282685	5E1978822B9949EBD80C7858F87653A014E8A532C2E7C44A37106FF1FC02317A
6920	4282748	847B55176A98733E3A89CEF15C6AB448E8B1F308638C6DC4CEDD47C1565176A3
6921	4282749	378DF7DF78D7B7F1735C18810D4B2F03F93747D09436F5852F92240E9FE578F4
6922	4282765	82F414194948D75E93B6BCF2C93728C6257B0DCC8FE9707E24626A4C3A8C2EC3
6923	4282767	A6E0BD97E5BE7F5AF5566E5CBE0646E5192BB8E8BB09754B6A5CC0D50323E14D
6924	4282846	B256773C16AC526E585661171A28D0AEABF17F92DF4F1D107AB8917DA4079D6A
6925	4285169	074BEB3D4160AE311B35D9EE3391430CB5C4D052EC6E14CF21CB8864EED3867E
6926	4285181	81C8FED064D8FA583C392273765545897F6246B75565E63EC80328481985E895
6927	4285230	8BA0B8DF9D04D8D30C234AE4E4026481061BFA9D40FF7A3824BE44179C8A48F0
6928	4285297	FAA79A85E4808A7D89786FDA04C93B779A331CD639BC0CCCCFD82C545570001E
6929	4285307	CC09B63A7798B6C03FD1A5EA1E49599534F65CDE31F58B90451F9DBD80042A0E
6930	4285341	D1B116AA6902F7AB1B92ACB41609C5A3A70394E5E1FB8E1B46604C8F842EE9B5
6931	4285431	003382D39D318A6C5E0153F5C26E1C4FAD41D6B2A579D031D5EF513DC4D525BD
6932	4285464	667D1D2AAE9B4C71065BE2059B7D5E6720F67388B955827821B48CEE592A6801
6933	4285467	2150926C9156279A54337D1352F188F795F4E3EE58D9C2D0D302FD312AF2ACFD
6934	4285501	A7DB0153BF35F03958320D5E76F3075178D44620631F0FBA7B5D0BCD34DFF36D
6935	4285502	112A65E587E1729E01ED88548D3F22CB0B1368A14E7CE07C5B813B08FCF6BAC9
6936	4285503	B9ECE633797FA06A922B7DAA4B366D3796FB875AD7B90BF617D43ECE08BFF79E
6937	4285544	C8C1EB7F22D8A94A1B81598E1D58134611F9707366850B2A70869416DDF44B73
6938	4285545	7BABB0672C7AAE6B42AFE2D045F564DDB003E541C1D8BF0C04081AFBB074F96E
6939	4285547	6F06B825F66F14586244450323EFFEB0D1F3009C99D6CC8806C9E06FEDCA1A28
6940	4285708	99A8D384BB8E9870C33FD406C1F779E4E1A4AD8A3FB0F5AC46D436FD4109F50C
6941	4285805	78C6953AEDE076286EE69C8097BEE99DB72B167D96B0C67381514B51ADD26FCA
6942	4285845	9AA102B9ED17DB3EE80BA5899293E78D3B6B7F5169B717C5C6FAEF59FFF5FBD1
6943	4285847	0DC5F9AFD8CB35381757215F93ABA01875C949173C76AC9B278017F4E0C6EAD1
6944	4285855	89908B617D70649102346129045C06D464DCE85F18CB7EC4E4ABE920FCA77FEA
6945	4285971	876FAD6D5D75212D814488C7EDDB00A6D0FE42902ADF7979C2B0EFF99FF6C07F
6946	4286260	91D6315E9D0A11BAE222D55A8596EF3E87B2E139656B83F94C4D63D359B43685
6947	4286309	FAFE5C11DCE2B53E8621B84CAB8289226235A3689B848D2B0AAF54590186A164
6948	4286321	4619391FCDA0CCFBC91B5856CF79E3D03D8819BCC05D6F49248C1ACC16C728BA
6949	4286387	8A58DFCA44A1EA6467A7787490A4E906A5A0BBE7ED6084F652EC3A9158085E6C
6950	4286393	620AAC661D521331007F21AA3125165AC062FA0D6DB4D86DB6DB963044A4B081
6951	4286395	AADBE4CE72D3C4FA40A51FBBB0A8A13C1BC738C1DE90A452F4C05D075EC125C3
6952	4286405	FE17273DBAA190775AAED8B7D3EDF209BA8343A4157B4DDCF64136AAD1F13E5B
6953	4286413	29FA9B072982BA08EE4D894D9A40528D5092674FD03BE3932561ADD571EA4A61
6954	4286423	2308B14AA89CC59B25BF3F5E77A0BC25AC89B0CC7818C113A2945EE86109DA49
6955	4286453	48CF31AA44EA8165D5948F568AC4C7071A7C2ED68F43C8C689BA96C0AB34828F
6956	4286498	D7837922AA5D3543AA571EC5FFD1570DEDD6771D08D20F05510BE0C434D63368
6957	4286581	887096F0E9AC85CF74C6B98936222D32F430D69C16BE11988E7097FE1664EF28
6958	4286625	2F45490E0F251384BC59847F1A5051F96B7BEE32A3371246DB2E16320805EECD
6959	4286797	FBE3F93015E03DF88DA2DF40C67F3B53A581D7A7C34EE955DD2C00FE4F01BA68
6960	4286800	BDD1F903F291AD4E87EDA0DD3D6F57EDB9583D41F25981E4A9D039671AA173D2
6961	4286801	17260BE23B86289C4609C9C3B145440B679D8CA91C98DFBFB062812575548ABD
6962	4286850	94F311A8ED9767DB863D55C36BE627D15BFBF226222FD38775E156AA2BF4D125
6963	4286861	D54A1B2F03628F8A25ECF4ABC2E00A7F8C9D3A90AFF9F9096E958B6A6BF3DCD2
6964	4286917	DB31445A8951355E9E0537C67D8B735F77636EF6D93BB044E1E8F69D77B886FE
6965	4286935	B492095DE252267A0690E36D986D72AA96F2AD8D86ED7D14BE172315A2D64C6D
6966	4286955	914D894D4742D765DF7AED1F1A224C407ACF0E63F3F7E11557D0A61AF3FF06B0
6967	4286963	59D2D49248279DF436117BE4448839167988C1A2C755295FE52596F573E543FD
6968	4286992	FBA79DD09208EEE04E1B56323304E458ED3BA5DA6D5EC9236405C6B6ECC9575F
6969	4286995	F5AA86BE955072CC66658B3011DD66E115406054758F53EBC3C583E867DC4523
6970	4287050	05BA031566073BD662410301BF50C9D5E86CC50E6D15753E7C3FE663E877B770
6971	4287087	A9E0867551E4F2D443BA5573236B9E4C86E3A92C1343377B25DEEC3161800868
6972	4287333	EFB4F1C4A31FB5C13B4927899BFFD17D3A0E66869F3711E71C72806C0EA4AF94
6973	4287352	1FA57B0B9A2CAEA474ADC2FC9C95F5AB2EC018FA9832E66DD487E53F8A5B6A82
6974	4287388	9D4FC37335CE8C06D9372523122BABE0BC4EAAC7957D20073F0E2CC0ED0B4E55
6975	4287395	775D93C7A007A05C3B6C2AF08786634C29C5DD01E6818F1834BF04D8C3A6F7F6
6976	4287396	E3333634B0637457808A3D1E4107FA546BF476D593E9280B333E297EE55C79A8
6977	4287397	3F077B8D0683645D6D9EAF065786D72FEE765E25CE0F88D19F06109D26DECE8B
6978	4287415	FC5C73D24572C2AAD3CD158F3E5C099976A6D9D3E1B0B55D30081494A52AABFA
6979	4287417	91F3BA47EE7A652AA3A5EE22671FB9AD95ECE6C23DA9A8734CE8D809DF2D8B14
6980	4287449	F0D9838AC3FD40AD404B690926CD4A859C6556455E1EDD23C9E1CCB16BA6BD08
6981	4287509	18B516E153BA6CBFD94C040F7AC1983B0BAB8EE2E04B2323C35D1311807B3A80
6982	4287537	E7EF429D2E6CC7B51BFA33E57F882FF4AD4AC0693F1FB0711DDCC28B524B2A6C
6983	4287538	30BE2EF02DFE6F9C28001CAF621848B97115FF3467AA98118D79AFC19A422B38
6984	4287553	EB4445D059B85B4C886849D1FEE217E1CD64BD5D4EBEE5024128A05B9A075790
6985	4287621	489C90987D216D63CEDB6F37E5851F5E8CA4BA179113CC02198D7D43B20D82BE
6986	4287623	E1E6BC22E136B74C8730F28A4B72EDF492D288E52A26DD5F0330E526CA6F94E7
6987	4287657	0DC2326315A395E42FA76667EC2FEBDB281C73B385C7FB3BC96EE2DC47E6F1D4
6988	4287659	57FAAB7557E1B46337983EBEECDFB443AD69C6D7C67F69624B6108343BCE6A68
6989	4287698	7F7AAA7E5F6001C5E8BCB383AA180FCE1324D322D73F596C615316F9A44F8FB6
6990	4287699	2B57140DCA04CFC4085D8CB2342D925BF4C4582B095EE94B005EC87556C05EB4
6991	4288093	2D852A419954E96C5971C8B148A2CC9E9D9066B62955B4A29B8B18F2CFB82A21
6992	4288139	AA25BD0A160E02BBA253776B4EDF84C8A90E25F780103B6F916C6F2D9F31EF35
6993	4288145	DEB97C13A6D582C5757421EFAEA7B00F0618B141558A67679DBF0E9853629C9E
6994	4288160	E0C9B172667008176232CB0B7198697436898A1785E8E98351583A581C1C4F18
6995	4288435	AC04CC8A26970CC71D73C1269FDD52A2AE96A91728FBAE44B4F9E5854076D4B1
6996	4288494	4E1EAC030622A084DE8F6ABECD9B79D5F02FE47EE4A20DE5D6CED4DF9E91091F
6997	4288557	578242878811C7B15752FBADAB7989AC6C69D0991E24BC170385D925D38D5FC1
6998	4288649	019D7EAEC7BA0EBC7C10607801015B4B4EBCE22F65BDB5375586021DB83B4110
6999	4288953	04632220619E2B9B7740C728A4D756542A2E203E6FC728FD4F952CA315BEFE6A
7000	4288954	839A91DD4F5CA9E4CA47633DB0D500CE20E096B7E4A5ACD839CB2CEE0B8D3FA0
7001	4288955	C83D99209583A928F62FCB7AC7F6CC752D24B5D0511346B302131C73F937BEF6
7002	4288973	4B8CBF3B2485E236EA33EECFCFB207E8EBFEEF3A207BEE1E91E0C8F6D056B724
7003	4288974	A444C20279B572F9644306FDA6707B21824D58171A79A5771C03A7B4FA318ABE
7004	4288975	7905CE5019E395CB961F824F8E15404175F5359A6EAC2FCDDF4150F850262882
7005	4288981	F1558520473A1F9601A51E13695FC3D44C20136AB0680FE43910B0B7321F68CB
7006	4289015	5701ABAEE61E4BBBC4BD25FC7AA87C22522BAFD690E70CFAC118DD6721619B65
7007	4289037	F6537E48F14066058E9343F8EA124DDAF744188D1CE133D67622C6667F3697F1
7008	4289157	C25F6F319EBF2FCC5E095E195A4BA63536884CE0D35536B26E71AE9E7302340E
7009	4289189	B4621A2685A365EED88D06EE8874D9FA16BFD697F47C47521E6094EEEB6C01DC
7010	4289243	8E43F5F90D42ACFD049FAF1C3A0530A16DD1266606CA02AF694C930077A554AA
7011	4289407	7392BFCB0B6337650D40CB10E875AEB471802D2424E907591EC5C4097E239675
7012	4289413	9A2AB3CB81F184911EABFEAC6CB75ED1E420F07BE6E0142FEEA7D5215CADCD31
7013	4289423	1AF4A2E4EB9F6236BCEA0983A89A7BEF5D362AB28E8FD441DECC367F6ECD4277
7014	4289424	B8CA1BD5AFE1A898B184517D3B995BC03310D7E1162F83906E4FAD49BA170FF7
7015	4289426	EEF202CEB4045FC0A7628ED8FE8ED5509065F26D7E7FA09036A311A776E22B28
7016	4289466	FD12A95C0CC01DC68B1D95957B7ACEEB61DB87B684F0A030371E12B10D399B0C
7017	4289467	2E36F116AD8511296C6FA7D049E584EA7372D4741473D3BC76E842B70D3FFF1A
7018	4289471	3EC92300A3E886026DF5B1992286AD715736AC2D88C0F0298B3AC4D9ED7FAE4F
7019	4289485	71E450A1FA6EC6DC125A6F286DC80258795951FCF9F751D4E94B78D2B2225666
7020	4289515	E9EC9FBCCCE89C8364CF4E6531561A66DD05854D1FA9F54E0D991AC81E830515
7021	4289518	AB26117D9EE9461E44FE863D83103FDB909ED577EFCA03A40E0F49A728BB7557
7022	4289520	79FEEE4615AD3474EAE762D565724B6452E5357A4F631FA3A1636BD215354C13
7023	4289522	D111F8CE1DF5E954A054456017D6F55A47721C9A40451C5E23179AE060FAFC1D
7024	4289523	4D91FD0F41AAFB71C3E5C54671DF4153040F0D20CBC321C7951B390FDDA125EA
7025	4289528	EF48FF4AC8FD410EC9450D86F6B06435A3BA5FF7992BB9D497E5107FBB7DBF8E
7026	4289530	5D60A6E67ED6C365136759FD848A9DF7AD780E3B5EA260AB5F6A4EE754F405D5
7027	4289533	8B09EB3EB692E9EE2CA452D2C588B4E562368C7DDD2E60EE784FD46FF35B847E
7028	4289563	867B708674CE6A11E80A78D38B84345BD8C21582755C78F4516462C0A7A0BD54
7029	4289565	52C96B062E12C430B7CC06E9B40753BD835C346435FF6F0BBA18175917FC4B6B
7030	4289571	E74766FB7A72D27A1B1892A887048783CEBC4D7D2D255DF6273A18B987B21C3D
7031	4289598	DDB15F8B7794D5DD6CC7CFA70ABAD2004FA5E5E3AF1701B0F880F8D3A0C29D42
7032	4289797	0939E391375994A2BC95FB0E2A9FCEC5BED0A8FAC9D33C1BAEDD15B64845A9C4
7033	4289801	A94CBA34E7590D13658BC10FB0B736DD9437F6259E7A4164C06498E5FFD4C0A7
7034	4289861	9E04F1E849B745BC4805DCDDF15658C2F345FC09438B6C5334E2045CF69D3FB1
7035	4289880	CFD27694440C8ACBE47451858099C84764CCBBE57A38B5F25E2C33D4E97B3AB9
7036	4289881	7E7B06BB9D2ADCD01E1814942F8E91D720B20DF5E3E0FB7B307689491421BAD2
7037	4289903	B222F8FEBF313FF87AA533CCA7BD44D9145CC56F2F1F591ED158A35D176E463C
7038	4289922	B50E1068AA764176C1A8C59415DD49113028C93E6E0302C06E1DA512C486CB76
7039	4289923	ED4592642E65CCEEA120792BEA554B785C32B40F2483B3833AD4295AA72A6018
7040	4290074	C9887A6745B7A0D1AE4A59561D1B79DE8B6AF3A998851842FD5A228F2D5B083B
7041	4290137	1F3719ADAE079FC1C9BF017E17119E2377DAE181C1D3AB67ED3BAC9063F19A31
7042	4290161	8AEFC79957116A34F465E7DBAD4571F40B2B51B394492DEC3E9EDD40D74461B0
7043	4290221	56391A383110DD0AC9292623CAB06EFAAC92E3A88F4F56274613B1188DCA5187
7044	4290240	C54DA220369EE4B35AA95801EC3579308C5B1344BC86C3F4CE2CB9A019234B87
7045	4290241	DFEBDEE936EC52229101C3CD53C89FEB19DF1F451D71979465EDCAC319ED5563
7046	4290263	F2833BBA5A0168A2E022A3166A7FCDD2EE1CD5789F49200F8DEB983BD88B078B
7047	4290282	866346DDB22CC5A31F6CD650E5A8BF59963F1D87F100A9573CF9FC4C2D2EBB4F
7048	4290283	24395B78D0484F634FCEE4C76D99FC4712A2CC705B4B908F2D679C19FC6564F4
7049	4290430	E1660C740A29EC7A77785C9A515CB23CED91A8CFCD423419E80553520BE36B1A
7050	4290517	575635DDC17F9E5D68883591B26F864A70ABBC9F9D9452495BE8403D49B993CD
7051	4290521	37D1961B85ED25E3E201598C6835E765494E0D6CAD823052E57826FFC5C4B5A6
7052	4290600	96E7956CE94B3F36AAFDFD1A6B77E6DF78F8EDA4B258D36D77598650619843F7
7053	4290643	2EE1234F74781561D23FE444CDE144FE5DCFED7949BA43FAB71005245857DBE9
7054	4290877	805681C30CEA6E0990E6678A39C954CA4840AD242691412FECD6BDD4141F9024
7055	4290881	0AEB8E9D893F6FD01AA6C0FB784BB953A161A9C4092141D08E5710A28BB9E0CB
7056	4290939	102E418AFA5ABAC14B0B60C4A05FF8F007BEF4F8B12502ED0F4643C2E4C1223F
7057	4290941	4DB37EAD9BFA498D06DC385A3992266C1426BFE94ABBE51969870B74479AEE45
7058	4290960	6C2ACAF69756A8B307E59F1FC26FA78FE205EE2373625163BD13CCBEAE753763
7059	4290961	E75EECD79209CCE717BADDBE2D3D9D4EF10A38F5D5CDE94A44665215C841CE51
7060	4290983	44124CD84BDBB08434B5C9DE694BFC447842D44AF8AF3764E81EA28D65E817B0
7061	4291002	F97A59B290FB1438CFC6E813ED239C316C65FC050D3B48329EF861A292500978
7062	4291003	8A098FA605696001FE6C5FDA865DF0DFBDD2EB57A044DB5BDA1CB2AB28FFBD39
7063	4291150	2581E2049EA057207D260F13ACFF536EC9833EB9980EBA0D3AC208E9913280EB
7064	4291175	5E92235B5CF165C445EC3571AEAA9FAB98195F95357758CD3DE72B73E34715C7
7065	4291227	6AC0FB927F3AE81042E7F03459F6742DCEB282ECBF0B906149FA17E95A274758
7066	4291237	CD28591801DC6F5B29C67F0D1B20BB4940F11561414361D076ED81E4CB95BF59
7067	4291241	3C09C3D4375F4237A20DF7EA66D4EDBEF0477B34893BEF2B9ADDF126B6C28006
7068	4291301	DB444DC42555FF37F003161681F6EF9C811904D3581766210F78549B0235322E
7069	4291320	46C21257C7F535173B1683341C6071A3C97511DF5B2D2637AA206713040E6E33
7070	4291321	F3BB7DF76FC3F4301932C228B7D8A5CC6383650452B737C1AAF667DF5A5A9527
7071	4291343	11661300DEB4BF9500805C72D446708DB464AE0A7749334FC18A497C72FB5116
7072	4291577	224F8866635DEA167C2BA16C3923753848976F37689C3F2871B36B26B4EA8975
7073	4291597	693C59AD9589483A61AE686B43AE3DAEF2CD557AF344510CA67D3C9AFA3EC093
7074	4291661	0F93A2B23E88E5174744C94DBAC0EB3961B1BEDA33B91C3B488D1B2FE444E6B2
7075	4291680	681D0D5ED863A9D71B93740A8B69F91E9999B4BC2C9BF18D47DBFC6BF70434E1
7076	4291681	20320369E04C54FDACE0FCC6F3F083EBCA40F6032617701F5DB22EDC15801CB4
7077	4291703	A3D995D9FB2B0F329C613D6B974F250A5D9030B1FA6655680413FB128C4D7435
7078	4291722	1A41F0F7D5D53165C39D0522048408369090244192B7301C2ABFE530BD94AB74
7079	4291874	812C826AC92C3DA775D9A1F1E1EDF418E667E6E816B45B707797E2E1FCD77B61
7080	4291900	0B79FFB53F2E2206B8CB261299C8EDF2731F37809D86A1769EA4ACD481CF5A94
7081	4291902	9010D712EEA94E48438148074B77EDF6FD4F9F1F89AF2CB530D33D8D629CD30C
7082	4291903	59723996C4E52D0AF883C5FD44F3FEFB45A878C60B5CCCEA37F23DC871AD858A
7083	4291905	9CD3328D110A25CF7F7B77F88AC8C0730B47446D13D783EC7584C42F932E3A98
7084	4291908	A2C20A489750C3A559526118A822B7663FB0236D15396162159173BF6E22A413
7085	4291909	4E33308ED507DC032B79677F7EF20EA7F699EBB825C9BFF65A21498071BBC79E
7086	4291911	253DCF330D093E4C33546D97255249E8906F0A5A27A932378412FE1A13F813A7
7087	4291912	261EEB68EDEB82828DAF68E54A796CE923DD01CFFF649A2909DB0B913BB1A428
7088	4291913	A7D9BD521D8881AD497E419ED51E83D5AE475C95B52708F3964FE6F13F48333D
7089	4291918	911D54F2A3242CE5582F858FD9C298F915A611889FF0CF67BD01921CDC7F26FC
7090	4291924	B058166680AE55F6737115AE4578AC9510B0485DD270F98784DDDFA3978347E8
7091	4291925	AC6F9F89432180682A96DC9E9853F1FE6C1BBBB734BF98F2CFB3311D06E8333F
7092	4291937	6F5F00C30F633E19BE958E13239B4B4D3B5F3CF496571D1D4CFBA04D9D7F0957
7093	4291939	55D62AF3F148749DF30189A27D573C8225B9CEE337F185EE2C2E1BF59038B9E7
7094	4291940	D63D89080D92784FEC60A1B6CD98A013BD4EF7E79AAA0462D10FE05DF32464B0
7095	4291944	B73FED7C689838D1B01CF8D12BEB928ED6D29F1FECDFD515ECF10B15B7603EB6
7096	4291945	E9DCCE677E6F681E40134D8D7E8BBE81382296F128B103040D085B2A9741B527
7097	4291947	431C0F66C94AF0E37508D5015C7AC07E28CE64A589AD8AD48F932149C38039FD
7098	4291949	AB0A12A692D6239773A21D61D3CABC68D867FE6B2243CDD2765C57F49CC6AE7C
7099	4291951	76AC2E829B52446A848E25350FE7C1A126AA9C07EB64EA732A8FC6B5F097D114
7100	4291952	F6427D88A42675A9D2C63AA4A3FE10BBA1317A8F4A3D0E3674CEF286A30A3DF5
7101	4291954	CB765F402C4CCC4425A82115305B85E5314D7C44BE070F032364BE25C822367D
7102	4291955	99F8650B093FDD4E277979CAD37CA433A63A55861AA6CE8FABA55F0C44F09548
7103	4291957	C20B3A97041C096D7A777065EBAEF9D674E9A4EB10C0F23F2CD05E3661E4CA55
7104	4291959	EA866C2F9F1CCDF0A8D846DB1ACA409FE456D4584391ED76DF283B08A4494A64
7105	4291960	CEF2CFF9255ABA8512AD9B2A03230938152B6AF95547DC1479346DA6A9D37612
7106	4291961	0EF0440DE37F2C2ADED650212062AB371BE1C2E56E42A1D834FBC7B8F8231B5B
7107	4291962	8999240023272AA55D94057865F035E0953A1E51769E7EA2A534B9A49D4C8628
7108	4291963	54359A7BCEFC2765EA0541776D2D03C20240FBFFA0C4F23F76D3DA80F222CAC4
7109	4291977	E7175CA51E42C7D3CD2D8B47511FFBEAB1C962AE11422CB9C1151175BF017CC1
7110	4291979	4117C5C3FB24D3432A4903879B653F6F063DBA938BC19B3757B2A1CC8041836A
7111	4291993	076050E8D4355E7655BC8C8E24BBCBD7D3203B74B54A58B1C68B605C6C6F5ED5
7112	4291994	82B6FA245B7750D6420C783D18BA993629490851813548966D07CA1830BFFBC9
7113	4292452	06561BF1E44BA5A6034229BA2B32296EEF581F077502CE2FD89AD43D19BC131B
7114	4292480	F31B8A25DFAA566034EED0B4F43EA6A4CDE3120BD78EF97E2A56FA246F3EC0FF
7115	4292482	CE053FB94581B2681B486E7FC1AC67AE9853E1AD6735F7F306CE4E04A1A49E41
7116	4292488	254BFD5B0E76A376CF180510C69CA811B6F6241A43884C23A78F11C0ECE183B7
7117	4292489	06CF5596E754D56C2CDD65AB5F58C8968F980C673568AA7C1E185EF1174C5C69
7118	4292499	969276D5E7CEA461BA0E90932EF7D84399DDDD69BDA3D114B0CC2986B97B0AEE
7119	4292740	C909C5AD6DA3FD39606C2347B4A417AC9F5BF612F2F50D2B64EF41616E960D1A
7120	4292982	7B7AE3B565EBB61A95D532CF671F81998B490C29BEAC05B0A6057297DFD4D4D9
7121	4292985	7D372346CB701E5A222A2C0CF07FC279106B7B12FA32EDBA63720360CA1E76F5
7122	4292986	EC359C4E0E98A8FEF0EF09B377660CA6EA4E0DF9632A92FDD3B9527CF3CDD611
7123	4292991	BBDCBED03BC16CAAAC1AD7A7BEDBB2D6F16CE32F1F650DE13E1B4B8AFC34358E
7124	4292992	BC4382F6D52E2007B470D33E107DEA919BC8A844BBB8114AB2977DDEE6305EA7
7125	4293024	37F4A522F58B951BE38EF941A3206AC2EC7B682F9872BD267F3DEFB63A4E3072
7126	4293028	9D3D59DA2AC839A5BBFD68C8B6A6804084459CCFFD410843B504B90E30F335BD
7127	4293032	7E6A626A324C7CF4BC6C6196D5B0D23BE8166C66AF8A3088FCEB5A65303B08AA
7128	4293056	84A50F0F6B0E396E75A7F21BBA41477F723D81540C281DB11ECF05144A1BDB94
7129	4293520	BCC870F9CCD1EFC14594E6AC2BA999AEC09EAE9D13A7CD230620E8104F03B5F9
7130	4293529	740C7BF30F76BE89B5CE867163EDC56E4ACE91E794CD3DEEDF9444F20D29E894
7131	4293533	D558740DE6FEB2D639B1AC9C078FE96091D2D94FB98AD58A5F1EF5BB7FCBD47F
7132	4293544	9682A0DD98AF0037B6DE29E9BD68D870EE88CB18E4E014230421E772DE742396
7133	4293545	EBCD90C9A95123690FB25F05E7A2C0E475228EC93521C5245CAF4F5A80C7D4AC
7134	4293557	454039BD0CBD9CD0548D2F7E1F454A10A6AC6A1DE6A964E36943280E460CE928
7135	4293558	19C3E9AF6879D5C8B4F2399900E1E218D99CEDD3DF776BD6C9A5C9F1BE4026B8
7136	4293559	5E57DA7B22883AAF14D3696A9C0F2106D9D02503C3B24B99B6A198C06E305436
7137	4293560	495198359C9EDAF5C69D4388E3C881A401EEC8B56863B20BCB716C34C0923F63
7138	4293562	13C9028499790C89B0BEF1C5227033B5ECD64FE598F768688DD671CB4653071D
7139	4293564	90DAD81B5EDAA75142F8B328C4892D0627DAC96B113632443DB09D86188BC140
7140	4293567	C0C79CD7C0BB62C74896F2DFEE64F958A49EE5B7FE6E8D20693C2E3FD77E5F42
7141	4293568	83E16DDCD49EAF3039C4A751E8B24298B3039DF1C7F5FFD42D769AFE76C35F81
7142	4293569	04A60B0139AF71767551130854A3006CF0236A9D2FC252147878BF01869EC6EF
7143	4293578	671C1E47BFDEF77F28A3DA14CE9972B409B8420FF67DF92122BAA986B43BE444
7144	4293583	BE4928E4223FAFAB1ADE4BAA37145B6E8E5F65F3357E586EA576DBE2E2A95DC7
7145	4293773	207E5637AF1C3DFC51AF78CC14C0C0B36723BC95B0E872CB0C0C5FD4CDB7748D
7146	4293879	46736680BD839C86AA2AA55BAF244B2798F28EDFAB6CD3687A2077A37327532C
7147	4293887	94C5648D4D160A96E22C7639EC602400652266D76FF279CADC9A344357DD4907
7148	4294128	EB75FFB51C2E4B0CA1524D60A8EDB97A69D72E4065BEEF44BCBB21D9A034B6AA
7149	4294129	1C9924F1AD68B902514606E65E45883B24125CA5463576E1BD3E3DE23832B9E4
7150	4294144	FDF71BCCE98F3E550C47E49EA9422277A03220B609432C27150B44979FA77C50
7151	4294151	7F2E915AA5123C64BB79361CFE4D4431DB3F0818FFC56BF80340D9D1FE5B5AFC
7152	4294161	55E4B9B675FCDAF4EB98D49E7CCEB598EC2FE5B6E1F9EBCF4F62161A816AA97F
7153	4294166	217AB34081F6E5EE9395055BAB80703B72330F8BFA94BD6ADB55838FA947C942
7154	4294167	EB10ED77703076E900D21E82A5B6848CEF57AB6CCA4415F77152B874CA491EBA
7155	4294179	572AA41FE172BC2226B74A12EF08CABAB52E7B13543F49C253EADCFD31250E4D
7156	4294206	D5E8F172F451A6E8BA7B4B8BE99565739037A18E13E0390618FF39326EACC688
7157	4294207	13816FF90320B28A23E4C0D4764CCB298ADB8801A3629396848E4AD22095292C
7158	4294283	1F73613C792BA5DF3585685F4DDBD0E47EB23C38F2094F1A78B6F186CE385BF3
7159	4294380	61D4177ADE439410C24A268C947D88D6EB86B5CFE87B516400CE527ACF1EF353
7160	4294402	EDCE5026B370EC12733E69647BAE8F3AB1195F823C517F44B0F3B9834EFC555E
7161	4294485	717B101DF18F9AA4C27551A2C4C7748D455ED1449013150E6B01B77015DAD999
7162	4294486	E38AB4AED1553863B62CAA3FB8244483C708335359A4A5101921116F6053D1E7
7163	4294487	3829F2410B46E7293ECE3ADD1158B760F8ED0183F1E9BEA83C482E6720241B06
7164	4294489	FA9E54B79A8F880CADA02E9148FA8DA2C15758AC2554A5D35DB37304944CF0B4
7165	4294491	62F5198BE1613CAA2E78D48DCE4A293EE3B79D6CE1BC3D860B41DE25CC3D41BE
7166	4294521	E49974991E62FC631E4657D70E12823CACC55AB847D56633EEA6858201D9293D
7167	4294523	B074F01D36C8EDE5C20E744E531AF4FBD31E97DD9D789D56535611B8CF9C52E0
7168	4294524	5AACF06CFBC13C785DC2BCF1039F01FA3ED79746E9C335382B7FCD8AB1BFD8C1
7169	4294525	A798189ED6684D3FC28FFF688080AB6C02B69B2A339860EE68BC18FB262CF7A7
7170	4294527	00E5803A05581F8F49AA63001DCBC2AE67320EAE6EDADD7EE0DFBD14E7D216CC
7171	4294533	4DB41C89D6E9E94B32A6F2958C2ADEE6F3FB4B3C127A1A9DC4C9C4A56582C138
7172	4294569	AA74B002D07017ACDCB94E5548DFA09DBBC570D579B68FC1CEDA03C23FAD09C5
7173	4294572	2467E02B571EBC4B6F6D18CD06EBCFDB708F85461C6A5B902EA752C2F6D02F92
7174	4294573	93AE051C3B916B1C0C1880619C3BCE282B62ED1C4989B03B2B2ADFE872F6A7BC
7175	4294574	61F59EFA74C6D7796C634E91BBFA9613A05831ADDF80EA7E10425FECCC6D910F
7176	4294575	02A02F2D5024F29D6EEACA70CD967BB9C6C43D9B18879427B2167743CA28BCF4
7177	4294579	659B39B29B12EEEF4B91C28BB2021674DD4999CF44D0A9E9B3067D7639EBECD3
7178	4294614	416B65237FC6A2FF31838C6EA83F58B58E5E73A9044CA5FD815023F66083415F
7179	4294620	8D401CD73A10E1EDA563C6C38EE2BE99F31617AEB13B012CF82765A57C24B90E
7180	4294668	22E0F064A6C67B39F1336E8E36917AAB157FEA32B3B1BC779D402441129A0326
7181	4294685	A8C7AF00F9C3ABF016ADC18027AC45FF240E709EC305DFE6D5A93999EFC07E8C
7182	4294690	13AF6D7DDE181E52AFAEDBFC046806125E7C43EADEBBE02E9FBC20A01F99FEF6
7183	4294700	7B8147324CB0B3DC2058F5F16E739F14FEC519F81C89B6DB7FDD5311CD5BEDD7
7184	4294701	EFE5CEA1BE1E484266C03A9D6DAF5AC8E2ECABE73045759E06D4A2E44FCA3983
7185	4294718	BDB9AB3BC7EECC5960246D406BFF284B8A8BAB93B48E7573CBA9040469DEC07A
7186	4295065	358BFC13C6167E5711FE9F91228D26F709A3CD64E50972681608EFC31621C4AA
7187	4295162	3439FD19F248B0AA68EE08C5A1F9B4C1109D776986B72E10A3656D192D1BD4DF
7188	4295209	078A4CF5EBB00373401561F119273FEB418CE2EEA67C57652CBB244B538EBEB7
7189	4295214	C18DA0C747FBB0D76D357EE5515573180C6323D6AF31CD05B369051DA636B3E2
7190	4295215	35AE761754F5EB2BDDACCDE23CF620816FAF629F73964189D69738D84CF094EE
7191	4295224	EAA52794E2DEBD42076550E030D20B84BFCB7BC6BFEBD891BDFBC39F94350BA9
7192	4295225	C92FDA75DC29BDC82AB4F309D3043956A647C9C02399958E2F1833784A28E278
7193	4295230	ED2D8DDD9F3311288C50198C6A10FA5E8E05FAAA656A24893A3E6F73236D92C4
7194	4295231	321F46658C400A196206EEC0BA02ACEC31BDC0A6307E94EDF2BD521E8C4B297E
7195	4295246	B1E89E9EAE8E805C142E6D9C3B6BFEB2282B351D63CFFF86C66212F855A76450
7196	4295247	E7F0D9F3817E224A2128D6738532C23FEB6A52F2C67D0E7F93F46A3E5ED05836
7197	4295355	C7AF19CAA3119A3AE6D87A61C2E398879479A4C533363707CDAFDDB9B25D83BE
7198	4295443	51044442D90606C6DF780208ED59013E5C59435359AA79F233F0FDFF8182D03C
7199	4295482	4897175F9FA319D9EDE70BD652EDD681596F13CBA01A84525E4027383B24BA30
7200	4295601	D516600FE5867FFE9C8941732994F3190A55C64282889E8EF5A24403873046E5
7201	4295605	9CF4A507C5F9D670A4C68EE35BCAC765A355D12894998384DFD9D511A40A7434
7202	4295671	FC791E39592F3F3DFC22C7A96F4A7E2F3D023728669C0B061D274CBB7B403C57
7203	4295702	DA4E1214FD148387E33262DFA8BC99B1B6F2F674FCF5D0A79F6DF6FDF8BE098F
7204	4295710	2F482780295EAA6AC082F5993361785EE0D4D05947D13529F6A128FD8945B112
7205	4295712	DC7D7465380C9425805CE2334DBA0DAFF25A2A9D04A57A30D76C0C54DE6FFF9C
7206	4295748	7206F7F2D557E50F2412724E0F56C0D6D8E4E7FDC615B89D8D08249DFC372F95
7207	4295749	C3A74A06166E54D7E036C0C277ABC70F6342C41DD8FBABE1D9AB9898D4BABB1F
7208	4295754	D278B555BFF9C984996015B10791F7A16532E7E0782B13D6992A0B6FECABBBDD
7209	4295755	628B4CF9A941CBFA06B3C82904E952469B8D2E6140C59F3A02095ACC0517E7B5
7210	4295764	F0BAE43D636DBD7C40D06C5F0E383333182B2DAF797F6A6122F1423A1C142C93
7211	4295770	227BE85CE06A0F3E9A3A8C0816AFDE4D5CFE52CC84B49C50C55F4FC70C4C0DA3
7212	4295781	62B46CEAE7B1B2AD03E28BC41B20986077A5AF92ADFD475021AF6FCB920CA21B
7213	4295787	2C148F204CD4C28D04817229C541584698814C1A91FA0EDED2FB87BE7EBD350A
7214	4295799	EEDB3AB7339E79364F3B65B9DAC55A1BDE7EF86310BEBF64461712EBC120CCCD
7215	4296105	9095DC0C0EC95ABBE421C2B9543CE87DF0CB9B81DF7D747DD403C21CBFD126E9
7216	4296109	878DD35B5EAEA188E011F9B9278FC588ECAF6A1A0567B74F7AA2D00CDE7836B8
7217	4296143	4609C29EF644D2789A129200BCDA2C0EB981DFF09426C702DD927B372B7BD4F2
7218	4296147	24E2BDC91D74FBE5BA46DE0AB44E9F5FC263687E9ED573EC21EC2E2C2C14C379
7219	4296152	3DBF8075D97DE9B62D7551452D70012BD1BED8ABF460A3F02BA5556EAE8771C5
7220	4296190	B64ED2E9629763FF18FA90B4AB835183965486DA688B6523C992C7C67609C67B
7221	4296194	EA64D866D5AD079ADD275DC27B50F48D20DBCFBEDDDB695A42C5E80C2E195D86
7222	4296197	61FAB66394BBAF0D8456A142EDFDF57F502E2E25A873646310AE5AB7241D2D2D
7223	4296306	1407438BE1563022A08E41F4759D1FD63B3E3F6B0D3CCD5A068EF84672E8423C
7224	4296309	A223A4A9A08731806B7C01EA31668A87094DCC598BC091A1287D3E9EE08EF247
7225	4296323	7806618B212A9C6B408E6FE25E42AACD053A45A06B6A3573C59A1D08D46443A8
7226	4296331	8D52EA1BA900F618736CCB3EF283803A1D09A2C2DB4BC926898302B37D0489FE
7227	4296352	652151AE23EFD1FE54531FB657B6EEF042E68D34CFC30F41943E1B5297095A2C
7228	4296375	658992141D62F9E557B15123D184D983953D54472E1F2698E818EB47990944D6
7229	4296397	819CE071FF74CF6C9F118C78D6F21337A9D638B31DDA20AF01FDE30B3BB3063A
7230	4296403	6F50F844DE8AE06479E4AB8245CE32E4BC10CC97EB28C4F60457AAAB2840BF9B
7231	4296405	C18FB4E3DF9A02F2D41FC9A19DBC3DBECBF43F84D1D5D456AF48D60DD25F8E6E
7232	4296693	9D562C5EBAE9E3B5ED1432D3AA995B92B61888F34F56206523AAAA3449733E08
7233	4296713	11E5FE06A3F0E6EC883D8CEB0302A8BA128353F813C04A0577C11233B03E7328
7234	4296733	99C80D14E18FAA00D72E6CDFBA6E7886B74B3246758EC6630924FD0215EA80F5
7235	4296775	4D0D3A3D1B94636848F283E17FAD29EA71516C40AD00413ABE3DCF15AAAC75AE
7236	4296784	EFF810D61408847095770C54BD173D44E193453D230AB856B6AEED7ED0F51EE3
7237	4296818	ED75062F1BC19A84BA4C1A5D8E2FC667CBFF5EB3C03237C112FF71F1D6F3BE50
7238	4296869	BE22F39E699D1D2F6E205754D918F2718209A933DB6553BFF12CBAE8567A9175
7239	4296871	EC65980B03BBD82C3BFFDBCD568EF3594B2102F71985BBDB5DBE6ECBE8972FA3
7240	4296879	DBD22DA1667DE5202430BBB691836D385C77B8CF5BA9DCDAB556EAFF4468B4DE
7241	4296885	32CAA811F6B711E6B969D427320B6F9C92A977DEBA445CDD055C0DD73A28D78C
7242	4296912	F04FF575406A6810E97F9968EE54B3C1563402509832B9065D771C1447691E6F
7243	4296943	3589A2CE75D934638EAFAF5DB7D5A37E8AF84C758069DBF7D770D2D052C95484
7244	4296959	02DC96EE7179720665D31D3C7E165CEEA1A1CEF2E43D1BD4C0E07B1C6504EB85
7245	4296980	61D21F9D804FA9BD3F26BBD241B93ADCECE7420FDDCF69A426E3B831E0BCF7E4
7246	4296981	E3A89F9BF77DDC52CF2A881AC02A6A63B4CFC451A489CAC5C62C4BC2205E5353
7247	4296982	AD64335DF5599FCCE9A7B0D6B1F3BBC64B1CF5AEBE6809FC1B43A44893DD3942
7248	4296983	8DE8AC2763BAD1FE2E29F875B55002B2C54F8AF9CB93A13A96D5EF9782FD7F81
7249	4297016	CFCCB666C670E488E0F71DECECE80CEC80CA0A1BC8EE024D6FA69A7B5F027EB2
7250	4297017	C60A76B0FCE285BB8B33ECE6B99FCD309A76F2F7748F58750BB1C78A499288B0
7251	4297018	6A2189AE69E2AF6EEC604DE4BA11B559C991B6C4687FA5E56964A65E0B327566
7252	4297019	FDB5B919B05C9C9B606301EDE48EAC8DFB509DB9711B3A316A9F9A24C84DFCAD
7253	4297056	324B3CFC5C11C6590AF9CFB90D9CDEB1AF8E483D901C3AABD068735BC05151E4
7254	4297057	D4C9284BB5874DA4EC3E4F639D9F544BB6286CD07E18C9154F3F927E8540B3AC
7255	4297058	F6092588BACD363FFEF4AC6F2E96C39B394E617B938E977C249B80B6161D3A18
7256	4297059	9477392C5F42F660C6B01AA211F8031D441D835106F851BED948FD510C0EEE88
7257	4297252	D3A290EFAB0B99A873CA2052EB20DB225D8D5B003AF77B1BB10FFDE25B69D440
7258	4297337	ACA00381B0EFFC04225B2F9741BE5B83C199252E8015F425C6CE47BF704E5718
7259	4297348	970A06568643F01A03B024DF62D9C08B16592FCCDE1713523153E0ED8B72BF4F
7260	4297369	E9DCEEBAC578B0BBD9ECE9E36C745964CDE4B8432D3026A85F632BFBDF717F3C
7261	4297370	172DF69AF221F33AEE92A6012F0094BF6E8E92DAE1ECB9CA060E312D71F52FC9
7262	4297377	548FF9A00EA1E23BD3D21DF9BE5D00E03FE22A69EECB85E769C107B6803E2BE8
7263	4297427	2C14DF987E3C7F96BEB83990DF99509885322F9AB03253FCBB90E64DA9881193
7264	4297557	B0C4BFD50431BD445F18DF3F3023F4773CEE33DBD56162A207A5753326AE6075
7265	4297854	8EB7059CA744D2ED0A2FAFD02F4F23BC4B4FD2B836B4A6A07EC2AB37A0CA4078
7266	4297864	F7FEF2246D4C19098FA08FACFE1C3B90DF2424F34CDD5FD398803F494021A70C
7267	4297918	1ECE8CD38CDBDB03EF3E30B0C3B47CB652E6C66DDB35E56F4A3B4BD2EDD8941E
7268	4297993	335E07ABAB303A66CDA6252DCFBB3ED92F03D2B58E39420F657470599EBC0CB9
7269	4298038	87975C18A6DF9AB0060BC64DE8D7DAF120E0676B3BD5EB61F6412F7802A372EE
7270	4298139	A11B97006AD567BCD888BFD8BDF3863991EF6672B0E87488536B23C13014BC22
7271	4298316	A95FB512D5C02D7E0D4D140BC8D12CF2A3141AC3AA69BEB0884D651888CD15F7
7272	4298335	5FB35F1BD11C4ACB721A5819C6C27A38F81C79E36ED7CC28CAFA9483E3C0AE6E
7273	4298368	0E5EB87E5FE4C6FDB02CFE13F8C0A6E930891AD16C290FBF10F3F7D69455AB99
7274	4298375	750067A7A48D68550C9DA2AE599A72722E161EA2B8B2DF6E369BB68EF3294D88
7275	4298417	911CCE615D0C8CEF4F4E3DA4BBE12307A59509CF9F62E90DEAFD3B5A55C073F7
7276	4298436	4D78807D7A49FB2BC9CFEE7054CBEE54313F46097543376AA777F8CF0C145500
7277	4298450	584531059D061D8CB4DDC92BCB42D3BDCEBE4EFB4A2C8A42F6B6F44ABEFBB4CF
7278	4298507	C985E283DEC02383E2F28094A8DDDE1AF198F4950C225155A5DDC16F263A1372
7279	4298578	2AFA938471E0F8F1FAAA33A91B2945A4AA4D382625D0C39F32DEA94649736246
7280	4298638	A657F216ED5A5610FCECA3CF592A6CA430853E6B98F282DDB395074E3058F6A4
7281	4298740	2E37241AE7611DB342B5018BCBDD720A0D48172FD81097A008F30C62EC3FF7C7
7282	4298766	C9CCC91D33A9E86AA2786C3D12CCC5D2E5937E841B2618BECF2EE22D1800AB4D
7283	4298772	E666CE846218B830ADB1C6E7BFF5E21E7FC9D407C6AD2F7068CF42EC53407DCF
7284	4298774	B7378945BE4E3D6321E7C52A06108BF62D919F830458A674C07E25E87E55AAC4
7285	4298776	F5A3ECF767F5489BEAEE9C08685C8921A812A6583F5C939D3C77F34FB0FFF6AC
7286	4298826	93495E19A4DF21B7C313D9ACAADBA4185F1A6D4DC87856BD7795DCB8F8495489
7287	4298827	B9BED30EE0A8C57B8D3C9FF0D2013052F70B8908009467D50D455CAE003EF571
7288	4298833	7B9A497F60463A7E8C46AF98F7300988591E2C7EF8E3F14ABCC47627570C46C1
7289	4298835	9A989BFCAE684480A00B806E9C1DDC140A69715D8EEC44BA4D480D04F61574A8
7290	4298872	5AB26A7EB55E40ECBC3007CFEA24A6F0DBF5B0644C2BEE3C2A996B3FBD348530
7291	4298874	0E513631FE9ABE60227002631A16EAA02B63A37C1F472FCD0AF40C857A1AB460
7292	4298878	46F9DD81F245FCD2A55EAA48823D99689317BF8F6343AFF9794ADE76782F72B0
7293	4298879	94C37BAE8C6C6744CCAB41BB92B19DC9CABF3B51B4515719E5F3BAEA046A4692
7294	4298880	F765C95DB57AE87D66A2A4F91BF16961F33F26B048A400E452D22CE29AF742BD
7295	4298882	E8A322DA31F9574EA584F747D99CE52F534CB2E77BED0739FFCE2BA2FA8EB5DA
7296	4298893	07C8D2D024BDEC517157A65F1560E3EC349912B613450CADDD00CC953C63BBB1
7297	4298915	902FB33B31538564F46B3825D00D043F719879F02466BEEF9EC55F2EC1656786
7298	4298925	B4923B97C746E43DD235E1C53A1790E24AE13F5CF0CE8BF615284B0F3E73480D
7299	4298929	DC1B3AFE8761B821951FE4B8D43A3992317638ACF757502C3C780AF5F09667C1
7300	4298931	DB0129D4A0B36010337975124AA632DCE91DF09A726A6461FD8CF09C2DB4B8E2
7301	4299019	0B7051EE053ADF636FEFE551F84798FF0B86CA47B69FF34F8CC8BD88A3043276
7302	4299043	0FBD7D2FA0EF03147864147192EFA276C2562E8BFBEB5E61ECAEABB3AF35F373
7303	4299118	C0CEE35666FBDD650B4DFE5F37CCB84A5B28E3782D8F733934F546C8C0BD5035
7304	4299120	E2A0CB04C80DFB5A1B37F6C5BAE452EA29C2553EED842B96FDF592902E376173
7305	4299131	7A974379680BB2F3721EE1E4218AAAA6463C2E91DA694ED0A71F15D727022BF1
7306	4299139	5A585696F5D0CDA975CAACEC70DCB0F47BE995ED3E9627DCC15CF1E7E01FA7A4
7307	4299141	049FB936C4990D492DB99F24760C0E574355E2AF8B8A6EAA8BF3E64E6293F9E4
7308	4299154	1C40174E6D76A9295FCBD63B163811B984DF1B44262A158F8077EE56C7F697B6
7309	4299178	F6A4CEAB83A61B4C5D460E7467C7CDAC0FB2BEB20CCACE1F0480D00428CC2270
7310	4299179	44B88640FC1598FD025FEB676F8C73DA44AED459D1C60144BF3C012C9303539B
7311	4299180	492A7786F2570515C9B8555622FDA1621B79D456D0179FD78FED0DD83A4B9F27
7312	4299190	E055A7B54950668D43EE64486628E3332E3221C4B73FDEE78D917EEE0F95BC95
7313	4299200	6AF1A2D66BA148AA32B0C05E501DF34022C2BE729D8052F344F4F718352E7F1F
7314	4299236	F4EC17DC2188FDEA6EE64402FF2F814DDAF5FF337B2364A8AFA87FE0ABF67217
7315	4299237	BD40E768F84109E68F8CBD4BFC2996561DBE4E9824D1FD973AAC60ABE6E872E2
7316	4299246	97EB219064D97956117FAC70F45EE36388DD7D0ED515CC817841A1924E049C38
7317	4299247	8D13E2F3E54E1056F8C019BFC20E8F16652D112716A44742EE99A6A0D9301913
7318	4299332	382C12454757AF1879CF70701B4BB5349A29EABE463196E453A0179F5C48AE0A
7319	4299333	E5DEFBE726389D9BA042A254F663FD4A047E6D9CC8A3DB6EC79CEBDC20E0F2E8
7320	4299345	99D2DE8D9FFD5DF19A5C2E72A263811CFB6EBEE0FB729ABA3DAAE95239393A7E
7321	4299350	78D4E34DDDD637A3E0C13976605B69AB4E56D1B0CDFAC29FB60136AC364CA448
7322	4299382	3B467D11255071232BB4037372C71BEB111EBF455920B9A4D50F44056009ABAF
7323	4299385	F2A147058EB211557A1510C7577A2565CFE66041EB69D25BC63A8C1582E0F3BD
7324	4299391	61733222C3CEC194D4FC3E011F64D85E03B3D74C0CFCADC46FA776BF51E5F94D
7325	4299416	C2F4E86A19E681F18A1CAA82182753D517E0BD631CFC68352D6036A8B34E130E
7326	4299422	DA92D395E8FD46325331658280AF41F1550E2BC4DCA1F06B9C5B4A91E018CB3D
7327	4299504	F675A668F89D08FE4CDD2069229C8466C2D93C7E630DED1DC4FB5E23A50FCD3D
7328	4299544	D76BFBDB127640D694BC9E2DF713E115583C915DF7246E4C4C4BE363E128E77D
7329	4299585	B61CEFFF3463082686027289237A21F4A551C893E503046EF71D672803CEBFA0
7330	4299615	EC30AB53E7C84BB7A268E6E4A27FD8CEE867F8462B1D2833645A286DECC817C3
7331	4299680	F1F88E85D4667FBC24C04D4CFF294B98C9092B54C5CAD41366B8490EB0880C1E
7332	4299686	66542B6E014FB025F738DBAF6974E98AA96051A76C8771CDB66F843ED475B8CD
7333	4299705	96BB38206380EEE9EA692B1481FC11108540B270D1B66A31385D7AC56EEA3A25
7334	4299864	DB0AE018048E66525C3A31B4562EF7D823A990B3165FF5147A348A163A551A61
7335	4299904	2139E8CC472C5C3308A7336C4E7383ED79E15478543F4CB55E24D59D8EBD2BF4
7336	4299945	050799FD516B85F441854EC879FF0EFF2484BAE55CE2426395FCABAA896DC618
7337	4299975	35D378FED3D1D90A524D893F6AAF99926F0F579B0C317E11917D81791395BCC9
7338	4300040	EBCF8955ACD6C92AE99F2443BB93DFF33E6E19E50C7993F91F3E255A59FD2F0E
7339	4300046	D77661675705E5E9579E212310012E731953354A50BD7EA1F284C0433927FE56
7340	4300065	FA440AE1ECA54ED861B5A90F0F626C062D893BFFCFBF2A9AD14BBAC5449F08BF
7341	4300110	F94A979BF32EF1108F6E1C8FFD9026ECA6F38F83EF47ED9981A396701C0AD863
7342	4300124	AFC1924B977D2CC2471E6FB4630FFF45E02AC2EA20B53728DD4D7874C649E62D
7343	4300126	6143E50DFE4F7F2EDF7444311362C651F71A4F4DFBD5F1636B1BF69BAF79BE66
7344	4300224	4AB8BECF82419EC03B73D56C40FDDAB11B0EEAE12DE8F368B5D3617F5F7EE137
7345	4300264	D667B8DC8920581E1293E85552BCDF7344C8E0CA913B333A59ED97A9031398C6
7346	4300305	05B0808C52DAD22E6AE2E763065D4542C8EFCA9B5270149E033C03F2135A98AB
7347	4300584	3C16167F2064CEEE22A8B306786C6467A86D04718DD303EA6B88A340BBA9C66A
7348	4300624	CE782056B02FB49EE1FEABFFF3403CDD480DB9C94C407BB256151659F44549EE
7349	4300665	6241EF6C848DA0D6619003FC0CD8F2085F4291C3B43C22060ACA83C7F2CBED38
7350	4300695	840E967FB3920A1E0A241A2A424FFBEDC058BB2FCD498C29ACED87AE950C6E24
7351	4300760	34156FEA5FFE8F5D78F7DD0827C1377DBE18FDAB5D0BC22A4AE8B97AA859950C
7352	4300766	1332875067A1B605F5E617EEC6125B62D07C8FB1C1E3970EDAD25A35F4A21202
7353	4300785	B6963C69C8C279CE187A4205203B72C47FF70AF50C1A27B7C48524F3437F5882
7354	4300944	759ED721D44C36661266CC05B536C350A96293ED1CB0542E04685B0B25C05FD7
7355	4300984	4C86CD7C722DE3ABAB54772889413470AD9B46233DCDA2D72B38B2E222F99B3B
7356	4301025	93CDD64CB2321D7ABBA5FC0D78F78DBF5028432532F3A09B53A14025E8170D36
7357	4301055	DC8339017A326CAD1D2305BE0E30A51D02709CC0AEC78F0D8104379203D6A9FC
7358	4301120	5DBB90CCF98B789FC5612602679FBC2E80DCAFBDBBA7DDAC957FD87733A14503
7359	4301126	C58705F7D5DCF9AC68A710EF837D65A5E9A8A4B302290423EBE04D97FBE5F1EF
7360	4301304	CC820948FA8E52261946D82159C2B057238B837B4E9C146F1AFE99B45D030F23
7361	4301344	5578471276A0517FB66124CB2CA72CA9C243DA4B6813E3179A576E602CFCAC75
7362	4301385	D94A58AE233C54694EE11B665B90C74DA8DF68A2FDED42F1D15DC5AA3806AEC0
7363	4301415	9017FBDF2A7C0C411D5A15CD666D81B58161224C9DF3D408156A328E170D54E5
7364	4301480	4EE36A7915A9FC2F2E9DCC26E24E372621483007D13327473BB9896F56D30E95
7365	4301486	E28BFE52395DB5AF079D71F22D8DC8C35181DD138D578FB89853F9F8F45CF1B1
7366	4301548	61B775D527D7D4E7917E21E59D6707510C22F776E7AC1DF7E883538E44F76CCF
7367	4301550	919E48C50359021538C9E481BD09CAA39BF03A258899C61FBA951298FD713E15
7368	4301684	F996A8465959668B0E7A34B8CD0D9A2B5BE13371358F669AB82BC985EF3DE5AC
7369	4301700	378F91528563D6E9AD5DA5FA9E2BC4F8B5C15EAF1488E2AEEE09C79D5872419D
7370	4301706	343F8FCC391069134D21D4B890B9B6789B0615093D7B34ACBEE2A2A1D125D5BB
7371	4301707	EE16ADA8E54B504501781F52429B0E9ED2C73CE3FD3FB855F160070DB04880D7
7372	4301716	25952A3C8BC75657BB114697080C5DAADF256A9DFEDB7E6D2E4A9E27304559D4
7373	4301717	36510B1CBFDC91BAB6800E73CFE19DB0DC852B82C03C228ED7B3A88F795022FE
7374	4301723	3FE964FBE7B3510A5A15991C4F4FF2400E857CD2C753159A2B0DB09E2881EFE2
7375	4301762	42E2E5F4B115D5A1D11C00B3A0D718DA56F3A9F70714FCCB6111871AD5D74F1C
7376	4301763	FCC6DFF9C7508BB6BE0753955BD2CC52ED423F767EA99A2D239A71A4A37AB161
7377	4301775	81EC2D73D41C465C4FD9D232C09DF2114F30DBE686CEB6F22C4D93B6518174C1
7378	4301822	7E02495452D1692680AD34BEF24B495C956EE73CBFBD3582A7BC0DAAB4853221
7379	4301846	D8D3D76DE39026016E0BC3B168B677736B2FB12E362C57757ED8FCD5AF852CA0
7380	4301874	FAD091EF7A18A644ADFC17DECFCF0AB556C1F95ED3CDF7C14DAD38FAEF1DC21D
7381	4301961	E630F50ACD20654B7B46BD25319D4E53AE7A858AD5E80B3C7B1490DB4B11F6DA
7382	4301977	1B14480EB528EEBDBF1133D762B558B570E53AA26B751E535D0D74B3CD07154C
7383	4302028	A029A01325199DF90A6C43EECBEE657E631FD9B47C162EFA7BBD609042F80EFC
7384	4302030	23B41A14A7AE00AA5729D4779CBAA873AF0932E5248177525AF8346FBB6C6776
7385	4302031	5CB629ABA9477AB8BF3306C621FDFF4E8DE5D242A8771082196EB6862D01AD02
7386	4302033	B61AAF868AF0C3D369D55EAA8AF600FBBF1A8A5C4FB448CA0D513F4FE8B7627B
7387	4302034	8032D15A0A34317E0D349B0E0866BFA620BE88900B052884891B21BDBF92E58A
7388	4302064	1826B1B8344A3D7EB540D5594B20869245C4A75BF6E5233247421382FC1514A8
7389	4302067	5574BFEF16761CEBB36F8770C2B24E8E2D88DE84E9CD3848DBCB48EC404C9A95
7390	4302068	3FAF5DE70E54927438C77FF01743F97C95838E245886D51351C1F530525B1A3C
7391	4302069	113999C82BF1BEA8101832F82C40C850C930F1443EAF0206C40CC634502FBE95
7392	4302070	9BD2DF4782A523103E1062D49D053F6C594608AE854CF1E2B18F3AFFBD7FAE55
7393	4302111	909C9AFFF8B72788AFA3C11BC5565EAF3DAFA6D0EB7069E9B9D04501650FED2E
7394	4302114	0382CB320C6BBE9B8A46544AA926D5033406493E8A3DCB10EDBAF485ED71B682
7395	4302115	C2A35AEFD7C00E659B8DC9447DE1726CBCD90BE8DD8A598162032EF6CA0A0F81
7396	4302118	C78EEC352EEEC102EBBFFA8DD4F78AF69D13D0511AAA5AB635771E88E72B1F2F
7397	4302119	EA3081FB90CAF86E7149CE0F73DE7D85686B41DB04D8C6E35FCACA368C77A55E
7398	4302147	D10D52F3DC3BC0B43E60DBB73BA5DD0BCE9D081306DDFF6AD261B68980BE5E07
7399	4302158	722BBCB38DD96305262119728BC39009B69EE45C1E2A59CA1F66054789460B89
7400	4302183	E523BD99A914C0C3A0B0B654F12F51D631698C5C1986B06CF2F76C0A83C9ED93
7401	4302187	7F058A0482F35F79AE7791843BF1B93B0D52EC9BCC3CDDB12BA8D883D5EF4E42
7402	4302189	F65526B40E304B283EC795FA598050C698BA63A5F9E3AA13D84A0E1DDCD80482
7403	4302225	FA454D6A3A5A49F0EF9D6CAAA66A3922D407C7636715353F8123DBF0F094911B
7404	4302240	5D5E0BCE1E4BEEB1334FD6BE47181DB5A5A954FE335934EF7215AF79C116DB17
7405	4302246	072DA38EB127B1841A5041C15826A2FACF436F341728B535BA0D1E10B6872B16
7406	4302517	66E267DFF9A89B11E0A8553FBC50F020B67986B9227E4A049DAF2F169610D7C1
7407	4302659	0767079EFB29F528DB683DC0D560F89863AD3C0A81D161BA0C7893CC17AD7D69
7408	4302733	742417F0F27C71C425E0FD5FB209F728FA896AAE9AA7C1B776AF4091F055E7B1
7409	4302735	53921762FE7721E2B7A63049F88075C8B1B6B28986AE17AB9537FEC4D8DE4C5D
7410	4302771	ABE81C73F0586169263BD68BA0EFCB9D54694AA3074199548E4AA5B22024A890
7411	4302780	77873910D94B293107C550F328312918617871729E42C16D60D8558C83605D0B
7412	4302781	38A06D8EE14C33ADAB856B013EE1B80E2579448441B4D0A61BD4E6FE77DDE645
7413	4302786	17F845EFAD720EA1ECCE94FE5D15353F04D07C54BEEAD7FC6C5B1B731B1EB6EB
7414	4302787	7A8DE541C316CC5D24E40AC630CE76B528DC3DD06DBCC9D0D09A8A5789B6A963
7415	4302797	93F026841136A46DF3C4841F7894C729C8BC5B457694800374B2D3E3D9AD7164
7416	4302803	2EB43C898DC9BB6E3BC1E68C026BD7FAC84C1A1D3FD9EFA3B758C169ACA58133
7417	4302843	25D6301A91E3A4C0B75BEB6F8AA173445A1C688B6E7C79B211658DD7A051AAD6
7418	4302927	F583D2F1445D852195EF20682143E53806D894E7D8C45D2A4904BF15A6551E60
7419	4302946	8BDA1686D33567914DBB547F0B3CA384355769B4EEA94689E7B0A084DC0ACF4C
7420	4303194	0EF3C38D72BC8A30AD5229B4905C9168CE490233C8F15F6D1993ECA22684A3E4
7421	4303236	2E5B81D30EB720E8CA9F6D30DBE7337142911C42DFE861E08006B69E56D1F303
7422	4303263	B0EF1464FC66397BCB44A1BC5EFFF3E784E1B60DBE9FA5EA2E3B1D1CFD0947DC
7423	4303273	DE52FB3C9125F60E68762BF02BCBCDB96722D5A4E26D66B286600A246389D589
7424	4303305	4E0C3899D945C36114A0D4F08F5A3214C5F65B97F9F77042DA26242913084BE5
7425	4303310	E5EE6E5B56ABF73B117071006FDD6E159386C124FF0826DAD489AAE824F28786
7426	4303311	DBDCF912A7EC3C0430E060232C7B5F8EFA04DDA0EC24E89DCC8C2AEF717395A1
7427	4303321	67C151C87E7681BC26C4635DD50E831142FB95D500B20CEF765BDF96BB490709
7428	4303326	4E5EEDCA203E19212126848A90FEEBB3F56971743989C0129F256E416D3B2536
7429	4303327	4B57770638D432010D1B9071C5F8C9F328128115C4B338F37FAA715262EA62D1
7430	4303336	8E42D22E280CB3A2E59587117974937F0E5EB5D1FD485531C815B6BB05D91DCA
7431	4303342	56495697CAB7C2539942E7D9FA1E9A4F73D2B35FACE16BA46D1BF0B5683227AB
7432	4303343	9DC0A166AC5260D5F17E725EF35C192409F0E07401523E5E061B7FDF804620DC
7433	4303442	BDF00DA88EB75452F5984E79B5BF2758535F05792AFEA35DBA2E3FFF5B23366C
7434	4303467	37D691C6D7C0DEA97272ADB610A1D6091A7122C1D9D8CC0D91776433FD08F01A
7435	4303520	D3A8BA6D08DB57CCC4ADF8471545EE35A1613DE36E72646EC49EC7328CB10F21
7436	4303687	0C23DA4DC0E12DFCD2B2AC0EA428262651DC0D7F0941EBF75AFD87AD8C025B4C
7437	4303690	D52140C18D63A0A0A70E5C08567EC3D9E46FEF78930A1F982DA1BDD87CC13788
7438	4303730	95D4BAD106A89AD48C0748C6E817E9046AA9A0D44FCC91F92E3322AD75CF9953
7439	4303853	D2BC67CADC06788F8A29711AE515E51B3E798B09BB3FF148FBBC32587BB663A3
7440	4303863	5B7705048191A85CD65F515540D75E725C19BBF4F41D434C7F0248FC63201AEC
7441	4303868	C57982888D095C725C8EECE7174E209DC2A86E73842837550D32AC8A473BF32C
7442	4303869	3AE9EC5C0A907A6B95827D625534D6E8569BB44DB5F38711C20ADBECA861ACF7
7443	4303878	50EA9C480D891595064AC94E6C423D9DB793B16C29C47886A71505B63540531E
7444	4303884	C573B877C07FEF74B50BC78C9FE11A8229858F5E53871DEFFAD6104D0099E806
7445	4303885	07C5111F9D356ECC93480F85127D69C079CCD37A12FC356E908969857358C7E8
7446	4303911	FFACD578AAE01BF4FAD90F9AD4B9842DE9EB051D50C2C7D87F1439ACD38EE642
7447	4303930	327794BD5CA00915A49638506CE9523991FEC9485F06F7B78DB04F89A9AB07E1
7448	4303931	FF10E0AD5605654FE72BCEADA394B1D81AAB97911DA6F1D0BC5EFB4BA78A6134
7449	4303970	AA3DD89DF3F23ADD9A6DA1D819ED5DB859BB8C38153C7C84F9A4DE21AA788C3F
7450	4303971	7A07FBACEAD7DF170211A0A3B9F717EC0CADB99805E78608BE6D2A0905B360C7
7451	4304028	D6982CEE21471A212773B1C9683CC7A9A178DC0D9E42A0FEC54EEBFCCAE01042
7452	4304110	6316710A93E2B38AF01EDAAE285B67DF216AC36F5F96EE2BFF41709FD07CA902
7453	4304124	A7CC94BB14F02FBFFC922E5E5081E6142362B33D30C81DE3E1841D6C85AE0885
7454	4304196	BC6A1FF77BAF7CD1475A26DD0BBEEC2B0FDC002D38D892870C6FC908599B6C68
7455	4304199	4D27216E15961C01BF9655B5AAB338ECF2AB7F8B7DE59FE8BC6AA81C6FA5617E
7456	4304200	5DD151F3A209EB45457891154FD45062462DF883A35C3EF9A1E821DE457F1F6D
7457	4304201	662CCD065A63306C72D666BA924C69F795E739D868BDEC4B459CCE9629588108
7458	4304202	F50736CF3CE0880242B2BE732EBFA4A2C4232FBBD2993F7BB2A2162D92CE5B92
7459	4304203	3D7C76E8387872E12C5C5FCB2954B612BE1A4918AA7B5CF6DDA93DCC8D3C3C62
7460	4304232	56E1521308EE9E0B8E9D202CB7660ED5094A420CB3BAF45306AA8EF2A31D19B5
7461	4304235	77A1571FF79DC664CF0861C2942B5E6D23A07D64A1075D0A1B45FE2875C87026
7462	4304236	B0A31B15736DB97AB34584A03B2D5C7C51CDB257A0CEADAB730D8F50816D1839
7463	4304237	0C73EDB19832F689632C6D70902BC243F2FF5B7211118C21FDEEB386D5C98474
7464	4304238	7CA9285C887D8779A6AC20CA678B150227EBCD8CBD36E621B0D3C720005C8DA7
7465	4304280	98E359475016FF61529189A508CB085525F865C310D33260C1230380A2A3D4E2
7466	4304282	74BAA37735089129393B1DA96CA173C41567B7E9CDC0BCB5D434670823D08FC5
7467	4304283	CBE8FF2F73C70B1F5C21BED23E85C75C209D2AE62D96958993B1511606F34E05
7468	4304284	E9629AFEBB845805A5A7708685E7FDB2573E67946DB03744123B3ABE56683D6E
7469	4304286	E71D2BF44908BA80559B7A90029CF2D008EC182A623CF5AB68BC27AF20323961
7470	4304287	9B2C168413F07DDFCDDEDB1C04D6B67DECF306A3D5289C15326DF9E0CF5C06F9
7471	4304300	48CB1E3E75AEAE719EE2A142FD3556A275F250BF51345DFC026BF7F65A2E83A5
7472	4304337	D5D755DD1FEE81E1B9E72B29B7B1627E522B5D2DE3120CE751E82A2CE8880BF2
7473	4304346	0B869FEA07004A161B6A5B58F1B3AA50AF94EDF1AA5EF1D75AA5A59C5F5E082F
7474	4304348	8C9BBFE762AA25ED65F0BCE1615EEF64EC15D344467D37C105C585C4244B1FE0
7475	4304387	3081B15C00B0A51BBE1DC54BFBB100981151FCEEA223CD768DB006678C843365
7476	4304392	9B9F39C5C793ACEBE80094A6762EF03273A34C5D4CF300374DDB1C110D5B27C0
7477	4304393	BD76EF21E56A42839F60978A17B1CA2C227545AD686F81AA53BE958A3A25DCC7
7478	4304409	D533445A3683DF3C86BF5B53B094A1E7572F081316EBAD74138227AEC97BD260
7479	4304418	B54F77592A16C3C54BDC58E99CFEBA1DD64D7550F8C35998A8F0FEDD5DC787D7
7480	4304424	33EB365333209F908DED00D895C1C4EEF8311F257654B4F53F19F6E577E8404F
7481	4304571	0E8FBF1B1234340460C3568198EE7F5C87E107F01DA8BFF04AE5646ECE215D2D
7482	4304651	84010A07E4627A88FD53071F071C98FEAEE917875523E17DDE1D37208D66CDBD
7483	4304875	7CF61C5768310E26894CD122732DC0E8C77D79492E39EC4A7EFFDCCF9567B8E8
7484	4304886	BFE43105EA821A0874BE3ACCD4A98AF96D3198E148DF2DC67B607D60DFCE46BF
7485	4304888	CDF7A4B8A0F43D58A64BBED7D012C7525A01D45D8451CC69F84C49FEC80F8E24
7486	4304891	B5FBF13C4497DC82D8742AE91390B03DFBCA05B6DFED06F2E21223B397082DE3
7487	4304932	E77F9CCC47D18F6B45DAE58082260C6BABC40843021B1860FB400E4B9F163976
7488	4304933	5B1BC0F23D9657D457516513F5874753657178648DEFCBFA70B41A938643E0FF
7489	4304942	6DC171D876A7C9449E7249D2199E1877525D9257E320F0BA35E981C716533D21
7490	4304943	F2C72ECF3B77696C8FA5FBE41533E5EA08A86E18B1C78680A0BE602239F3BA34
7491	4304949	A668EDB3B1199D27DC2833659B1C06DD8FFE437DDE445EA8572E1C128794F13D
7492	4304958	F50778D804CA12AF1D747FB5CDEE63B1621053E357333268E02729E04076A670
7493	4304964	BAE40B4E78A62862B357F130455B8BDC57817DF4197CFC4E9AD19210DC75B9FB
7494	4304991	F5DD610C93144E6281483091F2B8D746C80137E524C7A991EBC2A681AFDC6AAD
7495	4305312	470657F7D9C68397225B43E6E8D4669985E25305BEA74B31B449BCF3287487E2
7496	4305343	DF8D026FACE75C8A2DB6F493CFE22001549BF915CF2F32658A7520549E9A73DC
7497	4305428	5CC48158026C4787DFAF534B0DD97BF13702CEA6B5E26B66847AB670BA22F1BF
7498	4305434	3CB4EB9BA3A06C7AE240F392679562EC34B1E3F991F04D04D862BE57CB8B96C4
7499	4305466	A38D799FA5ED283DBDD4871318694BF04D5FA591A367EBF28069574E03763F23
7500	4305472	9DCD4519830E2FBC03E4D3109C0BC2BCD9E2BA82AD92715F3DCB9DBE62663AB6
7501	4305473	E0B1464A72C3587B9B2985DCA00E2D378D402C5D54AC082C92F146C9F496DBB5
7502	4305482	0B3F6C246824135C7620AC860BB39CCEB6B73ABD7B93235D4D42208B9FD7EEA4
7503	4305483	048ABD2A9D3BE965872936973F195CA1F295630C8F329A524A59D02860915166
7504	4305488	3FFD430B3AD366555BB059750DF6957CFB539039F2117A79695C272E07E6BCDD
7505	4305489	83E477A31B092C4BF875950DCBFAC4E025234C78802A518F9F49AFBDE7405EBA
7506	4305499	5F71F0370FC5C5CE4F06B3FE2BC24F2D5881ADFFBCB6AF082DBA40A904FAF59C
7507	4305505	2378A1511E5EE46BBC3FB1C8B8F69D4E4C0352D9F2A4ACE47ACE54067CA36D20
7508	4305591	E5D16E1ABB9E0589689C6AAC640F1B6838455EFB3E0A93EA3D777A75C7A84A08
7509	4305625	09C22BA8A603019EB175FD99A2C8B815C4789CB81CE654EA5F693CDA0ED45FE4
7510	4305745	0CDF11D7CD409CFAFB8360664017823FCC9676FB850252F4E767B7D12FBB0D9F
7511	4305855	1ED8DE43DCFCF1BA67A14052A25242BF670FE699946A6456527E0DC06F16CBFB
7512	4305880	60A677A84E1EF99C750483BA0AE86BB18BB79A3068A3652B4DDD2326B64AF598
7513	4305902	10028E624A7C158DD2EFAEC55E1DF3F42E26C5F27580CB7B667EDA06C12B8761
7514	4305906	845F20848FBE64D8AE3FAA8372FDE7687B17FC245A0A785D68C61DA4054C760C
7515	4305947	81804502FE0B59E5A2C51A0D582F86DC74481B728339A4FB9C1CDFF1469E5D65
7516	4305951	970150FF3B510D0D34D8886E2D78FA33700A2EA3BF15DD005736FDAE15DF9EFF
7517	4305981	51997AF57C388526C399233BBCD014B4EDC75764945C7BA5CDBF16488AE87244
7518	4306030	1BC6721C249377ACFB490563EA98D74C6D994271FEA2C35C3EB9FB7BBEA840BF
7519	4306077	4846B8168B82360D8F99686E07FC5F788C9414AF0A37DA1695A084C419322487
7520	4306086	DA58A04C34D14E8293B09B9C9936C74F2DF720E1DB84C2CFEF62214F16FD4951
7521	4306087	35FAF302D0AB23FD9EAE0202CBD663F44D189E0DA5A9F60A448AB7BAFE2610D6
7522	4306256	0B390EB941F2E594FA4ED6CBB358B8AE19801F28786E20624AEEB41404F73A20
7523	4306436	9535A6606D0929453D86BC30B27F54431464713A315CBF5DE615421DF67C66A8
7524	4306437	D658213465C64E84DD87E9D90BFD0A96A31FFBDBD1E2A80EB86F6CB799DB48B7
7525	4306440	7188036493DACE95372A71A0C6B4D67F1512D22C5B2652CF7B9666F0C1556F89
7526	4306486	31A73000F56505BD943E885E405DDA2FB8727A6801D3919F939F0C05E53D955A
7527	4306487	8C084F86FF9BE871AFEC526DF1AB2F0D1F33A77B239BD43B1D4C8465DCAA57FF
7528	4306498	250DFC54BF6183A93065A7DFE55C0108CD4749C06B120159F23DFF81D4F69381
7529	4306499	90635ACACADE5FF95749090A3B394CA80F414A88E8D642FDB135F42F9447B0B7
7530	4306626	FF8F1A1822345253C5185220E32749278B7B0F6E068FF0B49A0E30694F291529
7531	4306637	4641C0D66A668DCF80C8A08DAAD01CC2BC8097251A31F371EFC2F2A59DBE3927
7532	4306638	140BBC57F8976F3DF913B0E909812B5059830809CFF2967C4EF12995E20AF7DC
7533	4306691	67EB0134968E93791986C308E6302C9EA53F7BBB371D3C59C6E32B3028315EE7
7534	4306696	81A6F3A9BBF2EA649F6F12D4DD408B3FDF4D19B77B2EACDACDAB87DD3CC8D01C
7535	4306698	665006D7716DFB0ECC822101E50440BA2EAFB16882A9B9F94FC48131D8C17913
7536	4306732	380A74D5835E59725EBA06B5AEA5738BC14A294A681ABF6DA93E5E375EEF3A2E
7537	4306734	025E5B26D89A29BB74A176A7A968C9FC26BC9DF3C7AE71B9170531F1AFC08B57
7538	4306768	EC38B8210CB77FEBF73F3C390EE702705BC0E34D7F96CB359468334FD5B74D2E
7539	4306769	606DBF821F3AFF6B3FE18FA13A9BCF940FD82A66CF036A8558D8841AF4DF041F
7540	4306977	FD1BB85D075AFA0CD2B83FEAFF9E5769C2834B3BB28A0CBA2E2A376292979E03
7541	4307026	761661060ED586FC67FF9243A30BB8448A1BABD0480C0179C02C797898389DF5
7542	4307039	365BD0BAD5DDDB5ED583EFAF0B9BB3FC31AEA71D15EE17C66393330352C414A4
7543	4307106	406C26D33333E387301A848F46FC5B9457D01965FB9FDB3B6919BAD2840CD0DD
7544	4307126	95BC8A541D032057B9F9773A2D0544C0ACD0FF80605A6D18D603F0C40894B5BB
7545	4307222	1E1ED3726F2BBE35F5040616407A206247ABA512FE4762EEE54970DF8A5621A2
7546	4307272	4CFD7AE71A111496F1D27D8BA1212034712A795719A47D8D7EE50CFF36441D79
7547	4307504	6176B0FC9BFA0C39DE23B11A10A9CEB114AF49A242DF40ECF674D42589FD5550
7548	4307566	733E6019889669786C1DB9F971FE2873F8BAF92613C4EF0723BCD274204E9F16
7549	4307568	7D8A6787861EAB7FB03124827454ECACE636C49CFE91D573162B48059F2EB69E
7550	4307580	3F3E1BBC544B1EB9258993A3596F3434207249F8C50DFC5787C6F4B8605F3B6D
7551	4307644	54D73888DC357C6EF1EE8CF615C1AF33FAC07B15D7555B96B7F84A90EB37EAB7
7552	4307646	20CDA953AB57157F8E6FA364E63744DC467283BA4E9E5A0D96411FDFB4ECD22D
7553	4307658	4D0FDB110F4F341158596182A56C73982D2A6CC4C43BDDC0A96346588FFE6B50
7554	4307666	BCEE7F89497B4A1E2F4963CAD79DAE1E0F23D608F05CE7407E589ADE66A6EE65
7555	4307735	9A5CF167AF5694717AA83BF541D77FE8A1982B96BCBC8720F32E06832254537D
7556	4307849	2139A8B913220F81055707FB24DFDD0F54893826081A515DD1D03743EE9BD896
7557	4308056	736524D702CCE2FF3FF03A65EC6DE86CAB441A77E8ADD12C9E3F56197725AB1A
7558	4308184	F36176C3554A593CCC050134D403E3D0F0FD59F59A21016A38E3AEAA3106A6ED
7559	4308230	874C421620B59FA9787B1C272DFA69A5AFF51682791859CFE9CE26B07A684C98
7560	4308249	18C5772F8B9CA1B452EE881179AA45EA2869D668FA32BC4B66D1E4997C264E06
7561	4308302	4D031478A4F8EF333C4A307D4BA8AE69D70918F84B988CCBB61C67A99707BC44
7562	4308467	AB5FAC6D5894E3C8C5B649A65D48B6628137FEAA2E629A506A97B96FB34E33C6
7563	4308481	97227C36FD752803280771DB5FCA299C8F719870EF4D48CE9D4B6A433B68B099
7564	4308491	74F723678033C154AB07B540FBB289EC3D3A65E103BFADD81DA49AF3C49578F0
7565	4308499	4E6257A937528264D3875E6E951F01BB0F97990D229FCDB37457B34092C5E223
7566	4308501	BA4F2842C1877B2587A9A3F98CDCEE384FAFAB5CABA0988631D2E4E9EDF0FBD3
7567	4308539	E0B3C3A52795F017ED981D558435B2A0E7154D86B13D6DEC3939627C072B1461
7568	4308550	1F5B760F78010B24C17DC8C13967BEC0A4072596B70906622161E6D7D5180785
7569	4308560	0131FD64928152075F9370FC09F36AAE7C446712F0CBA0DBA957E9092FE9C6A0
7570	4308596	86C0C2AEEB1328B41028C234BC3DD0C1AFC5F0043DAFE39834950D53CABF1432
7571	4308597	67ABE9167EC4F5D8CE305B4D1FD9366FCB6B0A717E02411C6986E8B48D24E380
7572	4308606	2CC011EFCFDE188703BA1B914CC14E32C5A5B96A324E0AB736AD9DC379EA70E3
7573	4308607	80925D0E7EA23009EEEDE5C6813EA77425D41F1C0A12D6265DDC83259EEF2779
7574	4308724	92E9DE4258AAE5F10B048922C1D54163BEB22D32FD3B259180B40D32F7B86FE3
7575	4308726	F848B7A824AD49B90D3ECE8CCFFBFA66DB0373158E5801DF4A1EF0F33B9A89EF
7576	4308741	4D907EEE19BDEA130B9E9B937EFC9CC66085CA1A0A5E972512FE528776F86411
7577	4308756	21AE31270753FA75C780F721875730DD63E8D7B6B9346A710B488C2CCF778C04
7578	4308758	AF17FB3C894367546278D0B7393C5051A56C42F1A83E157A00FF2D3D9888070E
7579	4308772	6605B02350E06B171B275D6B302971C5A00728ECAE3845FAC2F52749019A91C0
7580	4308776	07679B7DED032514A997BC45AC0FFE8E237F045193F3A807EADB888C486D5B9B
7581	4308780	99A3DE61AD0A7AE21967FA045AE7CDD90AC6FA2F42F1DBA185CED6486E3E267A
7582	4308782	983F21F98AF0EF4B3C4C64FF5D0B92702E7608A3F151C90344672E98E984113F
7583	4308788	F42D002BFA6F0616D6520B8E6C3F577BC0CE5BA1B51D11BA198C9DAAE6FDCA66
7584	4308794	8E75DAA05F8C8C5DFE9B07D963E66941187EC7154511D14985059BC4F3C4C712
7585	4308895	C7CE1C3E7601FC971E03DA343416E016BDD621A55EED125A4F623B7C93877742
7586	4308905	CF28A322E5E2DF9CDF8AF8B6857B9963597BF85954CE7C696C8BCB5073373063
7587	4308906	0DE48408CC8BC46A0E1E3B03DA9467C04991AB4BD92AD4E4853FCAEFA67B982E
7588	4308933	3726339ED86269833D827BFDC590EF6A1005836CEF44D7677EE6EDDD4F37369F
7589	4309005	0459CDB34EC6415B1594962DAF72327B3849F6AC66A523F686D2303C14D6E4B1
7590	4309027	BD813C3C0C373DC67343FAA9F1B00DF0279EBE58CEB70E4E615CE5612383C0D3
7591	4309295	4B029F7DA2E2E87D6B409BA50C2086A71C35D8F105FB0692B125A95482DF6451
7592	4309314	56FD102428BFB8B807404865FABF1BE5F935FE9DCD198BF77782C239B9C86A64
7593	4309377	5839577349B17BD2126555FC2D2B63002BC3597D566FF82E8198E030102AAC7E
7594	4309469	1205E41CE3FC860B008B9E9E247FDEA4A54C8F2D3CC41ACCAC8C88555CBD4962
7595	4309496	C2FC60FDA23E04105606177AC8A5A2B4511BB1A335AD082C47CED53EE238A583
7596	4309497	CE7B7E713EF9D9AAC8EE6DB4A6BE0B8EA5E387DBFC197C356C457FAA4FFE96D7
7597	4309558	17D363FB3F538990DCD80D97DA015878E177685DD9F744DBFAD5CC7884092D7F
7598	4309580	8F39135BD7F04A091CC065624A6FAE58E3D120502CA39AB9CF308337E3A49562
7599	4309616	E6BB4613E22365066D31CCD87CAB7D0E41F84C91809E2AAB15176BF7CAC93D7A
7600	4309618	A066D5135BB240C3BAA2F6686FEC1D63A6DB2DBCEC5ADE3E884FB58F21BB46B0
7601	4309656	93EEF3724BDC064286FC25D41876DD7A07972E729F1C279DF949EBDB6A9A8D4E
7602	4309657	FFD0487A39A5124C94E46686DEFD2D8100A8D32689FE9E927168708BBA1466EE
7603	4309835	53F951FF050EA279C92F64FB8D3D253BE8A76AAC3B2B95339DE0EF73DFEEC3A7
7604	4310036	6131DBC5166EF83CBB051727550422D5E4E176C73A98E94F1E4B3BC3637024F3
7605	4310087	CA3C546D39EA8BB3B807B05B5CB9C9198F5E801011C4E504B2A8F00A5AB30864
7606	4310199	199FDA2B2C7E98DDDAD3AC86C6E0C7B8D9BD4F2C7B8B29D5F68ECD2ACF9C74FC
7607	4310375	0E4D63549030BA74E2473C133DB5B473408C22DAC77544B2E3DC6C6B0612B234
7608	4310510	6016037FE9474D54472309834D4BDF2B43D499441D387BA5588C1C01A157D59C
7609	4310593	1673D689038376A128AE547AC3F92CE928E212E4895F01DDF670747144F0415C
7610	4310697	736F3DBEA06322A408FB8DF50026A8EE4840B38CF4D9DC6722B161E7E7749B26
7611	4310737	9FE6E7C03CCAEE810DD99015C93082B2618EB89F0CA0BC6053B6B9D8651F5A10
7612	4310915	93E2BA5D799036825F21A95F7C22813670299E95008023C05387959F09B0AF66
7613	4310932	CF60BBD09320857E9230EB336CDAA2F9CC4BF20A23F733525634BA0EB6ABAF11
7614	4310933	A34B68CD76450E6ECA5D403B2ACD4C25443295432D7B98986B9DE3E7D4117192
7615	4310974	7B2F837B3A5BD68AB4A133B90D632E71175D785513514D06C845D8B315DF29F0
7616	4310995	97F97FF80FF474551FBFA5A90D0E9ECBE6DABCCA8422719A0288D46E0612E896
7617	4311050	5B9B2D3E619A8BD92BE1E9B4F479264FE70282826BED1250E624D827EC88EE8B
7618	4311134	40BB4F4749F006C534F3AD736D981B3C9A8C9AE01914A2371B16C8E8AA8E243E
7619	4311167	F8EC49E73AD6FECB314CEF207941F3AD18BFA2A86BFEDC8DF28B7A04A07CE9D9
7620	4311195	D163666B367B326286E3760B8731A37EE7FC8ECF750D2D45FFF94FE5C3FA6B87
7621	4311236	02D41FC17A9CC22CE1F745E380022F7194FD7ADB3FD1F77982FBE7A99D0F6354
7622	4311343	A70AB9E24EA7245EFF361BE6F1A4657BC5E284B21449F398690991602F117DFE
7623	4311377	DD9EDE30D65A004BF547BED68565B6F30CB6236438B7727A7FC2AFB8EF3AC95F
7624	4311425	08C4F998CD49CA96AA2602037D7C3B5AD5F9704461D0A03CA8119ADA109CB8D9
7625	4311473	14C0D5961E46DABB835F937F66F0578C84A8E1E7135956D26A9616D3EEE65021
7626	4311531	5D97428C6CD221DD904B3E7488B966FF805DE6083FB95AE7C0FBBB58C1996C4C
7627	4311704	B8CF2AA5DD1C7BFB9B6A4445804FDD2E9DC3022C73E22DFE23176F9F667E40C3
7628	4311707	9145CB3B0C57DB3C2D31DF254F0CC1949EB65786CBC9E01CC3CF82204FD68D82
7629	4311716	402108D75C1752EB0C64A866C9CB156D7BC45CD62FF9405543B2C1B3D7E239E2
7630	4311718	3CCCD5EB424A6A68D4CAC0ED29094549191EB51D35D775CC37EDF7F20B623118
7631	4311790	53A1B6FA585CC8C176841AC195EB133CC75E73CF00FBC879B2075789B0B46B2B
7632	4311800	2EA15DD17010BB765105623B697A1D1B747C9827F968FA769EA5E5848FB077FE
7633	4311836	B7CD689B9FC7C3CC299033C3E1112CCEC5C693906156016320E67C980D62FE65
7634	4311846	0FBAD089F2333E5C5414A79F26EF6186419E6C286758322468F31D6EC2DCF2D5
7635	4311847	FE71803D53E14A13414872C47AB6AA0CB028E07583021342F66FC95E58B096D2
7636	4311950	ABEE1D7E78FE9975B13783F105F344C2BAE2EC2B92E211EB57B859B891AC4100
7637	4311966	06F6FC1440BFEC5F5AFF291F0FCF93536388CE90060C7E253EE623CB22B6FD38
7638	4311981	D7CD560BDF6D8E073BE18E8938E4B27E0D6CD2C4BEECD89918ACDE541AE699AE
7639	4311989	636EDAEB8755A64ECD63ADCA34F1299AF3398AC259480E585A69D9AEA004C1B2
7640	4311991	3DB12EF97F60572E1F8BBADC256F648BED6E66E5B21B46A2DF46897CC59CD406
7641	4312006	3F4761C5FCBC4084A5D9DA0CB345054DC2CDD2889734AC1B55643937309CCC9C
7642	4312012	D271EC26908AAC1D53BEED2C453B34ED5437E32C3D744A4EE6AEA89D0C4C6FD9
7643	4312022	1B126D205FFA1162838261AD83EEA04480086155F7D9CD8F590880A99F57D12A
7644	4312024	8018E608166039F525851D86C7C57365FE111289FC6E32AF739300AD9DF8291B
7645	4312085	0C5FC375498CBC71E7B95F18E0E83782739E928A232C78A99EBB9295102AF7D7
7646	4312086	264D15B2D64A2793EF70AA03828B17A860D3D7FCB7E79EF2C32287AB612672FF
7647	4312087	A2E4C22E13C52DD13153162E2A411C090C0D082B519B6307795B2C2CB6797E96
7648	4312092	759D8F0BA061BDB0312F7A3E74B5124BECD7F6C665AE4D78466F22FCE60DB32C
7649	4312094	EDDDFD00D3C9DFCFE820242B4F6D616DDBD51D638F3E06D954A4AEB9F3DD6C41
7650	4312102	F07BEAE0AB0A0CDC3DD3CAE91D0715C0705BC6340B97DC93E6F5C443E25DBEAA
7651	4312103	D6D2C227D069AA292B26826BFA22D5F43BBB473DEC93A4630CEB55DE8DF05C1B
7652	4312104	BF119A6BB8DDE2858704D8FA1ADA327536ADA2E28D5C43C86CC005E270F1143C
7653	4312105	83711F337D01F0975A379F528BCFB410B07F271933AE47AD67D2E023FDD4EB73
7654	4312146	D99FE5EFE19B04C3A59D3F306441615F79700FF00E356F278B9E27E0317636C1
7655	4312147	0E227594FE056C586BD0E4EECE907A236C0B06D480FD6C3880F546775D3407DE
7656	4312153	17FB7D73ACAC5352476EAA97B83CAF2DBBBB4BEA6808B8288FFFDE26F0EB7ADB
7657	4312163	448AF8EDF8A3F3CA6E538F966B7CDB495C5DD8D7C853E15C62A54EC6C1F444A3
7658	4312176	611BC0CE540C6A03D526B2C5F33F461901F560180182F38C6062B93F39CDAEED
7659	4312185	5BF84132489700288F3E652DA1DB574F41D63B47E52C159F14170B1F7C89451B
7660	4312194	624BAFA13B48D670592C416396D4173774C691AE04A4E80B61EA69499A8AA757
7661	4312200	15BB1C8F384BA01BAAF29C35D5C33547761AC2408A549817ACC6748525FDD6A8
7662	4312201	ACA2911D9A45C08D0C3EBC2CAB33A0646113EB7C67CF2691CCB1282992FF5E3B
7663	4312208	A744AB7AEB0DDD9E7445C559197F3F3E7178E690A2452BD9AA4BA29C3120C01C
7664	4312210	7B4BFB75DE210CF5866757901B217C8CE51918C89937D1B9675E2A3CB8779D28
7665	4312235	36D97C638E7F7DA01B16DC52F01EE22FA5474DB53B529F5B50AED7035DA9E8B0
7666	4312243	5BCA42E595B2A6A4A992A67F8DD1E79598D685624B675A92DEB5ED37752C96EF
7667	4312249	FEC35E86A8949846C7BC485DBE8AF91B75BFF4E72CA07026DC58FADF9EC7A75A
7668	4312251	707FFEEA4B927CF887B51B41A67E6F1E2CCBD820E88BBD5AA1332F3C24DD0C20
7669	4312420	409F503E6C66E66048ABAC6FBC002A4C196158E9A0915629047AC76C00D65ADD
7670	4312421	A502D16058DE230A1A610EB9342685CEF68B608AF4622FED15EA63271825818F
7671	4312422	A75D4D3F81EA55C4CBDB64538F8D41528465DDB5C8E3850B05EFB81041B5A0B7
7672	4312423	254F0D4B905F0F981FB8AE9989694E029674E53AE533B3B93958D8B654B26E83
7673	4312424	855D89E778FB141448651AF1965DB6ADF97958FEA949EBB72D9DAD8F1CC0D770
7674	4312425	564E995879FFD8DFE8AD0C56B8B022DEB978654C3E5CB52D69BFDBD09023E24F
7675	4312427	CC98ACF512D95393F860EFF88EED9636F2162EA146B353EDE2E956188C43475B
7676	4312428	524543ADDB5D74CCFDB60AE1DBF99233836BC5B7C399F4DB725F6E7B237DF012
7677	4312429	FD8722EA554A80006B542FA2B7BC0966E2E89FF726B434A468140299D5341C16
7678	4312430	866B63ED17D4E6C067D817E248F7665FCF551A81165633CBF6FA46ECA5EC522D
7679	4312431	A5083B5879B2F767A87CFC49D4A288EF64FD59E192CD22842EFBBDEDAC738E40
7680	4312432	CCEF129D3B2DC21F75200769F3944338AA4668461BC74D944CF2AF47908E4083
7681	4312433	0A30B59BF114A4CD40FC6CC4AB80F50E72CE4075882CFB557B33DC9A1E80C025
7682	4312434	BB85BC20BD2CC8180CEF56CEB8DCC6D3813AB1961AB1E1A392615A0267E250B5
7683	4312436	A23A879E789C630DBBAE0133F0EB5577C8E5E3A711D2D32EC6D6C244F930F0A1
7684	4312437	0F75F0C0453A3A0C1FC8E1880048BA73EF7AED5917E6D6EAC3B60C464B976C41
7685	4312439	7CADBE8401819340D8539EB704D1AFE41562CE52788EF2CE43EE9F2F7CE1C3DA
7686	4312440	B62A0E902F7B9E81EFC57B926CC7783ED4C49349D74C03E7CEC55FC1F4A104EA
